2026-07-07T03:16:22.158759Z vfio_region_setup Device 0000:09:00.0, region 0 "0000:09:00.0 BAR 0", flags: 0x7, offset: 0x0, size: 0x10000
2026-07-07T03:16:22.158778Z vfio_region_setup Device 0000:09:00.0, region 1 "0000:09:00.0 BAR 1", flags: 0x0, offset: 0x10000000000, size: 0x0
2026-07-07T03:16:22.158783Z vfio_region_setup Device 0000:09:00.0, region 2 "0000:09:00.0 BAR 2", flags: 0x0, offset: 0x20000000000, size: 0x0
2026-07-07T03:16:22.158787Z vfio_region_setup Device 0000:09:00.0, region 3 "0000:09:00.0 BAR 3", flags: 0x0, offset: 0x30000000000, size: 0x0
2026-07-07T03:16:22.158791Z vfio_region_setup Device 0000:09:00.0, region 4 "0000:09:00.0 BAR 4", flags: 0x0, offset: 0x40000000000, size: 0x0
2026-07-07T03:16:22.158794Z vfio_region_setup Device 0000:09:00.0, region 5 "0000:09:00.0 BAR 5", flags: 0x0, offset: 0x50000000000, size: 0x0
2026-07-07T03:16:22.158798Z vfio_pci_populate_device_config Device '0000:09:00.0' config: size: 0x1000, offset: 0x70000000000, flags: 0x3
2026-07-07T03:16:22.164299Z vfio_pci_read_config  (0000:09:00.0, @0x3d, len=0x1) 0x0
2026-07-07T03:16:22.173169Z vfio_pci_read_config  (0000:09:00.0, @0x4, len=0x2) 0x2
2026-07-07T03:16:22.173177Z vfio_pci_write_config  (0000:09:00.0, @0x4, 0x0, len=0x2)
2026-07-07T03:16:22.173210Z vfio_pci_read_config  (0000:09:00.0, @0x44, len=0x2) 0x8
2026-07-07T03:16:22.278250Z vfio_pci_read_config  (0000:09:00.0, @0x3d, len=0x1) 0x0
2026-07-07T03:16:22.723710Z vfio_pci_read_config  (0000:09:00.0, @0x0, len=0x4) 0x21cb5
2026-07-07T03:16:22.723735Z vfio_pci_read_config  (0000:09:00.0, @0x0, len=0x4) 0x21cb5
2026-07-07T03:16:22.723753Z vfio_pci_read_config  (0000:09:00.0, @0x4, len=0x4) 0x100000
2026-07-07T03:16:22.723771Z vfio_pci_read_config  (0000:09:00.0, @0x8, len=0x4) 0x4010000
2026-07-07T03:16:22.723789Z vfio_pci_read_config  (0000:09:00.0, @0xc, len=0x4) 0x0
2026-07-07T03:16:22.723800Z vfio_pci_read_config  (0000:09:00.0, @0x10, len=0x4) 0x4
2026-07-07T03:16:22.723812Z vfio_pci_read_config  (0000:09:00.0, @0x14, len=0x4) 0x0
2026-07-07T03:16:22.723825Z vfio_pci_read_config  (0000:09:00.0, @0x18, len=0x4) 0x0
2026-07-07T03:16:22.723841Z vfio_pci_read_config  (0000:09:00.0, @0x1c, len=0x4) 0x0
2026-07-07T03:16:22.723854Z vfio_pci_read_config  (0000:09:00.0, @0x20, len=0x4) 0x0
2026-07-07T03:16:22.723867Z vfio_pci_read_config  (0000:09:00.0, @0x24, len=0x4) 0x0
2026-07-07T03:16:22.723887Z vfio_pci_read_config  (0000:09:00.0, @0x28, len=0x4) 0x0
2026-07-07T03:16:22.723908Z vfio_pci_read_config  (0000:09:00.0, @0x2c, len=0x4) 0x21cb5
2026-07-07T03:16:22.723922Z vfio_pci_read_config  (0000:09:00.0, @0x30, len=0x4) 0x0
2026-07-07T03:16:22.723943Z vfio_pci_read_config  (0000:09:00.0, @0x34, len=0x4) 0x40
2026-07-07T03:16:22.723963Z vfio_pci_read_config  (0000:09:00.0, @0x38, len=0x4) 0x0
2026-07-07T03:16:22.723985Z vfio_pci_read_config  (0000:09:00.0, @0x3c, len=0x4) 0xff
2026-07-07T03:16:22.724003Z vfio_pci_read_config  (0000:09:00.0, @0x34, len=0x1) 0x40
2026-07-07T03:16:22.724026Z vfio_pci_read_config  (0000:09:00.0, @0x40, len=0x2) 0x4801
2026-07-07T03:16:22.724041Z vfio_pci_read_config  (0000:09:00.0, @0x48, len=0x2) 0x5805
2026-07-07T03:16:22.724067Z vfio_pci_read_config  (0000:09:00.0, @0x58, len=0x2) 0x10
2026-07-07T03:16:22.724082Z vfio_pci_read_config  (0000:09:00.0, @0x100, len=0x4) 0x10003
2026-07-07T03:16:22.724095Z vfio_pci_read_config  (0000:09:00.0, @0x100, len=0x4) 0x10003
2026-07-07T03:16:22.724116Z vfio_pci_read_config  (0000:09:00.0, @0x4, len=0x2) 0x0
2026-07-07T03:16:22.724131Z vfio_pci_write_config  (0000:09:00.0, @0x4, 0x0, len=0x2)
2026-07-07T03:16:22.724169Z vfio_pci_read_config  (0000:09:00.0, @0x10, len=0x4) 0x4
2026-07-07T03:16:22.724183Z vfio_pci_write_config  (0000:09:00.0, @0x10, 0xffffffff, len=0x4)
2026-07-07T03:16:22.724197Z vfio_pci_read_config  (0000:09:00.0, @0x10, len=0x4) 0xffff0004
2026-07-07T03:16:22.724213Z vfio_pci_write_config  (0000:09:00.0, @0x10, 0x4, len=0x4)
2026-07-07T03:16:22.724228Z vfio_pci_read_config  (0000:09:00.0, @0x14, len=0x4) 0x0
2026-07-07T03:16:22.724243Z vfio_pci_write_config  (0000:09:00.0, @0x14, 0xffffffff, len=0x4)
2026-07-07T03:16:22.724258Z vfio_pci_read_config  (0000:09:00.0, @0x14, len=0x4) 0xffffffff
2026-07-07T03:16:22.724273Z vfio_pci_write_config  (0000:09:00.0, @0x14, 0x0, len=0x4)
2026-07-07T03:16:22.724290Z vfio_pci_read_config  (0000:09:00.0, @0x18, len=0x4) 0x0
2026-07-07T03:16:22.724305Z vfio_pci_write_config  (0000:09:00.0, @0x18, 0xffffffff, len=0x4)
2026-07-07T03:16:22.724321Z vfio_pci_read_config  (0000:09:00.0, @0x18, len=0x4) 0x0
2026-07-07T03:16:22.724336Z vfio_pci_write_config  (0000:09:00.0, @0x18, 0x0, len=0x4)
2026-07-07T03:16:22.724354Z vfio_pci_read_config  (0000:09:00.0, @0x1c, len=0x4) 0x0
2026-07-07T03:16:22.724370Z vfio_pci_write_config  (0000:09:00.0, @0x1c, 0xffffffff, len=0x4)
2026-07-07T03:16:22.724386Z vfio_pci_read_config  (0000:09:00.0, @0x1c, len=0x4) 0x0
2026-07-07T03:16:22.724401Z vfio_pci_write_config  (0000:09:00.0, @0x1c, 0x0, len=0x4)
2026-07-07T03:16:22.724417Z vfio_pci_read_config  (0000:09:00.0, @0x20, len=0x4) 0x0
2026-07-07T03:16:22.724432Z vfio_pci_write_config  (0000:09:00.0, @0x20, 0xffffffff, len=0x4)
2026-07-07T03:16:22.724449Z vfio_pci_read_config  (0000:09:00.0, @0x20, len=0x4) 0x0
2026-07-07T03:16:22.724464Z vfio_pci_write_config  (0000:09:00.0, @0x20, 0x0, len=0x4)
2026-07-07T03:16:22.724481Z vfio_pci_read_config  (0000:09:00.0, @0x24, len=0x4) 0x0
2026-07-07T03:16:22.724496Z vfio_pci_write_config  (0000:09:00.0, @0x24, 0xffffffff, len=0x4)
2026-07-07T03:16:22.724513Z vfio_pci_read_config  (0000:09:00.0, @0x24, len=0x4) 0x0
2026-07-07T03:16:22.724528Z vfio_pci_write_config  (0000:09:00.0, @0x24, 0x0, len=0x4)
2026-07-07T03:16:22.724548Z vfio_pci_write_config  (0000:09:00.0, @0x30, 0xfffffffe, len=0x4)
2026-07-07T03:16:22.724565Z vfio_pci_read_config  (0000:09:00.0, @0x30, len=0x4) 0x0
2026-07-07T03:16:22.724581Z vfio_pci_read_config  (0000:09:00.0, @0x34, len=0x1) 0x40
2026-07-07T03:16:22.724602Z vfio_pci_read_config  (0000:09:00.0, @0x40, len=0x2) 0x4801
2026-07-07T03:16:22.724624Z vfio_pci_read_config  (0000:09:00.0, @0x44, len=0x2) 0x8
2026-07-07T03:16:22.724640Z vfio_pci_write_config  (0000:09:00.0, @0x44, 0x8008, len=0x2)
2026-07-07T03:16:22.750276Z vfio_pci_read_config  (0000:09:00.0, @0x0, len=0x4) 0x21cb5
2026-07-07T03:16:22.750292Z vfio_pci_read_config  (0000:09:00.0, @0x0, len=0x4) 0x21cb5
2026-07-07T03:16:22.750310Z vfio_pci_read_config  (0000:09:00.0, @0x4, len=0x4) 0x100000
2026-07-07T03:16:22.750328Z vfio_pci_read_config  (0000:09:00.0, @0x8, len=0x4) 0x4010000
2026-07-07T03:16:22.750345Z vfio_pci_read_config  (0000:09:00.0, @0xc, len=0x4) 0x0
2026-07-07T03:16:22.750560Z vfio_pci_read_config  (0000:09:00.0, @0x10, len=0x4) 0x4
2026-07-07T03:16:22.750574Z vfio_pci_read_config  (0000:09:00.0, @0x14, len=0x4) 0x0
2026-07-07T03:16:22.750586Z vfio_pci_read_config  (0000:09:00.0, @0x18, len=0x4) 0x0
2026-07-07T03:16:22.750599Z vfio_pci_read_config  (0000:09:00.0, @0x1c, len=0x4) 0x0
2026-07-07T03:16:22.750610Z vfio_pci_read_config  (0000:09:00.0, @0x20, len=0x4) 0x0
2026-07-07T03:16:22.750622Z vfio_pci_read_config  (0000:09:00.0, @0x24, len=0x4) 0x0
2026-07-07T03:16:22.750642Z vfio_pci_read_config  (0000:09:00.0, @0x28, len=0x4) 0x0
2026-07-07T03:16:22.750664Z vfio_pci_read_config  (0000:09:00.0, @0x2c, len=0x4) 0x21cb5
2026-07-07T03:16:22.750678Z vfio_pci_read_config  (0000:09:00.0, @0x30, len=0x4) 0x0
2026-07-07T03:16:22.750699Z vfio_pci_read_config  (0000:09:00.0, @0x34, len=0x4) 0x40
2026-07-07T03:16:22.750721Z vfio_pci_read_config  (0000:09:00.0, @0x38, len=0x4) 0x0
2026-07-07T03:16:22.750744Z vfio_pci_read_config  (0000:09:00.0, @0x3c, len=0x4) 0xff
2026-07-07T03:16:22.775322Z vfio_pci_read_config  (0000:09:00.0, @0x0, len=0x4) 0x21cb5
2026-07-07T03:16:22.775338Z vfio_pci_read_config  (0000:09:00.0, @0x0, len=0x4) 0x21cb5
2026-07-07T03:16:22.775356Z vfio_pci_read_config  (0000:09:00.0, @0x4, len=0x4) 0x100000
2026-07-07T03:16:22.775374Z vfio_pci_read_config  (0000:09:00.0, @0x8, len=0x4) 0x4010000
2026-07-07T03:16:22.775392Z vfio_pci_read_config  (0000:09:00.0, @0xc, len=0x4) 0x0
2026-07-07T03:16:22.775407Z vfio_pci_read_config  (0000:09:00.0, @0x10, len=0x4) 0x4
2026-07-07T03:16:22.775421Z vfio_pci_read_config  (0000:09:00.0, @0x14, len=0x4) 0x0
2026-07-07T03:16:22.775439Z vfio_pci_read_config  (0000:09:00.0, @0x18, len=0x4) 0x0
2026-07-07T03:16:22.775453Z vfio_pci_read_config  (0000:09:00.0, @0x1c, len=0x4) 0x0
2026-07-07T03:16:22.775465Z vfio_pci_read_config  (0000:09:00.0, @0x20, len=0x4) 0x0
2026-07-07T03:16:22.775478Z vfio_pci_read_config  (0000:09:00.0, @0x24, len=0x4) 0x0
2026-07-07T03:16:22.775499Z vfio_pci_read_config  (0000:09:00.0, @0x28, len=0x4) 0x0
2026-07-07T03:16:22.775520Z vfio_pci_read_config  (0000:09:00.0, @0x2c, len=0x4) 0x21cb5
2026-07-07T03:16:22.775535Z vfio_pci_read_config  (0000:09:00.0, @0x30, len=0x4) 0x0
2026-07-07T03:16:22.775557Z vfio_pci_read_config  (0000:09:00.0, @0x34, len=0x4) 0x40
2026-07-07T03:16:22.775582Z vfio_pci_read_config  (0000:09:00.0, @0x38, len=0x4) 0x0
2026-07-07T03:16:22.775603Z vfio_pci_read_config  (0000:09:00.0, @0x3c, len=0x4) 0xff
2026-07-07T03:16:22.775623Z vfio_pci_read_config  (0000:09:00.0, @0x34, len=0x1) 0x40
2026-07-07T03:16:22.775645Z vfio_pci_read_config  (0000:09:00.0, @0x40, len=0x2) 0x4801
2026-07-07T03:16:22.775660Z vfio_pci_read_config  (0000:09:00.0, @0x48, len=0x2) 0x5805
2026-07-07T03:16:22.775681Z vfio_pci_read_config  (0000:09:00.0, @0x58, len=0x2) 0x10
2026-07-07T03:16:22.775696Z vfio_pci_read_config  (0000:09:00.0, @0x100, len=0x4) 0x10003
2026-07-07T03:16:22.775711Z vfio_pci_read_config  (0000:09:00.0, @0x100, len=0x4) 0x10003
2026-07-07T03:16:22.775732Z vfio_pci_read_config  (0000:09:00.0, @0x4, len=0x2) 0x0
2026-07-07T03:16:22.775747Z vfio_pci_write_config  (0000:09:00.0, @0x4, 0x0, len=0x2)
2026-07-07T03:16:22.775784Z vfio_pci_read_config  (0000:09:00.0, @0x10, len=0x4) 0x4
2026-07-07T03:16:22.775798Z vfio_pci_write_config  (0000:09:00.0, @0x10, 0xffffffff, len=0x4)
2026-07-07T03:16:22.775813Z vfio_pci_read_config  (0000:09:00.0, @0x10, len=0x4) 0xffff0004
2026-07-07T03:16:22.775827Z vfio_pci_write_config  (0000:09:00.0, @0x10, 0x4, len=0x4)
2026-07-07T03:16:22.775844Z vfio_pci_read_config  (0000:09:00.0, @0x14, len=0x4) 0x0
2026-07-07T03:16:22.775861Z vfio_pci_write_config  (0000:09:00.0, @0x14, 0xffffffff, len=0x4)
2026-07-07T03:16:22.775878Z vfio_pci_read_config  (0000:09:00.0, @0x14, len=0x4) 0xffffffff
2026-07-07T03:16:22.775895Z vfio_pci_write_config  (0000:09:00.0, @0x14, 0x0, len=0x4)
2026-07-07T03:16:22.775911Z vfio_pci_read_config  (0000:09:00.0, @0x18, len=0x4) 0x0
2026-07-07T03:16:22.775927Z vfio_pci_write_config  (0000:09:00.0, @0x18, 0xffffffff, len=0x4)
2026-07-07T03:16:22.775942Z vfio_pci_read_config  (0000:09:00.0, @0x18, len=0x4) 0x0
2026-07-07T03:16:22.775956Z vfio_pci_write_config  (0000:09:00.0, @0x18, 0x0, len=0x4)
2026-07-07T03:16:22.775972Z vfio_pci_read_config  (0000:09:00.0, @0x1c, len=0x4) 0x0
2026-07-07T03:16:22.775986Z vfio_pci_write_config  (0000:09:00.0, @0x1c, 0xffffffff, len=0x4)
2026-07-07T03:16:22.776002Z vfio_pci_read_config  (0000:09:00.0, @0x1c, len=0x4) 0x0
2026-07-07T03:16:22.776017Z vfio_pci_write_config  (0000:09:00.0, @0x1c, 0x0, len=0x4)
2026-07-07T03:16:22.776034Z vfio_pci_read_config  (0000:09:00.0, @0x20, len=0x4) 0x0
2026-07-07T03:16:22.776056Z vfio_pci_write_config  (0000:09:00.0, @0x20, 0xffffffff, len=0x4)
2026-07-07T03:16:22.776072Z vfio_pci_read_config  (0000:09:00.0, @0x20, len=0x4) 0x0
2026-07-07T03:16:22.776089Z vfio_pci_write_config  (0000:09:00.0, @0x20, 0x0, len=0x4)
2026-07-07T03:16:22.776105Z vfio_pci_read_config  (0000:09:00.0, @0x24, len=0x4) 0x0
2026-07-07T03:16:22.776120Z vfio_pci_write_config  (0000:09:00.0, @0x24, 0xffffffff, len=0x4)
2026-07-07T03:16:22.776136Z vfio_pci_read_config  (0000:09:00.0, @0x24, len=0x4) 0x0
2026-07-07T03:16:22.776152Z vfio_pci_write_config  (0000:09:00.0, @0x24, 0x0, len=0x4)
2026-07-07T03:16:22.776172Z vfio_pci_write_config  (0000:09:00.0, @0x30, 0xfffffffe, len=0x4)
2026-07-07T03:16:22.776189Z vfio_pci_read_config  (0000:09:00.0, @0x30, len=0x4) 0x0
2026-07-07T03:16:22.776204Z vfio_pci_read_config  (0000:09:00.0, @0x34, len=0x1) 0x40
2026-07-07T03:16:22.776225Z vfio_pci_read_config  (0000:09:00.0, @0x40, len=0x2) 0x4801
2026-07-07T03:16:22.776248Z vfio_pci_read_config  (0000:09:00.0, @0x44, len=0x2) 0x8
2026-07-07T03:16:22.776263Z vfio_pci_write_config  (0000:09:00.0, @0x44, 0x8008, len=0x2)
2026-07-07T03:16:22.823131Z vfio_pci_read_config  (0000:09:00.0, @0x0, len=0x4) 0x21cb5
2026-07-07T03:16:22.823149Z vfio_pci_read_config  (0000:09:00.0, @0x0, len=0x4) 0x21cb5
2026-07-07T03:16:22.823168Z vfio_pci_read_config  (0000:09:00.0, @0x4, len=0x4) 0x100000
2026-07-07T03:16:22.823186Z vfio_pci_read_config  (0000:09:00.0, @0x8, len=0x4) 0x4010000
2026-07-07T03:16:22.823203Z vfio_pci_read_config  (0000:09:00.0, @0xc, len=0x4) 0x0
2026-07-07T03:16:22.823219Z vfio_pci_read_config  (0000:09:00.0, @0x10, len=0x4) 0x4
2026-07-07T03:16:22.823233Z vfio_pci_read_config  (0000:09:00.0, @0x14, len=0x4) 0x0
2026-07-07T03:16:22.823248Z vfio_pci_read_config  (0000:09:00.0, @0x18, len=0x4) 0x0
2026-07-07T03:16:22.823262Z vfio_pci_read_config  (0000:09:00.0, @0x1c, len=0x4) 0x0
2026-07-07T03:16:22.823277Z vfio_pci_read_config  (0000:09:00.0, @0x20, len=0x4) 0x0
2026-07-07T03:16:22.823291Z vfio_pci_read_config  (0000:09:00.0, @0x24, len=0x4) 0x0
2026-07-07T03:16:22.823314Z vfio_pci_read_config  (0000:09:00.0, @0x28, len=0x4) 0x0
2026-07-07T03:16:22.823336Z vfio_pci_read_config  (0000:09:00.0, @0x2c, len=0x4) 0x21cb5
2026-07-07T03:16:22.823351Z vfio_pci_read_config  (0000:09:00.0, @0x30, len=0x4) 0x0
2026-07-07T03:16:22.823372Z vfio_pci_read_config  (0000:09:00.0, @0x34, len=0x4) 0x40
2026-07-07T03:16:22.823393Z vfio_pci_read_config  (0000:09:00.0, @0x38, len=0x4) 0x0
2026-07-07T03:16:22.823416Z vfio_pci_read_config  (0000:09:00.0, @0x3c, len=0x4) 0xff
2026-07-07T03:16:22.823435Z vfio_pci_read_config  (0000:09:00.0, @0x34, len=0x1) 0x40
2026-07-07T03:16:22.823457Z vfio_pci_read_config  (0000:09:00.0, @0x40, len=0x2) 0x4801
2026-07-07T03:16:22.823472Z vfio_pci_read_config  (0000:09:00.0, @0x48, len=0x2) 0x5805
2026-07-07T03:16:22.823494Z vfio_pci_read_config  (0000:09:00.0, @0x58, len=0x2) 0x10
2026-07-07T03:16:22.823508Z vfio_pci_read_config  (0000:09:00.0, @0x100, len=0x4) 0x10003
2026-07-07T03:16:22.823523Z vfio_pci_read_config  (0000:09:00.0, @0x100, len=0x4) 0x10003
2026-07-07T03:16:22.823545Z vfio_pci_read_config  (0000:09:00.0, @0x4, len=0x2) 0x0
2026-07-07T03:16:22.823559Z vfio_pci_write_config  (0000:09:00.0, @0x4, 0x0, len=0x2)
2026-07-07T03:16:22.823596Z vfio_pci_read_config  (0000:09:00.0, @0x10, len=0x4) 0x4
2026-07-07T03:16:22.823611Z vfio_pci_write_config  (0000:09:00.0, @0x10, 0xffffffff, len=0x4)
2026-07-07T03:16:22.823627Z vfio_pci_read_config  (0000:09:00.0, @0x10, len=0x4) 0xffff0004
2026-07-07T03:16:22.823642Z vfio_pci_write_config  (0000:09:00.0, @0x10, 0x4, len=0x4)
2026-07-07T03:16:22.823657Z vfio_pci_read_config  (0000:09:00.0, @0x14, len=0x4) 0x0
2026-07-07T03:16:22.823672Z vfio_pci_write_config  (0000:09:00.0, @0x14, 0xffffffff, len=0x4)
2026-07-07T03:16:22.823687Z vfio_pci_read_config  (0000:09:00.0, @0x14, len=0x4) 0xffffffff
2026-07-07T03:16:22.823702Z vfio_pci_write_config  (0000:09:00.0, @0x14, 0x0, len=0x4)
2026-07-07T03:16:22.823718Z vfio_pci_read_config  (0000:09:00.0, @0x18, len=0x4) 0x0
2026-07-07T03:16:22.823733Z vfio_pci_write_config  (0000:09:00.0, @0x18, 0xffffffff, len=0x4)
2026-07-07T03:16:22.823748Z vfio_pci_read_config  (0000:09:00.0, @0x18, len=0x4) 0x0
2026-07-07T03:16:22.823763Z vfio_pci_write_config  (0000:09:00.0, @0x18, 0x0, len=0x4)
2026-07-07T03:16:22.823779Z vfio_pci_read_config  (0000:09:00.0, @0x1c, len=0x4) 0x0
2026-07-07T03:16:22.823793Z vfio_pci_write_config  (0000:09:00.0, @0x1c, 0xffffffff, len=0x4)
2026-07-07T03:16:22.823811Z vfio_pci_read_config  (0000:09:00.0, @0x1c, len=0x4) 0x0
2026-07-07T03:16:22.823825Z vfio_pci_write_config  (0000:09:00.0, @0x1c, 0x0, len=0x4)
2026-07-07T03:16:22.823841Z vfio_pci_read_config  (0000:09:00.0, @0x20, len=0x4) 0x0
2026-07-07T03:16:22.823856Z vfio_pci_write_config  (0000:09:00.0, @0x20, 0xffffffff, len=0x4)
2026-07-07T03:16:22.823871Z vfio_pci_read_config  (0000:09:00.0, @0x20, len=0x4) 0x0
2026-07-07T03:16:22.823886Z vfio_pci_write_config  (0000:09:00.0, @0x20, 0x0, len=0x4)
2026-07-07T03:16:22.823901Z vfio_pci_read_config  (0000:09:00.0, @0x24, len=0x4) 0x0
2026-07-07T03:16:22.823916Z vfio_pci_write_config  (0000:09:00.0, @0x24, 0xffffffff, len=0x4)
2026-07-07T03:16:22.823932Z vfio_pci_read_config  (0000:09:00.0, @0x24, len=0x4) 0x0
2026-07-07T03:16:22.823947Z vfio_pci_write_config  (0000:09:00.0, @0x24, 0x0, len=0x4)
2026-07-07T03:16:22.823965Z vfio_pci_write_config  (0000:09:00.0, @0x30, 0xfffffffe, len=0x4)
2026-07-07T03:16:22.823981Z vfio_pci_read_config  (0000:09:00.0, @0x30, len=0x4) 0x0
2026-07-07T03:16:22.823998Z vfio_pci_read_config  (0000:09:00.0, @0x34, len=0x1) 0x40
2026-07-07T03:16:22.824019Z vfio_pci_read_config  (0000:09:00.0, @0x40, len=0x2) 0x4801
2026-07-07T03:16:22.824040Z vfio_pci_read_config  (0000:09:00.0, @0x44, len=0x2) 0x8
2026-07-07T03:16:22.824061Z vfio_pci_write_config  (0000:09:00.0, @0x44, 0x8008, len=0x2)
2026-07-07T03:16:22.854058Z vfio_pci_write_config  (0000:09:00.0, @0x10, 0x81a00000, len=0x4)
2026-07-07T03:16:22.854076Z vfio_pci_write_config  (0000:09:00.0, @0x14, 0x0, len=0x4)
2026-07-07T03:16:22.882123Z vfio_pci_read_config  (0000:09:00.0, @0x4, len=0x2) 0x0
2026-07-07T03:16:22.882146Z vfio_pci_write_config  (0000:09:00.0, @0x4, 0x27, len=0x2)
2026-07-07T03:16:22.882569Z vfio_pci_read_config  (0000:09:00.0, @0x4, len=0x2) 0x7
2026-07-07T03:16:22.882586Z vfio_pci_write_config  (0000:09:00.0, @0x4, 0x0, len=0x2)
2026-07-07T03:16:22.882835Z vfio_pci_read_config  (0000:09:00.0, @0x6, len=0x2) 0x10
2026-07-07T03:16:22.882996Z vfio_pci_read_config  (0000:09:00.0, @0x4, len=0x2) 0x0
2026-07-07T03:16:22.883011Z vfio_pci_write_config  (0000:09:00.0, @0x4, 0x0, len=0x2)
2026-07-07T03:16:22.900800Z vfio_pci_write_config  (0000:09:00.0, @0x3c, 0xff, len=0x1)
2026-07-07T03:16:22.915066Z vfio_pci_read_config  (0000:09:00.0, @0x4, len=0x2) 0x0
2026-07-07T03:16:22.915082Z vfio_pci_write_config  (0000:09:00.0, @0x4, 0x3, len=0x2)
2026-07-07T03:16:22.940620Z vfio_pci_read_config  (0000:09:00.0, @0x4, len=0x2) 0x3
2026-07-07T03:16:22.940639Z vfio_pci_write_config  (0000:09:00.0, @0x4, 0x3, len=0x2)
2026-07-07T03:16:22.940985Z vfio_pci_read_config  (0000:09:00.0, @0x4, len=0x2) 0x3
2026-07-07T03:16:22.940999Z vfio_pci_write_config  (0000:09:00.0, @0x4, 0x0, len=0x2)
2026-07-07T03:16:23.047623Z vfio_pci_read_config  (0000:09:00.0, @0x0, len=0x4) 0x21cb5
2026-07-07T03:16:23.047676Z vfio_pci_read_config  (0000:09:00.0, @0x4, len=0x4) 0x100000
2026-07-07T03:16:23.047694Z vfio_pci_read_config  (0000:09:00.0, @0x8, len=0x4) 0x4010000
2026-07-07T03:16:23.047712Z vfio_pci_read_config  (0000:09:00.0, @0xc, len=0x4) 0x0
2026-07-07T03:16:23.047723Z vfio_pci_read_config  (0000:09:00.0, @0x10, len=0x4) 0x81a00004
2026-07-07T03:16:23.047735Z vfio_pci_read_config  (0000:09:00.0, @0x14, len=0x4) 0x0
2026-07-07T03:16:23.047746Z vfio_pci_read_config  (0000:09:00.0, @0x18, len=0x4) 0x0
2026-07-07T03:16:23.047758Z vfio_pci_read_config  (0000:09:00.0, @0x1c, len=0x4) 0x0
2026-07-07T03:16:23.047769Z vfio_pci_read_config  (0000:09:00.0, @0x20, len=0x4) 0x0
2026-07-07T03:16:23.047781Z vfio_pci_read_config  (0000:09:00.0, @0x24, len=0x4) 0x0
2026-07-07T03:16:23.047798Z vfio_pci_read_config  (0000:09:00.0, @0x28, len=0x4) 0x0
2026-07-07T03:16:23.047817Z vfio_pci_read_config  (0000:09:00.0, @0x2c, len=0x4) 0x21cb5
2026-07-07T03:16:23.047828Z vfio_pci_read_config  (0000:09:00.0, @0x30, len=0x4) 0x0
2026-07-07T03:16:23.047846Z vfio_pci_read_config  (0000:09:00.0, @0x34, len=0x4) 0x40
2026-07-07T03:16:23.047864Z vfio_pci_read_config  (0000:09:00.0, @0x38, len=0x4) 0x0
2026-07-07T03:16:23.047884Z vfio_pci_read_config  (0000:09:00.0, @0x3c, len=0x4) 0xff
2026-07-07T03:16:23.047904Z vfio_pci_read_config  (0000:09:00.0, @0x4, len=0x2) 0x0
2026-07-07T03:16:23.047917Z vfio_pci_write_config  (0000:09:00.0, @0x4, 0x7, len=0x2)
2026-07-07T03:16:23.173584Z vfio_pci_read_config  (0000:09:00.0, @0x0, len=0x4) 0x21cb5
2026-07-07T03:16:23.173612Z vfio_pci_read_config  (0000:09:00.0, @0x4, len=0x4) 0x100007
2026-07-07T03:16:23.173630Z vfio_pci_read_config  (0000:09:00.0, @0x8, len=0x4) 0x4010000
2026-07-07T03:16:23.173648Z vfio_pci_read_config  (0000:09:00.0, @0xc, len=0x4) 0x0
2026-07-07T03:16:23.173659Z vfio_pci_read_config  (0000:09:00.0, @0x10, len=0x4) 0x81a00004
2026-07-07T03:16:23.173670Z vfio_pci_read_config  (0000:09:00.0, @0x14, len=0x4) 0x0
2026-07-07T03:16:23.173682Z vfio_pci_read_config  (0000:09:00.0, @0x18, len=0x4) 0x0
2026-07-07T03:16:23.173693Z vfio_pci_read_config  (0000:09:00.0, @0x1c, len=0x4) 0x0
2026-07-07T03:16:23.173706Z vfio_pci_read_config  (0000:09:00.0, @0x20, len=0x4) 0x0
2026-07-07T03:16:23.173720Z vfio_pci_read_config  (0000:09:00.0, @0x24, len=0x4) 0x0
2026-07-07T03:16:23.173743Z vfio_pci_read_config  (0000:09:00.0, @0x28, len=0x4) 0x0
2026-07-07T03:16:23.173764Z vfio_pci_read_config  (0000:09:00.0, @0x2c, len=0x4) 0x21cb5
2026-07-07T03:16:23.173778Z vfio_pci_read_config  (0000:09:00.0, @0x30, len=0x4) 0x0
2026-07-07T03:16:23.173799Z vfio_pci_read_config  (0000:09:00.0, @0x34, len=0x4) 0x40
2026-07-07T03:16:23.173820Z vfio_pci_read_config  (0000:09:00.0, @0x38, len=0x4) 0x0
2026-07-07T03:16:23.173842Z vfio_pci_read_config  (0000:09:00.0, @0x3c, len=0x4) 0xff
2026-07-07T03:16:23.173865Z vfio_pci_read_config  (0000:09:00.0, @0x4, len=0x2) 0x7
2026-07-07T03:16:23.173881Z vfio_pci_write_config  (0000:09:00.0, @0x4, 0x7, len=0x2)
2026-07-07T03:16:23.180530Z vfio_pci_read_config  (0000:09:00.0, @0x0, len=0x2) 0x1cb5
2026-07-07T03:16:23.565286Z vfio_pci_read_config  (0000:09:00.0, @0x9, len=0x1) 0x0
2026-07-07T03:16:23.565312Z vfio_pci_read_config  (0000:09:00.0, @0xa, len=0x1) 0x1
2026-07-07T03:16:23.565330Z vfio_pci_read_config  (0000:09:00.0, @0xb, len=0x1) 0x4
2026-07-07T03:16:23.630852Z vfio_pci_read_config  (0000:09:00.0, @0x0, len=0x4) 0x21cb5
2026-07-07T03:16:23.630875Z vfio_pci_read_config  (0000:09:00.0, @0x4, len=0x4) 0x100007
2026-07-07T03:16:23.630893Z vfio_pci_read_config  (0000:09:00.0, @0x8, len=0x4) 0x4010000
2026-07-07T03:16:23.630911Z vfio_pci_read_config  (0000:09:00.0, @0xc, len=0x4) 0x0
2026-07-07T03:16:23.630973Z vfio_pci_read_config  (0000:09:00.0, @0x10, len=0x4) 0x81a00004
2026-07-07T03:16:23.630991Z vfio_pci_read_config  (0000:09:00.0, @0x14, len=0x4) 0x0
2026-07-07T03:16:23.631002Z vfio_pci_read_config  (0000:09:00.0, @0x18, len=0x4) 0x0
2026-07-07T03:16:23.631014Z vfio_pci_read_config  (0000:09:00.0, @0x1c, len=0x4) 0x0
2026-07-07T03:16:23.631025Z vfio_pci_read_config  (0000:09:00.0, @0x20, len=0x4) 0x0
2026-07-07T03:16:23.631037Z vfio_pci_read_config  (0000:09:00.0, @0x24, len=0x4) 0x0
2026-07-07T03:16:23.631062Z vfio_pci_read_config  (0000:09:00.0, @0x28, len=0x4) 0x0
2026-07-07T03:16:23.631082Z vfio_pci_read_config  (0000:09:00.0, @0x2c, len=0x4) 0x21cb5
2026-07-07T03:16:23.631093Z vfio_pci_read_config  (0000:09:00.0, @0x30, len=0x4) 0x0
2026-07-07T03:16:23.631111Z vfio_pci_read_config  (0000:09:00.0, @0x34, len=0x4) 0x40
2026-07-07T03:16:23.631130Z vfio_pci_read_config  (0000:09:00.0, @0x38, len=0x4) 0x0
2026-07-07T03:16:23.631148Z vfio_pci_read_config  (0000:09:00.0, @0x3c, len=0x4) 0xff
2026-07-07T03:16:24.129957Z vfio_pci_read_config  (0000:09:00.0, @0x0, len=0x2) 0x1cb5
2026-07-07T03:16:24.129982Z vfio_pci_read_config  (0000:09:00.0, @0x0, len=0x4) 0x21cb5
2026-07-07T03:16:24.130002Z vfio_pci_read_config  (0000:09:00.0, @0x4, len=0x4) 0x100007
2026-07-07T03:16:24.130020Z vfio_pci_read_config  (0000:09:00.0, @0x8, len=0x4) 0x4010000
2026-07-07T03:16:24.130037Z vfio_pci_read_config  (0000:09:00.0, @0xc, len=0x4) 0x0
2026-07-07T03:16:24.130055Z vfio_pci_read_config  (0000:09:00.0, @0x10, len=0x4) 0x81a00004
2026-07-07T03:16:24.130067Z vfio_pci_read_config  (0000:09:00.0, @0x14, len=0x4) 0x0
2026-07-07T03:16:24.130078Z vfio_pci_read_config  (0000:09:00.0, @0x18, len=0x4) 0x0
2026-07-07T03:16:24.130090Z vfio_pci_read_config  (0000:09:00.0, @0x1c, len=0x4) 0x0
2026-07-07T03:16:24.130101Z vfio_pci_read_config  (0000:09:00.0, @0x20, len=0x4) 0x0
2026-07-07T03:16:24.130113Z vfio_pci_read_config  (0000:09:00.0, @0x24, len=0x4) 0x0
2026-07-07T03:16:24.130131Z vfio_pci_read_config  (0000:09:00.0, @0x28, len=0x4) 0x0
2026-07-07T03:16:24.130148Z vfio_pci_read_config  (0000:09:00.0, @0x2c, len=0x4) 0x21cb5
2026-07-07T03:16:24.130161Z vfio_pci_read_config  (0000:09:00.0, @0x30, len=0x4) 0x0
2026-07-07T03:16:24.130179Z vfio_pci_read_config  (0000:09:00.0, @0x34, len=0x4) 0x40
2026-07-07T03:16:24.130197Z vfio_pci_read_config  (0000:09:00.0, @0x38, len=0x4) 0x0
2026-07-07T03:16:24.130215Z vfio_pci_read_config  (0000:09:00.0, @0x3c, len=0x4) 0xff
2026-07-07T03:16:24.130228Z vfio_pci_read_config  (0000:09:00.0, @0x0, len=0x2) 0x1cb5
2026-07-07T03:16:24.130240Z vfio_pci_read_config  (0000:09:00.0, @0x34, len=0x1) 0x40
2026-07-07T03:16:24.130253Z vfio_pci_read_config  (0000:09:00.0, @0x0, len=0x2) 0x1cb5
2026-07-07T03:16:24.130271Z vfio_pci_read_config  (0000:09:00.0, @0x40, len=0x2) 0x4801
2026-07-07T03:16:24.130284Z vfio_pci_read_config  (0000:09:00.0, @0x0, len=0x2) 0x1cb5
2026-07-07T03:16:24.130302Z vfio_pci_read_config  (0000:09:00.0, @0x40, len=0x4) 0x34801
2026-07-07T03:16:24.130321Z vfio_pci_read_config  (0000:09:00.0, @0x44, len=0x4) 0x8
2026-07-07T03:16:24.482443Z vfio_pci_read_config  (0000:09:00.0, @0x0, len=0x2) 0x1cb5
2026-07-07T03:16:24.482468Z vfio_pci_read_config  (0000:09:00.0, @0x0, len=0x2) 0x1cb5
2026-07-07T03:16:24.482481Z vfio_pci_read_config  (0000:09:00.0, @0x0, len=0x2) 0x1cb5
2026-07-07T03:16:24.482494Z vfio_pci_read_config  (0000:09:00.0, @0x0, len=0x4) 0x21cb5
2026-07-07T03:16:24.482514Z vfio_pci_read_config  (0000:09:00.0, @0x4, len=0x4) 0x100007
2026-07-07T03:16:24.482532Z vfio_pci_read_config  (0000:09:00.0, @0x8, len=0x4) 0x4010000
2026-07-07T03:16:24.482551Z vfio_pci_read_config  (0000:09:00.0, @0xc, len=0x4) 0x0
2026-07-07T03:20:37.829987Z vfio_pci_read_config  (0000:09:00.0, @0x0, len=0x2) 0x1cb5
2026-07-07T03:20:37.830063Z vfio_pci_read_config  (0000:09:00.0, @0x0, len=0x4) 0x21cb5
2026-07-07T03:20:37.830083Z vfio_pci_read_config  (0000:09:00.0, @0x4, len=0x4) 0x100007
2026-07-07T03:20:37.830101Z vfio_pci_read_config  (0000:09:00.0, @0x8, len=0x4) 0x4010000
2026-07-07T03:20:37.830119Z vfio_pci_read_config  (0000:09:00.0, @0xc, len=0x4) 0x0
2026-07-07T03:20:38.048330Z vfio_pci_read_config  (0000:09:00.0, @0x0, len=0x4) 0x21cb5
2026-07-07T03:20:38.048358Z vfio_pci_read_config  (0000:09:00.0, @0x4, len=0x4) 0x100007
2026-07-07T03:20:38.048376Z vfio_pci_read_config  (0000:09:00.0, @0x8, len=0x4) 0x4010000
2026-07-07T03:20:38.048394Z vfio_pci_read_config  (0000:09:00.0, @0xc, len=0x4) 0x0
2026-07-07T03:20:38.048406Z vfio_pci_read_config  (0000:09:00.0, @0x10, len=0x4) 0x81a00004
2026-07-07T03:20:38.048417Z vfio_pci_read_config  (0000:09:00.0, @0x14, len=0x4) 0x0
2026-07-07T03:20:38.048429Z vfio_pci_read_config  (0000:09:00.0, @0x18, len=0x4) 0x0
2026-07-07T03:20:38.048440Z vfio_pci_read_config  (0000:09:00.0, @0x1c, len=0x4) 0x0
2026-07-07T03:20:38.048452Z vfio_pci_read_config  (0000:09:00.0, @0x20, len=0x4) 0x0
2026-07-07T03:20:38.048463Z vfio_pci_read_config  (0000:09:00.0, @0x24, len=0x4) 0x0
2026-07-07T03:20:38.048481Z vfio_pci_read_config  (0000:09:00.0, @0x28, len=0x4) 0x0
2026-07-07T03:20:38.048499Z vfio_pci_read_config  (0000:09:00.0, @0x2c, len=0x4) 0x21cb5
2026-07-07T03:20:38.048512Z vfio_pci_read_config  (0000:09:00.0, @0x30, len=0x4) 0x0
2026-07-07T03:20:38.048530Z vfio_pci_read_config  (0000:09:00.0, @0x34, len=0x4) 0x40
2026-07-07T03:20:38.048548Z vfio_pci_read_config  (0000:09:00.0, @0x38, len=0x4) 0x0
2026-07-07T03:20:38.048567Z vfio_pci_read_config  (0000:09:00.0, @0x3c, len=0x4) 0xff
2026-07-07T03:20:38.048580Z vfio_pci_read_config  (0000:09:00.0, @0x0, len=0x4) 0x21cb5
2026-07-07T03:20:38.048598Z vfio_pci_read_config  (0000:09:00.0, @0x4, len=0x4) 0x100007
2026-07-07T03:20:38.048616Z vfio_pci_read_config  (0000:09:00.0, @0x8, len=0x4) 0x4010000
2026-07-07T03:20:38.048634Z vfio_pci_read_config  (0000:09:00.0, @0xc, len=0x4) 0x0
2026-07-07T03:20:38.048647Z vfio_pci_read_config  (0000:09:00.0, @0x10, len=0x4) 0x81a00004
2026-07-07T03:20:38.048658Z vfio_pci_read_config  (0000:09:00.0, @0x14, len=0x4) 0x0
2026-07-07T03:20:38.048670Z vfio_pci_read_config  (0000:09:00.0, @0x18, len=0x4) 0x0
2026-07-07T03:20:38.048681Z vfio_pci_read_config  (0000:09:00.0, @0x1c, len=0x4) 0x0
2026-07-07T03:20:38.048693Z vfio_pci_read_config  (0000:09:00.0, @0x20, len=0x4) 0x0
2026-07-07T03:20:38.048704Z vfio_pci_read_config  (0000:09:00.0, @0x24, len=0x4) 0x0
2026-07-07T03:20:38.048722Z vfio_pci_read_config  (0000:09:00.0, @0x28, len=0x4) 0x0
2026-07-07T03:20:38.048741Z vfio_pci_read_config  (0000:09:00.0, @0x2c, len=0x4) 0x21cb5
2026-07-07T03:20:38.048753Z vfio_pci_read_config  (0000:09:00.0, @0x30, len=0x4) 0x0
2026-07-07T03:20:38.048771Z vfio_pci_read_config  (0000:09:00.0, @0x34, len=0x4) 0x40
2026-07-07T03:20:38.048790Z vfio_pci_read_config  (0000:09:00.0, @0x38, len=0x4) 0x0
2026-07-07T03:20:38.048808Z vfio_pci_read_config  (0000:09:00.0, @0x3c, len=0x4) 0xff
2026-07-07T03:20:38.097106Z vfio_pci_read_config  (0000:09:00.0, @0x0, len=0x2) 0x1cb5
2026-07-07T03:20:38.097141Z vfio_pci_read_config  (0000:09:00.0, @0xe, len=0x1) 0x0
2026-07-07T03:20:38.097162Z vfio_pci_read_config  (0000:09:00.0, @0xb, len=0x1) 0x4
2026-07-07T03:20:38.097183Z vfio_pci_read_config  (0000:09:00.0, @0xa, len=0x1) 0x1
2026-07-07T03:20:38.097204Z vfio_pci_read_config  (0000:09:00.0, @0xe, len=0x1) 0x0
2026-07-07T03:20:38.097219Z vfio_pci_read_config  (0000:09:00.0, @0x34, len=0x1) 0x40
2026-07-07T03:20:38.097241Z vfio_pci_read_config  (0000:09:00.0, @0x40, len=0x2) 0x4801
2026-07-07T03:20:38.097263Z vfio_pci_read_config  (0000:09:00.0, @0x44, len=0x2) 0x8
2026-07-07T03:20:38.097285Z vfio_pci_read_config  (0000:09:00.0, @0xb, len=0x1) 0x4
2026-07-07T03:20:38.097307Z vfio_pci_read_config  (0000:09:00.0, @0xa, len=0x1) 0x1
2026-07-07T03:20:38.097333Z vfio_pci_read_config  (0000:09:00.0, @0xb, len=0x1) 0x4
2026-07-07T03:20:38.097361Z vfio_pci_read_config  (0000:09:00.0, @0xa, len=0x1) 0x1
2026-07-07T03:20:38.097388Z vfio_pci_read_config  (0000:09:00.0, @0xb, len=0x1) 0x4
2026-07-07T03:20:38.097415Z vfio_pci_read_config  (0000:09:00.0, @0xa, len=0x1) 0x1
2026-07-07T03:20:38.097442Z vfio_pci_read_config  (0000:09:00.0, @0x4, len=0x2) 0x7
2026-07-07T03:20:38.097462Z vfio_pci_write_config  (0000:09:00.0, @0x4, 0x400, len=0x2)
2026-07-07T03:20:38.099856Z vfio_pci_read_config  (0000:09:00.0, @0x10, len=0x4) 0x81a00004
2026-07-07T03:20:38.099871Z vfio_pci_read_config  (0000:09:00.0, @0x14, len=0x4) 0x0
2026-07-07T03:20:38.099884Z vfio_pci_read_config  (0000:09:00.0, @0x18, len=0x4) 0x0
2026-07-07T03:20:38.099896Z vfio_pci_read_config  (0000:09:00.0, @0x1c, len=0x4) 0x0
2026-07-07T03:20:38.099908Z vfio_pci_read_config  (0000:09:00.0, @0x20, len=0x4) 0x0
2026-07-07T03:20:38.099922Z vfio_pci_read_config  (0000:09:00.0, @0x24, len=0x4) 0x0
2026-07-07T03:20:38.099936Z vfio_pci_write_config  (0000:09:00.0, @0x10, 0xffffffff, len=0x4)
2026-07-07T03:20:38.099950Z vfio_pci_write_config  (0000:09:00.0, @0x14, 0xffffffff, len=0x4)
2026-07-07T03:20:38.099963Z vfio_pci_write_config  (0000:09:00.0, @0x18, 0xffffffff, len=0x4)
2026-07-07T03:20:38.099977Z vfio_pci_write_config  (0000:09:00.0, @0x1c, 0xffffffff, len=0x4)
2026-07-07T03:20:38.099990Z vfio_pci_write_config  (0000:09:00.0, @0x20, 0xffffffff, len=0x4)
2026-07-07T03:20:38.100005Z vfio_pci_write_config  (0000:09:00.0, @0x24, 0xffffffff, len=0x4)
2026-07-07T03:20:38.100019Z vfio_pci_read_config  (0000:09:00.0, @0x10, len=0x4) 0xffff0004
2026-07-07T03:20:38.100031Z vfio_pci_read_config  (0000:09:00.0, @0x14, len=0x4) 0xffffffff
2026-07-07T03:20:38.100050Z vfio_pci_read_config  (0000:09:00.0, @0x18, len=0x4) 0x0
2026-07-07T03:20:38.100063Z vfio_pci_read_config  (0000:09:00.0, @0x1c, len=0x4) 0x0
2026-07-07T03:20:38.100075Z vfio_pci_read_config  (0000:09:00.0, @0x20, len=0x4) 0x0
2026-07-07T03:20:38.100087Z vfio_pci_read_config  (0000:09:00.0, @0x24, len=0x4) 0x0
2026-07-07T03:20:38.100100Z vfio_pci_write_config  (0000:09:00.0, @0x10, 0x81a00004, len=0x4)
2026-07-07T03:20:38.100113Z vfio_pci_write_config  (0000:09:00.0, @0x14, 0x0, len=0x4)
2026-07-07T03:20:38.100126Z vfio_pci_write_config  (0000:09:00.0, @0x18, 0x0, len=0x4)
2026-07-07T03:20:38.100139Z vfio_pci_write_config  (0000:09:00.0, @0x1c, 0x0, len=0x4)
2026-07-07T03:20:38.100152Z vfio_pci_write_config  (0000:09:00.0, @0x20, 0x0, len=0x4)
2026-07-07T03:20:38.100167Z vfio_pci_write_config  (0000:09:00.0, @0x24, 0x0, len=0x4)
2026-07-07T03:20:38.100182Z vfio_pci_write_config  (0000:09:00.0, @0x4, 0x7, len=0x2)
2026-07-07T03:20:38.101111Z vfio_pci_read_config  (0000:09:00.0, @0xe, len=0x1) 0x0
2026-07-07T03:20:38.101127Z vfio_pci_read_config  (0000:09:00.0, @0x34, len=0x1) 0x40
2026-07-07T03:20:38.101148Z vfio_pci_read_config  (0000:09:00.0, @0x40, len=0x2) 0x4801
2026-07-07T03:20:38.101162Z vfio_pci_read_config  (0000:09:00.0, @0x48, len=0x2) 0x5805
2026-07-07T03:20:38.101182Z vfio_pci_read_config  (0000:09:00.0, @0x58, len=0x2) 0x10
2026-07-07T03:20:38.101196Z vfio_pci_read_config  (0000:09:00.0, @0x100, len=0x4) 0x10003
2026-07-07T03:20:38.101216Z vfio_pci_read_config  (0000:09:00.0, @0xb, len=0x1) 0x4
2026-07-07T03:20:38.101236Z vfio_pci_read_config  (0000:09:00.0, @0xa, len=0x1) 0x1
2026-07-07T03:20:38.101257Z vfio_pci_read_config  (0000:09:00.0, @0xe, len=0x1) 0x0
2026-07-07T03:20:38.101271Z vfio_pci_read_config  (0000:09:00.0, @0x34, len=0x1) 0x40
2026-07-07T03:20:38.101290Z vfio_pci_read_config  (0000:09:00.0, @0x40, len=0x2) 0x4801
2026-07-07T03:20:38.101310Z vfio_pci_read_config  (0000:09:00.0, @0x44, len=0x2) 0x8
2026-07-07T03:20:38.101331Z vfio_pci_read_config  (0000:09:00.0, @0xe, len=0x1) 0x0
2026-07-07T03:20:38.452625Z vfio_pci_read_config  (0000:09:00.0, @0x0, len=0x2) 0x1cb5
2026-07-07T03:20:38.452650Z vfio_pci_read_config  (0000:09:00.0, @0x2, len=0x2) 0x2
2026-07-07T03:20:38.452671Z vfio_pci_read_config  (0000:09:00.0, @0x8, len=0x1) 0x0
2026-07-07T03:20:38.452690Z vfio_pci_read_config  (0000:09:00.0, @0x9, len=0x1) 0x0
2026-07-07T03:20:38.452710Z vfio_pci_read_config  (0000:09:00.0, @0xa, len=0x1) 0x1
2026-07-07T03:20:38.452730Z vfio_pci_read_config  (0000:09:00.0, @0xb, len=0x1) 0x4
2026-07-07T03:20:38.452753Z vfio_pci_read_config  (0000:09:00.0, @0xe, len=0x1) 0x0
2026-07-07T03:20:38.452776Z vfio_pci_read_config  (0000:09:00.0, @0x2c, len=0x2) 0x1cb5
2026-07-07T03:20:38.452799Z vfio_pci_read_config  (0000:09:00.0, @0x2e, len=0x2) 0x2
2026-07-07T03:20:38.452848Z vfio_pci_read_config  (0000:09:00.0, @0x6, len=0x2) 0x10
2026-07-07T03:20:38.452863Z vfio_pci_read_config  (0000:09:00.0, @0x34, len=0x1) 0x40
2026-07-07T03:20:38.452887Z vfio_pci_read_config  (0000:09:00.0, @0x40, len=0x2) 0x4801
2026-07-07T03:20:38.452989Z vfio_pci_read_config  (0000:09:00.0, @0x48, len=0x2) 0x5805
2026-07-07T03:20:38.453005Z vfio_pci_read_config  (0000:09:00.0, @0x4a, len=0x2) 0x84
2026-07-07T03:20:38.453028Z vfio_pci_read_config  (0000:09:00.0, @0x58, len=0x2) 0x10
2026-07-07T03:20:38.453088Z vfio_pci_read_config  (0000:09:00.0, @0x4, len=0x2) 0x7
2026-07-07T03:20:38.453109Z vfio_pci_read_config  (0000:09:00.0, @0x40, len=0x4) 0x34801
2026-07-07T03:20:38.453128Z vfio_pci_read_config  (0000:09:00.0, @0x44, len=0x4) 0x8
2026-07-07T03:20:38.453150Z vfio_pci_read_config  (0000:09:00.0, @0x6, len=0x2) 0x10
2026-07-07T03:20:38.453169Z vfio_pci_read_config  (0000:09:00.0, @0x4, len=0x2) 0x7
2026-07-07T03:20:38.453189Z vfio_pci_read_config  (0000:09:00.0, @0xc, len=0x1) 0x0
2026-07-07T03:20:38.453209Z vfio_pci_read_config  (0000:09:00.0, @0xd, len=0x1) 0x0
2026-07-07T03:20:38.453223Z vfio_pci_read_config  (0000:09:00.0, @0x3c, len=0x1) 0xff
2026-07-07T03:20:38.453237Z vfio_pci_read_config  (0000:09:00.0, @0x3d, len=0x1) 0x0
2026-07-07T03:20:38.453276Z vfio_pci_read_config  (0000:09:00.0, @0x5a, len=0x2) 0x1
2026-07-07T03:20:38.453297Z vfio_pci_read_config  (0000:09:00.0, @0x60, len=0x2) 0x2910
2026-07-07T03:20:38.453317Z vfio_pci_read_config  (0000:09:00.0, @0x5c, len=0x4) 0x8022
2026-07-07T03:20:38.453336Z vfio_pci_read_config  (0000:09:00.0, @0x64, len=0x4) 0x3fc11
2026-07-07T03:20:38.453356Z vfio_pci_read_config  (0000:09:00.0, @0x68, len=0x2) 0x0
2026-07-07T03:20:38.453375Z vfio_pci_read_config  (0000:09:00.0, @0x6a, len=0x2) 0x11
2026-07-07T03:20:38.453388Z vfio_pci_read_config  (0000:09:00.0, @0x100, len=0x4) 0x10003
2026-07-07T03:20:38.453415Z vfio_pci_read_config  (0000:09:00.0, @0x44, len=0x2) 0x8
2026-07-07T03:20:38.453435Z vfio_pci_read_config  (0000:09:00.0, @0x4, len=0x2) 0x7
2026-07-07T03:20:38.453448Z vfio_pci_write_config  (0000:09:00.0, @0x4, 0x400, len=0x2)
2026-07-07T03:20:38.453861Z vfio_pci_read_config  (0000:09:00.0, @0x10, len=0x4) 0x81a00004
2026-07-07T03:20:38.453875Z vfio_pci_read_config  (0000:09:00.0, @0x14, len=0x4) 0x0
2026-07-07T03:20:38.453887Z vfio_pci_read_config  (0000:09:00.0, @0x18, len=0x4) 0x0
2026-07-07T03:20:38.453898Z vfio_pci_read_config  (0000:09:00.0, @0x1c, len=0x4) 0x0
2026-07-07T03:20:38.453910Z vfio_pci_read_config  (0000:09:00.0, @0x20, len=0x4) 0x0
2026-07-07T03:20:38.453922Z vfio_pci_read_config  (0000:09:00.0, @0x24, len=0x4) 0x0
2026-07-07T03:20:38.453935Z vfio_pci_write_config  (0000:09:00.0, @0x10, 0xffffffff, len=0x4)
2026-07-07T03:20:38.453948Z vfio_pci_write_config  (0000:09:00.0, @0x14, 0xffffffff, len=0x4)
2026-07-07T03:20:38.453960Z vfio_pci_write_config  (0000:09:00.0, @0x18, 0xffffffff, len=0x4)
2026-07-07T03:20:38.453973Z vfio_pci_write_config  (0000:09:00.0, @0x1c, 0xffffffff, len=0x4)
2026-07-07T03:20:38.453986Z vfio_pci_write_config  (0000:09:00.0, @0x20, 0xffffffff, len=0x4)
2026-07-07T03:20:38.453998Z vfio_pci_write_config  (0000:09:00.0, @0x24, 0xffffffff, len=0x4)
2026-07-07T03:20:38.454012Z vfio_pci_read_config  (0000:09:00.0, @0x10, len=0x4) 0xffff0004
2026-07-07T03:20:38.454023Z vfio_pci_read_config  (0000:09:00.0, @0x14, len=0x4) 0xffffffff
2026-07-07T03:20:38.454035Z vfio_pci_read_config  (0000:09:00.0, @0x18, len=0x4) 0x0
2026-07-07T03:20:38.454051Z vfio_pci_read_config  (0000:09:00.0, @0x1c, len=0x4) 0x0
2026-07-07T03:20:38.454064Z vfio_pci_read_config  (0000:09:00.0, @0x20, len=0x4) 0x0
2026-07-07T03:20:38.454075Z vfio_pci_read_config  (0000:09:00.0, @0x24, len=0x4) 0x0
2026-07-07T03:20:38.454088Z vfio_pci_write_config  (0000:09:00.0, @0x10, 0x81a00004, len=0x4)
2026-07-07T03:20:38.454102Z vfio_pci_write_config  (0000:09:00.0, @0x14, 0x0, len=0x4)
2026-07-07T03:20:38.454115Z vfio_pci_write_config  (0000:09:00.0, @0x18, 0x0, len=0x4)
2026-07-07T03:20:38.454129Z vfio_pci_write_config  (0000:09:00.0, @0x1c, 0x0, len=0x4)
2026-07-07T03:20:38.454142Z vfio_pci_write_config  (0000:09:00.0, @0x20, 0x0, len=0x4)
2026-07-07T03:20:38.454155Z vfio_pci_write_config  (0000:09:00.0, @0x24, 0x0, len=0x4)
2026-07-07T03:20:38.454169Z vfio_pci_read_config  (0000:09:00.0, @0x30, len=0x4) 0x0
2026-07-07T03:20:38.454184Z vfio_pci_write_config  (0000:09:00.0, @0x30, 0xffffffff, len=0x4)
2026-07-07T03:20:38.454197Z vfio_pci_read_config  (0000:09:00.0, @0x30, len=0x4) 0x0
2026-07-07T03:20:38.454211Z vfio_pci_write_config  (0000:09:00.0, @0x30, 0x0, len=0x4)
2026-07-07T03:20:38.454225Z vfio_pci_write_config  (0000:09:00.0, @0x4, 0x7, len=0x2)
2026-07-07T03:20:38.454653Z vfio_pci_read_config  (0000:09:00.0, @0x4a, len=0x2) 0x84
2026-07-07T03:20:38.454668Z vfio_pci_read_config  (0000:09:00.0, @0x4a, len=0x2) 0x84
2026-07-07T03:20:38.454682Z vfio_pci_write_config  (0000:09:00.0, @0x4a, 0x84, len=0x2)
2026-07-07T03:20:38.454708Z vfio_pci_read_config  (0000:09:00.0, @0x4, len=0x2) 0x7
2026-07-07T03:20:38.454722Z vfio_pci_read_config  (0000:09:00.0, @0x10, len=0x4) 0x81a00004
2026-07-07T03:20:38.454734Z vfio_pci_read_config  (0000:09:00.0, @0x14, len=0x4) 0x0
2026-07-07T03:20:38.454745Z vfio_pci_read_config  (0000:09:00.0, @0x18, len=0x4) 0x0
2026-07-07T03:20:38.454757Z vfio_pci_read_config  (0000:09:00.0, @0x1c, len=0x4) 0x0
2026-07-07T03:20:38.454769Z vfio_pci_read_config  (0000:09:00.0, @0x20, len=0x4) 0x0
2026-07-07T03:20:38.454781Z vfio_pci_read_config  (0000:09:00.0, @0x24, len=0x4) 0x0
2026-07-07T03:20:38.454794Z vfio_pci_read_config  (0000:09:00.0, @0x30, len=0x4) 0x0
2026-07-07T03:20:38.455169Z vfio_pci_read_config  (0000:09:00.0, @0x0, len=0x2) 0x1cb5
2026-07-07T03:20:38.455184Z vfio_pci_read_config  (0000:09:00.0, @0x2, len=0x2) 0x2
2026-07-07T03:20:38.455202Z vfio_pci_read_config  (0000:09:00.0, @0x4, len=0x2) 0x7
2026-07-07T03:20:38.455221Z vfio_pci_read_config  (0000:09:00.0, @0x6, len=0x2) 0x10
2026-07-07T03:20:38.455240Z vfio_pci_read_config  (0000:09:00.0, @0x8, len=0x2) 0x0
2026-07-07T03:20:38.455259Z vfio_pci_read_config  (0000:09:00.0, @0xa, len=0x2) 0x401
2026-07-07T03:20:38.455278Z vfio_pci_read_config  (0000:09:00.0, @0xc, len=0x2) 0x0
2026-07-07T03:20:38.455297Z vfio_pci_read_config  (0000:09:00.0, @0xe, len=0x2) 0x0
2026-07-07T03:20:38.455310Z vfio_pci_read_config  (0000:09:00.0, @0x10, len=0x2) 0x4
2026-07-07T03:20:38.455321Z vfio_pci_read_config  (0000:09:00.0, @0x12, len=0x2) 0x81a0
2026-07-07T03:20:38.455333Z vfio_pci_read_config  (0000:09:00.0, @0x14, len=0x2) 0x0
2026-07-07T03:20:38.455345Z vfio_pci_read_config  (0000:09:00.0, @0x16, len=0x2) 0x0
2026-07-07T03:20:38.455357Z vfio_pci_read_config  (0000:09:00.0, @0x18, len=0x2) 0x0
2026-07-07T03:20:38.455378Z vfio_pci_read_config  (0000:09:00.0, @0x0, len=0x2) 0x1cb5
2026-07-07T03:20:38.455392Z vfio_pci_read_config  (0000:09:00.0, @0x2, len=0x1) 0x2
2026-07-07T03:20:38.455405Z vfio_pci_read_config  (0000:09:00.0, @0x3, len=0x1) 0x0
2026-07-07T03:20:38.455424Z vfio_pci_read_config  (0000:09:00.0, @0x4, len=0x2) 0x7
2026-07-07T03:20:38.455442Z vfio_pci_read_config  (0000:09:00.0, @0x6, len=0x1) 0x10
2026-07-07T03:20:38.455461Z vfio_pci_read_config  (0000:09:00.0, @0x7, len=0x1) 0x0
2026-07-07T03:20:38.455480Z vfio_pci_read_config  (0000:09:00.0, @0x8, len=0x2) 0x0
2026-07-07T03:20:38.455499Z vfio_pci_read_config  (0000:09:00.0, @0xa, len=0x1) 0x1
2026-07-07T03:20:38.455517Z vfio_pci_read_config  (0000:09:00.0, @0xb, len=0x1) 0x4
2026-07-07T03:20:38.455536Z vfio_pci_read_config  (0000:09:00.0, @0xc, len=0x2) 0x0
2026-07-07T03:20:38.455555Z vfio_pci_read_config  (0000:09:00.0, @0xe, len=0x1) 0x0
2026-07-07T03:20:38.455874Z vfio_pci_read_config  (0000:09:00.0, @0x0, len=0x2) 0x1cb5
2026-07-07T03:20:38.455891Z vfio_pci_read_config  (0000:09:00.0, @0x2, len=0x2) 0x2
2026-07-07T03:20:38.455911Z vfio_pci_read_config  (0000:09:00.0, @0x8, len=0x1) 0x0
2026-07-07T03:20:38.455932Z vfio_pci_read_config  (0000:09:00.0, @0x9, len=0x1) 0x0
2026-07-07T03:20:38.455952Z vfio_pci_read_config  (0000:09:00.0, @0xa, len=0x1) 0x1
2026-07-07T03:20:38.455972Z vfio_pci_read_config  (0000:09:00.0, @0xb, len=0x1) 0x4
2026-07-07T03:20:38.455992Z vfio_pci_read_config  (0000:09:00.0, @0xe, len=0x1) 0x0
2026-07-07T03:20:38.456012Z vfio_pci_read_config  (0000:09:00.0, @0x2c, len=0x2) 0x1cb5
2026-07-07T03:20:38.456032Z vfio_pci_read_config  (0000:09:00.0, @0x2e, len=0x2) 0x2
2026-07-07T03:20:38.456058Z vfio_pci_read_config  (0000:09:00.0, @0x4, len=0x2) 0x7
2026-07-07T03:20:38.456072Z vfio_pci_read_config  (0000:09:00.0, @0x10, len=0x4) 0x81a00004
2026-07-07T03:20:38.456086Z vfio_pci_read_config  (0000:09:00.0, @0x14, len=0x4) 0x0
2026-07-07T03:20:38.456098Z vfio_pci_read_config  (0000:09:00.0, @0x18, len=0x4) 0x0
2026-07-07T03:20:38.456109Z vfio_pci_read_config  (0000:09:00.0, @0x1c, len=0x4) 0x0
2026-07-07T03:20:38.456121Z vfio_pci_read_config  (0000:09:00.0, @0x20, len=0x4) 0x0
2026-07-07T03:20:38.456133Z vfio_pci_read_config  (0000:09:00.0, @0x24, len=0x4) 0x0
2026-07-07T03:20:38.456146Z vfio_pci_read_config  (0000:09:00.0, @0x30, len=0x4) 0x0
2026-07-07T03:20:38.456167Z vfio_pci_read_config  (0000:09:00.0, @0x4, len=0x2) 0x7
2026-07-07T03:25:07.357239Z vfio_pci_read_config  (0000:09:00.0, @0x0, len=0x4) 0x21cb5
2026-07-07T03:25:07.357269Z vfio_pci_read_config  (0000:09:00.0, @0x4, len=0x4) 0x100007
2026-07-07T03:25:07.357288Z vfio_pci_read_config  (0000:09:00.0, @0x8, len=0x4) 0x4010000
2026-07-07T03:25:07.357307Z vfio_pci_read_config  (0000:09:00.0, @0xc, len=0x4) 0x0
2026-07-07T03:25:07.357318Z vfio_pci_read_config  (0000:09:00.0, @0x10, len=0x4) 0x81a00004
2026-07-07T03:25:07.357331Z vfio_pci_read_config  (0000:09:00.0, @0x14, len=0x4) 0x0
2026-07-07T03:25:07.357342Z vfio_pci_read_config  (0000:09:00.0, @0x18, len=0x4) 0x0
2026-07-07T03:25:07.357354Z vfio_pci_read_config  (0000:09:00.0, @0x1c, len=0x4) 0x0
2026-07-07T03:25:07.357366Z vfio_pci_read_config  (0000:09:00.0, @0x20, len=0x4) 0x0
2026-07-07T03:25:07.357378Z vfio_pci_read_config  (0000:09:00.0, @0x24, len=0x4) 0x0
2026-07-07T03:25:07.357396Z vfio_pci_read_config  (0000:09:00.0, @0x28, len=0x4) 0x0
2026-07-07T03:25:07.357415Z vfio_pci_read_config  (0000:09:00.0, @0x2c, len=0x4) 0x21cb5
2026-07-07T03:25:07.357429Z vfio_pci_read_config  (0000:09:00.0, @0x30, len=0x4) 0x0
2026-07-07T03:25:07.357448Z vfio_pci_read_config  (0000:09:00.0, @0x34, len=0x4) 0x40
2026-07-07T03:25:07.357467Z vfio_pci_read_config  (0000:09:00.0, @0x38, len=0x4) 0x0
2026-07-07T03:25:07.357485Z vfio_pci_read_config  (0000:09:00.0, @0x3c, len=0x4) 0xff
2026-07-07T03:25:07.357757Z vfio_pci_write_config  (0000:09:00.0, @0x3c, 0x0, len=0x1)
2026-07-07T03:25:07.358405Z vfio_pci_write_config  (0000:09:00.0, @0x3c, 0x0, len=0x1)
2026-07-07T03:25:07.359168Z vfio_pci_write_config  (0000:09:00.0, @0x3c, 0x0, len=0x1)
2026-07-07T03:25:07.359871Z vfio_pci_write_config  (0000:09:00.0, @0x3c, 0x0, len=0x1)
2026-07-07T03:25:07.360593Z vfio_pci_write_config  (0000:09:00.0, @0x3c, 0x0, len=0x1)
2026-07-07T03:25:07.361343Z vfio_pci_write_config  (0000:09:00.0, @0x3c, 0x0, len=0x1)
2026-07-07T03:25:07.421664Z vfio_pci_read_config  (0000:09:00.0, @0x0, len=0x2) 0x1cb5
2026-07-07T03:25:07.421687Z vfio_pci_read_config  (0000:09:00.0, @0x2, len=0x2) 0x2
2026-07-07T03:25:07.421708Z vfio_pci_read_config  (0000:09:00.0, @0x8, len=0x1) 0x0
2026-07-07T03:25:07.421727Z vfio_pci_read_config  (0000:09:00.0, @0x9, len=0x1) 0x0
2026-07-07T03:25:07.421747Z vfio_pci_read_config  (0000:09:00.0, @0xa, len=0x1) 0x1
2026-07-07T03:25:07.421767Z vfio_pci_read_config  (0000:09:00.0, @0xb, len=0x1) 0x4
2026-07-07T03:25:07.421788Z vfio_pci_read_config  (0000:09:00.0, @0xe, len=0x1) 0x0
2026-07-07T03:25:07.421808Z vfio_pci_read_config  (0000:09:00.0, @0x2c, len=0x2) 0x1cb5
2026-07-07T03:25:07.421828Z vfio_pci_read_config  (0000:09:00.0, @0x2e, len=0x2) 0x2
2026-07-07T03:25:07.421852Z vfio_pci_read_config  (0000:09:00.0, @0x40, len=0x4) 0x34801
2026-07-07T03:25:07.421874Z vfio_pci_read_config  (0000:09:00.0, @0x44, len=0x4) 0x8
2026-07-07T03:25:07.421891Z vfio_pci_write_config  (0000:09:00.0, @0x44, 0x8, len=0x2)
2026-07-07T03:25:11.349297Z vfio_pci_read_config  (0000:09:00.0, @0x44, len=0x2) 0x8
2026-07-07T03:25:11.349390Z vfio_pci_read_config  (0000:09:00.0, @0x4, len=0x2) 0x7
2026-07-07T03:25:11.349408Z vfio_pci_write_config  (0000:09:00.0, @0x4, 0x400, len=0x2)
2026-07-07T03:25:11.350344Z vfio_pci_write_config  (0000:09:00.0, @0x10, 0x81a00000, len=0x4)
2026-07-07T03:25:11.350363Z vfio_pci_write_config  (0000:09:00.0, @0x14, 0x0, len=0x4)
2026-07-07T03:25:11.350379Z vfio_pci_write_config  (0000:09:00.0, @0x18, 0x0, len=0x4)
2026-07-07T03:25:11.350394Z vfio_pci_write_config  (0000:09:00.0, @0x1c, 0x0, len=0x4)
2026-07-07T03:25:11.350410Z vfio_pci_write_config  (0000:09:00.0, @0x20, 0x0, len=0x4)
2026-07-07T03:25:11.350425Z vfio_pci_write_config  (0000:09:00.0, @0x24, 0x0, len=0x4)
2026-07-07T03:25:11.350442Z vfio_pci_write_config  (0000:09:00.0, @0x30, 0x0, len=0x4)
2026-07-07T03:25:11.350458Z vfio_pci_write_config  (0000:09:00.0, @0x3c, 0x0, len=0x1)
2026-07-07T03:25:11.350475Z vfio_pci_write_config  (0000:09:00.0, @0xc, 0x0, len=0x1)
2026-07-07T03:25:11.350502Z vfio_pci_write_config  (0000:09:00.0, @0xd, 0x0, len=0x1)
2026-07-07T03:25:11.350532Z vfio_pci_write_config  (0000:09:00.0, @0x4, 0x400, len=0x2)
2026-07-07T03:25:11.350579Z vfio_pci_read_config  (0000:09:00.0, @0x60, len=0x2) 0x2910
2026-07-07T03:25:11.350596Z vfio_pci_write_config  (0000:09:00.0, @0x60, 0x2910, len=0x2)
2026-07-07T03:25:11.350631Z vfio_pci_read_config  (0000:09:00.0, @0x4, len=0x2) 0x400
2026-07-07T03:25:11.350648Z vfio_pci_write_config  (0000:09:00.0, @0x4, 0x406, len=0x2)
2026-07-07T03:25:11.351466Z vfio_pci_write_config  (0000:09:00.0, @0x6, 0xf900, len=0x2)
2026-07-07T03:25:11.351487Z vfio_pci_read_config  (0000:09:00.0, @0x4a, len=0x2) 0x84
2026-07-07T03:25:11.351505Z vfio_pci_write_config  (0000:09:00.0, @0x4a, 0x84, len=0x2)
2026-07-07T03:25:11.351533Z vfio_pci_read_config  (0000:09:00.0, @0x4a, len=0x2) 0x84
2026-07-07T03:25:11.351551Z vfio_pci_write_config  (0000:09:00.0, @0x4c, 0xfee0100c, len=0x4)
2026-07-07T03:25:11.351569Z vfio_pci_write_config  (0000:09:00.0, @0x50, 0x0, len=0x4)
2026-07-07T03:25:11.351587Z vfio_pci_write_config  (0000:09:00.0, @0x54, 0x49b4, len=0x2)
2026-07-07T03:25:11.351606Z vfio_pci_write_config  (0000:09:00.0, @0x4a, 0xa5, len=0x2)
2026-07-07T03:25:11.359977Z vfio_region_read  (0000:09:00.0:region0+0x8000, 4) = 0x4061973
2026-07-07T03:25:11.359999Z vfio_region_read  (0000:09:00.0:region0+0x4, 4) = 0x80
2026-07-07T03:25:11.360016Z vfio_region_read  (0000:09:00.0:region0+0x8, 4) = 0x2000
2026-07-07T03:25:11.360033Z vfio_region_read  (0000:09:00.0:region0+0x0, 4) = 0x32003fd
2026-07-07T03:25:11.360068Z vfio_region_read  (0000:09:00.0:region0+0x14, 4) = 0x1234
2026-07-07T03:25:11.360087Z vfio_region_read  (0000:09:00.0:region0+0x10, 4) = 0x5678abcd
2026-07-07T03:27:14.681119Z vfio_region_read  (0000:09:00.0:region0+0x514, 4) = 0x847
2026-07-07T03:27:14.681148Z vfio_region_write  (0000:09:00.0:region0+0x510, 0x8, 4)
2026-07-07T03:27:14.681166Z vfio_region_read  (0000:09:00.0:region0+0x58c, 4) = 0x0
2026-07-07T03:27:14.681182Z vfio_region_write  (0000:09:00.0:region0+0x500, 0x8, 4)
2026-07-07T03:27:14.683264Z vfio_region_write  (0000:09:00.0:region0+0x104, 0xf000003f, 4)
2026-07-07T03:27:14.683285Z vfio_region_write  (0000:09:00.0:region0+0x410, 0x78d34000, 4)
2026-07-07T03:27:14.683298Z vfio_region_write  (0000:09:00.0:region0+0x414, 0x2, 4)
2026-07-07T03:27:14.686511Z vfio_region_read  (0000:09:00.0:region0+0x100, 4) = 0x20000000
2026-07-07T03:27:14.686532Z vfio_region_read  (0000:09:00.0:region0+0x300, 4) = 0x0
2026-07-07T03:27:14.686550Z vfio_region_read  (0000:09:00.0:region0+0x200, 4) = 0x0
2026-07-07T03:27:14.686569Z vfio_region_read  (0000:09:00.0:region0+0x400, 4) = 0x1
2026-07-07T03:27:14.686587Z vfio_region_read  (0000:09:00.0:region0+0x500, 4) = 0xff0000
2026-07-07T03:27:14.686914Z vfio_region_read  (0000:09:00.0:region0+0x58c, 4) = 0x0
2026-07-07T03:27:14.686945Z vfio_region_read  (0000:09:00.0:region0+0x8000, 4) = 0x4061973
2026-07-07T03:27:14.687065Z vfio_region_read  (0000:09:00.0:region0+0x8004, 4) = 0x18101966
2026-07-07T03:27:14.687136Z vfio_region_read  (0000:09:00.0:region0+0x8008, 4) = 0x1
2026-07-07T03:27:14.687205Z vfio_region_read  (0000:09:00.0:region0+0x800c, 4) = 0x1
2026-07-07T03:27:14.687273Z vfio_region_read  (0000:09:00.0:region0+0x8010, 4) = 0x400
2026-07-07T03:27:14.687341Z vfio_region_read  (0000:09:00.0:region0+0x8014, 4) = 0x410
2026-07-07T03:27:14.687409Z vfio_region_read  (0000:09:00.0:region0+0x8018, 4) = 0x20
2026-07-07T03:27:14.687477Z vfio_region_read  (0000:09:00.0:region0+0x801c, 4) = 0x0
2026-07-07T03:27:14.687545Z vfio_region_write  (0000:09:00.0:region0+0x8020, 0x80800005, 4)
2026-07-07T03:27:14.687559Z vfio_region_write  (0000:09:00.0:region0+0x8024, 0x8, 4)
2026-07-07T03:27:14.687571Z vfio_region_write  (0000:09:00.0:region0+0x8028, 0x0, 4)
2026-07-07T03:27:14.687584Z vfio_region_write  (0000:09:00.0:region0+0x802c, 0x0, 4)
2026-07-07T03:27:14.687596Z vfio_region_write  (0000:09:00.0:region0+0x8030, 0x0, 4)
2026-07-07T03:27:14.687608Z vfio_region_write  (0000:09:00.0:region0+0x8034, 0x8, 4)
2026-07-07T03:27:14.687623Z vfio_region_write  (0000:09:00.0:region0+0x408, 0x1, 4)
2026-07-07T03:27:14.687666Z vfio_region_read  (0000:09:00.0:region0+0x100, 4) = 0x20000000
2026-07-07T03:27:14.687686Z vfio_region_read  (0000:09:00.0:region0+0x300, 4) = 0x0
2026-07-07T03:27:14.687705Z vfio_region_read  (0000:09:00.0:region0+0x200, 4) = 0x0
2026-07-07T03:27:14.687723Z vfio_region_read  (0000:09:00.0:region0+0x400, 4) = 0x3
2026-07-07T03:27:14.687740Z vfio_region_read  (0000:09:00.0:region0+0x500, 4) = 0xff0000
2026-07-07T03:27:14.687767Z vfio_region_read  (0000:09:00.0:region0+0x100, 4) = 0x0
2026-07-07T03:27:14.687785Z vfio_region_read  (0000:09:00.0:region0+0x300, 4) = 0x0
2026-07-07T03:27:14.687804Z vfio_region_read  (0000:09:00.0:region0+0x200, 4) = 0x0
2026-07-07T03:27:14.687821Z vfio_region_read  (0000:09:00.0:region0+0x400, 4) = 0x0
2026-07-07T03:27:14.687840Z vfio_region_read  (0000:09:00.0:region0+0x500, 4) = 0xff0000
2026-07-07T03:27:14.687949Z vfio_region_write  (0000:09:00.0:region0+0x408, 0x2, 4)
2026-07-07T03:27:14.688056Z vfio_region_write  (0000:09:00.0:region0+0x8020, 0x80007001, 4)
2026-07-07T03:27:14.688071Z vfio_region_write  (0000:09:00.0:region0+0x8024, 0x10001, 4)
2026-07-07T03:27:14.688083Z vfio_region_write  (0000:09:00.0:region0+0x8028, 0x0, 4)
2026-07-07T03:27:14.688096Z vfio_region_write  (0000:09:00.0:region0+0x802c, 0x0, 4)
2026-07-07T03:27:14.688108Z vfio_region_write  (0000:09:00.0:region0+0x8030, 0x0, 4)
2026-07-07T03:27:14.688124Z vfio_region_write  (0000:09:00.0:region0+0x408, 0x1, 4)
2026-07-07T03:27:14.688166Z vfio_region_read  (0000:09:00.0:region0+0x100, 4) = 0x20000000
2026-07-07T03:27:14.688186Z vfio_region_read  (0000:09:00.0:region0+0x300, 4) = 0x0
2026-07-07T03:27:14.688206Z vfio_region_read  (0000:09:00.0:region0+0x200, 4) = 0x0
2026-07-07T03:27:14.688224Z vfio_region_read  (0000:09:00.0:region0+0x400, 4) = 0x3
2026-07-07T03:27:14.688243Z vfio_region_read  (0000:09:00.0:region0+0x500, 4) = 0xff0000
2026-07-07T03:27:14.688275Z vfio_region_read  (0000:09:00.0:region0+0x100, 4) = 0x0
2026-07-07T03:27:14.688293Z vfio_region_read  (0000:09:00.0:region0+0x300, 4) = 0x0
2026-07-07T03:27:14.688312Z vfio_region_read  (0000:09:00.0:region0+0x200, 4) = 0x0
2026-07-07T03:27:14.688330Z vfio_region_read  (0000:09:00.0:region0+0x400, 4) = 0x0
2026-07-07T03:27:14.688348Z vfio_region_read  (0000:09:00.0:region0+0x500, 4) = 0xff0000
2026-07-07T03:27:14.688419Z vfio_region_write  (0000:09:00.0:region0+0x408, 0x2, 4)
2026-07-07T03:27:14.688448Z vfio_region_write  (0000:09:00.0:region0+0x8020, 0x80007001, 4)
2026-07-07T03:27:14.688511Z vfio_region_write  (0000:09:00.0:region0+0x8024, 0x20001, 4)
2026-07-07T03:27:14.688526Z vfio_region_write  (0000:09:00.0:region0+0x8028, 0x0, 4)
2026-07-07T03:27:14.688539Z vfio_region_write  (0000:09:00.0:region0+0x802c, 0x0, 4)
2026-07-07T03:27:14.688552Z vfio_region_write  (0000:09:00.0:region0+0x8030, 0x1, 4)
2026-07-07T03:27:14.688565Z vfio_region_write  (0000:09:00.0:region0+0x408, 0x1, 4)
2026-07-07T03:27:14.688608Z vfio_region_read  (0000:09:00.0:region0+0x100, 4) = 0x20000000
2026-07-07T03:27:14.688627Z vfio_region_read  (0000:09:00.0:region0+0x300, 4) = 0x0
2026-07-07T03:27:14.688647Z vfio_region_read  (0000:09:00.0:region0+0x200, 4) = 0x0
2026-07-07T03:27:14.688666Z vfio_region_read  (0000:09:00.0:region0+0x400, 4) = 0x3
2026-07-07T03:27:14.688684Z vfio_region_read  (0000:09:00.0:region0+0x500, 4) = 0xff0000
2026-07-07T03:27:14.688712Z vfio_region_read  (0000:09:00.0:region0+0x100, 4) = 0x0
2026-07-07T03:27:14.688730Z vfio_region_read  (0000:09:00.0:region0+0x300, 4) = 0x0
2026-07-07T03:27:14.688749Z vfio_region_read  (0000:09:00.0:region0+0x200, 4) = 0x0
2026-07-07T03:27:14.688767Z vfio_region_read  (0000:09:00.0:region0+0x400, 4) = 0x0
2026-07-07T03:27:14.688785Z vfio_region_read  (0000:09:00.0:region0+0x500, 4) = 0xff0000
2026-07-07T03:27:14.688851Z vfio_region_write  (0000:09:00.0:region0+0x408, 0x2, 4)
2026-07-07T03:27:14.688884Z vfio_region_write  (0000:09:00.0:region0+0x8020, 0x80007001, 4)
2026-07-07T03:27:14.688947Z vfio_region_write  (0000:09:00.0:region0+0x8024, 0x30001, 4)
2026-07-07T03:27:14.688961Z vfio_region_write  (0000:09:00.0:region0+0x8028, 0x0, 4)
2026-07-07T03:27:14.688974Z vfio_region_write  (0000:09:00.0:region0+0x802c, 0x0, 4)
2026-07-07T03:27:14.688987Z vfio_region_write  (0000:09:00.0:region0+0x8030, 0x2, 4)
2026-07-07T03:27:14.689002Z vfio_region_write  (0000:09:00.0:region0+0x408, 0x1, 4)
2026-07-07T03:27:14.689044Z vfio_region_read  (0000:09:00.0:region0+0x100, 4) = 0x20000000
2026-07-07T03:27:14.689073Z vfio_region_read  (0000:09:00.0:region0+0x300, 4) = 0x0
2026-07-07T03:27:14.689092Z vfio_region_read  (0000:09:00.0:region0+0x200, 4) = 0x0
2026-07-07T03:27:14.689110Z vfio_region_read  (0000:09:00.0:region0+0x400, 4) = 0x3
2026-07-07T03:27:14.689129Z vfio_region_read  (0000:09:00.0:region0+0x500, 4) = 0xff0000
2026-07-07T03:27:14.689156Z vfio_region_read  (0000:09:00.0:region0+0x100, 4) = 0x0
2026-07-07T03:27:14.689175Z vfio_region_read  (0000:09:00.0:region0+0x300, 4) = 0x0
2026-07-07T03:27:14.689194Z vfio_region_read  (0000:09:00.0:region0+0x200, 4) = 0x0
2026-07-07T03:27:14.689212Z vfio_region_read  (0000:09:00.0:region0+0x400, 4) = 0x0
2026-07-07T03:27:14.689230Z vfio_region_read  (0000:09:00.0:region0+0x500, 4) = 0xff0000
2026-07-07T03:27:14.689532Z vfio_region_write  (0000:09:00.0:region0+0x408, 0x2, 4)
2026-07-07T03:27:14.690402Z vfio_region_write  (0000:09:00.0:region0+0x8020, 0x80000002, 4)
2026-07-07T03:27:14.690418Z vfio_region_write  (0000:09:00.0:region0+0x8024, 0x40000, 4)
2026-07-07T03:27:14.690430Z vfio_region_write  (0000:09:00.0:region0+0x8028, 0x0, 4)
2026-07-07T03:27:14.690443Z vfio_region_write  (0000:09:00.0:region0+0x802c, 0x0, 4)
2026-07-07T03:27:14.690456Z vfio_region_write  (0000:09:00.0:region0+0x408, 0x1, 4)
2026-07-07T03:27:14.690516Z vfio_region_read  (0000:09:00.0:region0+0x100, 4) = 0x20000000
2026-07-07T03:27:14.690536Z vfio_region_read  (0000:09:00.0:region0+0x300, 4) = 0x0
2026-07-07T03:27:14.690555Z vfio_region_read  (0000:09:00.0:region0+0x200, 4) = 0x0
2026-07-07T03:27:14.690573Z vfio_region_read  (0000:09:00.0:region0+0x400, 4) = 0x1
2026-07-07T03:27:14.690592Z vfio_region_read  (0000:09:00.0:region0+0x500, 4) = 0xff0000
2026-07-07T03:27:14.690669Z vfio_region_read  (0000:09:00.0:region0+0x100, 4) = 0x20000000
2026-07-07T03:27:14.690702Z vfio_region_read  (0000:09:00.0:region0+0x300, 4) = 0x0
2026-07-07T03:27:14.690723Z vfio_region_read  (0000:09:00.0:region0+0x200, 4) = 0x0
2026-07-07T03:27:14.690741Z vfio_region_read  (0000:09:00.0:region0+0x400, 4) = 0x2
2026-07-07T03:27:14.690760Z vfio_region_read  (0000:09:00.0:region0+0x500, 4) = 0xff0000
2026-07-07T03:27:14.690841Z vfio_region_write  (0000:09:00.0:region0+0x408, 0x2, 4)
2026-07-07T03:27:14.690861Z vfio_region_write  (0000:09:00.0:region0+0x8020, 0x80006002, 4)
2026-07-07T03:27:14.690874Z vfio_region_write  (0000:09:00.0:region0+0x8024, 0x50000, 4)
2026-07-07T03:27:14.690888Z vfio_region_write  (0000:09:00.0:region0+0x8028, 0x0, 4)
2026-07-07T03:27:14.690902Z vfio_region_write  (0000:09:00.0:region0+0x802c, 0x0, 4)
2026-07-07T03:27:14.690917Z vfio_region_write  (0000:09:00.0:region0+0x408, 0x1, 4)
2026-07-07T03:27:14.690959Z vfio_region_read  (0000:09:00.0:region0+0x100, 4) = 0x20000000
2026-07-07T03:27:14.690979Z vfio_region_read  (0000:09:00.0:region0+0x300, 4) = 0x0
2026-07-07T03:27:14.690999Z vfio_region_read  (0000:09:00.0:region0+0x200, 4) = 0x0
2026-07-07T03:27:14.691017Z vfio_region_read  (0000:09:00.0:region0+0x400, 4) = 0x3
2026-07-07T03:27:14.691036Z vfio_region_read  (0000:09:00.0:region0+0x500, 4) = 0xff0000
2026-07-07T03:27:14.691075Z vfio_region_read  (0000:09:00.0:region0+0x100, 4) = 0x0
2026-07-07T03:27:14.691094Z vfio_region_read  (0000:09:00.0:region0+0x300, 4) = 0x0
2026-07-07T03:27:14.691112Z vfio_region_read  (0000:09:00.0:region0+0x200, 4) = 0x0
2026-07-07T03:27:14.691131Z vfio_region_read  (0000:09:00.0:region0+0x400, 4) = 0x0
2026-07-07T03:27:14.691149Z vfio_region_read  (0000:09:00.0:region0+0x500, 4) = 0xff0000
2026-07-07T03:27:14.691212Z vfio_region_write  (0000:09:00.0:region0+0x408, 0x2, 4)
2026-07-07T03:27:14.691241Z vfio_region_write  (0000:09:00.0:region0+0x8020, 0x80006000, 4)
2026-07-07T03:27:14.691304Z vfio_region_write  (0000:09:00.0:region0+0x8024, 0x60000, 4)
2026-07-07T03:27:14.691329Z vfio_region_write  (0000:09:00.0:region0+0x8028, 0x0, 4)
2026-07-07T03:27:14.691343Z vfio_region_write  (0000:09:00.0:region0+0x802c, 0x0, 4)
2026-07-07T03:27:14.691357Z vfio_region_write  (0000:09:00.0:region0+0x408, 0x1, 4)
2026-07-07T03:27:14.691398Z vfio_region_read  (0000:09:00.0:region0+0x100, 4) = 0x20000000
2026-07-07T03:27:14.691419Z vfio_region_read  (0000:09:00.0:region0+0x300, 4) = 0x0
2026-07-07T03:27:14.691438Z vfio_region_read  (0000:09:00.0:region0+0x200, 4) = 0x0
2026-07-07T03:27:14.691456Z vfio_region_read  (0000:09:00.0:region0+0x400, 4) = 0x3
2026-07-07T03:27:14.691475Z vfio_region_read  (0000:09:00.0:region0+0x500, 4) = 0xff0000
2026-07-07T03:27:14.691502Z vfio_region_read  (0000:09:00.0:region0+0x100, 4) = 0x0
2026-07-07T03:27:14.691521Z vfio_region_read  (0000:09:00.0:region0+0x300, 4) = 0x0
2026-07-07T03:27:14.691540Z vfio_region_read  (0000:09:00.0:region0+0x200, 4) = 0x0
2026-07-07T03:27:14.691558Z vfio_region_read  (0000:09:00.0:region0+0x400, 4) = 0x0
2026-07-07T03:27:14.691577Z vfio_region_read  (0000:09:00.0:region0+0x500, 4) = 0xff0000
2026-07-07T03:27:14.691627Z vfio_region_write  (0000:09:00.0:region0+0x408, 0x2, 4)
2026-07-07T03:27:14.691643Z vfio_region_write  (0000:09:00.0:region0+0x8020, 0x80005000, 4)
2026-07-07T03:27:14.691671Z vfio_region_write  (0000:09:00.0:region0+0x8024, 0x70002, 4)
2026-07-07T03:27:14.691734Z vfio_region_write  (0000:09:00.0:region0+0x8028, 0x0, 4)
2026-07-07T03:27:14.691748Z vfio_region_write  (0000:09:00.0:region0+0x802c, 0x0, 4)
2026-07-07T03:27:14.691762Z vfio_region_write  (0000:09:00.0:region0+0x8030, 0x3, 4)
2026-07-07T03:27:14.691776Z vfio_region_write  (0000:09:00.0:region0+0x408, 0x1, 4)
2026-07-07T03:27:14.691819Z vfio_region_read  (0000:09:00.0:region0+0x100, 4) = 0x20000000
2026-07-07T03:27:14.691839Z vfio_region_read  (0000:09:00.0:region0+0x300, 4) = 0x0
2026-07-07T03:27:14.691859Z vfio_region_read  (0000:09:00.0:region0+0x200, 4) = 0x0
2026-07-07T03:27:14.691877Z vfio_region_read  (0000:09:00.0:region0+0x400, 4) = 0x3
2026-07-07T03:27:14.691896Z vfio_region_read  (0000:09:00.0:region0+0x500, 4) = 0xff0000
2026-07-07T03:27:14.691923Z vfio_region_read  (0000:09:00.0:region0+0x100, 4) = 0x0
2026-07-07T03:27:14.691942Z vfio_region_read  (0000:09:00.0:region0+0x300, 4) = 0x0
2026-07-07T03:27:14.691961Z vfio_region_read  (0000:09:00.0:region0+0x200, 4) = 0x0
2026-07-07T03:27:14.691979Z vfio_region_read  (0000:09:00.0:region0+0x400, 4) = 0x0
2026-07-07T03:27:14.691997Z vfio_region_read  (0000:09:00.0:region0+0x500, 4) = 0xff0000
2026-07-07T03:27:14.692090Z vfio_region_write  (0000:09:00.0:region0+0x408, 0x2, 4)
2026-07-07T03:27:14.692107Z vfio_region_write  (0000:09:00.0:region0+0x8020, 0x80005000, 4)
2026-07-07T03:27:14.692140Z vfio_region_write  (0000:09:00.0:region0+0x8024, 0x80002, 4)
2026-07-07T03:27:14.692212Z vfio_region_write  (0000:09:00.0:region0+0x8028, 0x0, 4)
2026-07-07T03:27:14.692229Z vfio_region_write  (0000:09:00.0:region0+0x802c, 0x0, 4)
2026-07-07T03:27:14.692244Z vfio_region_write  (0000:09:00.0:region0+0x8030, 0x5, 4)
2026-07-07T03:27:14.692259Z vfio_region_write  (0000:09:00.0:region0+0x408, 0x1, 4)
2026-07-07T03:27:14.692301Z vfio_region_read  (0000:09:00.0:region0+0x100, 4) = 0x20000000
2026-07-07T03:27:14.692322Z vfio_region_read  (0000:09:00.0:region0+0x300, 4) = 0x0
2026-07-07T03:27:14.692342Z vfio_region_read  (0000:09:00.0:region0+0x200, 4) = 0x0
2026-07-07T03:27:14.692360Z vfio_region_read  (0000:09:00.0:region0+0x400, 4) = 0x3
2026-07-07T03:27:14.692378Z vfio_region_read  (0000:09:00.0:region0+0x500, 4) = 0xff0000
2026-07-07T03:27:14.692410Z vfio_region_read  (0000:09:00.0:region0+0x100, 4) = 0x0
2026-07-07T03:27:14.692429Z vfio_region_read  (0000:09:00.0:region0+0x300, 4) = 0x0
2026-07-07T03:27:14.692447Z vfio_region_read  (0000:09:00.0:region0+0x200, 4) = 0x0
2026-07-07T03:27:14.692466Z vfio_region_read  (0000:09:00.0:region0+0x400, 4) = 0x0
2026-07-07T03:27:14.692484Z vfio_region_read  (0000:09:00.0:region0+0x500, 4) = 0xff0000
2026-07-07T03:27:14.692548Z vfio_region_write  (0000:09:00.0:region0+0x408, 0x2, 4)
2026-07-07T03:27:14.692565Z vfio_region_write  (0000:09:00.0:region0+0x8020, 0x80005000, 4)
2026-07-07T03:27:14.692594Z vfio_region_write  (0000:09:00.0:region0+0x8024, 0x90002, 4)
2026-07-07T03:27:14.692658Z vfio_region_write  (0000:09:00.0:region0+0x8028, 0x0, 4)
2026-07-07T03:27:14.692673Z vfio_region_write  (0000:09:00.0:region0+0x802c, 0x0, 4)
2026-07-07T03:27:14.692687Z vfio_region_write  (0000:09:00.0:region0+0x8030, 0x6, 4)
2026-07-07T03:27:14.692702Z vfio_region_write  (0000:09:00.0:region0+0x408, 0x1, 4)
2026-07-07T03:27:14.692744Z vfio_region_read  (0000:09:00.0:region0+0x100, 4) = 0x20000000
2026-07-07T03:27:14.692764Z vfio_region_read  (0000:09:00.0:region0+0x300, 4) = 0x0
2026-07-07T03:27:14.692783Z vfio_region_read  (0000:09:00.0:region0+0x200, 4) = 0x0
2026-07-07T03:27:14.692802Z vfio_region_read  (0000:09:00.0:region0+0x400, 4) = 0x3
2026-07-07T03:27:14.692820Z vfio_region_read  (0000:09:00.0:region0+0x500, 4) = 0xff0000
2026-07-07T03:27:14.692848Z vfio_region_read  (0000:09:00.0:region0+0x100, 4) = 0x0
2026-07-07T03:27:14.692867Z vfio_region_read  (0000:09:00.0:region0+0x300, 4) = 0x0
2026-07-07T03:27:14.692885Z vfio_region_read  (0000:09:00.0:region0+0x200, 4) = 0x0
2026-07-07T03:27:14.692904Z vfio_region_read  (0000:09:00.0:region0+0x400, 4) = 0x0
2026-07-07T03:27:14.692922Z vfio_region_read  (0000:09:00.0:region0+0x500, 4) = 0xff0000
2026-07-07T03:27:14.693089Z vfio_region_write  (0000:09:00.0:region0+0x408, 0x2, 4)
2026-07-07T03:27:14.693105Z vfio_region_write  (0000:09:00.0:region0+0x8020, 0x80006001, 4)
2026-07-07T03:27:14.693135Z vfio_region_write  (0000:09:00.0:region0+0x8024, 0xa0000, 4)
2026-07-07T03:27:14.693198Z vfio_region_write  (0000:09:00.0:region0+0x8028, 0x0, 4)
2026-07-07T03:27:14.693213Z vfio_region_write  (0000:09:00.0:region0+0x802c, 0x0, 4)
2026-07-07T03:27:14.693226Z vfio_region_write  (0000:09:00.0:region0+0x408, 0x1, 4)
2026-07-07T03:27:14.693268Z vfio_region_read  (0000:09:00.0:region0+0x100, 4) = 0x20000000
2026-07-07T03:27:14.693288Z vfio_region_read  (0000:09:00.0:region0+0x300, 4) = 0x0
2026-07-07T03:27:14.693307Z vfio_region_read  (0000:09:00.0:region0+0x200, 4) = 0x0
2026-07-07T03:27:14.693326Z vfio_region_read  (0000:09:00.0:region0+0x400, 4) = 0x3
2026-07-07T03:27:14.693344Z vfio_region_read  (0000:09:00.0:region0+0x500, 4) = 0xff0000
2026-07-07T03:27:14.693372Z vfio_region_read  (0000:09:00.0:region0+0x100, 4) = 0x0
2026-07-07T03:27:14.693391Z vfio_region_read  (0000:09:00.0:region0+0x300, 4) = 0x0
2026-07-07T03:27:14.693409Z vfio_region_read  (0000:09:00.0:region0+0x200, 4) = 0x0
2026-07-07T03:27:14.693427Z vfio_region_read  (0000:09:00.0:region0+0x400, 4) = 0x0
2026-07-07T03:27:14.693446Z vfio_region_read  (0000:09:00.0:region0+0x500, 4) = 0xff0000
2026-07-07T03:27:14.693574Z vfio_region_write  (0000:09:00.0:region0+0x408, 0x2, 4)
2026-07-07T03:27:14.693590Z vfio_region_write  (0000:09:00.0:region0+0x8020, 0x80800005, 4)
2026-07-07T03:27:14.693613Z vfio_region_write  (0000:09:00.0:region0+0x8024, 0xb0008, 4)
2026-07-07T03:27:14.693676Z vfio_region_write  (0000:09:00.0:region0+0x8028, 0x0, 4)
2026-07-07T03:27:14.693691Z vfio_region_write  (0000:09:00.0:region0+0x802c, 0x0, 4)
2026-07-07T03:27:14.693704Z vfio_region_write  (0000:09:00.0:region0+0x8030, 0x0, 4)
2026-07-07T03:27:14.693718Z vfio_region_write  (0000:09:00.0:region0+0x8034, 0xc, 4)
2026-07-07T03:27:14.693733Z vfio_region_write  (0000:09:00.0:region0+0x408, 0x1, 4)
2026-07-07T03:27:14.693776Z vfio_region_read  (0000:09:00.0:region0+0x100, 4) = 0x20000000
2026-07-07T03:27:14.693797Z vfio_region_read  (0000:09:00.0:region0+0x300, 4) = 0x0
2026-07-07T03:27:14.693816Z vfio_region_read  (0000:09:00.0:region0+0x200, 4) = 0x0
2026-07-07T03:27:14.693834Z vfio_region_read  (0000:09:00.0:region0+0x400, 4) = 0x3
2026-07-07T03:27:14.693852Z vfio_region_read  (0000:09:00.0:region0+0x500, 4) = 0xff0000
2026-07-07T03:27:14.693880Z vfio_region_read  (0000:09:00.0:region0+0x100, 4) = 0x0
2026-07-07T03:27:14.693899Z vfio_region_read  (0000:09:00.0:region0+0x300, 4) = 0x0
2026-07-07T03:27:14.693917Z vfio_region_read  (0000:09:00.0:region0+0x200, 4) = 0x0
2026-07-07T03:27:14.693936Z vfio_region_read  (0000:09:00.0:region0+0x400, 4) = 0x0
2026-07-07T03:27:14.693954Z vfio_region_read  (0000:09:00.0:region0+0x500, 4) = 0xff0000
2026-07-07T03:27:14.694053Z vfio_region_write  (0000:09:00.0:region0+0x408, 0x2, 4)
2026-07-07T03:27:14.694070Z vfio_region_write  (0000:09:00.0:region0+0x8020, 0x80007000, 4)
2026-07-07T03:27:14.694102Z vfio_region_write  (0000:09:00.0:region0+0x8024, 0xc0000, 4)
2026-07-07T03:27:14.694165Z vfio_region_write  (0000:09:00.0:region0+0x8028, 0x0, 4)
2026-07-07T03:27:14.694180Z vfio_region_write  (0000:09:00.0:region0+0x802c, 0x0, 4)
2026-07-07T03:27:14.694193Z vfio_region_write  (0000:09:00.0:region0+0x408, 0x1, 4)
2026-07-07T03:27:14.694235Z vfio_region_read  (0000:09:00.0:region0+0x100, 4) = 0x20000000
2026-07-07T03:27:14.694255Z vfio_region_read  (0000:09:00.0:region0+0x300, 4) = 0x0
2026-07-07T03:27:14.694275Z vfio_region_read  (0000:09:00.0:region0+0x200, 4) = 0x0
2026-07-07T03:27:14.694294Z vfio_region_read  (0000:09:00.0:region0+0x400, 4) = 0x3
2026-07-07T03:27:14.694312Z vfio_region_read  (0000:09:00.0:region0+0x500, 4) = 0xff0000
2026-07-07T03:27:14.694340Z vfio_region_read  (0000:09:00.0:region0+0x100, 4) = 0x0
2026-07-07T03:27:14.694359Z vfio_region_read  (0000:09:00.0:region0+0x300, 4) = 0x0
2026-07-07T03:27:14.694377Z vfio_region_read  (0000:09:00.0:region0+0x200, 4) = 0x0
2026-07-07T03:27:14.694396Z vfio_region_read  (0000:09:00.0:region0+0x400, 4) = 0x0
2026-07-07T03:27:14.694414Z vfio_region_read  (0000:09:00.0:region0+0x500, 4) = 0xff0000
2026-07-07T03:27:14.694464Z vfio_region_write  (0000:09:00.0:region0+0x408, 0x2, 4)
2026-07-07T03:27:14.694481Z vfio_region_write  (0000:09:00.0:region0+0x8020, 0x80007002, 4)
2026-07-07T03:27:14.694509Z vfio_region_write  (0000:09:00.0:region0+0x8024, 0xd0006, 4)
2026-07-07T03:27:14.694573Z vfio_region_write  (0000:09:00.0:region0+0x8028, 0x0, 4)
2026-07-07T03:27:14.694587Z vfio_region_write  (0000:09:00.0:region0+0x802c, 0x0, 4)
2026-07-07T03:27:14.694601Z vfio_region_write  (0000:09:00.0:region0+0x8030, 0x0, 4)
2026-07-07T03:27:14.694615Z vfio_region_write  (0000:09:00.0:region0+0x8034, 0x81630004, 4)
2026-07-07T03:27:14.694630Z vfio_region_write  (0000:09:00.0:region0+0x408, 0x1, 4)
2026-07-07T03:27:14.694673Z vfio_region_read  (0000:09:00.0:region0+0x100, 4) = 0x20000000
2026-07-07T03:27:14.694693Z vfio_region_read  (0000:09:00.0:region0+0x300, 4) = 0x0
2026-07-07T03:27:14.694713Z vfio_region_read  (0000:09:00.0:region0+0x200, 4) = 0x0
2026-07-07T03:27:14.694732Z vfio_region_read  (0000:09:00.0:region0+0x400, 4) = 0x3
2026-07-07T03:27:14.694750Z vfio_region_read  (0000:09:00.0:region0+0x500, 4) = 0xff0000
2026-07-07T03:27:14.694778Z vfio_region_read  (0000:09:00.0:region0+0x100, 4) = 0x0
2026-07-07T03:27:14.694797Z vfio_region_read  (0000:09:00.0:region0+0x300, 4) = 0x0
2026-07-07T03:27:14.694815Z vfio_region_read  (0000:09:00.0:region0+0x200, 4) = 0x0
2026-07-07T03:27:14.694834Z vfio_region_read  (0000:09:00.0:region0+0x400, 4) = 0x0
2026-07-07T03:27:14.694852Z vfio_region_read  (0000:09:00.0:region0+0x500, 4) = 0xff0000
2026-07-07T03:27:14.694936Z vfio_region_write  (0000:09:00.0:region0+0x408, 0x2, 4)
2026-07-07T03:27:14.694953Z vfio_region_write  (0000:09:00.0:region0+0x8020, 0x80005000, 4)
2026-07-07T03:27:14.694967Z vfio_region_write  (0000:09:00.0:region0+0x8024, 0xe0002, 4)
2026-07-07T03:27:14.694998Z vfio_region_write  (0000:09:00.0:region0+0x8028, 0x0, 4)
2026-07-07T03:27:14.695069Z vfio_region_write  (0000:09:00.0:region0+0x802c, 0x0, 4)
2026-07-07T03:27:14.695083Z vfio_region_write  (0000:09:00.0:region0+0x8030, 0x2b, 4)
2026-07-07T03:27:14.695098Z vfio_region_write  (0000:09:00.0:region0+0x408, 0x1, 4)
2026-07-07T03:27:14.695141Z vfio_region_read  (0000:09:00.0:region0+0x100, 4) = 0x20000000
2026-07-07T03:27:14.695161Z vfio_region_read  (0000:09:00.0:region0+0x300, 4) = 0x0
2026-07-07T03:27:14.695181Z vfio_region_read  (0000:09:00.0:region0+0x200, 4) = 0x0
2026-07-07T03:27:14.695200Z vfio_region_read  (0000:09:00.0:region0+0x400, 4) = 0x3
2026-07-07T03:27:14.695218Z vfio_region_read  (0000:09:00.0:region0+0x500, 4) = 0xff0000
2026-07-07T03:27:14.695246Z vfio_region_read  (0000:09:00.0:region0+0x100, 4) = 0x0
2026-07-07T03:27:14.695265Z vfio_region_read  (0000:09:00.0:region0+0x300, 4) = 0x0
2026-07-07T03:27:14.695283Z vfio_region_read  (0000:09:00.0:region0+0x200, 4) = 0x0
2026-07-07T03:27:14.695301Z vfio_region_read  (0000:09:00.0:region0+0x400, 4) = 0x0
2026-07-07T03:27:14.695320Z vfio_region_read  (0000:09:00.0:region0+0x500, 4) = 0xff0000
2026-07-07T03:27:14.695369Z vfio_region_write  (0000:09:00.0:region0+0x408, 0x2, 4)
2026-07-07T03:27:14.695385Z vfio_region_write  (0000:09:00.0:region0+0x8020, 0x80005000, 4)
2026-07-07T03:27:14.695407Z vfio_region_write  (0000:09:00.0:region0+0x8024, 0xf0002, 4)
2026-07-07T03:27:14.695471Z vfio_region_write  (0000:09:00.0:region0+0x8028, 0x0, 4)
2026-07-07T03:27:14.695485Z vfio_region_write  (0000:09:00.0:region0+0x802c, 0x0, 4)
2026-07-07T03:27:14.695498Z vfio_region_write  (0000:09:00.0:region0+0x8030, 0x2c, 4)
2026-07-07T03:27:14.695511Z vfio_region_write  (0000:09:00.0:region0+0x408, 0x1, 4)
2026-07-07T03:27:14.695554Z vfio_region_read  (0000:09:00.0:region0+0x100, 4) = 0x20000000
2026-07-07T03:27:14.695574Z vfio_region_read  (0000:09:00.0:region0+0x300, 4) = 0x0
2026-07-07T03:27:14.695594Z vfio_region_read  (0000:09:00.0:region0+0x200, 4) = 0x0
2026-07-07T03:27:14.695612Z vfio_region_read  (0000:09:00.0:region0+0x400, 4) = 0x3
2026-07-07T03:27:14.695631Z vfio_region_read  (0000:09:00.0:region0+0x500, 4) = 0xff0000
2026-07-07T03:27:14.695663Z vfio_region_read  (0000:09:00.0:region0+0x100, 4) = 0x0
2026-07-07T03:27:14.695681Z vfio_region_read  (0000:09:00.0:region0+0x300, 4) = 0x0
2026-07-07T03:27:14.695700Z vfio_region_read  (0000:09:00.0:region0+0x200, 4) = 0x0
2026-07-07T03:27:14.695718Z vfio_region_read  (0000:09:00.0:region0+0x400, 4) = 0x0
2026-07-07T03:27:14.695737Z vfio_region_read  (0000:09:00.0:region0+0x500, 4) = 0xff0000
2026-07-07T03:27:14.695821Z vfio_region_write  (0000:09:00.0:region0+0x408, 0x2, 4)
2026-07-07T03:27:14.695838Z vfio_region_write  (0000:09:00.0:region0+0x8020, 0x80005000, 4)
2026-07-07T03:27:14.695853Z vfio_region_write  (0000:09:00.0:region0+0x8024, 0x100002, 4)
2026-07-07T03:27:14.695891Z vfio_region_write  (0000:09:00.0:region0+0x8028, 0x0, 4)
2026-07-07T03:27:14.695955Z vfio_region_write  (0000:09:00.0:region0+0x802c, 0x0, 4)
2026-07-07T03:27:14.695969Z vfio_region_write  (0000:09:00.0:region0+0x8030, 0x2d, 4)
2026-07-07T03:27:14.695983Z vfio_region_write  (0000:09:00.0:region0+0x408, 0x1, 4)
2026-07-07T03:27:14.696027Z vfio_region_read  (0000:09:00.0:region0+0x100, 4) = 0x20000000
2026-07-07T03:27:14.696053Z vfio_region_read  (0000:09:00.0:region0+0x300, 4) = 0x0
2026-07-07T03:27:14.696073Z vfio_region_read  (0000:09:00.0:region0+0x200, 4) = 0x0
2026-07-07T03:27:14.696091Z vfio_region_read  (0000:09:00.0:region0+0x400, 4) = 0x3
2026-07-07T03:27:14.696110Z vfio_region_read  (0000:09:00.0:region0+0x500, 4) = 0xff0000
2026-07-07T03:27:14.696138Z vfio_region_read  (0000:09:00.0:region0+0x100, 4) = 0x0
2026-07-07T03:27:14.696156Z vfio_region_read  (0000:09:00.0:region0+0x300, 4) = 0x0
2026-07-07T03:27:14.696175Z vfio_region_read  (0000:09:00.0:region0+0x200, 4) = 0x0
2026-07-07T03:27:14.696193Z vfio_region_read  (0000:09:00.0:region0+0x400, 4) = 0x0
2026-07-07T03:27:14.696212Z vfio_region_read  (0000:09:00.0:region0+0x500, 4) = 0xff0000
2026-07-07T03:27:14.696343Z vfio_region_write  (0000:09:00.0:region0+0x408, 0x2, 4)
2026-07-07T03:27:14.696377Z vfio_region_write  (0000:09:00.0:region0+0x8020, 0x80005000, 4)
2026-07-07T03:27:14.696441Z vfio_region_write  (0000:09:00.0:region0+0x8024, 0x110002, 4)
2026-07-07T03:27:14.696456Z vfio_region_write  (0000:09:00.0:region0+0x8028, 0x0, 4)
2026-07-07T03:27:14.696469Z vfio_region_write  (0000:09:00.0:region0+0x802c, 0x0, 4)
2026-07-07T03:27:14.696482Z vfio_region_write  (0000:09:00.0:region0+0x8030, 0x2e, 4)
2026-07-07T03:27:14.696495Z vfio_region_write  (0000:09:00.0:region0+0x408, 0x1, 4)
2026-07-07T03:27:14.696537Z vfio_region_read  (0000:09:00.0:region0+0x100, 4) = 0x20000000
2026-07-07T03:27:14.696558Z vfio_region_read  (0000:09:00.0:region0+0x300, 4) = 0x0
2026-07-07T03:27:14.696577Z vfio_region_read  (0000:09:00.0:region0+0x200, 4) = 0x0
2026-07-07T03:27:14.696596Z vfio_region_read  (0000:09:00.0:region0+0x400, 4) = 0x3
2026-07-07T03:27:14.696614Z vfio_region_read  (0000:09:00.0:region0+0x500, 4) = 0xff0000
2026-07-07T03:27:14.696642Z vfio_region_read  (0000:09:00.0:region0+0x100, 4) = 0x0
2026-07-07T03:27:14.696661Z vfio_region_read  (0000:09:00.0:region0+0x300, 4) = 0x0
2026-07-07T03:27:14.696679Z vfio_region_read  (0000:09:00.0:region0+0x200, 4) = 0x0
2026-07-07T03:27:14.696698Z vfio_region_read  (0000:09:00.0:region0+0x400, 4) = 0x0
2026-07-07T03:27:14.696716Z vfio_region_read  (0000:09:00.0:region0+0x500, 4) = 0xff0000
2026-07-07T03:27:14.696826Z vfio_region_write  (0000:09:00.0:region0+0x408, 0x2, 4)
2026-07-07T03:27:14.696860Z vfio_region_write  (0000:09:00.0:region0+0x8020, 0x80007003, 4)
2026-07-07T03:27:14.696924Z vfio_region_write  (0000:09:00.0:region0+0x8024, 0x120006, 4)
2026-07-07T03:27:14.696939Z vfio_region_write  (0000:09:00.0:region0+0x8028, 0x0, 4)
2026-07-07T03:27:14.696953Z vfio_region_write  (0000:09:00.0:region0+0x802c, 0x0, 4)
2026-07-07T03:27:14.696967Z vfio_region_write  (0000:09:00.0:region0+0x8030, 0x0, 4)
2026-07-07T03:27:14.696981Z vfio_region_write  (0000:09:00.0:region0+0x8034, 0x8163000e, 4)
2026-07-07T03:27:14.696996Z vfio_region_write  (0000:09:00.0:region0+0x408, 0x1, 4)
2026-07-07T03:27:14.697039Z vfio_region_read  (0000:09:00.0:region0+0x100, 4) = 0x20000000
2026-07-07T03:27:14.697065Z vfio_region_read  (0000:09:00.0:region0+0x300, 4) = 0x0
2026-07-07T03:27:14.697084Z vfio_region_read  (0000:09:00.0:region0+0x200, 4) = 0x0
2026-07-07T03:27:14.697103Z vfio_region_read  (0000:09:00.0:region0+0x400, 4) = 0x3
2026-07-07T03:27:14.697123Z vfio_region_read  (0000:09:00.0:region0+0x500, 4) = 0xff0000
2026-07-07T03:27:14.697151Z vfio_region_read  (0000:09:00.0:region0+0x100, 4) = 0x0
2026-07-07T03:27:14.697170Z vfio_region_read  (0000:09:00.0:region0+0x300, 4) = 0x0
2026-07-07T03:27:14.697188Z vfio_region_read  (0000:09:00.0:region0+0x200, 4) = 0x0
2026-07-07T03:27:14.697207Z vfio_region_read  (0000:09:00.0:region0+0x400, 4) = 0x0
2026-07-07T03:27:14.697225Z vfio_region_read  (0000:09:00.0:region0+0x500, 4) = 0xff0000
2026-07-07T03:27:14.697364Z vfio_region_write  (0000:09:00.0:region0+0x408, 0x2, 4)
2026-07-07T03:27:14.697398Z vfio_region_write  (0000:09:00.0:region0+0x8020, 0x80005000, 4)
2026-07-07T03:27:14.697462Z vfio_region_write  (0000:09:00.0:region0+0x8024, 0x130002, 4)
2026-07-07T03:27:14.697476Z vfio_region_write  (0000:09:00.0:region0+0x8028, 0x0, 4)
2026-07-07T03:27:14.697490Z vfio_region_write  (0000:09:00.0:region0+0x802c, 0x0, 4)
2026-07-07T03:27:14.697504Z vfio_region_write  (0000:09:00.0:region0+0x8030, 0xd, 4)
2026-07-07T03:27:14.697519Z vfio_region_write  (0000:09:00.0:region0+0x408, 0x1, 4)
2026-07-07T03:27:14.697561Z vfio_region_read  (0000:09:00.0:region0+0x100, 4) = 0x20000000
2026-07-07T03:27:14.697581Z vfio_region_read  (0000:09:00.0:region0+0x300, 4) = 0x0
2026-07-07T03:27:14.697601Z vfio_region_read  (0000:09:00.0:region0+0x200, 4) = 0x0
2026-07-07T03:27:14.697619Z vfio_region_read  (0000:09:00.0:region0+0x400, 4) = 0x3
2026-07-07T03:27:14.697638Z vfio_region_read  (0000:09:00.0:region0+0x500, 4) = 0xff0000
2026-07-07T03:27:14.697665Z vfio_region_read  (0000:09:00.0:region0+0x100, 4) = 0x0
2026-07-07T03:27:14.697684Z vfio_region_read  (0000:09:00.0:region0+0x300, 4) = 0x0
2026-07-07T03:27:14.697703Z vfio_region_read  (0000:09:00.0:region0+0x200, 4) = 0x0
2026-07-07T03:27:14.697721Z vfio_region_read  (0000:09:00.0:region0+0x400, 4) = 0x0
2026-07-07T03:27:14.697739Z vfio_region_read  (0000:09:00.0:region0+0x500, 4) = 0xff0000
2026-07-07T03:27:14.697869Z vfio_region_write  (0000:09:00.0:region0+0x408, 0x2, 4)
2026-07-07T03:27:14.697901Z vfio_region_write  (0000:09:00.0:region0+0x8020, 0x80005000, 4)
2026-07-07T03:27:14.697965Z vfio_region_write  (0000:09:00.0:region0+0x8024, 0x140002, 4)
2026-07-07T03:27:14.697979Z vfio_region_write  (0000:09:00.0:region0+0x8028, 0x0, 4)
2026-07-07T03:27:14.697993Z vfio_region_write  (0000:09:00.0:region0+0x802c, 0x0, 4)
2026-07-07T03:27:14.698008Z vfio_region_write  (0000:09:00.0:region0+0x8030, 0xe, 4)
2026-07-07T03:27:14.698021Z vfio_region_write  (0000:09:00.0:region0+0x408, 0x1, 4)
2026-07-07T03:27:14.698065Z vfio_region_read  (0000:09:00.0:region0+0x100, 4) = 0x20000000
2026-07-07T03:27:14.698086Z vfio_region_read  (0000:09:00.0:region0+0x300, 4) = 0x0
2026-07-07T03:27:14.698105Z vfio_region_read  (0000:09:00.0:region0+0x200, 4) = 0x0
2026-07-07T03:27:14.698124Z vfio_region_read  (0000:09:00.0:region0+0x400, 4) = 0x3
2026-07-07T03:27:14.698142Z vfio_region_read  (0000:09:00.0:region0+0x500, 4) = 0xff0000
2026-07-07T03:27:14.698170Z vfio_region_read  (0000:09:00.0:region0+0x100, 4) = 0x0
2026-07-07T03:27:14.698189Z vfio_region_read  (0000:09:00.0:region0+0x300, 4) = 0x0
2026-07-07T03:27:14.698207Z vfio_region_read  (0000:09:00.0:region0+0x200, 4) = 0x0
2026-07-07T03:27:14.698226Z vfio_region_read  (0000:09:00.0:region0+0x400, 4) = 0x0
2026-07-07T03:27:14.698244Z vfio_region_read  (0000:09:00.0:region0+0x500, 4) = 0xff0000
2026-07-07T03:27:14.698302Z vfio_region_write  (0000:09:00.0:region0+0x408, 0x2, 4)
2026-07-07T03:27:14.698336Z vfio_region_write  (0000:09:00.0:region0+0x8020, 0x80005000, 4)
2026-07-07T03:27:14.698400Z vfio_region_write  (0000:09:00.0:region0+0x8024, 0x150002, 4)
2026-07-07T03:27:14.698415Z vfio_region_write  (0000:09:00.0:region0+0x8028, 0x0, 4)
2026-07-07T03:27:14.698428Z vfio_region_write  (0000:09:00.0:region0+0x802c, 0x0, 4)
2026-07-07T03:27:14.698443Z vfio_region_write  (0000:09:00.0:region0+0x8030, 0x15, 4)
2026-07-07T03:27:14.698457Z vfio_region_write  (0000:09:00.0:region0+0x408, 0x1, 4)
2026-07-07T03:27:14.698499Z vfio_region_read  (0000:09:00.0:region0+0x100, 4) = 0x20000000
2026-07-07T03:27:14.698520Z vfio_region_read  (0000:09:00.0:region0+0x300, 4) = 0x0
2026-07-07T03:27:14.698539Z vfio_region_read  (0000:09:00.0:region0+0x200, 4) = 0x0
2026-07-07T03:27:14.698558Z vfio_region_read  (0000:09:00.0:region0+0x400, 4) = 0x3
2026-07-07T03:27:14.698576Z vfio_region_read  (0000:09:00.0:region0+0x500, 4) = 0xff0000
2026-07-07T03:27:14.698609Z vfio_region_read  (0000:09:00.0:region0+0x100, 4) = 0x0
2026-07-07T03:27:14.698627Z vfio_region_read  (0000:09:00.0:region0+0x300, 4) = 0x0
2026-07-07T03:27:14.698646Z vfio_region_read  (0000:09:00.0:region0+0x200, 4) = 0x0
2026-07-07T03:27:14.698664Z vfio_region_read  (0000:09:00.0:region0+0x400, 4) = 0x0
2026-07-07T03:27:14.698683Z vfio_region_read  (0000:09:00.0:region0+0x500, 4) = 0xff0000
2026-07-07T03:27:14.698766Z vfio_region_write  (0000:09:00.0:region0+0x408, 0x2, 4)
2026-07-07T03:27:14.698798Z vfio_region_write  (0000:09:00.0:region0+0x8020, 0x80005000, 4)
2026-07-07T03:27:14.698863Z vfio_region_write  (0000:09:00.0:region0+0x8024, 0x160002, 4)
2026-07-07T03:27:14.698877Z vfio_region_write  (0000:09:00.0:region0+0x8028, 0x0, 4)
2026-07-07T03:27:14.698890Z vfio_region_write  (0000:09:00.0:region0+0x802c, 0x0, 4)
2026-07-07T03:27:14.698903Z vfio_region_write  (0000:09:00.0:region0+0x8030, 0x16, 4)
2026-07-07T03:27:14.698918Z vfio_region_write  (0000:09:00.0:region0+0x408, 0x1, 4)
2026-07-07T03:27:14.698960Z vfio_region_read  (0000:09:00.0:region0+0x100, 4) = 0x20000000
2026-07-07T03:27:14.698980Z vfio_region_read  (0000:09:00.0:region0+0x300, 4) = 0x0
2026-07-07T03:27:14.699000Z vfio_region_read  (0000:09:00.0:region0+0x200, 4) = 0x0
2026-07-07T03:27:14.699019Z vfio_region_read  (0000:09:00.0:region0+0x400, 4) = 0x3
2026-07-07T03:27:14.699037Z vfio_region_read  (0000:09:00.0:region0+0x500, 4) = 0xff0000
2026-07-07T03:27:14.699073Z vfio_region_read  (0000:09:00.0:region0+0x100, 4) = 0x0
2026-07-07T03:27:14.699092Z vfio_region_read  (0000:09:00.0:region0+0x300, 4) = 0x0
2026-07-07T03:27:14.699111Z vfio_region_read  (0000:09:00.0:region0+0x200, 4) = 0x0
2026-07-07T03:27:14.699129Z vfio_region_read  (0000:09:00.0:region0+0x400, 4) = 0x0
2026-07-07T03:27:14.699148Z vfio_region_read  (0000:09:00.0:region0+0x500, 4) = 0xff0000
2026-07-07T03:27:14.699242Z vfio_region_write  (0000:09:00.0:region0+0x408, 0x2, 4)
2026-07-07T03:27:14.699274Z vfio_region_write  (0000:09:00.0:region0+0x8020, 0x80005000, 4)
2026-07-07T03:27:14.699338Z vfio_region_write  (0000:09:00.0:region0+0x8024, 0x170002, 4)
2026-07-07T03:27:14.699352Z vfio_region_write  (0000:09:00.0:region0+0x8028, 0x0, 4)
2026-07-07T03:27:14.699365Z vfio_region_write  (0000:09:00.0:region0+0x802c, 0x0, 4)
2026-07-07T03:27:14.699379Z vfio_region_write  (0000:09:00.0:region0+0x8030, 0x27, 4)
2026-07-07T03:27:14.699394Z vfio_region_write  (0000:09:00.0:region0+0x408, 0x1, 4)
2026-07-07T03:27:14.699437Z vfio_region_read  (0000:09:00.0:region0+0x100, 4) = 0x20000000
2026-07-07T03:27:14.699457Z vfio_region_read  (0000:09:00.0:region0+0x300, 4) = 0x0
2026-07-07T03:27:14.699477Z vfio_region_read  (0000:09:00.0:region0+0x200, 4) = 0x0
2026-07-07T03:27:14.699496Z vfio_region_read  (0000:09:00.0:region0+0x400, 4) = 0x3
2026-07-07T03:27:14.699514Z vfio_region_read  (0000:09:00.0:region0+0x500, 4) = 0xff0000
2026-07-07T03:27:14.699546Z vfio_region_read  (0000:09:00.0:region0+0x100, 4) = 0x0
2026-07-07T03:27:14.699565Z vfio_region_read  (0000:09:00.0:region0+0x300, 4) = 0x0
2026-07-07T03:27:14.699583Z vfio_region_read  (0000:09:00.0:region0+0x200, 4) = 0x0
2026-07-07T03:27:14.699602Z vfio_region_read  (0000:09:00.0:region0+0x400, 4) = 0x0
2026-07-07T03:27:14.699620Z vfio_region_read  (0000:09:00.0:region0+0x500, 4) = 0xff0000
2026-07-07T03:27:14.699715Z vfio_region_write  (0000:09:00.0:region0+0x408, 0x2, 4)
2026-07-07T03:27:14.699746Z vfio_region_write  (0000:09:00.0:region0+0x8020, 0x80005000, 4)
2026-07-07T03:27:14.699810Z vfio_region_write  (0000:09:00.0:region0+0x8024, 0x180002, 4)
2026-07-07T03:27:14.699824Z vfio_region_write  (0000:09:00.0:region0+0x8028, 0x0, 4)
2026-07-07T03:27:14.699839Z vfio_region_write  (0000:09:00.0:region0+0x802c, 0x0, 4)
2026-07-07T03:27:14.699851Z vfio_region_write  (0000:09:00.0:region0+0x8030, 0x28, 4)
2026-07-07T03:27:14.699864Z vfio_region_write  (0000:09:00.0:region0+0x408, 0x1, 4)
2026-07-07T03:27:14.699907Z vfio_region_read  (0000:09:00.0:region0+0x100, 4) = 0x20000000
2026-07-07T03:27:14.699927Z vfio_region_read  (0000:09:00.0:region0+0x300, 4) = 0x0
2026-07-07T03:27:14.699947Z vfio_region_read  (0000:09:00.0:region0+0x200, 4) = 0x0
2026-07-07T03:27:14.699965Z vfio_region_read  (0000:09:00.0:region0+0x400, 4) = 0x3
2026-07-07T03:27:14.699984Z vfio_region_read  (0000:09:00.0:region0+0x500, 4) = 0xff0000
2026-07-07T03:27:14.700011Z vfio_region_read  (0000:09:00.0:region0+0x100, 4) = 0x0
2026-07-07T03:27:14.700030Z vfio_region_read  (0000:09:00.0:region0+0x300, 4) = 0x0
2026-07-07T03:27:14.700054Z vfio_region_read  (0000:09:00.0:region0+0x200, 4) = 0x0
2026-07-07T03:27:14.700073Z vfio_region_read  (0000:09:00.0:region0+0x400, 4) = 0x0
2026-07-07T03:27:14.700092Z vfio_region_read  (0000:09:00.0:region0+0x500, 4) = 0xff0000
2026-07-07T03:27:14.700194Z vfio_region_write  (0000:09:00.0:region0+0x408, 0x2, 4)
2026-07-07T03:27:14.700225Z vfio_region_write  (0000:09:00.0:region0+0x8020, 0x80005000, 4)
2026-07-07T03:27:14.700289Z vfio_region_write  (0000:09:00.0:region0+0x8024, 0x190002, 4)
2026-07-07T03:27:14.700304Z vfio_region_write  (0000:09:00.0:region0+0x8028, 0x0, 4)
2026-07-07T03:27:14.700317Z vfio_region_write  (0000:09:00.0:region0+0x802c, 0x0, 4)
2026-07-07T03:27:14.700331Z vfio_region_write  (0000:09:00.0:region0+0x8030, 0x17, 4)
2026-07-07T03:27:14.700344Z vfio_region_write  (0000:09:00.0:region0+0x408, 0x1, 4)
2026-07-07T03:27:14.700385Z vfio_region_read  (0000:09:00.0:region0+0x100, 4) = 0x20000000
2026-07-07T03:27:14.700405Z vfio_region_read  (0000:09:00.0:region0+0x300, 4) = 0x0
2026-07-07T03:27:14.700423Z vfio_region_read  (0000:09:00.0:region0+0x200, 4) = 0x0
2026-07-07T03:27:14.700442Z vfio_region_read  (0000:09:00.0:region0+0x400, 4) = 0x3
2026-07-07T03:27:14.700462Z vfio_region_read  (0000:09:00.0:region0+0x500, 4) = 0xff0000
2026-07-07T03:27:14.700490Z vfio_region_read  (0000:09:00.0:region0+0x100, 4) = 0x0
2026-07-07T03:27:14.700509Z vfio_region_read  (0000:09:00.0:region0+0x300, 4) = 0x0
2026-07-07T03:27:14.700527Z vfio_region_read  (0000:09:00.0:region0+0x200, 4) = 0x0
2026-07-07T03:27:14.700546Z vfio_region_read  (0000:09:00.0:region0+0x400, 4) = 0x0
2026-07-07T03:27:14.700564Z vfio_region_read  (0000:09:00.0:region0+0x500, 4) = 0xff0000
2026-07-07T03:27:14.700654Z vfio_region_write  (0000:09:00.0:region0+0x408, 0x2, 4)
2026-07-07T03:27:14.700686Z vfio_region_write  (0000:09:00.0:region0+0x8020, 0x80005000, 4)
2026-07-07T03:27:14.700750Z vfio_region_write  (0000:09:00.0:region0+0x8024, 0x1a0002, 4)
2026-07-07T03:27:14.700764Z vfio_region_write  (0000:09:00.0:region0+0x8028, 0x0, 4)
2026-07-07T03:27:14.700777Z vfio_region_write  (0000:09:00.0:region0+0x802c, 0x0, 4)
2026-07-07T03:27:14.700792Z vfio_region_write  (0000:09:00.0:region0+0x8030, 0x18, 4)
2026-07-07T03:27:14.700807Z vfio_region_write  (0000:09:00.0:region0+0x408, 0x1, 4)
2026-07-07T03:27:14.700849Z vfio_region_read  (0000:09:00.0:region0+0x100, 4) = 0x20000000
2026-07-07T03:27:14.700869Z vfio_region_read  (0000:09:00.0:region0+0x300, 4) = 0x0
2026-07-07T03:27:14.700889Z vfio_region_read  (0000:09:00.0:region0+0x200, 4) = 0x0
2026-07-07T03:27:14.700908Z vfio_region_read  (0000:09:00.0:region0+0x400, 4) = 0x3
2026-07-07T03:27:14.700926Z vfio_region_read  (0000:09:00.0:region0+0x500, 4) = 0xff0000
2026-07-07T03:27:14.700954Z vfio_region_read  (0000:09:00.0:region0+0x100, 4) = 0x0
2026-07-07T03:27:14.700973Z vfio_region_read  (0000:09:00.0:region0+0x300, 4) = 0x0
2026-07-07T03:27:14.700991Z vfio_region_read  (0000:09:00.0:region0+0x200, 4) = 0x0
2026-07-07T03:27:14.701010Z vfio_region_read  (0000:09:00.0:region0+0x400, 4) = 0x0
2026-07-07T03:27:14.701028Z vfio_region_read  (0000:09:00.0:region0+0x500, 4) = 0xff0000
2026-07-07T03:27:14.701094Z vfio_region_write  (0000:09:00.0:region0+0x408, 0x2, 4)
2026-07-07T03:27:14.701129Z vfio_region_write  (0000:09:00.0:region0+0x8020, 0x80005000, 4)
2026-07-07T03:27:14.701193Z vfio_region_write  (0000:09:00.0:region0+0x8024, 0x1b0002, 4)
2026-07-07T03:27:14.701207Z vfio_region_write  (0000:09:00.0:region0+0x8028, 0x0, 4)
2026-07-07T03:27:14.701221Z vfio_region_write  (0000:09:00.0:region0+0x802c, 0x0, 4)
2026-07-07T03:27:14.701233Z vfio_region_write  (0000:09:00.0:region0+0x8030, 0x19, 4)
2026-07-07T03:27:14.701247Z vfio_region_write  (0000:09:00.0:region0+0x408, 0x1, 4)
2026-07-07T03:27:14.701289Z vfio_region_read  (0000:09:00.0:region0+0x100, 4) = 0x20000000
2026-07-07T03:27:14.701310Z vfio_region_read  (0000:09:00.0:region0+0x300, 4) = 0x0
2026-07-07T03:27:14.701330Z vfio_region_read  (0000:09:00.0:region0+0x200, 4) = 0x0
2026-07-07T03:27:14.701348Z vfio_region_read  (0000:09:00.0:region0+0x400, 4) = 0x3
2026-07-07T03:27:14.701367Z vfio_region_read  (0000:09:00.0:region0+0x500, 4) = 0xff0000
2026-07-07T03:27:14.701399Z vfio_region_read  (0000:09:00.0:region0+0x100, 4) = 0x0
2026-07-07T03:27:14.701418Z vfio_region_read  (0000:09:00.0:region0+0x300, 4) = 0x0
2026-07-07T03:27:14.701436Z vfio_region_read  (0000:09:00.0:region0+0x200, 4) = 0x0
2026-07-07T03:27:14.701455Z vfio_region_read  (0000:09:00.0:region0+0x400, 4) = 0x0
2026-07-07T03:27:14.701473Z vfio_region_read  (0000:09:00.0:region0+0x500, 4) = 0xff0000
2026-07-07T03:27:14.701556Z vfio_region_write  (0000:09:00.0:region0+0x408, 0x2, 4)
2026-07-07T03:27:14.701586Z vfio_region_write  (0000:09:00.0:region0+0x8020, 0x80005000, 4)
2026-07-07T03:27:14.701651Z vfio_region_write  (0000:09:00.0:region0+0x8024, 0x1c0002, 4)
2026-07-07T03:27:14.701665Z vfio_region_write  (0000:09:00.0:region0+0x8028, 0x0, 4)
2026-07-07T03:27:14.701679Z vfio_region_write  (0000:09:00.0:region0+0x802c, 0x0, 4)
2026-07-07T03:27:14.701691Z vfio_region_write  (0000:09:00.0:region0+0x8030, 0x1a, 4)
2026-07-07T03:27:14.701705Z vfio_region_write  (0000:09:00.0:region0+0x408, 0x1, 4)
2026-07-07T03:27:14.701747Z vfio_region_read  (0000:09:00.0:region0+0x100, 4) = 0x20000000
2026-07-07T03:27:14.701767Z vfio_region_read  (0000:09:00.0:region0+0x300, 4) = 0x0
2026-07-07T03:27:14.701787Z vfio_region_read  (0000:09:00.0:region0+0x200, 4) = 0x0
2026-07-07T03:27:14.701805Z vfio_region_read  (0000:09:00.0:region0+0x400, 4) = 0x3
2026-07-07T03:27:14.701824Z vfio_region_read  (0000:09:00.0:region0+0x500, 4) = 0xff0000
2026-07-07T03:27:14.701856Z vfio_region_read  (0000:09:00.0:region0+0x100, 4) = 0x0
2026-07-07T03:27:14.701875Z vfio_region_read  (0000:09:00.0:region0+0x300, 4) = 0x0
2026-07-07T03:27:14.701892Z vfio_region_read  (0000:09:00.0:region0+0x200, 4) = 0x0
2026-07-07T03:27:14.701911Z vfio_region_read  (0000:09:00.0:region0+0x400, 4) = 0x0
2026-07-07T03:27:14.701928Z vfio_region_read  (0000:09:00.0:region0+0x500, 4) = 0xff0000
2026-07-07T03:27:14.702068Z vfio_region_write  (0000:09:00.0:region0+0x408, 0x2, 4)
2026-07-07T03:27:14.702105Z vfio_region_write  (0000:09:00.0:region0+0x8020, 0x80005000, 4)
2026-07-07T03:27:14.702169Z vfio_region_write  (0000:09:00.0:region0+0x8024, 0x1d0002, 4)
2026-07-07T03:27:14.702184Z vfio_region_write  (0000:09:00.0:region0+0x8028, 0x0, 4)
2026-07-07T03:27:14.702197Z vfio_region_write  (0000:09:00.0:region0+0x802c, 0x0, 4)
2026-07-07T03:27:14.702210Z vfio_region_write  (0000:09:00.0:region0+0x8030, 0x1b, 4)
2026-07-07T03:27:14.702224Z vfio_region_write  (0000:09:00.0:region0+0x408, 0x1, 4)
2026-07-07T03:27:14.702266Z vfio_region_read  (0000:09:00.0:region0+0x100, 4) = 0x20000000
2026-07-07T03:27:14.702287Z vfio_region_read  (0000:09:00.0:region0+0x300, 4) = 0x0
2026-07-07T03:27:14.702306Z vfio_region_read  (0000:09:00.0:region0+0x200, 4) = 0x0
2026-07-07T03:27:14.702325Z vfio_region_read  (0000:09:00.0:region0+0x400, 4) = 0x3
2026-07-07T03:27:14.702343Z vfio_region_read  (0000:09:00.0:region0+0x500, 4) = 0xff0000
2026-07-07T03:27:14.702371Z vfio_region_read  (0000:09:00.0:region0+0x100, 4) = 0x0
2026-07-07T03:27:14.702390Z vfio_region_read  (0000:09:00.0:region0+0x300, 4) = 0x0
2026-07-07T03:27:14.702409Z vfio_region_read  (0000:09:00.0:region0+0x200, 4) = 0x0
2026-07-07T03:27:14.702427Z vfio_region_read  (0000:09:00.0:region0+0x400, 4) = 0x0
2026-07-07T03:27:14.702446Z vfio_region_read  (0000:09:00.0:region0+0x500, 4) = 0xff0000
2026-07-07T03:27:14.702558Z vfio_region_write  (0000:09:00.0:region0+0x408, 0x2, 4)
2026-07-07T03:27:14.702591Z vfio_region_write  (0000:09:00.0:region0+0x8020, 0x80005000, 4)
2026-07-07T03:27:14.702659Z vfio_region_write  (0000:09:00.0:region0+0x8024, 0x1e0002, 4)
2026-07-07T03:27:14.702673Z vfio_region_write  (0000:09:00.0:region0+0x8028, 0x0, 4)
2026-07-07T03:27:14.702687Z vfio_region_write  (0000:09:00.0:region0+0x802c, 0x0, 4)
2026-07-07T03:27:14.702699Z vfio_region_write  (0000:09:00.0:region0+0x8030, 0x1c, 4)
2026-07-07T03:27:14.702713Z vfio_region_write  (0000:09:00.0:region0+0x408, 0x1, 4)
2026-07-07T03:27:14.702755Z vfio_region_read  (0000:09:00.0:region0+0x100, 4) = 0x20000000
2026-07-07T03:27:14.702776Z vfio_region_read  (0000:09:00.0:region0+0x300, 4) = 0x0
2026-07-07T03:27:14.702796Z vfio_region_read  (0000:09:00.0:region0+0x200, 4) = 0x0
2026-07-07T03:27:14.702814Z vfio_region_read  (0000:09:00.0:region0+0x400, 4) = 0x3
2026-07-07T03:27:14.702833Z vfio_region_read  (0000:09:00.0:region0+0x500, 4) = 0xff0000
2026-07-07T03:27:14.702861Z vfio_region_read  (0000:09:00.0:region0+0x100, 4) = 0x0
2026-07-07T03:27:14.702879Z vfio_region_read  (0000:09:00.0:region0+0x300, 4) = 0x0
2026-07-07T03:27:14.702898Z vfio_region_read  (0000:09:00.0:region0+0x200, 4) = 0x0
2026-07-07T03:27:14.702917Z vfio_region_read  (0000:09:00.0:region0+0x400, 4) = 0x0
2026-07-07T03:27:14.702935Z vfio_region_read  (0000:09:00.0:region0+0x500, 4) = 0xff0000
2026-07-07T03:27:14.702991Z vfio_region_write  (0000:09:00.0:region0+0x408, 0x2, 4)
2026-07-07T03:27:14.703022Z vfio_region_write  (0000:09:00.0:region0+0x8020, 0x80005000, 4)
2026-07-07T03:27:14.703093Z vfio_region_write  (0000:09:00.0:region0+0x8024, 0x1f0002, 4)
2026-07-07T03:27:14.703108Z vfio_region_write  (0000:09:00.0:region0+0x8028, 0x0, 4)
2026-07-07T03:27:14.703122Z vfio_region_write  (0000:09:00.0:region0+0x802c, 0x0, 4)
2026-07-07T03:27:14.703136Z vfio_region_write  (0000:09:00.0:region0+0x8030, 0x1d, 4)
2026-07-07T03:27:14.703149Z vfio_region_write  (0000:09:00.0:region0+0x408, 0x1, 4)
2026-07-07T03:27:14.703191Z vfio_region_read  (0000:09:00.0:region0+0x100, 4) = 0x20000000
2026-07-07T03:27:14.703211Z vfio_region_read  (0000:09:00.0:region0+0x300, 4) = 0x0
2026-07-07T03:27:14.703231Z vfio_region_read  (0000:09:00.0:region0+0x200, 4) = 0x0
2026-07-07T03:27:14.703249Z vfio_region_read  (0000:09:00.0:region0+0x400, 4) = 0x3
2026-07-07T03:27:14.703268Z vfio_region_read  (0000:09:00.0:region0+0x500, 4) = 0xff0000
2026-07-07T03:27:14.703300Z vfio_region_read  (0000:09:00.0:region0+0x100, 4) = 0x0
2026-07-07T03:27:14.703319Z vfio_region_read  (0000:09:00.0:region0+0x300, 4) = 0x0
2026-07-07T03:27:14.703337Z vfio_region_read  (0000:09:00.0:region0+0x200, 4) = 0x0
2026-07-07T03:27:14.703355Z vfio_region_read  (0000:09:00.0:region0+0x400, 4) = 0x0
2026-07-07T03:27:14.703374Z vfio_region_read  (0000:09:00.0:region0+0x500, 4) = 0xff0000
2026-07-07T03:27:14.703461Z vfio_region_write  (0000:09:00.0:region0+0x408, 0x2, 4)
2026-07-07T03:27:14.703492Z vfio_region_write  (0000:09:00.0:region0+0x8020, 0x80005000, 4)
2026-07-07T03:27:14.703555Z vfio_region_write  (0000:09:00.0:region0+0x8024, 0x200002, 4)
2026-07-07T03:27:14.703569Z vfio_region_write  (0000:09:00.0:region0+0x8028, 0x0, 4)
2026-07-07T03:27:14.703583Z vfio_region_write  (0000:09:00.0:region0+0x802c, 0x0, 4)
2026-07-07T03:27:14.703595Z vfio_region_write  (0000:09:00.0:region0+0x8030, 0x1e, 4)
2026-07-07T03:27:14.703609Z vfio_region_write  (0000:09:00.0:region0+0x408, 0x1, 4)
2026-07-07T03:27:14.703651Z vfio_region_read  (0000:09:00.0:region0+0x100, 4) = 0x20000000
2026-07-07T03:27:14.703672Z vfio_region_read  (0000:09:00.0:region0+0x300, 4) = 0x0
2026-07-07T03:27:14.703691Z vfio_region_read  (0000:09:00.0:region0+0x200, 4) = 0x0
2026-07-07T03:27:14.703710Z vfio_region_read  (0000:09:00.0:region0+0x400, 4) = 0x3
2026-07-07T03:27:14.703728Z vfio_region_read  (0000:09:00.0:region0+0x500, 4) = 0xff0000
2026-07-07T03:27:14.703769Z vfio_region_read  (0000:09:00.0:region0+0x100, 4) = 0x0
2026-07-07T03:27:14.703788Z vfio_region_read  (0000:09:00.0:region0+0x300, 4) = 0x0
2026-07-07T03:27:14.703807Z vfio_region_read  (0000:09:00.0:region0+0x200, 4) = 0x0
2026-07-07T03:27:14.703825Z vfio_region_read  (0000:09:00.0:region0+0x400, 4) = 0x0
2026-07-07T03:27:14.703843Z vfio_region_read  (0000:09:00.0:region0+0x500, 4) = 0xff0000
2026-07-07T03:27:14.703909Z vfio_region_write  (0000:09:00.0:region0+0x408, 0x2, 4)
2026-07-07T03:27:14.704170Z vfio_region_write  (0000:09:00.0:region0+0x8020, 0x80000002, 4)
2026-07-07T03:27:14.704186Z vfio_region_write  (0000:09:00.0:region0+0x8024, 0x210000, 4)
2026-07-07T03:27:14.704199Z vfio_region_write  (0000:09:00.0:region0+0x8028, 0x0, 4)
2026-07-07T03:27:14.704212Z vfio_region_write  (0000:09:00.0:region0+0x802c, 0x0, 4)
2026-07-07T03:27:14.704226Z vfio_region_write  (0000:09:00.0:region0+0x408, 0x1, 4)
2026-07-07T03:27:14.704267Z vfio_region_read  (0000:09:00.0:region0+0x100, 4) = 0x20000000
2026-07-07T03:27:14.704287Z vfio_region_read  (0000:09:00.0:region0+0x300, 4) = 0x0
2026-07-07T03:27:14.704306Z vfio_region_read  (0000:09:00.0:region0+0x200, 4) = 0x0
2026-07-07T03:27:14.704324Z vfio_region_read  (0000:09:00.0:region0+0x400, 4) = 0x3
2026-07-07T03:27:14.704344Z vfio_region_read  (0000:09:00.0:region0+0x500, 4) = 0xff0000
2026-07-07T03:27:14.704372Z vfio_region_read  (0000:09:00.0:region0+0x100, 4) = 0x0
2026-07-07T03:27:14.704391Z vfio_region_read  (0000:09:00.0:region0+0x300, 4) = 0x0
2026-07-07T03:27:14.704410Z vfio_region_read  (0000:09:00.0:region0+0x200, 4) = 0x0
2026-07-07T03:27:14.704428Z vfio_region_read  (0000:09:00.0:region0+0x400, 4) = 0x0
2026-07-07T03:27:14.704447Z vfio_region_read  (0000:09:00.0:region0+0x500, 4) = 0xff0000
2026-07-07T03:27:14.704497Z vfio_region_write  (0000:09:00.0:region0+0x408, 0x2, 4)
2026-07-07T03:27:14.704531Z vfio_region_write  (0000:09:00.0:region0+0x8020, 0x80006002, 4)
2026-07-07T03:27:14.704595Z vfio_region_write  (0000:09:00.0:region0+0x8024, 0x220000, 4)
2026-07-07T03:27:14.704610Z vfio_region_write  (0000:09:00.0:region0+0x8028, 0x0, 4)
2026-07-07T03:27:14.704623Z vfio_region_write  (0000:09:00.0:region0+0x802c, 0x0, 4)
2026-07-07T03:27:14.704638Z vfio_region_write  (0000:09:00.0:region0+0x408, 0x1, 4)
2026-07-07T03:27:14.704679Z vfio_region_read  (0000:09:00.0:region0+0x100, 4) = 0x20000000
2026-07-07T03:27:14.704699Z vfio_region_read  (0000:09:00.0:region0+0x300, 4) = 0x0
2026-07-07T03:27:14.704719Z vfio_region_read  (0000:09:00.0:region0+0x200, 4) = 0x0
2026-07-07T03:27:14.704738Z vfio_region_read  (0000:09:00.0:region0+0x400, 4) = 0x3
2026-07-07T03:27:14.704756Z vfio_region_read  (0000:09:00.0:region0+0x500, 4) = 0xff0000
2026-07-07T03:27:14.704784Z vfio_region_read  (0000:09:00.0:region0+0x100, 4) = 0x0
2026-07-07T03:27:14.704803Z vfio_region_read  (0000:09:00.0:region0+0x300, 4) = 0x0
2026-07-07T03:27:14.704822Z vfio_region_read  (0000:09:00.0:region0+0x200, 4) = 0x0
2026-07-07T03:27:14.704840Z vfio_region_read  (0000:09:00.0:region0+0x400, 4) = 0x0
2026-07-07T03:27:14.704860Z vfio_region_read  (0000:09:00.0:region0+0x500, 4) = 0xff0000
2026-07-07T03:27:14.704939Z vfio_region_write  (0000:09:00.0:region0+0x408, 0x2, 4)
2026-07-07T03:27:14.704972Z vfio_region_write  (0000:09:00.0:region0+0x8020, 0x80006000, 4)
2026-07-07T03:27:14.705036Z vfio_region_write  (0000:09:00.0:region0+0x8024, 0x230000, 4)
2026-07-07T03:27:14.705057Z vfio_region_write  (0000:09:00.0:region0+0x8028, 0x0, 4)
2026-07-07T03:27:14.705071Z vfio_region_write  (0000:09:00.0:region0+0x802c, 0x0, 4)
2026-07-07T03:27:14.705085Z vfio_region_write  (0000:09:00.0:region0+0x408, 0x1, 4)
2026-07-07T03:27:14.705126Z vfio_region_read  (0000:09:00.0:region0+0x100, 4) = 0x20000000
2026-07-07T03:27:14.705147Z vfio_region_read  (0000:09:00.0:region0+0x300, 4) = 0x0
2026-07-07T03:27:14.705166Z vfio_region_read  (0000:09:00.0:region0+0x200, 4) = 0x0
2026-07-07T03:27:14.705185Z vfio_region_read  (0000:09:00.0:region0+0x400, 4) = 0x3
2026-07-07T03:27:14.705203Z vfio_region_read  (0000:09:00.0:region0+0x500, 4) = 0xff0000
2026-07-07T03:27:14.705231Z vfio_region_read  (0000:09:00.0:region0+0x100, 4) = 0x0
2026-07-07T03:27:14.705250Z vfio_region_read  (0000:09:00.0:region0+0x300, 4) = 0x0
2026-07-07T03:27:14.705269Z vfio_region_read  (0000:09:00.0:region0+0x200, 4) = 0x0
2026-07-07T03:27:14.705287Z vfio_region_read  (0000:09:00.0:region0+0x400, 4) = 0x0
2026-07-07T03:27:14.705306Z vfio_region_read  (0000:09:00.0:region0+0x500, 4) = 0xff0000
2026-07-07T03:27:14.705452Z vfio_region_write  (0000:09:00.0:region0+0x408, 0x2, 4)
2026-07-07T03:27:14.705484Z vfio_region_write  (0000:09:00.0:region0+0x8020, 0x80005000, 4)
2026-07-07T03:27:14.705547Z vfio_region_write  (0000:09:00.0:region0+0x8024, 0x240002, 4)
2026-07-07T03:27:14.705562Z vfio_region_write  (0000:09:00.0:region0+0x8028, 0x0, 4)
2026-07-07T03:27:14.705576Z vfio_region_write  (0000:09:00.0:region0+0x802c, 0x0, 4)
2026-07-07T03:27:14.705590Z vfio_region_write  (0000:09:00.0:region0+0x8030, 0x3, 4)
2026-07-07T03:27:14.705604Z vfio_region_write  (0000:09:00.0:region0+0x408, 0x1, 4)
2026-07-07T03:27:14.705647Z vfio_region_read  (0000:09:00.0:region0+0x100, 4) = 0x20000000
2026-07-07T03:27:14.705667Z vfio_region_read  (0000:09:00.0:region0+0x300, 4) = 0x0
2026-07-07T03:27:14.705687Z vfio_region_read  (0000:09:00.0:region0+0x200, 4) = 0x0
2026-07-07T03:27:14.705706Z vfio_region_read  (0000:09:00.0:region0+0x400, 4) = 0x3
2026-07-07T03:27:14.705724Z vfio_region_read  (0000:09:00.0:region0+0x500, 4) = 0xff0000
2026-07-07T03:27:14.705755Z vfio_region_read  (0000:09:00.0:region0+0x100, 4) = 0x0
2026-07-07T03:27:14.705774Z vfio_region_read  (0000:09:00.0:region0+0x300, 4) = 0x0
2026-07-07T03:27:14.705792Z vfio_region_read  (0000:09:00.0:region0+0x200, 4) = 0x0
2026-07-07T03:27:14.705811Z vfio_region_read  (0000:09:00.0:region0+0x400, 4) = 0x0
2026-07-07T03:27:14.705829Z vfio_region_read  (0000:09:00.0:region0+0x500, 4) = 0xff0000
2026-07-07T03:27:14.705928Z vfio_region_write  (0000:09:00.0:region0+0x408, 0x2, 4)
2026-07-07T03:27:14.705960Z vfio_region_write  (0000:09:00.0:region0+0x8020, 0x80005000, 4)
2026-07-07T03:27:14.706024Z vfio_region_write  (0000:09:00.0:region0+0x8024, 0x250002, 4)
2026-07-07T03:27:14.706039Z vfio_region_write  (0000:09:00.0:region0+0x8028, 0x0, 4)
2026-07-07T03:27:14.706060Z vfio_region_write  (0000:09:00.0:region0+0x802c, 0x0, 4)
2026-07-07T03:27:14.706073Z vfio_region_write  (0000:09:00.0:region0+0x8030, 0x5, 4)
2026-07-07T03:27:14.706087Z vfio_region_write  (0000:09:00.0:region0+0x408, 0x1, 4)
2026-07-07T03:27:14.706130Z vfio_region_read  (0000:09:00.0:region0+0x100, 4) = 0x20000000
2026-07-07T03:27:14.706150Z vfio_region_read  (0000:09:00.0:region0+0x300, 4) = 0x0
2026-07-07T03:27:14.706170Z vfio_region_read  (0000:09:00.0:region0+0x200, 4) = 0x0
2026-07-07T03:27:14.706189Z vfio_region_read  (0000:09:00.0:region0+0x400, 4) = 0x3
2026-07-07T03:27:14.706207Z vfio_region_read  (0000:09:00.0:region0+0x500, 4) = 0xff0000
2026-07-07T03:27:14.706239Z vfio_region_read  (0000:09:00.0:region0+0x100, 4) = 0x0
2026-07-07T03:27:14.706258Z vfio_region_read  (0000:09:00.0:region0+0x300, 4) = 0x0
2026-07-07T03:27:14.706277Z vfio_region_read  (0000:09:00.0:region0+0x200, 4) = 0x0
2026-07-07T03:27:14.706295Z vfio_region_read  (0000:09:00.0:region0+0x400, 4) = 0x0
2026-07-07T03:27:14.706314Z vfio_region_read  (0000:09:00.0:region0+0x500, 4) = 0xff0000
2026-07-07T03:27:14.706416Z vfio_region_write  (0000:09:00.0:region0+0x408, 0x2, 4)
2026-07-07T03:27:14.706448Z vfio_region_write  (0000:09:00.0:region0+0x8020, 0x80005000, 4)
2026-07-07T03:27:14.706512Z vfio_region_write  (0000:09:00.0:region0+0x8024, 0x260002, 4)
2026-07-07T03:27:14.706527Z vfio_region_write  (0000:09:00.0:region0+0x8028, 0x0, 4)
2026-07-07T03:27:14.706540Z vfio_region_write  (0000:09:00.0:region0+0x802c, 0x0, 4)
2026-07-07T03:27:14.706552Z vfio_region_write  (0000:09:00.0:region0+0x8030, 0x6, 4)
2026-07-07T03:27:14.706566Z vfio_region_write  (0000:09:00.0:region0+0x408, 0x1, 4)
2026-07-07T03:27:14.706609Z vfio_region_read  (0000:09:00.0:region0+0x100, 4) = 0x20000000
2026-07-07T03:27:14.706629Z vfio_region_read  (0000:09:00.0:region0+0x300, 4) = 0x0
2026-07-07T03:27:14.706649Z vfio_region_read  (0000:09:00.0:region0+0x200, 4) = 0x0
2026-07-07T03:27:14.706668Z vfio_region_read  (0000:09:00.0:region0+0x400, 4) = 0x3
2026-07-07T03:27:14.706686Z vfio_region_read  (0000:09:00.0:region0+0x500, 4) = 0xff0000
2026-07-07T03:27:14.706714Z vfio_region_read  (0000:09:00.0:region0+0x100, 4) = 0x0
2026-07-07T03:27:14.706733Z vfio_region_read  (0000:09:00.0:region0+0x300, 4) = 0x0
2026-07-07T03:27:14.706752Z vfio_region_read  (0000:09:00.0:region0+0x200, 4) = 0x0
2026-07-07T03:27:14.706770Z vfio_region_read  (0000:09:00.0:region0+0x400, 4) = 0x0
2026-07-07T03:27:14.706789Z vfio_region_read  (0000:09:00.0:region0+0x500, 4) = 0xff0000
2026-07-07T03:27:14.706840Z vfio_region_write  (0000:09:00.0:region0+0x408, 0x2, 4)
2026-07-07T03:27:14.706869Z vfio_region_write  (0000:09:00.0:region0+0x8020, 0x80006001, 4)
2026-07-07T03:27:14.706934Z vfio_region_write  (0000:09:00.0:region0+0x8024, 0x270000, 4)
2026-07-07T03:27:14.707065Z vfio_region_write  (0000:09:00.0:region0+0x8028, 0x0, 4)
2026-07-07T03:27:14.707079Z vfio_region_write  (0000:09:00.0:region0+0x802c, 0x0, 4)
2026-07-07T03:27:14.707092Z vfio_region_write  (0000:09:00.0:region0+0x408, 0x1, 4)
2026-07-07T03:27:14.707134Z vfio_region_read  (0000:09:00.0:region0+0x100, 4) = 0x20000000
2026-07-07T03:27:14.707154Z vfio_region_read  (0000:09:00.0:region0+0x300, 4) = 0x0
2026-07-07T03:27:14.707174Z vfio_region_read  (0000:09:00.0:region0+0x200, 4) = 0x0
2026-07-07T03:27:14.707193Z vfio_region_read  (0000:09:00.0:region0+0x400, 4) = 0x3
2026-07-07T03:27:14.707211Z vfio_region_read  (0000:09:00.0:region0+0x500, 4) = 0xff0000
2026-07-07T03:27:14.707239Z vfio_region_read  (0000:09:00.0:region0+0x100, 4) = 0x0
2026-07-07T03:27:14.707258Z vfio_region_read  (0000:09:00.0:region0+0x300, 4) = 0x0
2026-07-07T03:27:14.707277Z vfio_region_read  (0000:09:00.0:region0+0x200, 4) = 0x0
2026-07-07T03:27:14.707295Z vfio_region_read  (0000:09:00.0:region0+0x400, 4) = 0x0
2026-07-07T03:27:14.707314Z vfio_region_read  (0000:09:00.0:region0+0x500, 4) = 0xff0000
2026-07-07T03:27:14.707901Z vfio_region_write  (0000:09:00.0:region0+0x408, 0x2, 4)
2026-07-07T03:27:14.707918Z vfio_region_write  (0000:09:00.0:region0+0x8020, 0x80800005, 4)
2026-07-07T03:27:14.707931Z vfio_region_write  (0000:09:00.0:region0+0x8024, 0x280008, 4)
2026-07-07T03:27:14.707944Z vfio_region_write  (0000:09:00.0:region0+0x8028, 0x0, 4)
2026-07-07T03:27:14.707957Z vfio_region_write  (0000:09:00.0:region0+0x802c, 0x0, 4)
2026-07-07T03:27:14.707970Z vfio_region_write  (0000:09:00.0:region0+0x8030, 0x0, 4)
2026-07-07T03:27:14.707984Z vfio_region_write  (0000:09:00.0:region0+0x8034, 0xc, 4)
2026-07-07T03:27:14.707999Z vfio_region_write  (0000:09:00.0:region0+0x408, 0x1, 4)
2026-07-07T03:27:14.708043Z vfio_region_read  (0000:09:00.0:region0+0x100, 4) = 0x20000000
2026-07-07T03:27:14.708073Z vfio_region_read  (0000:09:00.0:region0+0x300, 4) = 0x0
2026-07-07T03:27:14.708095Z vfio_region_read  (0000:09:00.0:region0+0x200, 4) = 0x0
2026-07-07T03:27:14.708117Z vfio_region_read  (0000:09:00.0:region0+0x400, 4) = 0x3
2026-07-07T03:27:14.708137Z vfio_region_read  (0000:09:00.0:region0+0x500, 4) = 0xff0000
2026-07-07T03:27:14.708166Z vfio_region_read  (0000:09:00.0:region0+0x100, 4) = 0x0
2026-07-07T03:27:14.708186Z vfio_region_read  (0000:09:00.0:region0+0x300, 4) = 0x0
2026-07-07T03:27:14.708205Z vfio_region_read  (0000:09:00.0:region0+0x200, 4) = 0x0
2026-07-07T03:27:14.708225Z vfio_region_read  (0000:09:00.0:region0+0x400, 4) = 0x0
2026-07-07T03:27:14.708244Z vfio_region_read  (0000:09:00.0:region0+0x500, 4) = 0xff0000
2026-07-07T03:27:14.708299Z vfio_region_write  (0000:09:00.0:region0+0x408, 0x2, 4)
2026-07-07T03:27:14.708335Z vfio_region_write  (0000:09:00.0:region0+0x8020, 0x80007000, 4)
2026-07-07T03:27:14.708401Z vfio_region_write  (0000:09:00.0:region0+0x8024, 0x290000, 4)
2026-07-07T03:27:14.708416Z vfio_region_write  (0000:09:00.0:region0+0x8028, 0x0, 4)
2026-07-07T03:27:14.708430Z vfio_region_write  (0000:09:00.0:region0+0x802c, 0x0, 4)
2026-07-07T03:27:14.708445Z vfio_region_write  (0000:09:00.0:region0+0x408, 0x1, 4)
2026-07-07T03:27:14.708486Z vfio_region_read  (0000:09:00.0:region0+0x100, 4) = 0x20000000
2026-07-07T03:27:14.708507Z vfio_region_read  (0000:09:00.0:region0+0x300, 4) = 0x0
2026-07-07T03:27:14.708528Z vfio_region_read  (0000:09:00.0:region0+0x200, 4) = 0x0
2026-07-07T03:27:14.708547Z vfio_region_read  (0000:09:00.0:region0+0x400, 4) = 0x3
2026-07-07T03:27:14.708567Z vfio_region_read  (0000:09:00.0:region0+0x500, 4) = 0xff0000
2026-07-07T03:27:14.708600Z vfio_region_read  (0000:09:00.0:region0+0x100, 4) = 0x0
2026-07-07T03:27:14.708620Z vfio_region_read  (0000:09:00.0:region0+0x300, 4) = 0x0
2026-07-07T03:27:14.708639Z vfio_region_read  (0000:09:00.0:region0+0x200, 4) = 0x0
2026-07-07T03:27:14.708659Z vfio_region_read  (0000:09:00.0:region0+0x400, 4) = 0x0
2026-07-07T03:27:14.708678Z vfio_region_read  (0000:09:00.0:region0+0x500, 4) = 0xff0000
2026-07-07T03:27:14.708768Z vfio_region_write  (0000:09:00.0:region0+0x408, 0x2, 4)
2026-07-07T03:27:14.708801Z vfio_region_write  (0000:09:00.0:region0+0x8020, 0x80007002, 4)
2026-07-07T03:27:14.708867Z vfio_region_write  (0000:09:00.0:region0+0x8024, 0x2a0006, 4)
2026-07-07T03:27:14.708882Z vfio_region_write  (0000:09:00.0:region0+0x8028, 0x0, 4)
2026-07-07T03:27:14.708897Z vfio_region_write  (0000:09:00.0:region0+0x802c, 0x0, 4)
2026-07-07T03:27:14.708911Z vfio_region_write  (0000:09:00.0:region0+0x8030, 0x0, 4)
2026-07-07T03:27:14.708926Z vfio_region_write  (0000:09:00.0:region0+0x8034, 0x646b0004, 4)
2026-07-07T03:27:14.708941Z vfio_region_write  (0000:09:00.0:region0+0x408, 0x1, 4)
2026-07-07T03:27:14.708983Z vfio_region_read  (0000:09:00.0:region0+0x100, 4) = 0x20000000
2026-07-07T03:27:14.709004Z vfio_region_read  (0000:09:00.0:region0+0x300, 4) = 0x0
2026-07-07T03:27:14.709025Z vfio_region_read  (0000:09:00.0:region0+0x200, 4) = 0x0
2026-07-07T03:27:14.709044Z vfio_region_read  (0000:09:00.0:region0+0x400, 4) = 0x3
2026-07-07T03:27:14.709072Z vfio_region_read  (0000:09:00.0:region0+0x500, 4) = 0xff0000
2026-07-07T03:27:14.709102Z vfio_region_read  (0000:09:00.0:region0+0x100, 4) = 0x0
2026-07-07T03:27:14.709121Z vfio_region_read  (0000:09:00.0:region0+0x300, 4) = 0x0
2026-07-07T03:27:14.709141Z vfio_region_read  (0000:09:00.0:region0+0x200, 4) = 0x0
2026-07-07T03:27:14.709160Z vfio_region_read  (0000:09:00.0:region0+0x400, 4) = 0x0
2026-07-07T03:27:14.709180Z vfio_region_read  (0000:09:00.0:region0+0x500, 4) = 0xff0000
2026-07-07T03:27:14.709269Z vfio_region_write  (0000:09:00.0:region0+0x408, 0x2, 4)
2026-07-07T03:27:14.709298Z vfio_region_write  (0000:09:00.0:region0+0x8020, 0x80005000, 4)
2026-07-07T03:27:14.709364Z vfio_region_write  (0000:09:00.0:region0+0x8024, 0x2b0002, 4)
2026-07-07T03:27:14.709379Z vfio_region_write  (0000:09:00.0:region0+0x8028, 0x0, 4)
2026-07-07T03:27:14.709394Z vfio_region_write  (0000:09:00.0:region0+0x802c, 0x0, 4)
2026-07-07T03:27:14.709408Z vfio_region_write  (0000:09:00.0:region0+0x8030, 0x2b, 4)
2026-07-07T03:27:14.709423Z vfio_region_write  (0000:09:00.0:region0+0x408, 0x1, 4)
2026-07-07T03:27:14.709465Z vfio_region_read  (0000:09:00.0:region0+0x100, 4) = 0x20000000
2026-07-07T03:27:14.709486Z vfio_region_read  (0000:09:00.0:region0+0x300, 4) = 0x0
2026-07-07T03:27:14.709506Z vfio_region_read  (0000:09:00.0:region0+0x200, 4) = 0x0
2026-07-07T03:27:14.709525Z vfio_region_read  (0000:09:00.0:region0+0x400, 4) = 0x3
2026-07-07T03:27:14.709545Z vfio_region_read  (0000:09:00.0:region0+0x500, 4) = 0xff0000
2026-07-07T03:27:14.709574Z vfio_region_read  (0000:09:00.0:region0+0x100, 4) = 0x0
2026-07-07T03:27:14.709593Z vfio_region_read  (0000:09:00.0:region0+0x300, 4) = 0x0
2026-07-07T03:27:14.709613Z vfio_region_read  (0000:09:00.0:region0+0x200, 4) = 0x0
2026-07-07T03:27:14.709632Z vfio_region_read  (0000:09:00.0:region0+0x400, 4) = 0x0
2026-07-07T03:27:14.709651Z vfio_region_read  (0000:09:00.0:region0+0x500, 4) = 0xff0000
2026-07-07T03:27:14.709749Z vfio_region_write  (0000:09:00.0:region0+0x408, 0x2, 4)
2026-07-07T03:27:14.709780Z vfio_region_write  (0000:09:00.0:region0+0x8020, 0x80005000, 4)
2026-07-07T03:27:14.709846Z vfio_region_write  (0000:09:00.0:region0+0x8024, 0x2c0002, 4)
2026-07-07T03:27:14.709861Z vfio_region_write  (0000:09:00.0:region0+0x8028, 0x0, 4)
2026-07-07T03:27:14.709875Z vfio_region_write  (0000:09:00.0:region0+0x802c, 0x0, 4)
2026-07-07T03:27:14.709890Z vfio_region_write  (0000:09:00.0:region0+0x8030, 0x2c, 4)
2026-07-07T03:27:14.709904Z vfio_region_write  (0000:09:00.0:region0+0x408, 0x1, 4)
2026-07-07T03:27:14.709947Z vfio_region_read  (0000:09:00.0:region0+0x100, 4) = 0x20000000
2026-07-07T03:27:14.709967Z vfio_region_read  (0000:09:00.0:region0+0x300, 4) = 0x0
2026-07-07T03:27:14.709988Z vfio_region_read  (0000:09:00.0:region0+0x200, 4) = 0x0
2026-07-07T03:27:14.710007Z vfio_region_read  (0000:09:00.0:region0+0x400, 4) = 0x3
2026-07-07T03:27:14.710026Z vfio_region_read  (0000:09:00.0:region0+0x500, 4) = 0xff0000
2026-07-07T03:27:14.710064Z vfio_region_read  (0000:09:00.0:region0+0x100, 4) = 0x0
2026-07-07T03:27:14.710084Z vfio_region_read  (0000:09:00.0:region0+0x300, 4) = 0x0
2026-07-07T03:27:14.710104Z vfio_region_read  (0000:09:00.0:region0+0x200, 4) = 0x0
2026-07-07T03:27:14.710124Z vfio_region_read  (0000:09:00.0:region0+0x400, 4) = 0x0
2026-07-07T03:27:14.710143Z vfio_region_read  (0000:09:00.0:region0+0x500, 4) = 0xff0000
2026-07-07T03:27:14.710248Z vfio_region_write  (0000:09:00.0:region0+0x408, 0x2, 4)
2026-07-07T03:27:14.710283Z vfio_region_write  (0000:09:00.0:region0+0x8020, 0x80005000, 4)
2026-07-07T03:27:14.710348Z vfio_region_write  (0000:09:00.0:region0+0x8024, 0x2d0002, 4)
2026-07-07T03:27:14.710364Z vfio_region_write  (0000:09:00.0:region0+0x8028, 0x0, 4)
2026-07-07T03:27:14.710378Z vfio_region_write  (0000:09:00.0:region0+0x802c, 0x0, 4)
2026-07-07T03:27:14.710393Z vfio_region_write  (0000:09:00.0:region0+0x8030, 0x2d, 4)
2026-07-07T03:27:14.710407Z vfio_region_write  (0000:09:00.0:region0+0x408, 0x1, 4)
2026-07-07T03:27:14.710453Z vfio_region_read  (0000:09:00.0:region0+0x100, 4) = 0x20000000
2026-07-07T03:27:14.710474Z vfio_region_read  (0000:09:00.0:region0+0x300, 4) = 0x0
2026-07-07T03:27:14.710494Z vfio_region_read  (0000:09:00.0:region0+0x200, 4) = 0x0
2026-07-07T03:27:14.710514Z vfio_region_read  (0000:09:00.0:region0+0x400, 4) = 0x3
2026-07-07T03:27:14.710533Z vfio_region_read  (0000:09:00.0:region0+0x500, 4) = 0xff0000
2026-07-07T03:27:14.710566Z vfio_region_read  (0000:09:00.0:region0+0x100, 4) = 0x0
2026-07-07T03:27:14.710586Z vfio_region_read  (0000:09:00.0:region0+0x300, 4) = 0x0
2026-07-07T03:27:14.710606Z vfio_region_read  (0000:09:00.0:region0+0x200, 4) = 0x0
2026-07-07T03:27:14.710625Z vfio_region_read  (0000:09:00.0:region0+0x400, 4) = 0x0
2026-07-07T03:27:14.710644Z vfio_region_read  (0000:09:00.0:region0+0x500, 4) = 0xff0000
2026-07-07T03:27:14.710701Z vfio_region_write  (0000:09:00.0:region0+0x408, 0x2, 4)
2026-07-07T03:27:14.710734Z vfio_region_write  (0000:09:00.0:region0+0x8020, 0x80005000, 4)
2026-07-07T03:27:14.710800Z vfio_region_write  (0000:09:00.0:region0+0x8024, 0x2e0002, 4)
2026-07-07T03:27:14.710815Z vfio_region_write  (0000:09:00.0:region0+0x8028, 0x0, 4)
2026-07-07T03:27:14.710830Z vfio_region_write  (0000:09:00.0:region0+0x802c, 0x0, 4)
2026-07-07T03:27:14.710844Z vfio_region_write  (0000:09:00.0:region0+0x8030, 0x2e, 4)
2026-07-07T03:27:14.710859Z vfio_region_write  (0000:09:00.0:region0+0x408, 0x1, 4)
2026-07-07T03:27:14.710901Z vfio_region_read  (0000:09:00.0:region0+0x100, 4) = 0x20000000
2026-07-07T03:27:14.710922Z vfio_region_read  (0000:09:00.0:region0+0x300, 4) = 0x0
2026-07-07T03:27:14.710942Z vfio_region_read  (0000:09:00.0:region0+0x200, 4) = 0x0
2026-07-07T03:27:14.710961Z vfio_region_read  (0000:09:00.0:region0+0x400, 4) = 0x3
2026-07-07T03:27:14.710981Z vfio_region_read  (0000:09:00.0:region0+0x500, 4) = 0xff0000
2026-07-07T03:27:14.711009Z vfio_region_read  (0000:09:00.0:region0+0x100, 4) = 0x0
2026-07-07T03:27:14.711029Z vfio_region_read  (0000:09:00.0:region0+0x300, 4) = 0x0
2026-07-07T03:27:14.711054Z vfio_region_read  (0000:09:00.0:region0+0x200, 4) = 0x0
2026-07-07T03:27:14.711074Z vfio_region_read  (0000:09:00.0:region0+0x400, 4) = 0x0
2026-07-07T03:27:14.711094Z vfio_region_read  (0000:09:00.0:region0+0x500, 4) = 0xff0000
2026-07-07T03:27:14.711181Z vfio_region_write  (0000:09:00.0:region0+0x408, 0x2, 4)
2026-07-07T03:27:14.711213Z vfio_region_write  (0000:09:00.0:region0+0x8020, 0x80007003, 4)
2026-07-07T03:27:14.711279Z vfio_region_write  (0000:09:00.0:region0+0x8024, 0x2f0006, 4)
2026-07-07T03:27:14.711294Z vfio_region_write  (0000:09:00.0:region0+0x8028, 0x0, 4)
2026-07-07T03:27:14.711309Z vfio_region_write  (0000:09:00.0:region0+0x802c, 0x0, 4)
2026-07-07T03:27:14.711323Z vfio_region_write  (0000:09:00.0:region0+0x8030, 0x0, 4)
2026-07-07T03:27:14.711338Z vfio_region_write  (0000:09:00.0:region0+0x8034, 0x646b000e, 4)
2026-07-07T03:27:14.711352Z vfio_region_write  (0000:09:00.0:region0+0x408, 0x1, 4)
2026-07-07T03:27:14.711395Z vfio_region_read  (0000:09:00.0:region0+0x100, 4) = 0x20000000
2026-07-07T03:27:14.711416Z vfio_region_read  (0000:09:00.0:region0+0x300, 4) = 0x0
2026-07-07T03:27:14.711435Z vfio_region_read  (0000:09:00.0:region0+0x200, 4) = 0x0
2026-07-07T03:27:14.711455Z vfio_region_read  (0000:09:00.0:region0+0x400, 4) = 0x3
2026-07-07T03:27:14.711476Z vfio_region_read  (0000:09:00.0:region0+0x500, 4) = 0xff0000
2026-07-07T03:27:14.711509Z vfio_region_read  (0000:09:00.0:region0+0x100, 4) = 0x0
2026-07-07T03:27:14.711529Z vfio_region_read  (0000:09:00.0:region0+0x300, 4) = 0x0
2026-07-07T03:27:14.711548Z vfio_region_read  (0000:09:00.0:region0+0x200, 4) = 0x0
2026-07-07T03:27:14.711568Z vfio_region_read  (0000:09:00.0:region0+0x400, 4) = 0x0
2026-07-07T03:27:14.711587Z vfio_region_read  (0000:09:00.0:region0+0x500, 4) = 0xff0000
2026-07-07T03:27:14.711661Z vfio_region_write  (0000:09:00.0:region0+0x408, 0x2, 4)
2026-07-07T03:27:14.711692Z vfio_region_write  (0000:09:00.0:region0+0x8020, 0x80005000, 4)
2026-07-07T03:27:14.711759Z vfio_region_write  (0000:09:00.0:region0+0x8024, 0x300002, 4)
2026-07-07T03:27:14.711774Z vfio_region_write  (0000:09:00.0:region0+0x8028, 0x0, 4)
2026-07-07T03:27:14.711789Z vfio_region_write  (0000:09:00.0:region0+0x802c, 0x0, 4)
2026-07-07T03:27:14.711803Z vfio_region_write  (0000:09:00.0:region0+0x8030, 0xd, 4)
2026-07-07T03:27:14.711818Z vfio_region_write  (0000:09:00.0:region0+0x408, 0x1, 4)
2026-07-07T03:27:14.711861Z vfio_region_read  (0000:09:00.0:region0+0x100, 4) = 0x20000000
2026-07-07T03:27:14.711882Z vfio_region_read  (0000:09:00.0:region0+0x300, 4) = 0x0
2026-07-07T03:27:14.711902Z vfio_region_read  (0000:09:00.0:region0+0x200, 4) = 0x0
2026-07-07T03:27:14.711921Z vfio_region_read  (0000:09:00.0:region0+0x400, 4) = 0x3
2026-07-07T03:27:14.711941Z vfio_region_read  (0000:09:00.0:region0+0x500, 4) = 0xff0000
2026-07-07T03:27:14.711970Z vfio_region_read  (0000:09:00.0:region0+0x100, 4) = 0x0
2026-07-07T03:27:14.711990Z vfio_region_read  (0000:09:00.0:region0+0x300, 4) = 0x0
2026-07-07T03:27:14.712009Z vfio_region_read  (0000:09:00.0:region0+0x200, 4) = 0x0
2026-07-07T03:27:14.712028Z vfio_region_read  (0000:09:00.0:region0+0x400, 4) = 0x0
2026-07-07T03:27:14.712055Z vfio_region_read  (0000:09:00.0:region0+0x500, 4) = 0xff0000
2026-07-07T03:27:14.712187Z vfio_region_write  (0000:09:00.0:region0+0x408, 0x2, 4)
2026-07-07T03:27:14.712216Z vfio_region_write  (0000:09:00.0:region0+0x8020, 0x80005000, 4)
2026-07-07T03:27:14.712284Z vfio_region_write  (0000:09:00.0:region0+0x8024, 0x310002, 4)
2026-07-07T03:27:14.712299Z vfio_region_write  (0000:09:00.0:region0+0x8028, 0x0, 4)
2026-07-07T03:27:14.712314Z vfio_region_write  (0000:09:00.0:region0+0x802c, 0x0, 4)
2026-07-07T03:27:14.712328Z vfio_region_write  (0000:09:00.0:region0+0x8030, 0xe, 4)
2026-07-07T03:27:14.712342Z vfio_region_write  (0000:09:00.0:region0+0x408, 0x1, 4)
2026-07-07T03:27:14.712385Z vfio_region_read  (0000:09:00.0:region0+0x100, 4) = 0x20000000
2026-07-07T03:27:14.712406Z vfio_region_read  (0000:09:00.0:region0+0x300, 4) = 0x0
2026-07-07T03:27:14.712426Z vfio_region_read  (0000:09:00.0:region0+0x200, 4) = 0x0
2026-07-07T03:27:14.712445Z vfio_region_read  (0000:09:00.0:region0+0x400, 4) = 0x3
2026-07-07T03:27:14.712464Z vfio_region_read  (0000:09:00.0:region0+0x500, 4) = 0xff0000
2026-07-07T03:27:14.712499Z vfio_region_read  (0000:09:00.0:region0+0x100, 4) = 0x0
2026-07-07T03:27:14.712519Z vfio_region_read  (0000:09:00.0:region0+0x300, 4) = 0x0
2026-07-07T03:27:14.712538Z vfio_region_read  (0000:09:00.0:region0+0x200, 4) = 0x0
2026-07-07T03:27:14.712557Z vfio_region_read  (0000:09:00.0:region0+0x400, 4) = 0x0
2026-07-07T03:27:14.712577Z vfio_region_read  (0000:09:00.0:region0+0x500, 4) = 0xff0000
2026-07-07T03:27:14.712662Z vfio_region_write  (0000:09:00.0:region0+0x408, 0x2, 4)
2026-07-07T03:27:14.712693Z vfio_region_write  (0000:09:00.0:region0+0x8020, 0x80005000, 4)
2026-07-07T03:27:14.712759Z vfio_region_write  (0000:09:00.0:region0+0x8024, 0x320002, 4)
2026-07-07T03:27:14.712774Z vfio_region_write  (0000:09:00.0:region0+0x8028, 0x0, 4)
2026-07-07T03:27:14.712789Z vfio_region_write  (0000:09:00.0:region0+0x802c, 0x0, 4)
2026-07-07T03:27:14.712803Z vfio_region_write  (0000:09:00.0:region0+0x8030, 0x15, 4)
2026-07-07T03:27:14.712818Z vfio_region_write  (0000:09:00.0:region0+0x408, 0x1, 4)
2026-07-07T03:27:14.712861Z vfio_region_read  (0000:09:00.0:region0+0x100, 4) = 0x20000000
2026-07-07T03:27:14.712882Z vfio_region_read  (0000:09:00.0:region0+0x300, 4) = 0x0
2026-07-07T03:27:14.712902Z vfio_region_read  (0000:09:00.0:region0+0x200, 4) = 0x0
2026-07-07T03:27:14.712921Z vfio_region_read  (0000:09:00.0:region0+0x400, 4) = 0x3
2026-07-07T03:27:14.712944Z vfio_region_read  (0000:09:00.0:region0+0x500, 4) = 0xff0000
2026-07-07T03:27:14.712973Z vfio_region_read  (0000:09:00.0:region0+0x100, 4) = 0x0
2026-07-07T03:27:14.712993Z vfio_region_read  (0000:09:00.0:region0+0x300, 4) = 0x0
2026-07-07T03:27:14.713012Z vfio_region_read  (0000:09:00.0:region0+0x200, 4) = 0x0
2026-07-07T03:27:14.713032Z vfio_region_read  (0000:09:00.0:region0+0x400, 4) = 0x0
2026-07-07T03:27:14.713058Z vfio_region_read  (0000:09:00.0:region0+0x500, 4) = 0xff0000
2026-07-07T03:27:14.713115Z vfio_region_write  (0000:09:00.0:region0+0x408, 0x2, 4)
2026-07-07T03:27:14.713147Z vfio_region_write  (0000:09:00.0:region0+0x8020, 0x80005000, 4)
2026-07-07T03:27:14.713214Z vfio_region_write  (0000:09:00.0:region0+0x8024, 0x330002, 4)
2026-07-07T03:27:14.713230Z vfio_region_write  (0000:09:00.0:region0+0x8028, 0x0, 4)
2026-07-07T03:27:14.713244Z vfio_region_write  (0000:09:00.0:region0+0x802c, 0x0, 4)
2026-07-07T03:27:14.713257Z vfio_region_write  (0000:09:00.0:region0+0x8030, 0x16, 4)
2026-07-07T03:27:14.713274Z vfio_region_write  (0000:09:00.0:region0+0x408, 0x1, 4)
2026-07-07T03:27:14.713316Z vfio_region_read  (0000:09:00.0:region0+0x100, 4) = 0x20000000
2026-07-07T03:27:14.713337Z vfio_region_read  (0000:09:00.0:region0+0x300, 4) = 0x0
2026-07-07T03:27:14.713357Z vfio_region_read  (0000:09:00.0:region0+0x200, 4) = 0x0
2026-07-07T03:27:14.713376Z vfio_region_read  (0000:09:00.0:region0+0x400, 4) = 0x3
2026-07-07T03:27:14.713396Z vfio_region_read  (0000:09:00.0:region0+0x500, 4) = 0xff0000
2026-07-07T03:27:14.713424Z vfio_region_read  (0000:09:00.0:region0+0x100, 4) = 0x0
2026-07-07T03:27:14.713444Z vfio_region_read  (0000:09:00.0:region0+0x300, 4) = 0x0
2026-07-07T03:27:14.713464Z vfio_region_read  (0000:09:00.0:region0+0x200, 4) = 0x0
2026-07-07T03:27:14.713484Z vfio_region_read  (0000:09:00.0:region0+0x400, 4) = 0x0
2026-07-07T03:27:14.713503Z vfio_region_read  (0000:09:00.0:region0+0x500, 4) = 0xff0000
2026-07-07T03:27:14.713643Z vfio_region_write  (0000:09:00.0:region0+0x408, 0x2, 4)
2026-07-07T03:27:14.713680Z vfio_region_write  (0000:09:00.0:region0+0x8020, 0x80005000, 4)
2026-07-07T03:27:14.713747Z vfio_region_write  (0000:09:00.0:region0+0x8024, 0x340002, 4)
2026-07-07T03:27:14.713763Z vfio_region_write  (0000:09:00.0:region0+0x8028, 0x0, 4)
2026-07-07T03:27:14.713778Z vfio_region_write  (0000:09:00.0:region0+0x802c, 0x0, 4)
2026-07-07T03:27:14.713792Z vfio_region_write  (0000:09:00.0:region0+0x8030, 0x27, 4)
2026-07-07T03:27:14.713807Z vfio_region_write  (0000:09:00.0:region0+0x408, 0x1, 4)
2026-07-07T03:27:14.713849Z vfio_region_read  (0000:09:00.0:region0+0x100, 4) = 0x20000000
2026-07-07T03:27:14.713870Z vfio_region_read  (0000:09:00.0:region0+0x300, 4) = 0x0
2026-07-07T03:27:14.713890Z vfio_region_read  (0000:09:00.0:region0+0x200, 4) = 0x0
2026-07-07T03:27:14.713910Z vfio_region_read  (0000:09:00.0:region0+0x400, 4) = 0x3
2026-07-07T03:27:14.713929Z vfio_region_read  (0000:09:00.0:region0+0x500, 4) = 0xff0000
2026-07-07T03:27:14.713962Z vfio_region_read  (0000:09:00.0:region0+0x100, 4) = 0x0
2026-07-07T03:27:14.713983Z vfio_region_read  (0000:09:00.0:region0+0x300, 4) = 0x0
2026-07-07T03:27:14.714002Z vfio_region_read  (0000:09:00.0:region0+0x200, 4) = 0x0
2026-07-07T03:27:14.714021Z vfio_region_read  (0000:09:00.0:region0+0x400, 4) = 0x0
2026-07-07T03:27:14.714041Z vfio_region_read  (0000:09:00.0:region0+0x500, 4) = 0xff0000
2026-07-07T03:27:14.714171Z vfio_region_write  (0000:09:00.0:region0+0x408, 0x2, 4)
2026-07-07T03:27:14.714203Z vfio_region_write  (0000:09:00.0:region0+0x8020, 0x80005000, 4)
2026-07-07T03:27:14.714268Z vfio_region_write  (0000:09:00.0:region0+0x8024, 0x350002, 4)
2026-07-07T03:27:14.714284Z vfio_region_write  (0000:09:00.0:region0+0x8028, 0x0, 4)
2026-07-07T03:27:14.714298Z vfio_region_write  (0000:09:00.0:region0+0x802c, 0x0, 4)
2026-07-07T03:27:14.714312Z vfio_region_write  (0000:09:00.0:region0+0x8030, 0x28, 4)
2026-07-07T03:27:14.714327Z vfio_region_write  (0000:09:00.0:region0+0x408, 0x1, 4)
2026-07-07T03:27:14.714369Z vfio_region_read  (0000:09:00.0:region0+0x100, 4) = 0x20000000
2026-07-07T03:27:14.714390Z vfio_region_read  (0000:09:00.0:region0+0x300, 4) = 0x0
2026-07-07T03:27:14.714410Z vfio_region_read  (0000:09:00.0:region0+0x200, 4) = 0x0
2026-07-07T03:27:14.714429Z vfio_region_read  (0000:09:00.0:region0+0x400, 4) = 0x3
2026-07-07T03:27:14.714449Z vfio_region_read  (0000:09:00.0:region0+0x500, 4) = 0xff0000
2026-07-07T03:27:14.714477Z vfio_region_read  (0000:09:00.0:region0+0x100, 4) = 0x0
2026-07-07T03:27:14.714498Z vfio_region_read  (0000:09:00.0:region0+0x300, 4) = 0x0
2026-07-07T03:27:14.714517Z vfio_region_read  (0000:09:00.0:region0+0x200, 4) = 0x0
2026-07-07T03:27:14.714536Z vfio_region_read  (0000:09:00.0:region0+0x400, 4) = 0x0
2026-07-07T03:27:14.714556Z vfio_region_read  (0000:09:00.0:region0+0x500, 4) = 0xff0000
2026-07-07T03:27:14.714631Z vfio_region_write  (0000:09:00.0:region0+0x408, 0x2, 4)
2026-07-07T03:27:14.714668Z vfio_region_write  (0000:09:00.0:region0+0x8020, 0x80005000, 4)
2026-07-07T03:27:14.714733Z vfio_region_write  (0000:09:00.0:region0+0x8024, 0x360002, 4)
2026-07-07T03:27:14.714748Z vfio_region_write  (0000:09:00.0:region0+0x8028, 0x0, 4)
2026-07-07T03:27:14.714762Z vfio_region_write  (0000:09:00.0:region0+0x802c, 0x0, 4)
2026-07-07T03:27:14.714777Z vfio_region_write  (0000:09:00.0:region0+0x8030, 0x17, 4)
2026-07-07T03:27:14.714791Z vfio_region_write  (0000:09:00.0:region0+0x408, 0x1, 4)
2026-07-07T03:27:14.714833Z vfio_region_read  (0000:09:00.0:region0+0x100, 4) = 0x20000000
2026-07-07T03:27:14.714854Z vfio_region_read  (0000:09:00.0:region0+0x300, 4) = 0x0
2026-07-07T03:27:14.714874Z vfio_region_read  (0000:09:00.0:region0+0x200, 4) = 0x0
2026-07-07T03:27:14.714893Z vfio_region_read  (0000:09:00.0:region0+0x400, 4) = 0x3
2026-07-07T03:27:14.714913Z vfio_region_read  (0000:09:00.0:region0+0x500, 4) = 0xff0000
2026-07-07T03:27:14.714946Z vfio_region_read  (0000:09:00.0:region0+0x100, 4) = 0x0
2026-07-07T03:27:14.714966Z vfio_region_read  (0000:09:00.0:region0+0x300, 4) = 0x0
2026-07-07T03:27:14.714986Z vfio_region_read  (0000:09:00.0:region0+0x200, 4) = 0x0
2026-07-07T03:27:14.715005Z vfio_region_read  (0000:09:00.0:region0+0x400, 4) = 0x0
2026-07-07T03:27:14.715025Z vfio_region_read  (0000:09:00.0:region0+0x500, 4) = 0xff0000
2026-07-07T03:27:14.715129Z vfio_region_write  (0000:09:00.0:region0+0x408, 0x2, 4)
2026-07-07T03:27:14.715160Z vfio_region_write  (0000:09:00.0:region0+0x8020, 0x80005000, 4)
2026-07-07T03:27:14.715226Z vfio_region_write  (0000:09:00.0:region0+0x8024, 0x370002, 4)
2026-07-07T03:27:14.715241Z vfio_region_write  (0000:09:00.0:region0+0x8028, 0x0, 4)
2026-07-07T03:27:14.715259Z vfio_region_write  (0000:09:00.0:region0+0x802c, 0x0, 4)
2026-07-07T03:27:14.715274Z vfio_region_write  (0000:09:00.0:region0+0x8030, 0x18, 4)
2026-07-07T03:27:14.715288Z vfio_region_write  (0000:09:00.0:region0+0x408, 0x1, 4)
2026-07-07T03:27:14.715331Z vfio_region_read  (0000:09:00.0:region0+0x100, 4) = 0x20000000
2026-07-07T03:27:14.715352Z vfio_region_read  (0000:09:00.0:region0+0x300, 4) = 0x0
2026-07-07T03:27:14.715372Z vfio_region_read  (0000:09:00.0:region0+0x200, 4) = 0x0
2026-07-07T03:27:14.715391Z vfio_region_read  (0000:09:00.0:region0+0x400, 4) = 0x3
2026-07-07T03:27:14.715410Z vfio_region_read  (0000:09:00.0:region0+0x500, 4) = 0xff0000
2026-07-07T03:27:14.715439Z vfio_region_read  (0000:09:00.0:region0+0x100, 4) = 0x0
2026-07-07T03:27:14.715459Z vfio_region_read  (0000:09:00.0:region0+0x300, 4) = 0x0
2026-07-07T03:27:14.715479Z vfio_region_read  (0000:09:00.0:region0+0x200, 4) = 0x0
2026-07-07T03:27:14.715498Z vfio_region_read  (0000:09:00.0:region0+0x400, 4) = 0x0
2026-07-07T03:27:14.715518Z vfio_region_read  (0000:09:00.0:region0+0x500, 4) = 0xff0000
2026-07-07T03:27:14.715572Z vfio_region_write  (0000:09:00.0:region0+0x408, 0x2, 4)
2026-07-07T03:27:14.715608Z vfio_region_write  (0000:09:00.0:region0+0x8020, 0x80005000, 4)
2026-07-07T03:27:14.715674Z vfio_region_write  (0000:09:00.0:region0+0x8024, 0x380002, 4)
2026-07-07T03:27:14.715690Z vfio_region_write  (0000:09:00.0:region0+0x8028, 0x0, 4)
2026-07-07T03:27:14.715704Z vfio_region_write  (0000:09:00.0:region0+0x802c, 0x0, 4)
2026-07-07T03:27:14.715718Z vfio_region_write  (0000:09:00.0:region0+0x8030, 0x19, 4)
2026-07-07T03:27:14.715733Z vfio_region_write  (0000:09:00.0:region0+0x408, 0x1, 4)
2026-07-07T03:27:14.715776Z vfio_region_read  (0000:09:00.0:region0+0x100, 4) = 0x20000000
2026-07-07T03:27:14.715796Z vfio_region_read  (0000:09:00.0:region0+0x300, 4) = 0x0
2026-07-07T03:27:14.715817Z vfio_region_read  (0000:09:00.0:region0+0x200, 4) = 0x0
2026-07-07T03:27:14.715836Z vfio_region_read  (0000:09:00.0:region0+0x400, 4) = 0x3
2026-07-07T03:27:14.715856Z vfio_region_read  (0000:09:00.0:region0+0x500, 4) = 0xff0000
2026-07-07T03:27:14.715885Z vfio_region_read  (0000:09:00.0:region0+0x100, 4) = 0x0
2026-07-07T03:27:14.715905Z vfio_region_read  (0000:09:00.0:region0+0x300, 4) = 0x0
2026-07-07T03:27:14.715924Z vfio_region_read  (0000:09:00.0:region0+0x200, 4) = 0x0
2026-07-07T03:27:14.715943Z vfio_region_read  (0000:09:00.0:region0+0x400, 4) = 0x0
2026-07-07T03:27:14.715963Z vfio_region_read  (0000:09:00.0:region0+0x500, 4) = 0xff0000
2026-07-07T03:27:14.716055Z vfio_region_write  (0000:09:00.0:region0+0x408, 0x2, 4)
2026-07-07T03:27:14.716090Z vfio_region_write  (0000:09:00.0:region0+0x8020, 0x80005000, 4)
2026-07-07T03:27:14.716156Z vfio_region_write  (0000:09:00.0:region0+0x8024, 0x390002, 4)
2026-07-07T03:27:14.716171Z vfio_region_write  (0000:09:00.0:region0+0x8028, 0x0, 4)
2026-07-07T03:27:14.716186Z vfio_region_write  (0000:09:00.0:region0+0x802c, 0x0, 4)
2026-07-07T03:27:14.716200Z vfio_region_write  (0000:09:00.0:region0+0x8030, 0x1a, 4)
2026-07-07T03:27:14.716214Z vfio_region_write  (0000:09:00.0:region0+0x408, 0x1, 4)
2026-07-07T03:27:14.716257Z vfio_region_read  (0000:09:00.0:region0+0x100, 4) = 0x20000000
2026-07-07T03:27:14.716278Z vfio_region_read  (0000:09:00.0:region0+0x300, 4) = 0x0
2026-07-07T03:27:14.716298Z vfio_region_read  (0000:09:00.0:region0+0x200, 4) = 0x0
2026-07-07T03:27:14.716318Z vfio_region_read  (0000:09:00.0:region0+0x400, 4) = 0x3
2026-07-07T03:27:14.716337Z vfio_region_read  (0000:09:00.0:region0+0x500, 4) = 0xff0000
2026-07-07T03:27:14.716366Z vfio_region_read  (0000:09:00.0:region0+0x100, 4) = 0x0
2026-07-07T03:27:14.716386Z vfio_region_read  (0000:09:00.0:region0+0x300, 4) = 0x0
2026-07-07T03:27:14.716405Z vfio_region_read  (0000:09:00.0:region0+0x200, 4) = 0x0
2026-07-07T03:27:14.716425Z vfio_region_read  (0000:09:00.0:region0+0x400, 4) = 0x0
2026-07-07T03:27:14.716444Z vfio_region_read  (0000:09:00.0:region0+0x500, 4) = 0xff0000
2026-07-07T03:27:14.716498Z vfio_region_write  (0000:09:00.0:region0+0x408, 0x2, 4)
2026-07-07T03:27:14.716531Z vfio_region_write  (0000:09:00.0:region0+0x8020, 0x80005000, 4)
2026-07-07T03:27:14.716597Z vfio_region_write  (0000:09:00.0:region0+0x8024, 0x3a0002, 4)
2026-07-07T03:27:14.716612Z vfio_region_write  (0000:09:00.0:region0+0x8028, 0x0, 4)
2026-07-07T03:27:14.716627Z vfio_region_write  (0000:09:00.0:region0+0x802c, 0x0, 4)
2026-07-07T03:27:14.716640Z vfio_region_write  (0000:09:00.0:region0+0x8030, 0x1b, 4)
2026-07-07T03:27:14.716655Z vfio_region_write  (0000:09:00.0:region0+0x408, 0x1, 4)
2026-07-07T03:27:14.716697Z vfio_region_read  (0000:09:00.0:region0+0x100, 4) = 0x20000000
2026-07-07T03:27:14.716718Z vfio_region_read  (0000:09:00.0:region0+0x300, 4) = 0x0
2026-07-07T03:27:14.716738Z vfio_region_read  (0000:09:00.0:region0+0x200, 4) = 0x0
2026-07-07T03:27:14.716758Z vfio_region_read  (0000:09:00.0:region0+0x400, 4) = 0x3
2026-07-07T03:27:14.716777Z vfio_region_read  (0000:09:00.0:region0+0x500, 4) = 0xff0000
2026-07-07T03:27:14.716811Z vfio_region_read  (0000:09:00.0:region0+0x100, 4) = 0x0
2026-07-07T03:27:14.716831Z vfio_region_read  (0000:09:00.0:region0+0x300, 4) = 0x0
2026-07-07T03:27:14.716850Z vfio_region_read  (0000:09:00.0:region0+0x200, 4) = 0x0
2026-07-07T03:27:14.716870Z vfio_region_read  (0000:09:00.0:region0+0x400, 4) = 0x0
2026-07-07T03:27:14.716889Z vfio_region_read  (0000:09:00.0:region0+0x500, 4) = 0xff0000
2026-07-07T03:27:14.716985Z vfio_region_write  (0000:09:00.0:region0+0x408, 0x2, 4)
2026-07-07T03:27:14.717017Z vfio_region_write  (0000:09:00.0:region0+0x8020, 0x80005000, 4)
2026-07-07T03:27:14.717090Z vfio_region_write  (0000:09:00.0:region0+0x8024, 0x3b0002, 4)
2026-07-07T03:27:14.717105Z vfio_region_write  (0000:09:00.0:region0+0x8028, 0x0, 4)
2026-07-07T03:27:14.717119Z vfio_region_write  (0000:09:00.0:region0+0x802c, 0x0, 4)
2026-07-07T03:27:14.717133Z vfio_region_write  (0000:09:00.0:region0+0x8030, 0x1c, 4)
2026-07-07T03:27:14.717148Z vfio_region_write  (0000:09:00.0:region0+0x408, 0x1, 4)
2026-07-07T03:27:14.717190Z vfio_region_read  (0000:09:00.0:region0+0x100, 4) = 0x20000000
2026-07-07T03:27:14.717214Z vfio_region_read  (0000:09:00.0:region0+0x300, 4) = 0x0
2026-07-07T03:27:14.717234Z vfio_region_read  (0000:09:00.0:region0+0x200, 4) = 0x0
2026-07-07T03:27:14.717253Z vfio_region_read  (0000:09:00.0:region0+0x400, 4) = 0x3
2026-07-07T03:27:14.717273Z vfio_region_read  (0000:09:00.0:region0+0x500, 4) = 0xff0000
2026-07-07T03:27:14.717306Z vfio_region_read  (0000:09:00.0:region0+0x100, 4) = 0x0
2026-07-07T03:27:14.717326Z vfio_region_read  (0000:09:00.0:region0+0x300, 4) = 0x0
2026-07-07T03:27:14.717346Z vfio_region_read  (0000:09:00.0:region0+0x200, 4) = 0x0
2026-07-07T03:27:14.717365Z vfio_region_read  (0000:09:00.0:region0+0x400, 4) = 0x0
2026-07-07T03:27:14.717384Z vfio_region_read  (0000:09:00.0:region0+0x500, 4) = 0xff0000
2026-07-07T03:27:14.717712Z vfio_region_write  (0000:09:00.0:region0+0x408, 0x2, 4)
2026-07-07T03:27:14.717742Z vfio_region_write  (0000:09:00.0:region0+0x8020, 0x80005000, 4)
2026-07-07T03:27:14.717809Z vfio_region_write  (0000:09:00.0:region0+0x8024, 0x3c0002, 4)
2026-07-07T03:27:14.717824Z vfio_region_write  (0000:09:00.0:region0+0x8028, 0x0, 4)
2026-07-07T03:27:14.717838Z vfio_region_write  (0000:09:00.0:region0+0x802c, 0x0, 4)
2026-07-07T03:27:14.717853Z vfio_region_write  (0000:09:00.0:region0+0x8030, 0x1d, 4)
2026-07-07T03:27:14.717870Z vfio_region_write  (0000:09:00.0:region0+0x408, 0x1, 4)
2026-07-07T03:27:14.717912Z vfio_region_read  (0000:09:00.0:region0+0x100, 4) = 0x20000000
2026-07-07T03:27:14.717933Z vfio_region_read  (0000:09:00.0:region0+0x300, 4) = 0x0
2026-07-07T03:27:14.717954Z vfio_region_read  (0000:09:00.0:region0+0x200, 4) = 0x0
2026-07-07T03:27:14.717973Z vfio_region_read  (0000:09:00.0:region0+0x400, 4) = 0x3
2026-07-07T03:27:14.717992Z vfio_region_read  (0000:09:00.0:region0+0x500, 4) = 0xff0000
2026-07-07T03:27:14.718021Z vfio_region_read  (0000:09:00.0:region0+0x100, 4) = 0x0
2026-07-07T03:27:14.718041Z vfio_region_read  (0000:09:00.0:region0+0x300, 4) = 0x0
2026-07-07T03:27:14.718067Z vfio_region_read  (0000:09:00.0:region0+0x200, 4) = 0x0
2026-07-07T03:27:14.718086Z vfio_region_read  (0000:09:00.0:region0+0x400, 4) = 0x0
2026-07-07T03:27:14.718105Z vfio_region_read  (0000:09:00.0:region0+0x500, 4) = 0xff0000
2026-07-07T03:27:14.718271Z vfio_region_write  (0000:09:00.0:region0+0x408, 0x2, 4)
2026-07-07T03:27:14.718310Z vfio_region_write  (0000:09:00.0:region0+0x8020, 0x80005000, 4)
2026-07-07T03:27:14.718376Z vfio_region_write  (0000:09:00.0:region0+0x8024, 0x3d0002, 4)
2026-07-07T03:27:14.718391Z vfio_region_write  (0000:09:00.0:region0+0x8028, 0x0, 4)
2026-07-07T03:27:14.718406Z vfio_region_write  (0000:09:00.0:region0+0x802c, 0x0, 4)
2026-07-07T03:27:14.718420Z vfio_region_write  (0000:09:00.0:region0+0x8030, 0x1e, 4)
2026-07-07T03:27:14.718434Z vfio_region_write  (0000:09:00.0:region0+0x408, 0x1, 4)
2026-07-07T03:27:14.718477Z vfio_region_read  (0000:09:00.0:region0+0x100, 4) = 0x20000000
2026-07-07T03:27:14.718498Z vfio_region_read  (0000:09:00.0:region0+0x300, 4) = 0x0
2026-07-07T03:27:14.718518Z vfio_region_read  (0000:09:00.0:region0+0x200, 4) = 0x0
2026-07-07T03:27:14.718537Z vfio_region_read  (0000:09:00.0:region0+0x400, 4) = 0x3
2026-07-07T03:27:14.718557Z vfio_region_read  (0000:09:00.0:region0+0x500, 4) = 0xff0000
2026-07-07T03:27:14.718587Z vfio_region_read  (0000:09:00.0:region0+0x100, 4) = 0x0
2026-07-07T03:27:14.718607Z vfio_region_read  (0000:09:00.0:region0+0x300, 4) = 0x0
2026-07-07T03:27:14.718626Z vfio_region_read  (0000:09:00.0:region0+0x200, 4) = 0x0
2026-07-07T03:27:14.718645Z vfio_region_read  (0000:09:00.0:region0+0x400, 4) = 0x0
2026-07-07T03:27:14.718664Z vfio_region_read  (0000:09:00.0:region0+0x500, 4) = 0xff0000
2026-07-07T03:27:14.718757Z vfio_region_write  (0000:09:00.0:region0+0x408, 0x2, 4)
2026-07-07T03:29:31.576882Z vfio_region_write  (0000:09:00.0:region0+0x8020, 0x80000002, 4)
2026-07-07T03:29:31.576931Z vfio_region_write  (0000:09:00.0:region0+0x8024, 0x3e0000, 4)
2026-07-07T03:29:31.576945Z vfio_region_write  (0000:09:00.0:region0+0x8028, 0x0, 4)
2026-07-07T03:29:31.576957Z vfio_region_write  (0000:09:00.0:region0+0x802c, 0x0, 4)
2026-07-07T03:29:31.576970Z vfio_region_write  (0000:09:00.0:region0+0x408, 0x1, 4)
2026-07-07T03:29:31.577019Z vfio_region_read  (0000:09:00.0:region0+0x100, 4) = 0x20000000
2026-07-07T03:29:31.577039Z vfio_region_read  (0000:09:00.0:region0+0x300, 4) = 0x0
2026-07-07T03:29:31.577063Z vfio_region_read  (0000:09:00.0:region0+0x200, 4) = 0x0
2026-07-07T03:29:31.577083Z vfio_region_read  (0000:09:00.0:region0+0x400, 4) = 0x3
2026-07-07T03:29:31.577102Z vfio_region_read  (0000:09:00.0:region0+0x500, 4) = 0xff0000
2026-07-07T03:29:31.577130Z vfio_region_read  (0000:09:00.0:region0+0x100, 4) = 0x0
2026-07-07T03:29:31.577149Z vfio_region_read  (0000:09:00.0:region0+0x300, 4) = 0x0
2026-07-07T03:29:31.577167Z vfio_region_read  (0000:09:00.0:region0+0x200, 4) = 0x0
2026-07-07T03:29:31.577185Z vfio_region_read  (0000:09:00.0:region0+0x400, 4) = 0x0
2026-07-07T03:29:31.577204Z vfio_region_read  (0000:09:00.0:region0+0x500, 4) = 0xff0000
2026-07-07T03:29:31.577225Z vfio_region_write  (0000:09:00.0:region0+0x408, 0x2, 4)
2026-07-07T03:29:31.577266Z vfio_region_write  (0000:09:00.0:region0+0x8020, 0x80000001, 4)
2026-07-07T03:29:31.577281Z vfio_region_write  (0000:09:00.0:region0+0x8024, 0x3f0002, 4)
2026-07-07T03:29:31.577293Z vfio_region_write  (0000:09:00.0:region0+0x8028, 0x0, 4)
2026-07-07T03:29:31.577306Z vfio_region_write  (0000:09:00.0:region0+0x802c, 0x0, 4)
2026-07-07T03:29:31.577320Z vfio_region_write  (0000:09:00.0:region0+0x8030, 0x6e0001, 4)
2026-07-07T03:29:31.577333Z vfio_region_write  (0000:09:00.0:region0+0x408, 0x1, 4)
2026-07-07T03:29:31.577376Z vfio_region_read  (0000:09:00.0:region0+0x100, 4) = 0x20000000
2026-07-07T03:29:31.577396Z vfio_region_read  (0000:09:00.0:region0+0x300, 4) = 0x0
2026-07-07T03:29:31.577416Z vfio_region_read  (0000:09:00.0:region0+0x200, 4) = 0x0
2026-07-07T03:29:31.577434Z vfio_region_read  (0000:09:00.0:region0+0x400, 4) = 0x3
2026-07-07T03:29:31.577454Z vfio_region_read  (0000:09:00.0:region0+0x500, 4) = 0xff0000
2026-07-07T03:29:31.577481Z vfio_region_read  (0000:09:00.0:region0+0x100, 4) = 0x0
2026-07-07T03:29:31.577500Z vfio_region_read  (0000:09:00.0:region0+0x300, 4) = 0x0
2026-07-07T03:29:31.577518Z vfio_region_read  (0000:09:00.0:region0+0x200, 4) = 0x0
2026-07-07T03:29:31.577537Z vfio_region_read  (0000:09:00.0:region0+0x400, 4) = 0x0
2026-07-07T03:29:31.577555Z vfio_region_read  (0000:09:00.0:region0+0x500, 4) = 0xff0000
2026-07-07T03:29:31.577597Z vfio_region_write  (0000:09:00.0:region0+0x408, 0x2, 4)
2026-07-07T03:29:31.577624Z vfio_region_write  (0000:09:00.0:region0+0x8020, 0x80000001, 4)
2026-07-07T03:29:31.577639Z vfio_region_write  (0000:09:00.0:region0+0x8024, 0x400002, 4)
2026-07-07T03:29:31.577651Z vfio_region_write  (0000:09:00.0:region0+0x8028, 0x0, 4)
2026-07-07T03:29:31.577664Z vfio_region_write  (0000:09:00.0:region0+0x802c, 0x0, 4)
2026-07-07T03:29:31.577677Z vfio_region_write  (0000:09:00.0:region0+0x8030, 0x2, 4)
2026-07-07T03:29:31.577690Z vfio_region_write  (0000:09:00.0:region0+0x408, 0x1, 4)
2026-07-07T03:29:31.577733Z vfio_region_read  (0000:09:00.0:region0+0x100, 4) = 0x20000000
2026-07-07T03:29:31.577754Z vfio_region_read  (0000:09:00.0:region0+0x300, 4) = 0x0
2026-07-07T03:29:31.577773Z vfio_region_read  (0000:09:00.0:region0+0x200, 4) = 0x0
2026-07-07T03:29:31.577792Z vfio_region_read  (0000:09:00.0:region0+0x400, 4) = 0x3
2026-07-07T03:29:31.577812Z vfio_region_read  (0000:09:00.0:region0+0x500, 4) = 0xff0000
2026-07-07T03:29:31.577846Z vfio_region_read  (0000:09:00.0:region0+0x100, 4) = 0x0
2026-07-07T03:29:31.577865Z vfio_region_read  (0000:09:00.0:region0+0x300, 4) = 0x0
2026-07-07T03:29:31.577884Z vfio_region_read  (0000:09:00.0:region0+0x200, 4) = 0x0
2026-07-07T03:29:31.577902Z vfio_region_read  (0000:09:00.0:region0+0x400, 4) = 0x0
2026-07-07T03:29:31.577921Z vfio_region_read  (0000:09:00.0:region0+0x500, 4) = 0xff0000
2026-07-07T03:29:31.577993Z vfio_region_write  (0000:09:00.0:region0+0x408, 0x2, 4)
2026-07-07T03:29:31.578021Z vfio_region_write  (0000:09:00.0:region0+0x8020, 0x80000001, 4)
2026-07-07T03:29:31.578035Z vfio_region_write  (0000:09:00.0:region0+0x8024, 0x410002, 4)
2026-07-07T03:29:31.578054Z vfio_region_write  (0000:09:00.0:region0+0x8028, 0x0, 4)
2026-07-07T03:29:31.578068Z vfio_region_write  (0000:09:00.0:region0+0x802c, 0x0, 4)
2026-07-07T03:29:31.578080Z vfio_region_write  (0000:09:00.0:region0+0x8030, 0xa4710003, 4)
2026-07-07T03:29:31.578093Z vfio_region_write  (0000:09:00.0:region0+0x408, 0x1, 4)
2026-07-07T03:29:31.578137Z vfio_region_read  (0000:09:00.0:region0+0x100, 4) = 0x20000000
2026-07-07T03:29:31.578157Z vfio_region_read  (0000:09:00.0:region0+0x300, 4) = 0x0
2026-07-07T03:29:31.578176Z vfio_region_read  (0000:09:00.0:region0+0x200, 4) = 0x0
2026-07-07T03:29:31.578195Z vfio_region_read  (0000:09:00.0:region0+0x400, 4) = 0x3
2026-07-07T03:29:31.578213Z vfio_region_read  (0000:09:00.0:region0+0x500, 4) = 0xff0000
2026-07-07T03:29:31.578240Z vfio_region_read  (0000:09:00.0:region0+0x100, 4) = 0x0
2026-07-07T03:29:31.578260Z vfio_region_read  (0000:09:00.0:region0+0x300, 4) = 0x0
2026-07-07T03:29:31.578278Z vfio_region_read  (0000:09:00.0:region0+0x200, 4) = 0x0
2026-07-07T03:29:31.578296Z vfio_region_read  (0000:09:00.0:region0+0x400, 4) = 0x0
2026-07-07T03:29:31.578313Z vfio_region_read  (0000:09:00.0:region0+0x500, 4) = 0xff0000
2026-07-07T03:29:31.578335Z vfio_region_write  (0000:09:00.0:region0+0x408, 0x2, 4)
2026-07-07T03:29:31.578362Z vfio_region_write  (0000:09:00.0:region0+0x8020, 0x80000001, 4)
2026-07-07T03:29:31.578377Z vfio_region_write  (0000:09:00.0:region0+0x8024, 0x420002, 4)
2026-07-07T03:29:31.578389Z vfio_region_write  (0000:09:00.0:region0+0x8028, 0x0, 4)
2026-07-07T03:29:31.578402Z vfio_region_write  (0000:09:00.0:region0+0x802c, 0x0, 4)
2026-07-07T03:29:31.578415Z vfio_region_write  (0000:09:00.0:region0+0x8030, 0xa4710004, 4)
2026-07-07T03:29:31.578428Z vfio_region_write  (0000:09:00.0:region0+0x408, 0x1, 4)
2026-07-07T03:29:31.578471Z vfio_region_read  (0000:09:00.0:region0+0x100, 4) = 0x20000000
2026-07-07T03:29:31.578491Z vfio_region_read  (0000:09:00.0:region0+0x300, 4) = 0x0
2026-07-07T03:29:31.578511Z vfio_region_read  (0000:09:00.0:region0+0x200, 4) = 0x0
2026-07-07T03:29:31.578530Z vfio_region_read  (0000:09:00.0:region0+0x400, 4) = 0x3
2026-07-07T03:29:31.578548Z vfio_region_read  (0000:09:00.0:region0+0x500, 4) = 0xff0000
2026-07-07T03:29:31.578576Z vfio_region_read  (0000:09:00.0:region0+0x100, 4) = 0x0
2026-07-07T03:29:31.578595Z vfio_region_read  (0000:09:00.0:region0+0x300, 4) = 0x0
2026-07-07T03:29:31.578614Z vfio_region_read  (0000:09:00.0:region0+0x200, 4) = 0x0
2026-07-07T03:29:31.578633Z vfio_region_read  (0000:09:00.0:region0+0x400, 4) = 0x0
2026-07-07T03:29:31.578651Z vfio_region_read  (0000:09:00.0:region0+0x500, 4) = 0xff0000
2026-07-07T03:29:31.578676Z vfio_region_write  (0000:09:00.0:region0+0x408, 0x2, 4)
2026-07-07T03:29:31.578703Z vfio_region_write  (0000:09:00.0:region0+0x8020, 0x80000001, 4)
2026-07-07T03:29:31.578718Z vfio_region_write  (0000:09:00.0:region0+0x8024, 0x430002, 4)
2026-07-07T03:29:31.578731Z vfio_region_write  (0000:09:00.0:region0+0x8028, 0x0, 4)
2026-07-07T03:29:31.578744Z vfio_region_write  (0000:09:00.0:region0+0x802c, 0x0, 4)
2026-07-07T03:29:31.578758Z vfio_region_write  (0000:09:00.0:region0+0x8030, 0x5, 4)
2026-07-07T03:29:31.578771Z vfio_region_write  (0000:09:00.0:region0+0x408, 0x1, 4)
2026-07-07T03:29:31.578825Z vfio_region_read  (0000:09:00.0:region0+0x100, 4) = 0x20000000
2026-07-07T03:29:31.578846Z vfio_region_read  (0000:09:00.0:region0+0x300, 4) = 0x0
2026-07-07T03:29:31.578865Z vfio_region_read  (0000:09:00.0:region0+0x200, 4) = 0x0
2026-07-07T03:29:31.578884Z vfio_region_read  (0000:09:00.0:region0+0x400, 4) = 0x3
2026-07-07T03:29:31.578902Z vfio_region_read  (0000:09:00.0:region0+0x500, 4) = 0xff0000
2026-07-07T03:29:31.578934Z vfio_region_read  (0000:09:00.0:region0+0x100, 4) = 0x0
2026-07-07T03:29:31.578953Z vfio_region_read  (0000:09:00.0:region0+0x300, 4) = 0x0
2026-07-07T03:29:31.578972Z vfio_region_read  (0000:09:00.0:region0+0x200, 4) = 0x0
2026-07-07T03:29:31.578990Z vfio_region_read  (0000:09:00.0:region0+0x400, 4) = 0x0
2026-07-07T03:29:31.579009Z vfio_region_read  (0000:09:00.0:region0+0x500, 4) = 0xff0000
2026-07-07T03:29:31.579036Z vfio_region_write  (0000:09:00.0:region0+0x408, 0x2, 4)
2026-07-07T03:29:31.579069Z vfio_region_write  (0000:09:00.0:region0+0x8020, 0x80000001, 4)
2026-07-07T03:29:31.579083Z vfio_region_write  (0000:09:00.0:region0+0x8024, 0x440002, 4)
2026-07-07T03:29:31.579096Z vfio_region_write  (0000:09:00.0:region0+0x8028, 0x0, 4)
2026-07-07T03:29:31.579109Z vfio_region_write  (0000:09:00.0:region0+0x802c, 0x0, 4)
2026-07-07T03:29:31.579124Z vfio_region_write  (0000:09:00.0:region0+0x8030, 0x6e0006, 4)
2026-07-07T03:29:31.579137Z vfio_region_write  (0000:09:00.0:region0+0x408, 0x1, 4)
2026-07-07T03:29:31.579182Z vfio_region_read  (0000:09:00.0:region0+0x100, 4) = 0x20000000
2026-07-07T03:29:31.579203Z vfio_region_read  (0000:09:00.0:region0+0x300, 4) = 0x0
2026-07-07T03:29:31.579222Z vfio_region_read  (0000:09:00.0:region0+0x200, 4) = 0x0
2026-07-07T03:29:31.579241Z vfio_region_read  (0000:09:00.0:region0+0x400, 4) = 0x3
2026-07-07T03:29:31.579259Z vfio_region_read  (0000:09:00.0:region0+0x500, 4) = 0xff0000
2026-07-07T03:29:31.579287Z vfio_region_read  (0000:09:00.0:region0+0x100, 4) = 0x0
2026-07-07T03:29:31.579306Z vfio_region_read  (0000:09:00.0:region0+0x300, 4) = 0x0
2026-07-07T03:29:31.579325Z vfio_region_read  (0000:09:00.0:region0+0x200, 4) = 0x0
2026-07-07T03:29:31.579344Z vfio_region_read  (0000:09:00.0:region0+0x400, 4) = 0x0
2026-07-07T03:29:31.579362Z vfio_region_read  (0000:09:00.0:region0+0x500, 4) = 0xff0000
2026-07-07T03:29:31.579462Z vfio_region_write  (0000:09:00.0:region0+0x408, 0x2, 4)
2026-07-07T03:29:31.579490Z vfio_region_write  (0000:09:00.0:region0+0x8020, 0x80000001, 4)
2026-07-07T03:29:31.579505Z vfio_region_write  (0000:09:00.0:region0+0x8024, 0x450002, 4)
2026-07-07T03:29:31.579518Z vfio_region_write  (0000:09:00.0:region0+0x8028, 0x0, 4)
2026-07-07T03:29:31.579532Z vfio_region_write  (0000:09:00.0:region0+0x802c, 0x0, 4)
2026-07-07T03:29:31.579546Z vfio_region_write  (0000:09:00.0:region0+0x8030, 0xe7b60007, 4)
2026-07-07T03:29:31.579561Z vfio_region_write  (0000:09:00.0:region0+0x408, 0x1, 4)
2026-07-07T03:29:31.579603Z vfio_region_read  (0000:09:00.0:region0+0x100, 4) = 0x20000000
2026-07-07T03:29:31.579623Z vfio_region_read  (0000:09:00.0:region0+0x300, 4) = 0x0
2026-07-07T03:29:31.579643Z vfio_region_read  (0000:09:00.0:region0+0x200, 4) = 0x0
2026-07-07T03:29:31.579661Z vfio_region_read  (0000:09:00.0:region0+0x400, 4) = 0x3
2026-07-07T03:29:31.579680Z vfio_region_read  (0000:09:00.0:region0+0x500, 4) = 0xff0000
2026-07-07T03:29:31.579708Z vfio_region_read  (0000:09:00.0:region0+0x100, 4) = 0x0
2026-07-07T03:29:31.579727Z vfio_region_read  (0000:09:00.0:region0+0x300, 4) = 0x0
2026-07-07T03:29:31.579746Z vfio_region_read  (0000:09:00.0:region0+0x200, 4) = 0x0
2026-07-07T03:29:31.579764Z vfio_region_read  (0000:09:00.0:region0+0x400, 4) = 0x0
2026-07-07T03:29:31.579783Z vfio_region_read  (0000:09:00.0:region0+0x500, 4) = 0xff0000
2026-07-07T03:29:31.579854Z vfio_region_write  (0000:09:00.0:region0+0x408, 0x2, 4)
2026-07-07T03:29:31.579881Z vfio_region_write  (0000:09:00.0:region0+0x8020, 0x80000001, 4)
2026-07-07T03:29:31.579896Z vfio_region_write  (0000:09:00.0:region0+0x8024, 0x460002, 4)
2026-07-07T03:29:31.579910Z vfio_region_write  (0000:09:00.0:region0+0x8028, 0x0, 4)
2026-07-07T03:29:31.579924Z vfio_region_write  (0000:09:00.0:region0+0x802c, 0x0, 4)
2026-07-07T03:29:31.579938Z vfio_region_write  (0000:09:00.0:region0+0x8030, 0x8, 4)
2026-07-07T03:29:31.579953Z vfio_region_write  (0000:09:00.0:region0+0x408, 0x1, 4)
2026-07-07T03:29:31.579996Z vfio_region_read  (0000:09:00.0:region0+0x100, 4) = 0x20000000
2026-07-07T03:29:31.580016Z vfio_region_read  (0000:09:00.0:region0+0x300, 4) = 0x0
2026-07-07T03:29:31.580035Z vfio_region_read  (0000:09:00.0:region0+0x200, 4) = 0x0
2026-07-07T03:29:31.580059Z vfio_region_read  (0000:09:00.0:region0+0x400, 4) = 0x3
2026-07-07T03:29:31.580078Z vfio_region_read  (0000:09:00.0:region0+0x500, 4) = 0xff0000
2026-07-07T03:29:31.580106Z vfio_region_read  (0000:09:00.0:region0+0x100, 4) = 0x0
2026-07-07T03:29:31.580125Z vfio_region_read  (0000:09:00.0:region0+0x300, 4) = 0x0
2026-07-07T03:29:31.580144Z vfio_region_read  (0000:09:00.0:region0+0x200, 4) = 0x0
2026-07-07T03:29:31.580162Z vfio_region_read  (0000:09:00.0:region0+0x400, 4) = 0x0
2026-07-07T03:29:31.580181Z vfio_region_read  (0000:09:00.0:region0+0x500, 4) = 0xff0000
2026-07-07T03:29:31.580203Z vfio_region_write  (0000:09:00.0:region0+0x408, 0x2, 4)
2026-07-07T03:29:31.580230Z vfio_region_write  (0000:09:00.0:region0+0x8020, 0x80000002, 4)
2026-07-07T03:29:31.580245Z vfio_region_write  (0000:09:00.0:region0+0x8024, 0x470000, 4)
2026-07-07T03:29:31.580258Z vfio_region_write  (0000:09:00.0:region0+0x8028, 0x0, 4)
2026-07-07T03:29:31.580272Z vfio_region_write  (0000:09:00.0:region0+0x802c, 0x0, 4)
2026-07-07T03:29:31.580287Z vfio_region_write  (0000:09:00.0:region0+0x408, 0x1, 4)
2026-07-07T03:29:31.580329Z vfio_region_read  (0000:09:00.0:region0+0x100, 4) = 0x20000000
2026-07-07T03:29:31.580349Z vfio_region_read  (0000:09:00.0:region0+0x300, 4) = 0x0
2026-07-07T03:29:31.580368Z vfio_region_read  (0000:09:00.0:region0+0x200, 4) = 0x0
2026-07-07T03:29:31.580387Z vfio_region_read  (0000:09:00.0:region0+0x400, 4) = 0x3
2026-07-07T03:29:31.580406Z vfio_region_read  (0000:09:00.0:region0+0x500, 4) = 0xff0000
2026-07-07T03:29:31.580434Z vfio_region_read  (0000:09:00.0:region0+0x100, 4) = 0x0
2026-07-07T03:29:31.580453Z vfio_region_read  (0000:09:00.0:region0+0x300, 4) = 0x0
2026-07-07T03:29:31.580472Z vfio_region_read  (0000:09:00.0:region0+0x200, 4) = 0x0
2026-07-07T03:29:31.580490Z vfio_region_read  (0000:09:00.0:region0+0x400, 4) = 0x0
2026-07-07T03:29:31.580509Z vfio_region_read  (0000:09:00.0:region0+0x500, 4) = 0xff0000
2026-07-07T03:29:31.580560Z vfio_region_write  (0000:09:00.0:region0+0x408, 0x2, 4)
2026-07-07T03:29:31.580588Z vfio_region_write  (0000:09:00.0:region0+0x8020, 0x80003000, 4)
2026-07-07T03:29:31.580603Z vfio_region_write  (0000:09:00.0:region0+0x8024, 0x480000, 4)
2026-07-07T03:29:31.580616Z vfio_region_write  (0000:09:00.0:region0+0x8028, 0x0, 4)
2026-07-07T03:29:31.580629Z vfio_region_write  (0000:09:00.0:region0+0x802c, 0x0, 4)
2026-07-07T03:29:31.580643Z vfio_region_write  (0000:09:00.0:region0+0x408, 0x1, 4)
2026-07-07T03:29:31.580687Z vfio_region_read  (0000:09:00.0:region0+0x100, 4) = 0x20000000
2026-07-07T03:29:31.580708Z vfio_region_read  (0000:09:00.0:region0+0x300, 4) = 0x0
2026-07-07T03:29:31.580727Z vfio_region_read  (0000:09:00.0:region0+0x200, 4) = 0x0
2026-07-07T03:29:31.580746Z vfio_region_read  (0000:09:00.0:region0+0x400, 4) = 0x3
2026-07-07T03:29:31.580764Z vfio_region_read  (0000:09:00.0:region0+0x500, 4) = 0xff0000
2026-07-07T03:29:31.580792Z vfio_region_read  (0000:09:00.0:region0+0x100, 4) = 0x0
2026-07-07T03:29:31.580812Z vfio_region_read  (0000:09:00.0:region0+0x300, 4) = 0x0
2026-07-07T03:29:31.580838Z vfio_region_read  (0000:09:00.0:region0+0x200, 4) = 0x0
2026-07-07T03:29:31.580857Z vfio_region_read  (0000:09:00.0:region0+0x400, 4) = 0x0
2026-07-07T03:29:31.580876Z vfio_region_read  (0000:09:00.0:region0+0x500, 4) = 0xff0000
2026-07-07T03:29:31.581092Z vfio_region_write  (0000:09:00.0:region0+0x408, 0x2, 4)
2026-07-07T03:29:31.581123Z vfio_region_write  (0000:09:00.0:region0+0x8020, 0x80002000, 4)
2026-07-07T03:29:31.581138Z vfio_region_write  (0000:09:00.0:region0+0x8024, 0x490000, 4)
2026-07-07T03:29:31.581151Z vfio_region_write  (0000:09:00.0:region0+0x8028, 0x0, 4)
2026-07-07T03:29:31.581164Z vfio_region_write  (0000:09:00.0:region0+0x802c, 0x0, 4)
2026-07-07T03:29:31.581178Z vfio_region_write  (0000:09:00.0:region0+0x408, 0x1, 4)
2026-07-07T03:29:31.581220Z vfio_region_read  (0000:09:00.0:region0+0x100, 4) = 0x20000000
2026-07-07T03:29:31.581241Z vfio_region_read  (0000:09:00.0:region0+0x300, 4) = 0x0
2026-07-07T03:29:31.581260Z vfio_region_read  (0000:09:00.0:region0+0x200, 4) = 0x0
2026-07-07T03:29:31.581279Z vfio_region_read  (0000:09:00.0:region0+0x400, 4) = 0x3
2026-07-07T03:29:31.581297Z vfio_region_read  (0000:09:00.0:region0+0x500, 4) = 0xff0000
2026-07-07T03:29:31.581325Z vfio_region_read  (0000:09:00.0:region0+0x100, 4) = 0x0
2026-07-07T03:29:31.581344Z vfio_region_read  (0000:09:00.0:region0+0x300, 4) = 0x0
2026-07-07T03:29:31.581363Z vfio_region_read  (0000:09:00.0:region0+0x200, 4) = 0x0
2026-07-07T03:29:31.581381Z vfio_region_read  (0000:09:00.0:region0+0x400, 4) = 0x0
2026-07-07T03:29:31.581400Z vfio_region_read  (0000:09:00.0:region0+0x500, 4) = 0xff0000
2026-07-07T03:29:31.581499Z vfio_region_write  (0000:09:00.0:region0+0x408, 0x2, 4)
2026-07-07T03:29:31.581527Z vfio_region_write  (0000:09:00.0:region0+0x8020, 0x80001000, 4)
2026-07-07T03:29:31.581542Z vfio_region_write  (0000:09:00.0:region0+0x8024, 0x4a0000, 4)
2026-07-07T03:29:31.581555Z vfio_region_write  (0000:09:00.0:region0+0x8028, 0x0, 4)
2026-07-07T03:29:31.581569Z vfio_region_write  (0000:09:00.0:region0+0x802c, 0x0, 4)
2026-07-07T03:29:31.581583Z vfio_region_write  (0000:09:00.0:region0+0x408, 0x1, 4)
2026-07-07T03:29:31.581625Z vfio_region_read  (0000:09:00.0:region0+0x100, 4) = 0x20000000
2026-07-07T03:29:31.581646Z vfio_region_read  (0000:09:00.0:region0+0x300, 4) = 0x0
2026-07-07T03:29:31.581665Z vfio_region_read  (0000:09:00.0:region0+0x200, 4) = 0x0
2026-07-07T03:29:31.581683Z vfio_region_read  (0000:09:00.0:region0+0x400, 4) = 0x3
2026-07-07T03:29:31.581702Z vfio_region_read  (0000:09:00.0:region0+0x500, 4) = 0xff0000
2026-07-07T03:29:31.581730Z vfio_region_read  (0000:09:00.0:region0+0x100, 4) = 0x0
2026-07-07T03:29:31.581749Z vfio_region_read  (0000:09:00.0:region0+0x300, 4) = 0x0
2026-07-07T03:29:31.581767Z vfio_region_read  (0000:09:00.0:region0+0x200, 4) = 0x0
2026-07-07T03:29:31.581786Z vfio_region_read  (0000:09:00.0:region0+0x400, 4) = 0x0
2026-07-07T03:29:31.581806Z vfio_region_read  (0000:09:00.0:region0+0x500, 4) = 0xff0000
2026-07-07T03:29:31.582264Z vfio_region_write  (0000:09:00.0:region0+0x408, 0x2, 4)
2026-07-07T03:29:31.582293Z vfio_region_write  (0000:09:00.0:region0+0x8020, 0x80004000, 4)
2026-07-07T03:29:31.582307Z vfio_region_write  (0000:09:00.0:region0+0x8024, 0x4b0000, 4)
2026-07-07T03:29:31.582321Z vfio_region_write  (0000:09:00.0:region0+0x8028, 0x0, 4)
2026-07-07T03:29:31.582335Z vfio_region_write  (0000:09:00.0:region0+0x802c, 0x0, 4)
2026-07-07T03:29:31.582349Z vfio_region_write  (0000:09:00.0:region0+0x408, 0x1, 4)
2026-07-07T03:29:31.582390Z vfio_region_read  (0000:09:00.0:region0+0x100, 4) = 0x20000000
2026-07-07T03:29:31.582411Z vfio_region_read  (0000:09:00.0:region0+0x300, 4) = 0x0
2026-07-07T03:29:31.582431Z vfio_region_read  (0000:09:00.0:region0+0x200, 4) = 0x0
2026-07-07T03:29:31.582449Z vfio_region_read  (0000:09:00.0:region0+0x400, 4) = 0x3
2026-07-07T03:29:31.582468Z vfio_region_read  (0000:09:00.0:region0+0x500, 4) = 0xff0000
2026-07-07T03:29:31.582500Z vfio_region_read  (0000:09:00.0:region0+0x100, 4) = 0x0
2026-07-07T03:29:31.582519Z vfio_region_read  (0000:09:00.0:region0+0x300, 4) = 0x0
2026-07-07T03:29:31.582538Z vfio_region_read  (0000:09:00.0:region0+0x200, 4) = 0x0
2026-07-07T03:29:31.582557Z vfio_region_read  (0000:09:00.0:region0+0x400, 4) = 0x0
2026-07-07T03:29:31.582575Z vfio_region_read  (0000:09:00.0:region0+0x500, 4) = 0xff0000
2026-07-07T03:29:31.582683Z vfio_region_write  (0000:09:00.0:region0+0x408, 0x2, 4)
2026-07-07T03:29:31.582762Z vfio_region_write  (0000:09:00.0:region0+0x8020, 0x80004001, 4)
2026-07-07T03:29:31.582777Z vfio_region_write  (0000:09:00.0:region0+0x8024, 0x4c0004, 4)
2026-07-07T03:29:31.582791Z vfio_region_write  (0000:09:00.0:region0+0x8028, 0x0, 4)
2026-07-07T03:29:31.582807Z vfio_region_write  (0000:09:00.0:region0+0x802c, 0x0, 4)
2026-07-07T03:29:31.582828Z vfio_region_write  (0000:09:00.0:region0+0x8030, 0x0, 4)
2026-07-07T03:29:31.582842Z vfio_region_write  (0000:09:00.0:region0+0x408, 0x1, 4)
2026-07-07T03:29:31.582885Z vfio_region_read  (0000:09:00.0:region0+0x100, 4) = 0x20000000
2026-07-07T03:29:31.582905Z vfio_region_read  (0000:09:00.0:region0+0x300, 4) = 0x0
2026-07-07T03:29:31.582925Z vfio_region_read  (0000:09:00.0:region0+0x200, 4) = 0x0
2026-07-07T03:29:31.582944Z vfio_region_read  (0000:09:00.0:region0+0x400, 4) = 0x3
2026-07-07T03:29:31.582963Z vfio_region_read  (0000:09:00.0:region0+0x500, 4) = 0xff0000
2026-07-07T03:29:31.582990Z vfio_region_read  (0000:09:00.0:region0+0x100, 4) = 0x0
2026-07-07T03:29:31.583010Z vfio_region_read  (0000:09:00.0:region0+0x300, 4) = 0x0
2026-07-07T03:29:31.583028Z vfio_region_read  (0000:09:00.0:region0+0x200, 4) = 0x0
2026-07-07T03:29:31.583055Z vfio_region_read  (0000:09:00.0:region0+0x400, 4) = 0x0
2026-07-07T03:29:31.583077Z vfio_region_read  (0000:09:00.0:region0+0x500, 4) = 0xff0000
2026-07-07T03:29:31.583126Z vfio_region_write  (0000:09:00.0:region0+0x408, 0x2, 4)
2026-07-07T03:29:31.583205Z vfio_region_write  (0000:09:00.0:region0+0x8020, 0x80004001, 4)
2026-07-07T03:29:31.583220Z vfio_region_write  (0000:09:00.0:region0+0x8024, 0x4d0004, 4)
2026-07-07T03:29:31.583233Z vfio_region_write  (0000:09:00.0:region0+0x8028, 0x0, 4)
2026-07-07T03:29:31.583247Z vfio_region_write  (0000:09:00.0:region0+0x802c, 0x0, 4)
2026-07-07T03:29:31.583260Z vfio_region_write  (0000:09:00.0:region0+0x8030, 0x1, 4)
2026-07-07T03:29:31.583274Z vfio_region_write  (0000:09:00.0:region0+0x408, 0x1, 4)
2026-07-07T03:29:31.583317Z vfio_region_read  (0000:09:00.0:region0+0x100, 4) = 0x20000000
2026-07-07T03:29:31.583337Z vfio_region_read  (0000:09:00.0:region0+0x300, 4) = 0x0
2026-07-07T03:29:31.583358Z vfio_region_read  (0000:09:00.0:region0+0x200, 4) = 0x0
2026-07-07T03:29:31.583377Z vfio_region_read  (0000:09:00.0:region0+0x400, 4) = 0x3
2026-07-07T03:29:31.583395Z vfio_region_read  (0000:09:00.0:region0+0x500, 4) = 0xff0000
2026-07-07T03:29:31.583423Z vfio_region_read  (0000:09:00.0:region0+0x100, 4) = 0x0
2026-07-07T03:29:31.583442Z vfio_region_read  (0000:09:00.0:region0+0x300, 4) = 0x0
2026-07-07T03:29:31.583461Z vfio_region_read  (0000:09:00.0:region0+0x200, 4) = 0x0
2026-07-07T03:29:31.583479Z vfio_region_read  (0000:09:00.0:region0+0x400, 4) = 0x0
2026-07-07T03:29:31.583498Z vfio_region_read  (0000:09:00.0:region0+0x500, 4) = 0xff0000
2026-07-07T03:29:31.583647Z vfio_region_write  (0000:09:00.0:region0+0x408, 0x2, 4)
2026-07-07T03:29:31.583686Z vfio_region_write  (0000:09:00.0:region0+0x8020, 0x80004001, 4)
2026-07-07T03:29:31.583750Z vfio_region_write  (0000:09:00.0:region0+0x8024, 0x4e0004, 4)
2026-07-07T03:29:31.583765Z vfio_region_write  (0000:09:00.0:region0+0x8028, 0x0, 4)
2026-07-07T03:29:31.583778Z vfio_region_write  (0000:09:00.0:region0+0x802c, 0x0, 4)
2026-07-07T03:29:31.583792Z vfio_region_write  (0000:09:00.0:region0+0x8030, 0x2, 4)
2026-07-07T03:29:31.583808Z vfio_region_write  (0000:09:00.0:region0+0x408, 0x1, 4)
2026-07-07T03:29:31.583850Z vfio_region_read  (0000:09:00.0:region0+0x100, 4) = 0x20000000
2026-07-07T03:29:31.583870Z vfio_region_read  (0000:09:00.0:region0+0x300, 4) = 0x0
2026-07-07T03:29:31.583891Z vfio_region_read  (0000:09:00.0:region0+0x200, 4) = 0x0
2026-07-07T03:29:31.583909Z vfio_region_read  (0000:09:00.0:region0+0x400, 4) = 0x3
2026-07-07T03:29:31.583928Z vfio_region_read  (0000:09:00.0:region0+0x500, 4) = 0xff0000
2026-07-07T03:29:31.583956Z vfio_region_read  (0000:09:00.0:region0+0x100, 4) = 0x0
2026-07-07T03:29:31.583975Z vfio_region_read  (0000:09:00.0:region0+0x300, 4) = 0x0
2026-07-07T03:29:31.583993Z vfio_region_read  (0000:09:00.0:region0+0x200, 4) = 0x0
2026-07-07T03:29:31.584012Z vfio_region_read  (0000:09:00.0:region0+0x400, 4) = 0x0
2026-07-07T03:29:31.584030Z vfio_region_read  (0000:09:00.0:region0+0x500, 4) = 0xff0000
2026-07-07T03:29:31.584098Z vfio_region_write  (0000:09:00.0:region0+0x408, 0x2, 4)
2026-07-07T03:29:31.584176Z vfio_region_write  (0000:09:00.0:region0+0x8020, 0x80004001, 4)
2026-07-07T03:29:31.584191Z vfio_region_write  (0000:09:00.0:region0+0x8024, 0x4f0004, 4)
2026-07-07T03:29:31.584205Z vfio_region_write  (0000:09:00.0:region0+0x8028, 0x0, 4)
2026-07-07T03:29:31.584218Z vfio_region_write  (0000:09:00.0:region0+0x802c, 0x0, 4)
2026-07-07T03:29:31.584233Z vfio_region_write  (0000:09:00.0:region0+0x8030, 0x3, 4)
2026-07-07T03:29:31.584247Z vfio_region_write  (0000:09:00.0:region0+0x408, 0x1, 4)
2026-07-07T03:29:31.584290Z vfio_region_read  (0000:09:00.0:region0+0x100, 4) = 0x20000000
2026-07-07T03:29:31.584310Z vfio_region_read  (0000:09:00.0:region0+0x300, 4) = 0x0
2026-07-07T03:29:31.584330Z vfio_region_read  (0000:09:00.0:region0+0x200, 4) = 0x0
2026-07-07T03:29:31.584349Z vfio_region_read  (0000:09:00.0:region0+0x400, 4) = 0x3
2026-07-07T03:29:31.584368Z vfio_region_read  (0000:09:00.0:region0+0x500, 4) = 0xff0000
2026-07-07T03:29:31.584400Z vfio_region_read  (0000:09:00.0:region0+0x100, 4) = 0x0
2026-07-07T03:29:31.584419Z vfio_region_read  (0000:09:00.0:region0+0x300, 4) = 0x0
2026-07-07T03:29:31.584437Z vfio_region_read  (0000:09:00.0:region0+0x200, 4) = 0x0
2026-07-07T03:29:31.584456Z vfio_region_read  (0000:09:00.0:region0+0x400, 4) = 0x0
2026-07-07T03:29:31.584474Z vfio_region_read  (0000:09:00.0:region0+0x500, 4) = 0xff0000
2026-07-07T03:29:31.584536Z vfio_region_write  (0000:09:00.0:region0+0x408, 0x2, 4)
2026-07-07T03:29:31.584617Z vfio_region_write  (0000:09:00.0:region0+0x8020, 0x80004001, 4)
2026-07-07T03:29:31.584632Z vfio_region_write  (0000:09:00.0:region0+0x8024, 0x500004, 4)
2026-07-07T03:29:31.584645Z vfio_region_write  (0000:09:00.0:region0+0x8028, 0x0, 4)
2026-07-07T03:29:31.584659Z vfio_region_write  (0000:09:00.0:region0+0x802c, 0x0, 4)
2026-07-07T03:29:31.584673Z vfio_region_write  (0000:09:00.0:region0+0x8030, 0x4, 4)
2026-07-07T03:29:31.584688Z vfio_region_write  (0000:09:00.0:region0+0x408, 0x1, 4)
2026-07-07T03:29:31.584730Z vfio_region_read  (0000:09:00.0:region0+0x100, 4) = 0x20000000
2026-07-07T03:29:31.584750Z vfio_region_read  (0000:09:00.0:region0+0x300, 4) = 0x0
2026-07-07T03:29:31.584770Z vfio_region_read  (0000:09:00.0:region0+0x200, 4) = 0x0
2026-07-07T03:29:31.584789Z vfio_region_read  (0000:09:00.0:region0+0x400, 4) = 0x3
2026-07-07T03:29:31.584809Z vfio_region_read  (0000:09:00.0:region0+0x500, 4) = 0xff0000
2026-07-07T03:29:31.584847Z vfio_region_read  (0000:09:00.0:region0+0x100, 4) = 0x0
2026-07-07T03:29:31.584867Z vfio_region_read  (0000:09:00.0:region0+0x300, 4) = 0x0
2026-07-07T03:29:31.584885Z vfio_region_read  (0000:09:00.0:region0+0x200, 4) = 0x0
2026-07-07T03:29:31.584904Z vfio_region_read  (0000:09:00.0:region0+0x400, 4) = 0x0
2026-07-07T03:29:31.584922Z vfio_region_read  (0000:09:00.0:region0+0x500, 4) = 0xff0000
2026-07-07T03:29:31.584980Z vfio_region_write  (0000:09:00.0:region0+0x408, 0x2, 4)
2026-07-07T03:29:31.585083Z vfio_region_write  (0000:09:00.0:region0+0x8020, 0x80004001, 4)
2026-07-07T03:29:31.585098Z vfio_region_write  (0000:09:00.0:region0+0x8024, 0x510004, 4)
2026-07-07T03:29:31.585111Z vfio_region_write  (0000:09:00.0:region0+0x8028, 0x0, 4)
2026-07-07T03:29:31.585124Z vfio_region_write  (0000:09:00.0:region0+0x802c, 0x0, 4)
2026-07-07T03:29:31.585137Z vfio_region_write  (0000:09:00.0:region0+0x8030, 0x5, 4)
2026-07-07T03:29:31.585151Z vfio_region_write  (0000:09:00.0:region0+0x408, 0x1, 4)
2026-07-07T03:29:31.585194Z vfio_region_read  (0000:09:00.0:region0+0x100, 4) = 0x20000000
2026-07-07T03:29:31.585214Z vfio_region_read  (0000:09:00.0:region0+0x300, 4) = 0x0
2026-07-07T03:29:31.585233Z vfio_region_read  (0000:09:00.0:region0+0x200, 4) = 0x0
2026-07-07T03:29:31.585253Z vfio_region_read  (0000:09:00.0:region0+0x400, 4) = 0x3
2026-07-07T03:29:31.585272Z vfio_region_read  (0000:09:00.0:region0+0x500, 4) = 0xff0000
2026-07-07T03:29:31.585300Z vfio_region_read  (0000:09:00.0:region0+0x100, 4) = 0x0
2026-07-07T03:29:31.585319Z vfio_region_read  (0000:09:00.0:region0+0x300, 4) = 0x0
2026-07-07T03:29:31.585338Z vfio_region_read  (0000:09:00.0:region0+0x200, 4) = 0x0
2026-07-07T03:29:31.585356Z vfio_region_read  (0000:09:00.0:region0+0x400, 4) = 0x0
2026-07-07T03:29:31.585375Z vfio_region_read  (0000:09:00.0:region0+0x500, 4) = 0xff0000
2026-07-07T03:29:31.585643Z vfio_region_write  (0000:09:00.0:region0+0x408, 0x2, 4)
2026-07-07T03:29:31.585723Z vfio_region_write  (0000:09:00.0:region0+0x8020, 0x80800005, 4)
2026-07-07T03:29:31.585738Z vfio_region_write  (0000:09:00.0:region0+0x8024, 0x520008, 4)
2026-07-07T03:29:31.585751Z vfio_region_write  (0000:09:00.0:region0+0x8028, 0x0, 4)
2026-07-07T03:29:31.585764Z vfio_region_write  (0000:09:00.0:region0+0x802c, 0x0, 4)
2026-07-07T03:29:31.585778Z vfio_region_write  (0000:09:00.0:region0+0x8030, 0x0, 4)
2026-07-07T03:29:31.585791Z vfio_region_write  (0000:09:00.0:region0+0x8034, 0x8, 4)
2026-07-07T03:29:31.585805Z vfio_region_write  (0000:09:00.0:region0+0x408, 0x1, 4)
2026-07-07T03:29:31.585848Z vfio_region_read  (0000:09:00.0:region0+0x100, 4) = 0x20000000
2026-07-07T03:29:31.585868Z vfio_region_read  (0000:09:00.0:region0+0x300, 4) = 0x0
2026-07-07T03:29:31.585888Z vfio_region_read  (0000:09:00.0:region0+0x200, 4) = 0x0
2026-07-07T03:29:31.585907Z vfio_region_read  (0000:09:00.0:region0+0x400, 4) = 0x3
2026-07-07T03:29:31.585925Z vfio_region_read  (0000:09:00.0:region0+0x500, 4) = 0xff0000
2026-07-07T03:29:31.585958Z vfio_region_read  (0000:09:00.0:region0+0x100, 4) = 0x0
2026-07-07T03:29:31.585977Z vfio_region_read  (0000:09:00.0:region0+0x300, 4) = 0x0
2026-07-07T03:29:31.585995Z vfio_region_read  (0000:09:00.0:region0+0x200, 4) = 0x0
2026-07-07T03:29:31.586014Z vfio_region_read  (0000:09:00.0:region0+0x400, 4) = 0x0
2026-07-07T03:29:31.586032Z vfio_region_read  (0000:09:00.0:region0+0x500, 4) = 0xff0000
2026-07-07T03:29:31.586524Z vfio_region_write  (0000:09:00.0:region0+0x408, 0x2, 4)
2026-07-07T03:29:31.586567Z vfio_region_write  (0000:09:00.0:region0+0x8020, 0x80006004, 4)
2026-07-07T03:29:31.586582Z vfio_region_write  (0000:09:00.0:region0+0x8024, 0x530000, 4)
2026-07-07T03:29:31.586596Z vfio_region_write  (0000:09:00.0:region0+0x8028, 0x0, 4)
2026-07-07T03:29:31.586610Z vfio_region_write  (0000:09:00.0:region0+0x802c, 0x0, 4)
2026-07-07T03:29:31.586624Z vfio_region_write  (0000:09:00.0:region0+0x408, 0x1, 4)
2026-07-07T03:29:31.586667Z vfio_region_read  (0000:09:00.0:region0+0x100, 4) = 0x20000000
2026-07-07T03:29:31.586688Z vfio_region_read  (0000:09:00.0:region0+0x300, 4) = 0x0
2026-07-07T03:29:31.586707Z vfio_region_read  (0000:09:00.0:region0+0x200, 4) = 0x0
2026-07-07T03:29:31.586726Z vfio_region_read  (0000:09:00.0:region0+0x400, 4) = 0x3
2026-07-07T03:29:31.586744Z vfio_region_read  (0000:09:00.0:region0+0x500, 4) = 0xff0000
2026-07-07T03:29:31.586772Z vfio_region_read  (0000:09:00.0:region0+0x100, 4) = 0x0
2026-07-07T03:29:31.586791Z vfio_region_read  (0000:09:00.0:region0+0x300, 4) = 0x0
2026-07-07T03:29:31.586811Z vfio_region_read  (0000:09:00.0:region0+0x200, 4) = 0x0
2026-07-07T03:29:31.586837Z vfio_region_read  (0000:09:00.0:region0+0x400, 4) = 0x0
2026-07-07T03:29:31.586856Z vfio_region_read  (0000:09:00.0:region0+0x500, 4) = 0xff0000
2026-07-07T03:29:31.586894Z vfio_region_write  (0000:09:00.0:region0+0x408, 0x2, 4)
2026-07-07T03:29:31.586922Z vfio_region_write  (0000:09:00.0:region0+0x8020, 0x80006002, 4)
2026-07-07T03:29:31.586936Z vfio_region_write  (0000:09:00.0:region0+0x8024, 0x540000, 4)
2026-07-07T03:29:31.586950Z vfio_region_write  (0000:09:00.0:region0+0x8028, 0x0, 4)
2026-07-07T03:29:31.586964Z vfio_region_write  (0000:09:00.0:region0+0x802c, 0x0, 4)
2026-07-07T03:29:31.586979Z vfio_region_write  (0000:09:00.0:region0+0x408, 0x1, 4)
2026-07-07T03:29:31.587021Z vfio_region_read  (0000:09:00.0:region0+0x100, 4) = 0x20000000
2026-07-07T03:29:31.587042Z vfio_region_read  (0000:09:00.0:region0+0x300, 4) = 0x0
2026-07-07T03:29:31.587070Z vfio_region_read  (0000:09:00.0:region0+0x200, 4) = 0x0
2026-07-07T03:29:31.587090Z vfio_region_read  (0000:09:00.0:region0+0x400, 4) = 0x3
2026-07-07T03:29:31.587109Z vfio_region_read  (0000:09:00.0:region0+0x500, 4) = 0xff0000
2026-07-07T03:29:31.587137Z vfio_region_read  (0000:09:00.0:region0+0x100, 4) = 0x0
2026-07-07T03:29:31.587156Z vfio_region_read  (0000:09:00.0:region0+0x300, 4) = 0x0
2026-07-07T03:29:31.587175Z vfio_region_read  (0000:09:00.0:region0+0x200, 4) = 0x0
2026-07-07T03:29:31.587193Z vfio_region_read  (0000:09:00.0:region0+0x400, 4) = 0x0
2026-07-07T03:29:31.587212Z vfio_region_read  (0000:09:00.0:region0+0x500, 4) = 0xff0000
2026-07-07T03:29:31.587250Z vfio_region_write  (0000:09:00.0:region0+0x408, 0x2, 4)
2026-07-07T03:29:31.587278Z vfio_region_write  (0000:09:00.0:region0+0x8020, 0x80006005, 4)
2026-07-07T03:29:31.587292Z vfio_region_write  (0000:09:00.0:region0+0x8024, 0x550000, 4)
2026-07-07T03:29:31.587306Z vfio_region_write  (0000:09:00.0:region0+0x8028, 0x0, 4)
2026-07-07T03:29:31.587319Z vfio_region_write  (0000:09:00.0:region0+0x802c, 0x0, 4)
2026-07-07T03:29:31.587333Z vfio_region_write  (0000:09:00.0:region0+0x408, 0x1, 4)
2026-07-07T03:29:31.587375Z vfio_region_read  (0000:09:00.0:region0+0x100, 4) = 0x20000000
2026-07-07T03:29:31.587395Z vfio_region_read  (0000:09:00.0:region0+0x300, 4) = 0x0
2026-07-07T03:29:31.587415Z vfio_region_read  (0000:09:00.0:region0+0x200, 4) = 0x0
2026-07-07T03:29:31.587433Z vfio_region_read  (0000:09:00.0:region0+0x400, 4) = 0x3
2026-07-07T03:29:31.587452Z vfio_region_read  (0000:09:00.0:region0+0x500, 4) = 0xff0000
2026-07-07T03:29:31.587480Z vfio_region_read  (0000:09:00.0:region0+0x100, 4) = 0x0
2026-07-07T03:29:31.587499Z vfio_region_read  (0000:09:00.0:region0+0x300, 4) = 0x0
2026-07-07T03:29:31.587517Z vfio_region_read  (0000:09:00.0:region0+0x200, 4) = 0x0
2026-07-07T03:29:31.587536Z vfio_region_read  (0000:09:00.0:region0+0x400, 4) = 0x0
2026-07-07T03:29:31.587555Z vfio_region_read  (0000:09:00.0:region0+0x500, 4) = 0xff0000
2026-07-07T03:29:31.587584Z vfio_region_write  (0000:09:00.0:region0+0x408, 0x2, 4)
2026-07-07T03:29:31.590163Z vfio_region_write  (0000:09:00.0:region0+0x8020, 0x80004005, 4)
2026-07-07T03:29:31.590178Z vfio_region_write  (0000:09:00.0:region0+0x8024, 0x56000c, 4)
2026-07-07T03:29:31.590190Z vfio_region_write  (0000:09:00.0:region0+0x8028, 0x0, 4)
2026-07-07T03:29:31.590203Z vfio_region_write  (0000:09:00.0:region0+0x802c, 0x0, 4)
2026-07-07T03:29:31.590215Z vfio_region_write  (0000:09:00.0:region0+0x8030, 0x4, 4)
2026-07-07T03:29:31.590227Z vfio_region_write  (0000:09:00.0:region0+0x8034, 0x0, 4)
2026-07-07T03:29:31.590240Z vfio_region_write  (0000:09:00.0:region0+0x8038, 0x4b, 4)
2026-07-07T03:29:31.590254Z vfio_region_write  (0000:09:00.0:region0+0x408, 0x1, 4)
2026-07-07T03:29:31.590298Z vfio_region_read  (0000:09:00.0:region0+0x100, 4) = 0x20000000
2026-07-07T03:29:31.590318Z vfio_region_read  (0000:09:00.0:region0+0x300, 4) = 0x0
2026-07-07T03:29:31.590336Z vfio_region_read  (0000:09:00.0:region0+0x200, 4) = 0x0
2026-07-07T03:29:31.590354Z vfio_region_read  (0000:09:00.0:region0+0x400, 4) = 0x1
2026-07-07T03:29:31.590372Z vfio_region_read  (0000:09:00.0:region0+0x500, 4) = 0xff0000
2026-07-07T03:29:31.590551Z vfio_region_read  (0000:09:00.0:region0+0x100, 4) = 0x20000000
2026-07-07T03:29:31.590571Z vfio_region_read  (0000:09:00.0:region0+0x300, 4) = 0x0
2026-07-07T03:29:31.590590Z vfio_region_read  (0000:09:00.0:region0+0x200, 4) = 0x0
2026-07-07T03:29:31.590609Z vfio_region_read  (0000:09:00.0:region0+0x400, 4) = 0x2
2026-07-07T03:29:31.590628Z vfio_region_read  (0000:09:00.0:region0+0x500, 4) = 0xff0000
2026-07-07T03:29:31.590649Z vfio_region_write  (0000:09:00.0:region0+0x408, 0x2, 4)
2026-07-07T03:29:31.593203Z vfio_region_write  (0000:09:00.0:region0+0x8020, 0x80800000, 4)
2026-07-07T03:29:31.593219Z vfio_region_write  (0000:09:00.0:region0+0x8024, 0x570008, 4)
2026-07-07T03:29:31.593232Z vfio_region_write  (0000:09:00.0:region0+0x8028, 0x0, 4)
2026-07-07T03:29:31.593245Z vfio_region_write  (0000:09:00.0:region0+0x802c, 0x0, 4)
2026-07-07T03:29:31.593258Z vfio_region_write  (0000:09:00.0:region0+0x8030, 0x8, 4)
2026-07-07T03:29:31.593271Z vfio_region_write  (0000:09:00.0:region0+0x8034, 0x4, 4)
2026-07-07T03:29:31.593284Z vfio_region_write  (0000:09:00.0:region0+0x408, 0x1, 4)
2026-07-07T03:29:31.593329Z vfio_region_read  (0000:09:00.0:region0+0x100, 4) = 0x20000000
2026-07-07T03:29:31.593349Z vfio_region_read  (0000:09:00.0:region0+0x300, 4) = 0x0
2026-07-07T03:29:31.593369Z vfio_region_read  (0000:09:00.0:region0+0x200, 4) = 0x0
2026-07-07T03:29:31.593388Z vfio_region_read  (0000:09:00.0:region0+0x400, 4) = 0x3
2026-07-07T03:29:31.593406Z vfio_region_read  (0000:09:00.0:region0+0x500, 4) = 0xff0000
2026-07-07T03:29:31.593438Z vfio_region_read  (0000:09:00.0:region0+0x100, 4) = 0x0
2026-07-07T03:29:31.593458Z vfio_region_read  (0000:09:00.0:region0+0x300, 4) = 0x0
2026-07-07T03:29:31.593476Z vfio_region_read  (0000:09:00.0:region0+0x200, 4) = 0x0
2026-07-07T03:29:31.593494Z vfio_region_read  (0000:09:00.0:region0+0x400, 4) = 0x0
2026-07-07T03:29:31.593512Z vfio_region_read  (0000:09:00.0:region0+0x500, 4) = 0xff0000
2026-07-07T03:29:31.593537Z vfio_region_write  (0000:09:00.0:region0+0x408, 0x2, 4)
2026-07-07T03:29:31.593590Z vfio_region_write  (0000:09:00.0:region0+0x8020, 0x80800000, 4)
2026-07-07T03:29:31.593605Z vfio_region_write  (0000:09:00.0:region0+0x8024, 0x580008, 4)
2026-07-07T03:29:31.593617Z vfio_region_write  (0000:09:00.0:region0+0x8028, 0x0, 4)
2026-07-07T03:29:31.593629Z vfio_region_write  (0000:09:00.0:region0+0x802c, 0x0, 4)
2026-07-07T03:29:31.593644Z vfio_region_write  (0000:09:00.0:region0+0x8030, 0xc, 4)
2026-07-07T03:29:31.593656Z vfio_region_write  (0000:09:00.0:region0+0x8034, 0x4, 4)
2026-07-07T03:29:31.593669Z vfio_region_write  (0000:09:00.0:region0+0x408, 0x1, 4)
2026-07-07T03:29:31.593713Z vfio_region_read  (0000:09:00.0:region0+0x100, 4) = 0x20000000
2026-07-07T03:29:31.593733Z vfio_region_read  (0000:09:00.0:region0+0x300, 4) = 0x0
2026-07-07T03:29:31.593752Z vfio_region_read  (0000:09:00.0:region0+0x200, 4) = 0x0
2026-07-07T03:29:31.593770Z vfio_region_read  (0000:09:00.0:region0+0x400, 4) = 0x3
2026-07-07T03:29:31.593788Z vfio_region_read  (0000:09:00.0:region0+0x500, 4) = 0xff0000
2026-07-07T03:29:31.593828Z vfio_region_read  (0000:09:00.0:region0+0x100, 4) = 0x0
2026-07-07T03:29:31.593847Z vfio_region_read  (0000:09:00.0:region0+0x300, 4) = 0x0
2026-07-07T03:29:31.593865Z vfio_region_read  (0000:09:00.0:region0+0x200, 4) = 0x0
2026-07-07T03:29:31.593883Z vfio_region_read  (0000:09:00.0:region0+0x400, 4) = 0x0
2026-07-07T03:29:31.593901Z vfio_region_read  (0000:09:00.0:region0+0x500, 4) = 0xff0000
2026-07-07T03:29:31.593930Z vfio_region_write  (0000:09:00.0:region0+0x408, 0x2, 4)
2026-07-07T03:29:31.593970Z vfio_region_write  (0000:09:00.0:region0+0x8020, 0x80800000, 4)
2026-07-07T03:29:31.593985Z vfio_region_write  (0000:09:00.0:region0+0x8024, 0x590008, 4)
2026-07-07T03:29:31.593997Z vfio_region_write  (0000:09:00.0:region0+0x8028, 0x0, 4)
2026-07-07T03:29:31.594009Z vfio_region_write  (0000:09:00.0:region0+0x802c, 0x0, 4)
2026-07-07T03:29:31.594024Z vfio_region_write  (0000:09:00.0:region0+0x8030, 0x8, 4)
2026-07-07T03:29:31.594036Z vfio_region_write  (0000:09:00.0:region0+0x8034, 0x4, 4)
2026-07-07T03:29:31.594054Z vfio_region_write  (0000:09:00.0:region0+0x408, 0x1, 4)
2026-07-07T03:29:31.594098Z vfio_region_read  (0000:09:00.0:region0+0x100, 4) = 0x20000000
2026-07-07T03:29:31.594118Z vfio_region_read  (0000:09:00.0:region0+0x300, 4) = 0x0
2026-07-07T03:29:31.594137Z vfio_region_read  (0000:09:00.0:region0+0x200, 4) = 0x0
2026-07-07T03:29:31.594155Z vfio_region_read  (0000:09:00.0:region0+0x400, 4) = 0x3
2026-07-07T03:29:31.594174Z vfio_region_read  (0000:09:00.0:region0+0x500, 4) = 0xff0000
2026-07-07T03:29:31.594201Z vfio_region_read  (0000:09:00.0:region0+0x100, 4) = 0x0
2026-07-07T03:29:31.594220Z vfio_region_read  (0000:09:00.0:region0+0x300, 4) = 0x0
2026-07-07T03:29:31.594238Z vfio_region_read  (0000:09:00.0:region0+0x200, 4) = 0x0
2026-07-07T03:29:31.594256Z vfio_region_read  (0000:09:00.0:region0+0x400, 4) = 0x0
2026-07-07T03:29:31.594274Z vfio_region_read  (0000:09:00.0:region0+0x500, 4) = 0xff0000
2026-07-07T03:29:31.594297Z vfio_region_write  (0000:09:00.0:region0+0x408, 0x2, 4)
2026-07-07T03:29:31.594327Z vfio_region_write  (0000:09:00.0:region0+0x8020, 0x80800000, 4)
2026-07-07T03:29:31.594342Z vfio_region_write  (0000:09:00.0:region0+0x8024, 0x5a0008, 4)
2026-07-07T03:29:31.594355Z vfio_region_write  (0000:09:00.0:region0+0x8028, 0x0, 4)
2026-07-07T03:29:31.594367Z vfio_region_write  (0000:09:00.0:region0+0x802c, 0x0, 4)
2026-07-07T03:29:31.594381Z vfio_region_write  (0000:09:00.0:region0+0x8030, 0xc, 4)
2026-07-07T03:29:31.594393Z vfio_region_write  (0000:09:00.0:region0+0x8034, 0x4, 4)
2026-07-07T03:29:31.594406Z vfio_region_write  (0000:09:00.0:region0+0x408, 0x1, 4)
2026-07-07T03:29:31.594450Z vfio_region_read  (0000:09:00.0:region0+0x100, 4) = 0x20000000
2026-07-07T03:29:31.594470Z vfio_region_read  (0000:09:00.0:region0+0x300, 4) = 0x0
2026-07-07T03:29:31.594490Z vfio_region_read  (0000:09:00.0:region0+0x200, 4) = 0x0
2026-07-07T03:29:31.594509Z vfio_region_read  (0000:09:00.0:region0+0x400, 4) = 0x3
2026-07-07T03:29:31.594528Z vfio_region_read  (0000:09:00.0:region0+0x500, 4) = 0xff0000
2026-07-07T03:29:31.594556Z vfio_region_read  (0000:09:00.0:region0+0x100, 4) = 0x0
2026-07-07T03:29:31.594575Z vfio_region_read  (0000:09:00.0:region0+0x300, 4) = 0x0
2026-07-07T03:29:31.594593Z vfio_region_read  (0000:09:00.0:region0+0x200, 4) = 0x0
2026-07-07T03:29:31.594612Z vfio_region_read  (0000:09:00.0:region0+0x400, 4) = 0x0
2026-07-07T03:29:31.594630Z vfio_region_read  (0000:09:00.0:region0+0x500, 4) = 0xff0000
2026-07-07T03:29:31.594663Z vfio_region_write  (0000:09:00.0:region0+0x408, 0x2, 4)
2026-07-07T03:29:31.594697Z vfio_region_write  (0000:09:00.0:region0+0x8020, 0x80800000, 4)
2026-07-07T03:29:31.594712Z vfio_region_write  (0000:09:00.0:region0+0x8024, 0x5b0008, 4)
2026-07-07T03:29:31.594725Z vfio_region_write  (0000:09:00.0:region0+0x8028, 0x0, 4)
2026-07-07T03:29:31.594738Z vfio_region_write  (0000:09:00.0:region0+0x802c, 0x0, 4)
2026-07-07T03:29:31.594751Z vfio_region_write  (0000:09:00.0:region0+0x8030, 0x0, 4)
2026-07-07T03:29:31.594764Z vfio_region_write  (0000:09:00.0:region0+0x8034, 0x3f8, 4)
2026-07-07T03:29:31.594778Z vfio_region_write  (0000:09:00.0:region0+0x408, 0x1, 4)
2026-07-07T03:29:31.594828Z vfio_region_read  (0000:09:00.0:region0+0x100, 4) = 0x20000000
2026-07-07T03:29:31.594848Z vfio_region_read  (0000:09:00.0:region0+0x300, 4) = 0x0
2026-07-07T03:29:31.594866Z vfio_region_read  (0000:09:00.0:region0+0x200, 4) = 0x0
2026-07-07T03:29:31.594885Z vfio_region_read  (0000:09:00.0:region0+0x400, 4) = 0x1
2026-07-07T03:29:31.594903Z vfio_region_read  (0000:09:00.0:region0+0x500, 4) = 0xff0000
2026-07-07T03:29:31.594961Z vfio_region_read  (0000:09:00.0:region0+0x100, 4) = 0x20000000
2026-07-07T03:29:31.594981Z vfio_region_read  (0000:09:00.0:region0+0x300, 4) = 0x0
2026-07-07T03:29:31.595000Z vfio_region_read  (0000:09:00.0:region0+0x200, 4) = 0x0
2026-07-07T03:29:31.595019Z vfio_region_read  (0000:09:00.0:region0+0x400, 4) = 0x2
2026-07-07T03:29:31.595037Z vfio_region_read  (0000:09:00.0:region0+0x500, 4) = 0xff0000
2026-07-07T03:29:31.595215Z vfio_region_write  (0000:09:00.0:region0+0x408, 0x2, 4)
2026-07-07T03:29:31.595244Z vfio_region_write  (0000:09:00.0:region0+0x8020, 0x80800000, 4)
2026-07-07T03:29:31.595259Z vfio_region_write  (0000:09:00.0:region0+0x8024, 0x5c0008, 4)
2026-07-07T03:29:31.595272Z vfio_region_write  (0000:09:00.0:region0+0x8028, 0x0, 4)
2026-07-07T03:29:31.595286Z vfio_region_write  (0000:09:00.0:region0+0x802c, 0x0, 4)
2026-07-07T03:29:31.595299Z vfio_region_write  (0000:09:00.0:region0+0x8030, 0x3f8, 4)
2026-07-07T03:29:31.595313Z vfio_region_write  (0000:09:00.0:region0+0x8034, 0x3f8, 4)
2026-07-07T03:29:31.595327Z vfio_region_write  (0000:09:00.0:region0+0x408, 0x1, 4)
2026-07-07T03:29:31.595370Z vfio_region_read  (0000:09:00.0:region0+0x100, 4) = 0x20000000
2026-07-07T03:29:31.595390Z vfio_region_read  (0000:09:00.0:region0+0x300, 4) = 0x0
2026-07-07T03:29:31.595409Z vfio_region_read  (0000:09:00.0:region0+0x200, 4) = 0x0
2026-07-07T03:29:31.595427Z vfio_region_read  (0000:09:00.0:region0+0x400, 4) = 0x1
2026-07-07T03:29:31.595446Z vfio_region_read  (0000:09:00.0:region0+0x500, 4) = 0xff0000
2026-07-07T03:29:31.595636Z vfio_region_read  (0000:09:00.0:region0+0x100, 4) = 0x20000000
2026-07-07T03:29:31.595656Z vfio_region_read  (0000:09:00.0:region0+0x300, 4) = 0x0
2026-07-07T03:29:31.595675Z vfio_region_read  (0000:09:00.0:region0+0x200, 4) = 0x0
2026-07-07T03:29:31.595694Z vfio_region_read  (0000:09:00.0:region0+0x400, 4) = 0x2
2026-07-07T03:29:31.595712Z vfio_region_read  (0000:09:00.0:region0+0x500, 4) = 0xff0000
2026-07-07T03:29:31.595982Z vfio_region_write  (0000:09:00.0:region0+0x408, 0x2, 4)
2026-07-07T03:29:31.596078Z vfio_region_write  (0000:09:00.0:region0+0x8020, 0x80800000, 4)
2026-07-07T03:29:31.596093Z vfio_region_write  (0000:09:00.0:region0+0x8024, 0x5d0008, 4)
2026-07-07T03:29:31.596108Z vfio_region_write  (0000:09:00.0:region0+0x8028, 0x0, 4)
2026-07-07T03:29:31.596121Z vfio_region_write  (0000:09:00.0:region0+0x802c, 0x0, 4)
2026-07-07T03:29:31.596134Z vfio_region_write  (0000:09:00.0:region0+0x8030, 0x7f0, 4)
2026-07-07T03:29:31.596147Z vfio_region_write  (0000:09:00.0:region0+0x8034, 0x3f8, 4)
2026-07-07T03:29:31.596162Z vfio_region_write  (0000:09:00.0:region0+0x408, 0x1, 4)
2026-07-07T03:29:31.596205Z vfio_region_read  (0000:09:00.0:region0+0x100, 4) = 0x20000000
2026-07-07T03:29:31.596225Z vfio_region_read  (0000:09:00.0:region0+0x300, 4) = 0x0
2026-07-07T03:29:31.596243Z vfio_region_read  (0000:09:00.0:region0+0x200, 4) = 0x0
2026-07-07T03:29:31.596262Z vfio_region_read  (0000:09:00.0:region0+0x400, 4) = 0x1
2026-07-07T03:29:31.596280Z vfio_region_read  (0000:09:00.0:region0+0x500, 4) = 0xff0000
2026-07-07T03:29:31.596347Z vfio_region_read  (0000:09:00.0:region0+0x100, 4) = 0x20000000
2026-07-07T03:29:31.596367Z vfio_region_read  (0000:09:00.0:region0+0x300, 4) = 0x0
2026-07-07T03:29:31.596385Z vfio_region_read  (0000:09:00.0:region0+0x200, 4) = 0x0
2026-07-07T03:29:31.596404Z vfio_region_read  (0000:09:00.0:region0+0x400, 4) = 0x2
2026-07-07T03:29:31.596423Z vfio_region_read  (0000:09:00.0:region0+0x500, 4) = 0xff0000
2026-07-07T03:29:31.596443Z vfio_region_write  (0000:09:00.0:region0+0x408, 0x2, 4)
2026-07-07T03:29:31.596472Z vfio_region_write  (0000:09:00.0:region0+0x8020, 0x80800000, 4)
2026-07-07T03:29:31.596487Z vfio_region_write  (0000:09:00.0:region0+0x8024, 0x5e0008, 4)
2026-07-07T03:29:31.596500Z vfio_region_write  (0000:09:00.0:region0+0x8028, 0x0, 4)
2026-07-07T03:29:31.596514Z vfio_region_write  (0000:09:00.0:region0+0x802c, 0x0, 4)
2026-07-07T03:29:31.596528Z vfio_region_write  (0000:09:00.0:region0+0x8030, 0xbe8, 4)
2026-07-07T03:29:31.596543Z vfio_region_write  (0000:09:00.0:region0+0x8034, 0x3f8, 4)
2026-07-07T03:29:31.596557Z vfio_region_write  (0000:09:00.0:region0+0x408, 0x1, 4)
2026-07-07T03:29:31.596601Z vfio_region_read  (0000:09:00.0:region0+0x100, 4) = 0x20000000
2026-07-07T03:29:31.596621Z vfio_region_read  (0000:09:00.0:region0+0x300, 4) = 0x0
2026-07-07T03:29:31.596640Z vfio_region_read  (0000:09:00.0:region0+0x200, 4) = 0x0
2026-07-07T03:29:31.596659Z vfio_region_read  (0000:09:00.0:region0+0x400, 4) = 0x1
2026-07-07T03:29:31.596677Z vfio_region_read  (0000:09:00.0:region0+0x500, 4) = 0xff0000
2026-07-07T03:29:31.596743Z vfio_region_read  (0000:09:00.0:region0+0x100, 4) = 0x20000000
2026-07-07T03:29:31.596763Z vfio_region_read  (0000:09:00.0:region0+0x300, 4) = 0x0
2026-07-07T03:29:31.596782Z vfio_region_read  (0000:09:00.0:region0+0x200, 4) = 0x0
2026-07-07T03:29:31.596800Z vfio_region_read  (0000:09:00.0:region0+0x400, 4) = 0x2
2026-07-07T03:29:31.596827Z vfio_region_read  (0000:09:00.0:region0+0x500, 4) = 0xff0000
2026-07-07T03:29:31.596867Z vfio_region_write  (0000:09:00.0:region0+0x408, 0x2, 4)
2026-07-07T03:29:31.596900Z vfio_region_write  (0000:09:00.0:region0+0x8020, 0x80800000, 4)
2026-07-07T03:29:31.596915Z vfio_region_write  (0000:09:00.0:region0+0x8024, 0x5f0008, 4)
2026-07-07T03:29:31.596928Z vfio_region_write  (0000:09:00.0:region0+0x8028, 0x0, 4)
2026-07-07T03:29:31.596942Z vfio_region_write  (0000:09:00.0:region0+0x802c, 0x0, 4)
2026-07-07T03:29:31.596955Z vfio_region_write  (0000:09:00.0:region0+0x8030, 0xfe0, 4)
2026-07-07T03:29:31.596969Z vfio_region_write  (0000:09:00.0:region0+0x8034, 0x3f8, 4)
2026-07-07T03:29:31.596982Z vfio_region_write  (0000:09:00.0:region0+0x408, 0x1, 4)
2026-07-07T03:29:31.597024Z vfio_region_read  (0000:09:00.0:region0+0x100, 4) = 0x20000000
2026-07-07T03:29:31.597044Z vfio_region_read  (0000:09:00.0:region0+0x300, 4) = 0x0
2026-07-07T03:29:31.597069Z vfio_region_read  (0000:09:00.0:region0+0x200, 4) = 0x0
2026-07-07T03:29:31.597087Z vfio_region_read  (0000:09:00.0:region0+0x400, 4) = 0x1
2026-07-07T03:29:31.597106Z vfio_region_read  (0000:09:00.0:region0+0x500, 4) = 0xff0000
2026-07-07T03:29:31.597166Z vfio_region_read  (0000:09:00.0:region0+0x100, 4) = 0x20000000
2026-07-07T03:29:31.597186Z vfio_region_read  (0000:09:00.0:region0+0x300, 4) = 0x0
2026-07-07T03:29:31.597205Z vfio_region_read  (0000:09:00.0:region0+0x200, 4) = 0x0
2026-07-07T03:29:31.597224Z vfio_region_read  (0000:09:00.0:region0+0x400, 4) = 0x2
2026-07-07T03:29:31.597242Z vfio_region_read  (0000:09:00.0:region0+0x500, 4) = 0xff0000
2026-07-07T03:29:31.597274Z vfio_region_write  (0000:09:00.0:region0+0x408, 0x2, 4)
2026-07-07T03:29:31.597302Z vfio_region_write  (0000:09:00.0:region0+0x8020, 0x80800000, 4)
2026-07-07T03:29:31.597317Z vfio_region_write  (0000:09:00.0:region0+0x8024, 0x600008, 4)
2026-07-07T03:29:31.597330Z vfio_region_write  (0000:09:00.0:region0+0x8028, 0x0, 4)
2026-07-07T03:29:31.597344Z vfio_region_write  (0000:09:00.0:region0+0x802c, 0x0, 4)
2026-07-07T03:29:31.597357Z vfio_region_write  (0000:09:00.0:region0+0x8030, 0x13d8, 4)
2026-07-07T03:29:31.597372Z vfio_region_write  (0000:09:00.0:region0+0x8034, 0x3f8, 4)
2026-07-07T03:29:31.597386Z vfio_region_write  (0000:09:00.0:region0+0x408, 0x1, 4)
2026-07-07T03:29:31.597430Z vfio_region_read  (0000:09:00.0:region0+0x100, 4) = 0x20000000
2026-07-07T03:29:31.597450Z vfio_region_read  (0000:09:00.0:region0+0x300, 4) = 0x0
2026-07-07T03:29:31.597469Z vfio_region_read  (0000:09:00.0:region0+0x200, 4) = 0x0
2026-07-07T03:29:31.597488Z vfio_region_read  (0000:09:00.0:region0+0x400, 4) = 0x1
2026-07-07T03:29:31.597506Z vfio_region_read  (0000:09:00.0:region0+0x500, 4) = 0xff0000
2026-07-07T03:29:31.597571Z vfio_region_read  (0000:09:00.0:region0+0x100, 4) = 0x20000000
2026-07-07T03:29:31.597592Z vfio_region_read  (0000:09:00.0:region0+0x300, 4) = 0x0
2026-07-07T03:29:31.597611Z vfio_region_read  (0000:09:00.0:region0+0x200, 4) = 0x0
2026-07-07T03:29:31.597629Z vfio_region_read  (0000:09:00.0:region0+0x400, 4) = 0x2
2026-07-07T03:29:31.597648Z vfio_region_read  (0000:09:00.0:region0+0x500, 4) = 0xff0000
2026-07-07T03:29:31.597669Z vfio_region_write  (0000:09:00.0:region0+0x408, 0x2, 4)
2026-07-07T03:29:31.597697Z vfio_region_write  (0000:09:00.0:region0+0x8020, 0x80800000, 4)
2026-07-07T03:29:31.597712Z vfio_region_write  (0000:09:00.0:region0+0x8024, 0x610008, 4)
2026-07-07T03:29:31.597726Z vfio_region_write  (0000:09:00.0:region0+0x8028, 0x0, 4)
2026-07-07T03:29:31.597739Z vfio_region_write  (0000:09:00.0:region0+0x802c, 0x0, 4)
2026-07-07T03:29:31.597753Z vfio_region_write  (0000:09:00.0:region0+0x8030, 0x17d0, 4)
2026-07-07T03:29:31.597766Z vfio_region_write  (0000:09:00.0:region0+0x8034, 0x3f8, 4)
2026-07-07T03:29:31.597780Z vfio_region_write  (0000:09:00.0:region0+0x408, 0x1, 4)
2026-07-07T03:29:31.597833Z vfio_region_read  (0000:09:00.0:region0+0x100, 4) = 0x20000000
2026-07-07T03:29:31.597853Z vfio_region_read  (0000:09:00.0:region0+0x300, 4) = 0x0
2026-07-07T03:29:31.597872Z vfio_region_read  (0000:09:00.0:region0+0x200, 4) = 0x0
2026-07-07T03:29:31.597890Z vfio_region_read  (0000:09:00.0:region0+0x400, 4) = 0x1
2026-07-07T03:29:31.597909Z vfio_region_read  (0000:09:00.0:region0+0x500, 4) = 0xff0000
2026-07-07T03:29:31.597964Z vfio_region_read  (0000:09:00.0:region0+0x100, 4) = 0x20000000
2026-07-07T03:29:31.597984Z vfio_region_read  (0000:09:00.0:region0+0x300, 4) = 0x0
2026-07-07T03:29:31.598003Z vfio_region_read  (0000:09:00.0:region0+0x200, 4) = 0x0
2026-07-07T03:29:31.598022Z vfio_region_read  (0000:09:00.0:region0+0x400, 4) = 0x2
2026-07-07T03:29:31.598040Z vfio_region_read  (0000:09:00.0:region0+0x500, 4) = 0xff0000
2026-07-07T03:29:31.598070Z vfio_region_write  (0000:09:00.0:region0+0x408, 0x2, 4)
2026-07-07T03:29:31.598099Z vfio_region_write  (0000:09:00.0:region0+0x8020, 0x80800000, 4)
2026-07-07T03:29:31.598114Z vfio_region_write  (0000:09:00.0:region0+0x8024, 0x620008, 4)
2026-07-07T03:29:31.598128Z vfio_region_write  (0000:09:00.0:region0+0x8028, 0x0, 4)
2026-07-07T03:29:31.598141Z vfio_region_write  (0000:09:00.0:region0+0x802c, 0x0, 4)
2026-07-07T03:29:31.598156Z vfio_region_write  (0000:09:00.0:region0+0x8030, 0x1bc8, 4)
2026-07-07T03:29:31.598170Z vfio_region_write  (0000:09:00.0:region0+0x8034, 0x3f8, 4)
2026-07-07T03:29:31.598185Z vfio_region_write  (0000:09:00.0:region0+0x408, 0x1, 4)
2026-07-07T03:29:31.598233Z vfio_region_read  (0000:09:00.0:region0+0x100, 4) = 0x20000000
2026-07-07T03:29:31.598266Z vfio_region_read  (0000:09:00.0:region0+0x300, 4) = 0x0
2026-07-07T03:29:31.598287Z vfio_region_read  (0000:09:00.0:region0+0x200, 4) = 0x0
2026-07-07T03:29:31.598306Z vfio_region_read  (0000:09:00.0:region0+0x400, 4) = 0x1
2026-07-07T03:29:31.598325Z vfio_region_read  (0000:09:00.0:region0+0x500, 4) = 0xff0000
2026-07-07T03:29:31.598373Z vfio_region_read  (0000:09:00.0:region0+0x100, 4) = 0x20000000
2026-07-07T03:29:31.598393Z vfio_region_read  (0000:09:00.0:region0+0x300, 4) = 0x0
2026-07-07T03:29:31.598412Z vfio_region_read  (0000:09:00.0:region0+0x200, 4) = 0x0
2026-07-07T03:29:31.598430Z vfio_region_read  (0000:09:00.0:region0+0x400, 4) = 0x2
2026-07-07T03:29:31.598449Z vfio_region_read  (0000:09:00.0:region0+0x500, 4) = 0xff0000
2026-07-07T03:29:31.598518Z vfio_region_write  (0000:09:00.0:region0+0x408, 0x2, 4)
2026-07-07T03:29:31.598548Z vfio_region_write  (0000:09:00.0:region0+0x8020, 0x80800000, 4)
2026-07-07T03:29:31.598562Z vfio_region_write  (0000:09:00.0:region0+0x8024, 0x630008, 4)
2026-07-07T03:29:31.598576Z vfio_region_write  (0000:09:00.0:region0+0x8028, 0x0, 4)
2026-07-07T03:29:31.598590Z vfio_region_write  (0000:09:00.0:region0+0x802c, 0x0, 4)
2026-07-07T03:29:31.598603Z vfio_region_write  (0000:09:00.0:region0+0x8030, 0x1fc0, 4)
2026-07-07T03:29:31.598616Z vfio_region_write  (0000:09:00.0:region0+0x8034, 0x108, 4)
2026-07-07T03:29:31.598630Z vfio_region_write  (0000:09:00.0:region0+0x408, 0x1, 4)
2026-07-07T03:29:31.598674Z vfio_region_read  (0000:09:00.0:region0+0x100, 4) = 0x20000000
2026-07-07T03:29:31.598694Z vfio_region_read  (0000:09:00.0:region0+0x300, 4) = 0x0
2026-07-07T03:29:31.598713Z vfio_region_read  (0000:09:00.0:region0+0x200, 4) = 0x0
2026-07-07T03:29:31.598734Z vfio_region_read  (0000:09:00.0:region0+0x400, 4) = 0x3
2026-07-07T03:29:31.598752Z vfio_region_read  (0000:09:00.0:region0+0x500, 4) = 0xff0000
2026-07-07T03:29:31.598780Z vfio_region_read  (0000:09:00.0:region0+0x100, 4) = 0x0
2026-07-07T03:29:31.598799Z vfio_region_read  (0000:09:00.0:region0+0x300, 4) = 0x0
2026-07-07T03:29:31.598826Z vfio_region_read  (0000:09:00.0:region0+0x200, 4) = 0x0
2026-07-07T03:29:31.598846Z vfio_region_read  (0000:09:00.0:region0+0x400, 4) = 0x0
2026-07-07T03:29:31.598864Z vfio_region_read  (0000:09:00.0:region0+0x500, 4) = 0xff0000
2026-07-07T03:29:31.598898Z vfio_region_write  (0000:09:00.0:region0+0x408, 0x2, 4)
2026-07-07T03:29:31.598930Z vfio_region_write  (0000:09:00.0:region0+0x8020, 0x80800001, 4)
2026-07-07T03:29:31.598945Z vfio_region_write  (0000:09:00.0:region0+0x8024, 0x640400, 4)
2026-07-07T03:29:31.598958Z vfio_region_write  (0000:09:00.0:region0+0x8028, 0x0, 4)
2026-07-07T03:29:31.598971Z vfio_region_write  (0000:09:00.0:region0+0x802c, 0x0, 4)
2026-07-07T03:29:31.598985Z vfio_region_write  (0000:09:00.0:region0+0x8030, 0xc8, 4)
2026-07-07T03:29:31.598998Z vfio_region_write  (0000:09:00.0:region0+0x8034, 0x3f8, 4)
2026-07-07T03:29:31.599011Z vfio_region_write  (0000:09:00.0:region0+0x8038, 0x30061990, 4)
2026-07-07T03:29:31.599024Z vfio_region_write  (0000:09:00.0:region0+0x803c, 0x5, 4)
2026-07-07T03:29:31.599038Z vfio_region_write  (0000:09:00.0:region0+0x8040, 0x1984, 4)
2026-07-07T03:29:31.599062Z vfio_region_write  (0000:09:00.0:region0+0x8044, 0x20d0201, 4)
2026-07-07T03:29:31.599078Z vfio_region_write  (0000:09:00.0:region0+0x8048, 0x20d, 4)
2026-07-07T03:29:31.599093Z vfio_region_write  (0000:09:00.0:region0+0x804c, 0x0, 4)
2026-07-07T03:29:31.599107Z vfio_region_write  (0000:09:00.0:region0+0x8050, 0x0, 4)
2026-07-07T03:29:31.599120Z vfio_region_write  (0000:09:00.0:region0+0x8054, 0x0, 4)
2026-07-07T03:29:31.599133Z vfio_region_write  (0000:09:00.0:region0+0x8058, 0x0, 4)
2026-07-07T03:29:31.599147Z vfio_region_write  (0000:09:00.0:region0+0x805c, 0x0, 4)
2026-07-07T03:29:31.599160Z vfio_region_write  (0000:09:00.0:region0+0x8060, 0x0, 4)
2026-07-07T03:29:31.599173Z vfio_region_write  (0000:09:00.0:region0+0x8064, 0x0, 4)
2026-07-07T03:29:31.599187Z vfio_region_write  (0000:09:00.0:region0+0x8068, 0x0, 4)
2026-07-07T03:29:31.599199Z vfio_region_write  (0000:09:00.0:region0+0x806c, 0x0, 4)
2026-07-07T03:29:31.599213Z vfio_region_write  (0000:09:00.0:region0+0x8070, 0x0, 4)
2026-07-07T03:29:31.599225Z vfio_region_write  (0000:09:00.0:region0+0x8074, 0x0, 4)
2026-07-07T03:29:31.599239Z vfio_region_write  (0000:09:00.0:region0+0x8078, 0x0, 4)
2026-07-07T03:29:31.599252Z vfio_region_write  (0000:09:00.0:region0+0x807c, 0x0, 4)
2026-07-07T03:29:31.599266Z vfio_region_write  (0000:09:00.0:region0+0x8080, 0x0, 4)
2026-07-07T03:29:31.599280Z vfio_region_write  (0000:09:00.0:region0+0x8084, 0x0, 4)
2026-07-07T03:29:31.599293Z vfio_region_write  (0000:09:00.0:region0+0x8088, 0x0, 4)
2026-07-07T03:29:31.599307Z vfio_region_write  (0000:09:00.0:region0+0x808c, 0x0, 4)
2026-07-07T03:29:31.599320Z vfio_region_write  (0000:09:00.0:region0+0x8090, 0x0, 4)
2026-07-07T03:29:31.599333Z vfio_region_write  (0000:09:00.0:region0+0x8094, 0x0, 4)
2026-07-07T03:29:31.599347Z vfio_region_write  (0000:09:00.0:region0+0x8098, 0x0, 4)
2026-07-07T03:29:31.599360Z vfio_region_write  (0000:09:00.0:region0+0x809c, 0x0, 4)
2026-07-07T03:29:31.599374Z vfio_region_write  (0000:09:00.0:region0+0x80a0, 0x0, 4)
2026-07-07T03:29:31.599387Z vfio_region_write  (0000:09:00.0:region0+0x80a4, 0x0, 4)
2026-07-07T03:29:31.599400Z vfio_region_write  (0000:09:00.0:region0+0x80a8, 0x0, 4)
2026-07-07T03:29:31.599414Z vfio_region_write  (0000:09:00.0:region0+0x80ac, 0x0, 4)
2026-07-07T03:29:31.599427Z vfio_region_write  (0000:09:00.0:region0+0x80b0, 0x0, 4)
2026-07-07T03:29:31.599440Z vfio_region_write  (0000:09:00.0:region0+0x80b4, 0x0, 4)
2026-07-07T03:29:31.599453Z vfio_region_write  (0000:09:00.0:region0+0x80b8, 0x0, 4)
2026-07-07T03:29:31.599467Z vfio_region_write  (0000:09:00.0:region0+0x80bc, 0x0, 4)
2026-07-07T03:29:31.599479Z vfio_region_write  (0000:09:00.0:region0+0x80c0, 0x0, 4)
2026-07-07T03:29:31.599493Z vfio_region_write  (0000:09:00.0:region0+0x80c4, 0x0, 4)
2026-07-07T03:29:31.599506Z vfio_region_write  (0000:09:00.0:region0+0x80c8, 0x0, 4)
2026-07-07T03:29:31.599519Z vfio_region_write  (0000:09:00.0:region0+0x80cc, 0x0, 4)
2026-07-07T03:29:31.599532Z vfio_region_write  (0000:09:00.0:region0+0x80d0, 0x0, 4)
2026-07-07T03:29:31.599545Z vfio_region_write  (0000:09:00.0:region0+0x80d4, 0x0, 4)
2026-07-07T03:29:31.599558Z vfio_region_write  (0000:09:00.0:region0+0x80d8, 0x0, 4)
2026-07-07T03:29:31.599572Z vfio_region_write  (0000:09:00.0:region0+0x80dc, 0x0, 4)
2026-07-07T03:29:31.599585Z vfio_region_write  (0000:09:00.0:region0+0x80e0, 0x0, 4)
2026-07-07T03:29:31.599598Z vfio_region_write  (0000:09:00.0:region0+0x80e4, 0x0, 4)
2026-07-07T03:29:31.599611Z vfio_region_write  (0000:09:00.0:region0+0x80e8, 0x0, 4)
2026-07-07T03:29:31.599625Z vfio_region_write  (0000:09:00.0:region0+0x80ec, 0x0, 4)
2026-07-07T03:29:31.599637Z vfio_region_write  (0000:09:00.0:region0+0x80f0, 0x0, 4)
2026-07-07T03:29:31.599651Z vfio_region_write  (0000:09:00.0:region0+0x80f4, 0x0, 4)
2026-07-07T03:29:31.599664Z vfio_region_write  (0000:09:00.0:region0+0x80f8, 0x0, 4)
2026-07-07T03:29:31.599677Z vfio_region_write  (0000:09:00.0:region0+0x80fc, 0x0, 4)
2026-07-07T03:29:31.599690Z vfio_region_write  (0000:09:00.0:region0+0x8100, 0x3f, 4)
2026-07-07T03:29:31.599703Z vfio_region_write  (0000:09:00.0:region0+0x8104, 0x0, 4)
2026-07-07T03:29:31.599716Z vfio_region_write  (0000:09:00.0:region0+0x8108, 0x7f, 4)
2026-07-07T03:29:31.599730Z vfio_region_write  (0000:09:00.0:region0+0x810c, 0x7f, 4)
2026-07-07T03:29:31.599743Z vfio_region_write  (0000:09:00.0:region0+0x8110, 0x7f, 4)
2026-07-07T03:29:31.599756Z vfio_region_write  (0000:09:00.0:region0+0x8114, 0x7f, 4)
2026-07-07T03:29:31.599769Z vfio_region_write  (0000:09:00.0:region0+0x8118, 0x0, 4)
2026-07-07T03:29:31.599782Z vfio_region_write  (0000:09:00.0:region0+0x811c, 0x0, 4)
2026-07-07T03:29:31.599795Z vfio_region_write  (0000:09:00.0:region0+0x8120, 0x0, 4)
2026-07-07T03:29:31.599833Z vfio_region_write  (0000:09:00.0:region0+0x8124, 0x0, 4)
2026-07-07T03:29:31.599848Z vfio_region_write  (0000:09:00.0:region0+0x8128, 0x0, 4)
2026-07-07T03:29:31.599861Z vfio_region_write  (0000:09:00.0:region0+0x812c, 0x0, 4)
2026-07-07T03:29:31.599876Z vfio_region_write  (0000:09:00.0:region0+0x8130, 0x0, 4)
2026-07-07T03:29:31.599890Z vfio_region_write  (0000:09:00.0:region0+0x8134, 0x0, 4)
2026-07-07T03:29:31.599905Z vfio_region_write  (0000:09:00.0:region0+0x8138, 0x0, 4)
2026-07-07T03:29:31.599919Z vfio_region_write  (0000:09:00.0:region0+0x813c, 0x0, 4)
2026-07-07T03:29:31.599933Z vfio_region_write  (0000:09:00.0:region0+0x8140, 0x0, 4)
2026-07-07T03:29:31.599947Z vfio_region_write  (0000:09:00.0:region0+0x8144, 0x0, 4)
2026-07-07T03:29:31.599962Z vfio_region_write  (0000:09:00.0:region0+0x8148, 0x0, 4)
2026-07-07T03:29:31.599976Z vfio_region_write  (0000:09:00.0:region0+0x814c, 0x0, 4)
2026-07-07T03:29:31.599990Z vfio_region_write  (0000:09:00.0:region0+0x8150, 0x0, 4)
2026-07-07T03:29:31.600003Z vfio_region_write  (0000:09:00.0:region0+0x8154, 0x0, 4)
2026-07-07T03:29:31.600017Z vfio_region_write  (0000:09:00.0:region0+0x8158, 0x0, 4)
2026-07-07T03:29:31.600029Z vfio_region_write  (0000:09:00.0:region0+0x815c, 0x0, 4)
2026-07-07T03:29:31.600043Z vfio_region_write  (0000:09:00.0:region0+0x8160, 0x0, 4)
2026-07-07T03:29:31.600065Z vfio_region_write  (0000:09:00.0:region0+0x8164, 0x0, 4)
2026-07-07T03:29:31.600080Z vfio_region_write  (0000:09:00.0:region0+0x8168, 0x0, 4)
2026-07-07T03:29:31.600094Z vfio_region_write  (0000:09:00.0:region0+0x816c, 0x0, 4)
2026-07-07T03:29:31.600108Z vfio_region_write  (0000:09:00.0:region0+0x8170, 0x0, 4)
2026-07-07T03:29:31.600121Z vfio_region_write  (0000:09:00.0:region0+0x8174, 0x0, 4)
2026-07-07T03:29:31.600135Z vfio_region_write  (0000:09:00.0:region0+0x8178, 0x0, 4)
2026-07-07T03:29:31.600148Z vfio_region_write  (0000:09:00.0:region0+0x817c, 0x0, 4)
2026-07-07T03:29:31.600162Z vfio_region_write  (0000:09:00.0:region0+0x8180, 0x0, 4)
2026-07-07T03:29:31.600175Z vfio_region_write  (0000:09:00.0:region0+0x8184, 0x0, 4)
2026-07-07T03:29:31.600189Z vfio_region_write  (0000:09:00.0:region0+0x8188, 0x0, 4)
2026-07-07T03:29:31.600202Z vfio_region_write  (0000:09:00.0:region0+0x818c, 0x0, 4)
2026-07-07T03:29:31.600216Z vfio_region_write  (0000:09:00.0:region0+0x8190, 0x0, 4)
2026-07-07T03:29:31.600229Z vfio_region_write  (0000:09:00.0:region0+0x8194, 0x0, 4)
2026-07-07T03:29:31.600242Z vfio_region_write  (0000:09:00.0:region0+0x8198, 0x0, 4)
2026-07-07T03:29:31.600256Z vfio_region_write  (0000:09:00.0:region0+0x819c, 0x0, 4)
2026-07-07T03:29:31.600269Z vfio_region_write  (0000:09:00.0:region0+0x81a0, 0x0, 4)
2026-07-07T03:29:31.600282Z vfio_region_write  (0000:09:00.0:region0+0x81a4, 0x0, 4)
2026-07-07T03:29:31.600295Z vfio_region_write  (0000:09:00.0:region0+0x81a8, 0x0, 4)
2026-07-07T03:29:31.600309Z vfio_region_write  (0000:09:00.0:region0+0x81ac, 0x0, 4)
2026-07-07T03:29:31.600322Z vfio_region_write  (0000:09:00.0:region0+0x81b0, 0x0, 4)
2026-07-07T03:29:31.600336Z vfio_region_write  (0000:09:00.0:region0+0x81b4, 0x0, 4)
2026-07-07T03:29:31.600349Z vfio_region_write  (0000:09:00.0:region0+0x81b8, 0x0, 4)
2026-07-07T03:29:31.600363Z vfio_region_write  (0000:09:00.0:region0+0x81bc, 0x0, 4)
2026-07-07T03:29:31.600376Z vfio_region_write  (0000:09:00.0:region0+0x81c0, 0x0, 4)
2026-07-07T03:29:31.600389Z vfio_region_write  (0000:09:00.0:region0+0x81c4, 0x0, 4)
2026-07-07T03:29:31.600403Z vfio_region_write  (0000:09:00.0:region0+0x81c8, 0x0, 4)
2026-07-07T03:29:31.600416Z vfio_region_write  (0000:09:00.0:region0+0x81cc, 0x0, 4)
2026-07-07T03:29:31.600429Z vfio_region_write  (0000:09:00.0:region0+0x81d0, 0x0, 4)
2026-07-07T03:29:31.600442Z vfio_region_write  (0000:09:00.0:region0+0x81d4, 0x0, 4)
2026-07-07T03:29:31.600455Z vfio_region_write  (0000:09:00.0:region0+0x81d8, 0x0, 4)
2026-07-07T03:29:31.600469Z vfio_region_write  (0000:09:00.0:region0+0x81dc, 0x0, 4)
2026-07-07T03:29:31.600482Z vfio_region_write  (0000:09:00.0:region0+0x81e0, 0x0, 4)
2026-07-07T03:29:31.600496Z vfio_region_write  (0000:09:00.0:region0+0x81e4, 0x0, 4)
2026-07-07T03:29:31.600509Z vfio_region_write  (0000:09:00.0:region0+0x81e8, 0x0, 4)
2026-07-07T03:29:31.600522Z vfio_region_write  (0000:09:00.0:region0+0x81ec, 0x0, 4)
2026-07-07T03:29:31.600535Z vfio_region_write  (0000:09:00.0:region0+0x81f0, 0x0, 4)
2026-07-07T03:29:31.600548Z vfio_region_write  (0000:09:00.0:region0+0x81f4, 0x0, 4)
2026-07-07T03:29:31.600561Z vfio_region_write  (0000:09:00.0:region0+0x81f8, 0x0, 4)
2026-07-07T03:29:31.600575Z vfio_region_write  (0000:09:00.0:region0+0x81fc, 0x0, 4)
2026-07-07T03:29:31.600589Z vfio_region_write  (0000:09:00.0:region0+0x8200, 0x0, 4)
2026-07-07T03:29:31.600602Z vfio_region_write  (0000:09:00.0:region0+0x8204, 0x0, 4)
2026-07-07T03:29:31.600616Z vfio_region_write  (0000:09:00.0:region0+0x8208, 0x0, 4)
2026-07-07T03:29:31.600629Z vfio_region_write  (0000:09:00.0:region0+0x820c, 0x0, 4)
2026-07-07T03:29:31.600643Z vfio_region_write  (0000:09:00.0:region0+0x8210, 0x0, 4)
2026-07-07T03:29:31.600656Z vfio_region_write  (0000:09:00.0:region0+0x8214, 0x0, 4)
2026-07-07T03:29:31.600670Z vfio_region_write  (0000:09:00.0:region0+0x8218, 0x0, 4)
2026-07-07T03:29:31.600683Z vfio_region_write  (0000:09:00.0:region0+0x821c, 0x0, 4)
2026-07-07T03:29:31.600697Z vfio_region_write  (0000:09:00.0:region0+0x8220, 0x0, 4)
2026-07-07T03:29:31.600710Z vfio_region_write  (0000:09:00.0:region0+0x8224, 0x0, 4)
2026-07-07T03:29:31.600723Z vfio_region_write  (0000:09:00.0:region0+0x8228, 0x0, 4)
2026-07-07T03:29:31.600737Z vfio_region_write  (0000:09:00.0:region0+0x822c, 0x0, 4)
2026-07-07T03:29:31.600750Z vfio_region_write  (0000:09:00.0:region0+0x8230, 0x0, 4)
2026-07-07T03:29:31.600763Z vfio_region_write  (0000:09:00.0:region0+0x8234, 0x0, 4)
2026-07-07T03:29:31.600777Z vfio_region_write  (0000:09:00.0:region0+0x8238, 0x0, 4)
2026-07-07T03:29:31.600790Z vfio_region_write  (0000:09:00.0:region0+0x823c, 0x0, 4)
2026-07-07T03:29:31.600805Z vfio_region_write  (0000:09:00.0:region0+0x8240, 0x0, 4)
2026-07-07T03:29:31.600826Z vfio_region_write  (0000:09:00.0:region0+0x8244, 0x0, 4)
2026-07-07T03:29:31.600840Z vfio_region_write  (0000:09:00.0:region0+0x8248, 0x0, 4)
2026-07-07T03:29:31.600854Z vfio_region_write  (0000:09:00.0:region0+0x824c, 0x0, 4)
2026-07-07T03:29:31.600867Z vfio_region_write  (0000:09:00.0:region0+0x8250, 0x0, 4)
2026-07-07T03:29:31.600880Z vfio_region_write  (0000:09:00.0:region0+0x8254, 0x0, 4)
2026-07-07T03:29:31.600894Z vfio_region_write  (0000:09:00.0:region0+0x8258, 0x0, 4)
2026-07-07T03:29:31.600906Z vfio_region_write  (0000:09:00.0:region0+0x825c, 0x0, 4)
2026-07-07T03:29:31.600920Z vfio_region_write  (0000:09:00.0:region0+0x8260, 0x0, 4)
2026-07-07T03:29:31.600933Z vfio_region_write  (0000:09:00.0:region0+0x8264, 0x0, 4)
2026-07-07T03:29:31.600946Z vfio_region_write  (0000:09:00.0:region0+0x8268, 0x0, 4)
2026-07-07T03:29:31.600959Z vfio_region_write  (0000:09:00.0:region0+0x826c, 0x0, 4)
2026-07-07T03:29:31.600973Z vfio_region_write  (0000:09:00.0:region0+0x8270, 0x0, 4)
2026-07-07T03:29:31.600986Z vfio_region_write  (0000:09:00.0:region0+0x8274, 0x0, 4)
2026-07-07T03:29:31.600999Z vfio_region_write  (0000:09:00.0:region0+0x8278, 0x0, 4)
2026-07-07T03:29:31.601012Z vfio_region_write  (0000:09:00.0:region0+0x827c, 0x0, 4)
2026-07-07T03:29:31.601026Z vfio_region_write  (0000:09:00.0:region0+0x8280, 0x0, 4)
2026-07-07T03:29:31.601039Z vfio_region_write  (0000:09:00.0:region0+0x8284, 0x0, 4)
2026-07-07T03:29:31.601060Z vfio_region_write  (0000:09:00.0:region0+0x8288, 0x0, 4)
2026-07-07T03:29:31.601075Z vfio_region_write  (0000:09:00.0:region0+0x828c, 0x0, 4)
2026-07-07T03:29:31.601089Z vfio_region_write  (0000:09:00.0:region0+0x8290, 0x0, 4)
2026-07-07T03:29:31.601103Z vfio_region_write  (0000:09:00.0:region0+0x8294, 0x0, 4)
2026-07-07T03:29:31.601116Z vfio_region_write  (0000:09:00.0:region0+0x8298, 0x0, 4)
2026-07-07T03:29:31.601129Z vfio_region_write  (0000:09:00.0:region0+0x829c, 0x0, 4)
2026-07-07T03:29:31.601143Z vfio_region_write  (0000:09:00.0:region0+0x82a0, 0x0, 4)
2026-07-07T03:29:31.601156Z vfio_region_write  (0000:09:00.0:region0+0x82a4, 0x0, 4)
2026-07-07T03:29:31.601170Z vfio_region_write  (0000:09:00.0:region0+0x82a8, 0x0, 4)
2026-07-07T03:29:31.601183Z vfio_region_write  (0000:09:00.0:region0+0x82ac, 0x0, 4)
2026-07-07T03:29:31.601195Z vfio_region_write  (0000:09:00.0:region0+0x82b0, 0x0, 4)
2026-07-07T03:29:31.601209Z vfio_region_write  (0000:09:00.0:region0+0x82b4, 0x0, 4)
2026-07-07T03:29:31.601223Z vfio_region_write  (0000:09:00.0:region0+0x82b8, 0x0, 4)
2026-07-07T03:29:31.601236Z vfio_region_write  (0000:09:00.0:region0+0x82bc, 0x0, 4)
2026-07-07T03:29:31.601250Z vfio_region_write  (0000:09:00.0:region0+0x82c0, 0x0, 4)
2026-07-07T03:29:31.601263Z vfio_region_write  (0000:09:00.0:region0+0x82c4, 0x0, 4)
2026-07-07T03:29:31.601277Z vfio_region_write  (0000:09:00.0:region0+0x82c8, 0x0, 4)
2026-07-07T03:29:31.601290Z vfio_region_write  (0000:09:00.0:region0+0x82cc, 0x0, 4)
2026-07-07T03:29:31.601304Z vfio_region_write  (0000:09:00.0:region0+0x82d0, 0x0, 4)
2026-07-07T03:29:31.601317Z vfio_region_write  (0000:09:00.0:region0+0x82d4, 0x0, 4)
2026-07-07T03:29:31.601331Z vfio_region_write  (0000:09:00.0:region0+0x82d8, 0x0, 4)
2026-07-07T03:29:31.601344Z vfio_region_write  (0000:09:00.0:region0+0x82dc, 0x0, 4)
2026-07-07T03:29:31.601358Z vfio_region_write  (0000:09:00.0:region0+0x82e0, 0x0, 4)
2026-07-07T03:29:31.601371Z vfio_region_write  (0000:09:00.0:region0+0x82e4, 0x0, 4)
2026-07-07T03:29:31.601385Z vfio_region_write  (0000:09:00.0:region0+0x82e8, 0x0, 4)
2026-07-07T03:29:31.601399Z vfio_region_write  (0000:09:00.0:region0+0x82ec, 0x0, 4)
2026-07-07T03:29:31.601413Z vfio_region_write  (0000:09:00.0:region0+0x82f0, 0x0, 4)
2026-07-07T03:29:31.601428Z vfio_region_write  (0000:09:00.0:region0+0x82f4, 0x0, 4)
2026-07-07T03:29:31.601441Z vfio_region_write  (0000:09:00.0:region0+0x82f8, 0x0, 4)
2026-07-07T03:29:31.601456Z vfio_region_write  (0000:09:00.0:region0+0x82fc, 0x0, 4)
2026-07-07T03:29:31.601469Z vfio_region_write  (0000:09:00.0:region0+0x8300, 0x0, 4)
2026-07-07T03:29:31.601483Z vfio_region_write  (0000:09:00.0:region0+0x8304, 0x0, 4)
2026-07-07T03:29:31.601496Z vfio_region_write  (0000:09:00.0:region0+0x8308, 0x3, 4)
2026-07-07T03:29:31.601511Z vfio_region_write  (0000:09:00.0:region0+0x830c, 0x0, 4)
2026-07-07T03:29:31.601525Z vfio_region_write  (0000:09:00.0:region0+0x8310, 0x0, 4)
2026-07-07T03:29:31.601539Z vfio_region_write  (0000:09:00.0:region0+0x8314, 0x0, 4)
2026-07-07T03:29:31.601553Z vfio_region_write  (0000:09:00.0:region0+0x8318, 0x0, 4)
2026-07-07T03:29:31.601566Z vfio_region_write  (0000:09:00.0:region0+0x831c, 0x0, 4)
2026-07-07T03:29:31.601579Z vfio_region_write  (0000:09:00.0:region0+0x8320, 0x0, 4)
2026-07-07T03:29:31.601594Z vfio_region_write  (0000:09:00.0:region0+0x8324, 0x0, 4)
2026-07-07T03:29:31.601607Z vfio_region_write  (0000:09:00.0:region0+0x8328, 0x0, 4)
2026-07-07T03:29:31.601621Z vfio_region_write  (0000:09:00.0:region0+0x832c, 0x0, 4)
2026-07-07T03:29:31.601634Z vfio_region_write  (0000:09:00.0:region0+0x8330, 0x0, 4)
2026-07-07T03:29:31.601648Z vfio_region_write  (0000:09:00.0:region0+0x8334, 0x0, 4)
2026-07-07T03:29:31.601662Z vfio_region_write  (0000:09:00.0:region0+0x8338, 0x0, 4)
2026-07-07T03:29:31.601675Z vfio_region_write  (0000:09:00.0:region0+0x833c, 0x0, 4)
2026-07-07T03:29:31.601689Z vfio_region_write  (0000:09:00.0:region0+0x8340, 0x0, 4)
2026-07-07T03:29:31.601702Z vfio_region_write  (0000:09:00.0:region0+0x8344, 0x0, 4)
2026-07-07T03:29:31.601716Z vfio_region_write  (0000:09:00.0:region0+0x8348, 0x0, 4)
2026-07-07T03:29:31.601730Z vfio_region_write  (0000:09:00.0:region0+0x834c, 0x0, 4)
2026-07-07T03:29:31.601744Z vfio_region_write  (0000:09:00.0:region0+0x8350, 0x0, 4)
2026-07-07T03:29:31.601759Z vfio_region_write  (0000:09:00.0:region0+0x8354, 0x0, 4)
2026-07-07T03:29:31.601772Z vfio_region_write  (0000:09:00.0:region0+0x8358, 0x0, 4)
2026-07-07T03:29:31.601787Z vfio_region_write  (0000:09:00.0:region0+0x835c, 0x0, 4)
2026-07-07T03:29:31.601800Z vfio_region_write  (0000:09:00.0:region0+0x8360, 0x0, 4)
2026-07-07T03:29:31.601822Z vfio_region_write  (0000:09:00.0:region0+0x8364, 0x0, 4)
2026-07-07T03:29:31.601837Z vfio_region_write  (0000:09:00.0:region0+0x8368, 0x0, 4)
2026-07-07T03:29:31.601851Z vfio_region_write  (0000:09:00.0:region0+0x836c, 0x0, 4)
2026-07-07T03:29:31.601864Z vfio_region_write  (0000:09:00.0:region0+0x8370, 0x0, 4)
2026-07-07T03:29:31.601877Z vfio_region_write  (0000:09:00.0:region0+0x8374, 0x0, 4)
2026-07-07T03:29:31.601890Z vfio_region_write  (0000:09:00.0:region0+0x8378, 0x0, 4)
2026-07-07T03:29:31.601904Z vfio_region_write  (0000:09:00.0:region0+0x837c, 0x0, 4)
2026-07-07T03:29:31.601917Z vfio_region_write  (0000:09:00.0:region0+0x8380, 0x0, 4)
2026-07-07T03:29:31.601931Z vfio_region_write  (0000:09:00.0:region0+0x8384, 0x0, 4)
2026-07-07T03:29:31.601944Z vfio_region_write  (0000:09:00.0:region0+0x8388, 0x0, 4)
2026-07-07T03:29:31.601958Z vfio_region_write  (0000:09:00.0:region0+0x838c, 0x0, 4)
2026-07-07T03:29:31.601971Z vfio_region_write  (0000:09:00.0:region0+0x8390, 0x0, 4)
2026-07-07T03:29:31.601985Z vfio_region_write  (0000:09:00.0:region0+0x8394, 0x0, 4)
2026-07-07T03:29:31.601998Z vfio_region_write  (0000:09:00.0:region0+0x8398, 0x0, 4)
2026-07-07T03:29:31.602012Z vfio_region_write  (0000:09:00.0:region0+0x839c, 0x0, 4)
2026-07-07T03:29:31.602027Z vfio_region_write  (0000:09:00.0:region0+0x83a0, 0x0, 4)
2026-07-07T03:29:31.602040Z vfio_region_write  (0000:09:00.0:region0+0x83a4, 0x0, 4)
2026-07-07T03:29:31.602059Z vfio_region_write  (0000:09:00.0:region0+0x83a8, 0x0, 4)
2026-07-07T03:29:31.602073Z vfio_region_write  (0000:09:00.0:region0+0x83ac, 0x0, 4)
2026-07-07T03:29:31.602086Z vfio_region_write  (0000:09:00.0:region0+0x83b0, 0x0, 4)
2026-07-07T03:29:31.602100Z vfio_region_write  (0000:09:00.0:region0+0x83b4, 0x0, 4)
2026-07-07T03:29:31.602112Z vfio_region_write  (0000:09:00.0:region0+0x83b8, 0x0, 4)
2026-07-07T03:29:31.602126Z vfio_region_write  (0000:09:00.0:region0+0x83bc, 0x0, 4)
2026-07-07T03:29:31.602139Z vfio_region_write  (0000:09:00.0:region0+0x83c0, 0x0, 4)
2026-07-07T03:29:31.602152Z vfio_region_write  (0000:09:00.0:region0+0x83c4, 0x0, 4)
2026-07-07T03:29:31.602165Z vfio_region_write  (0000:09:00.0:region0+0x83c8, 0x0, 4)
2026-07-07T03:29:31.602179Z vfio_region_write  (0000:09:00.0:region0+0x83cc, 0x0, 4)
2026-07-07T03:29:31.602192Z vfio_region_write  (0000:09:00.0:region0+0x83d0, 0x0, 4)
2026-07-07T03:29:31.602205Z vfio_region_write  (0000:09:00.0:region0+0x83d4, 0x0, 4)
2026-07-07T03:29:31.602218Z vfio_region_write  (0000:09:00.0:region0+0x83d8, 0x0, 4)
2026-07-07T03:29:31.602232Z vfio_region_write  (0000:09:00.0:region0+0x83dc, 0x0, 4)
2026-07-07T03:29:31.602245Z vfio_region_write  (0000:09:00.0:region0+0x83e0, 0x0, 4)
2026-07-07T03:29:31.602258Z vfio_region_write  (0000:09:00.0:region0+0x83e4, 0x0, 4)
2026-07-07T03:29:31.602271Z vfio_region_write  (0000:09:00.0:region0+0x83e8, 0x0, 4)
2026-07-07T03:29:31.602285Z vfio_region_write  (0000:09:00.0:region0+0x83ec, 0x0, 4)
2026-07-07T03:29:31.602297Z vfio_region_write  (0000:09:00.0:region0+0x83f0, 0x0, 4)
2026-07-07T03:29:31.602311Z vfio_region_write  (0000:09:00.0:region0+0x83f4, 0x0, 4)
2026-07-07T03:29:31.602324Z vfio_region_write  (0000:09:00.0:region0+0x83f8, 0x0, 4)
2026-07-07T03:29:31.602338Z vfio_region_write  (0000:09:00.0:region0+0x83fc, 0x0, 4)
2026-07-07T03:29:31.602350Z vfio_region_write  (0000:09:00.0:region0+0x8400, 0x0, 4)
2026-07-07T03:29:31.602364Z vfio_region_write  (0000:09:00.0:region0+0x8404, 0x0, 4)
2026-07-07T03:29:31.602377Z vfio_region_write  (0000:09:00.0:region0+0x8408, 0x0, 4)
2026-07-07T03:29:31.602390Z vfio_region_write  (0000:09:00.0:region0+0x840c, 0x0, 4)
2026-07-07T03:29:31.602403Z vfio_region_write  (0000:09:00.0:region0+0x8410, 0x0, 4)
2026-07-07T03:29:31.602417Z vfio_region_write  (0000:09:00.0:region0+0x8414, 0x0, 4)
2026-07-07T03:29:31.602430Z vfio_region_write  (0000:09:00.0:region0+0x8418, 0x0, 4)
2026-07-07T03:29:31.602443Z vfio_region_write  (0000:09:00.0:region0+0x841c, 0x0, 4)
2026-07-07T03:29:31.602456Z vfio_region_write  (0000:09:00.0:region0+0x8420, 0x0, 4)
2026-07-07T03:29:31.602470Z vfio_region_write  (0000:09:00.0:region0+0x8424, 0x0, 4)
2026-07-07T03:29:31.602483Z vfio_region_write  (0000:09:00.0:region0+0x8428, 0x0, 4)
2026-07-07T03:29:31.602497Z vfio_region_write  (0000:09:00.0:region0+0x842c, 0x0, 4)
2026-07-07T03:29:31.602510Z vfio_region_write  (0000:09:00.0:region0+0x408, 0x1, 4)
2026-07-07T03:29:31.602749Z vfio_region_read  (0000:09:00.0:region0+0x100, 4) = 0x20000000
2026-07-07T03:29:31.602769Z vfio_region_read  (0000:09:00.0:region0+0x300, 4) = 0x0
2026-07-07T03:29:31.602788Z vfio_region_read  (0000:09:00.0:region0+0x200, 4) = 0x0
2026-07-07T03:29:31.602809Z vfio_region_read  (0000:09:00.0:region0+0x400, 4) = 0x1
2026-07-07T03:29:31.602849Z vfio_region_read  (0000:09:00.0:region0+0x500, 4) = 0xff0000
2026-07-07T03:29:31.603008Z vfio_region_read  (0000:09:00.0:region0+0x100, 4) = 0x20000000
2026-07-07T03:29:31.603028Z vfio_region_read  (0000:09:00.0:region0+0x300, 4) = 0x0
2026-07-07T03:29:31.603054Z vfio_region_read  (0000:09:00.0:region0+0x200, 4) = 0x0
2026-07-07T03:29:31.603073Z vfio_region_read  (0000:09:00.0:region0+0x400, 4) = 0x2
2026-07-07T03:29:31.603092Z vfio_region_read  (0000:09:00.0:region0+0x500, 4) = 0xff0000
2026-07-07T03:29:31.603182Z vfio_region_write  (0000:09:00.0:region0+0x408, 0x2, 4)
2026-07-07T03:29:31.603277Z vfio_region_write  (0000:09:00.0:region0+0x8020, 0x80800001, 4)
2026-07-07T03:29:31.603292Z vfio_region_write  (0000:09:00.0:region0+0x8024, 0x650400, 4)
2026-07-07T03:29:31.603306Z vfio_region_write  (0000:09:00.0:region0+0x8028, 0x0, 4)
2026-07-07T03:29:31.603321Z vfio_region_write  (0000:09:00.0:region0+0x802c, 0x0, 4)
2026-07-07T03:29:31.603334Z vfio_region_write  (0000:09:00.0:region0+0x8030, 0x4c0, 4)
2026-07-07T03:29:31.603349Z vfio_region_write  (0000:09:00.0:region0+0x8034, 0x3f8, 4)
2026-07-07T03:29:31.603363Z vfio_region_write  (0000:09:00.0:region0+0x8038, 0x0, 4)
2026-07-07T03:29:31.603377Z vfio_region_write  (0000:09:00.0:region0+0x803c, 0x0, 4)
2026-07-07T03:29:31.603391Z vfio_region_write  (0000:09:00.0:region0+0x8040, 0x0, 4)
2026-07-07T03:29:31.603404Z vfio_region_write  (0000:09:00.0:region0+0x8044, 0x0, 4)
2026-07-07T03:29:31.603419Z vfio_region_write  (0000:09:00.0:region0+0x8048, 0x0, 4)
2026-07-07T03:29:31.603432Z vfio_region_write  (0000:09:00.0:region0+0x804c, 0x0, 4)
2026-07-07T03:29:31.603447Z vfio_region_write  (0000:09:00.0:region0+0x8050, 0x0, 4)
2026-07-07T03:29:31.603460Z vfio_region_write  (0000:09:00.0:region0+0x8054, 0x0, 4)
2026-07-07T03:29:31.603475Z vfio_region_write  (0000:09:00.0:region0+0x8058, 0x0, 4)
2026-07-07T03:29:31.603488Z vfio_region_write  (0000:09:00.0:region0+0x805c, 0x0, 4)
2026-07-07T03:29:31.603503Z vfio_region_write  (0000:09:00.0:region0+0x8060, 0x0, 4)
2026-07-07T03:29:31.603516Z vfio_region_write  (0000:09:00.0:region0+0x8064, 0x0, 4)
2026-07-07T03:29:31.603530Z vfio_region_write  (0000:09:00.0:region0+0x8068, 0x0, 4)
2026-07-07T03:29:31.603543Z vfio_region_write  (0000:09:00.0:region0+0x806c, 0x0, 4)
2026-07-07T03:29:31.603557Z vfio_region_write  (0000:09:00.0:region0+0x8070, 0x0, 4)
2026-07-07T03:29:31.603569Z vfio_region_write  (0000:09:00.0:region0+0x8074, 0x0, 4)
2026-07-07T03:29:31.603583Z vfio_region_write  (0000:09:00.0:region0+0x8078, 0x0, 4)
2026-07-07T03:29:31.603596Z vfio_region_write  (0000:09:00.0:region0+0x807c, 0x0, 4)
2026-07-07T03:29:31.603610Z vfio_region_write  (0000:09:00.0:region0+0x8080, 0x0, 4)
2026-07-07T03:29:31.603623Z vfio_region_write  (0000:09:00.0:region0+0x8084, 0x0, 4)
2026-07-07T03:29:31.603637Z vfio_region_write  (0000:09:00.0:region0+0x8088, 0x0, 4)
2026-07-07T03:29:31.603650Z vfio_region_write  (0000:09:00.0:region0+0x808c, 0x0, 4)
2026-07-07T03:29:31.603664Z vfio_region_write  (0000:09:00.0:region0+0x8090, 0x0, 4)
2026-07-07T03:29:31.603678Z vfio_region_write  (0000:09:00.0:region0+0x8094, 0x0, 4)
2026-07-07T03:29:31.603691Z vfio_region_write  (0000:09:00.0:region0+0x8098, 0x0, 4)
2026-07-07T03:29:31.603705Z vfio_region_write  (0000:09:00.0:region0+0x809c, 0x0, 4)
2026-07-07T03:29:31.603719Z vfio_region_write  (0000:09:00.0:region0+0x80a0, 0x0, 4)
2026-07-07T03:29:31.603733Z vfio_region_write  (0000:09:00.0:region0+0x80a4, 0x0, 4)
2026-07-07T03:29:31.603748Z vfio_region_write  (0000:09:00.0:region0+0x80a8, 0x0, 4)
2026-07-07T03:29:31.603761Z vfio_region_write  (0000:09:00.0:region0+0x80ac, 0x0, 4)
2026-07-07T03:29:31.603774Z vfio_region_write  (0000:09:00.0:region0+0x80b0, 0x0, 4)
2026-07-07T03:29:31.603789Z vfio_region_write  (0000:09:00.0:region0+0x80b4, 0x0, 4)
2026-07-07T03:29:31.603804Z vfio_region_write  (0000:09:00.0:region0+0x80b8, 0x0, 4)
2026-07-07T03:29:31.603825Z vfio_region_write  (0000:09:00.0:region0+0x80bc, 0x0, 4)
2026-07-07T03:29:31.603839Z vfio_region_write  (0000:09:00.0:region0+0x80c0, 0x0, 4)
2026-07-07T03:29:31.603853Z vfio_region_write  (0000:09:00.0:region0+0x80c4, 0x0, 4)
2026-07-07T03:29:31.603866Z vfio_region_write  (0000:09:00.0:region0+0x80c8, 0x0, 4)
2026-07-07T03:29:31.603880Z vfio_region_write  (0000:09:00.0:region0+0x80cc, 0x0, 4)
2026-07-07T03:29:31.603893Z vfio_region_write  (0000:09:00.0:region0+0x80d0, 0x0, 4)
2026-07-07T03:29:31.603906Z vfio_region_write  (0000:09:00.0:region0+0x80d4, 0x0, 4)
2026-07-07T03:29:31.603919Z vfio_region_write  (0000:09:00.0:region0+0x80d8, 0x0, 4)
2026-07-07T03:29:31.603933Z vfio_region_write  (0000:09:00.0:region0+0x80dc, 0x0, 4)
2026-07-07T03:29:31.603946Z vfio_region_write  (0000:09:00.0:region0+0x80e0, 0x0, 4)
2026-07-07T03:29:31.603959Z vfio_region_write  (0000:09:00.0:region0+0x80e4, 0x0, 4)
2026-07-07T03:29:31.603973Z vfio_region_write  (0000:09:00.0:region0+0x80e8, 0x0, 4)
2026-07-07T03:29:31.603986Z vfio_region_write  (0000:09:00.0:region0+0x80ec, 0x0, 4)
2026-07-07T03:29:31.604000Z vfio_region_write  (0000:09:00.0:region0+0x80f0, 0x0, 4)
2026-07-07T03:29:31.604014Z vfio_region_write  (0000:09:00.0:region0+0x80f4, 0x0, 4)
2026-07-07T03:29:31.604028Z vfio_region_write  (0000:09:00.0:region0+0x80f8, 0x0, 4)
2026-07-07T03:29:31.604042Z vfio_region_write  (0000:09:00.0:region0+0x80fc, 0x0, 4)
2026-07-07T03:29:31.604061Z vfio_region_write  (0000:09:00.0:region0+0x8100, 0x0, 4)
2026-07-07T03:29:31.604075Z vfio_region_write  (0000:09:00.0:region0+0x8104, 0x0, 4)
2026-07-07T03:29:31.604089Z vfio_region_write  (0000:09:00.0:region0+0x8108, 0x0, 4)
2026-07-07T03:29:31.604102Z vfio_region_write  (0000:09:00.0:region0+0x810c, 0x0, 4)
2026-07-07T03:29:31.604117Z vfio_region_write  (0000:09:00.0:region0+0x8110, 0x0, 4)
2026-07-07T03:29:31.604130Z vfio_region_write  (0000:09:00.0:region0+0x8114, 0x0, 4)
2026-07-07T03:29:31.604144Z vfio_region_write  (0000:09:00.0:region0+0x8118, 0x0, 4)
2026-07-07T03:29:31.604157Z vfio_region_write  (0000:09:00.0:region0+0x811c, 0x0, 4)
2026-07-07T03:29:31.604171Z vfio_region_write  (0000:09:00.0:region0+0x8120, 0x0, 4)
2026-07-07T03:29:31.604184Z vfio_region_write  (0000:09:00.0:region0+0x8124, 0x0, 4)
2026-07-07T03:29:31.604198Z vfio_region_write  (0000:09:00.0:region0+0x8128, 0x0, 4)
2026-07-07T03:29:31.604211Z vfio_region_write  (0000:09:00.0:region0+0x812c, 0x0, 4)
2026-07-07T03:29:31.604225Z vfio_region_write  (0000:09:00.0:region0+0x8130, 0x0, 4)
2026-07-07T03:29:31.604239Z vfio_region_write  (0000:09:00.0:region0+0x8134, 0x0, 4)
2026-07-07T03:29:31.604253Z vfio_region_write  (0000:09:00.0:region0+0x8138, 0x0, 4)
2026-07-07T03:29:31.604268Z vfio_region_write  (0000:09:00.0:region0+0x813c, 0x0, 4)
2026-07-07T03:29:31.604281Z vfio_region_write  (0000:09:00.0:region0+0x8140, 0x0, 4)
2026-07-07T03:29:31.604295Z vfio_region_write  (0000:09:00.0:region0+0x8144, 0x0, 4)
2026-07-07T03:29:31.604309Z vfio_region_write  (0000:09:00.0:region0+0x8148, 0x0, 4)
2026-07-07T03:29:31.604323Z vfio_region_write  (0000:09:00.0:region0+0x814c, 0x0, 4)
2026-07-07T03:29:31.604336Z vfio_region_write  (0000:09:00.0:region0+0x8150, 0x0, 4)
2026-07-07T03:29:31.604349Z vfio_region_write  (0000:09:00.0:region0+0x8154, 0x0, 4)
2026-07-07T03:29:31.604363Z vfio_region_write  (0000:09:00.0:region0+0x8158, 0x0, 4)
2026-07-07T03:29:31.604376Z vfio_region_write  (0000:09:00.0:region0+0x815c, 0x0, 4)
2026-07-07T03:29:31.604389Z vfio_region_write  (0000:09:00.0:region0+0x8160, 0x0, 4)
2026-07-07T03:29:31.604403Z vfio_region_write  (0000:09:00.0:region0+0x8164, 0x0, 4)
2026-07-07T03:29:31.604416Z vfio_region_write  (0000:09:00.0:region0+0x8168, 0x0, 4)
2026-07-07T03:29:31.604430Z vfio_region_write  (0000:09:00.0:region0+0x816c, 0x0, 4)
2026-07-07T03:29:31.604443Z vfio_region_write  (0000:09:00.0:region0+0x8170, 0x0, 4)
2026-07-07T03:29:31.604455Z vfio_region_write  (0000:09:00.0:region0+0x8174, 0x0, 4)
2026-07-07T03:29:31.604469Z vfio_region_write  (0000:09:00.0:region0+0x8178, 0x0, 4)
2026-07-07T03:29:31.604483Z vfio_region_write  (0000:09:00.0:region0+0x817c, 0x0, 4)
2026-07-07T03:29:31.604496Z vfio_region_write  (0000:09:00.0:region0+0x8180, 0x0, 4)
2026-07-07T03:29:31.604510Z vfio_region_write  (0000:09:00.0:region0+0x8184, 0x0, 4)
2026-07-07T03:29:31.604523Z vfio_region_write  (0000:09:00.0:region0+0x8188, 0x0, 4)
2026-07-07T03:29:31.604537Z vfio_region_write  (0000:09:00.0:region0+0x818c, 0x0, 4)
2026-07-07T03:29:31.604550Z vfio_region_write  (0000:09:00.0:region0+0x8190, 0x0, 4)
2026-07-07T03:29:31.604564Z vfio_region_write  (0000:09:00.0:region0+0x8194, 0x0, 4)
2026-07-07T03:29:31.604577Z vfio_region_write  (0000:09:00.0:region0+0x8198, 0x0, 4)
2026-07-07T03:29:31.604591Z vfio_region_write  (0000:09:00.0:region0+0x819c, 0x0, 4)
2026-07-07T03:29:31.604605Z vfio_region_write  (0000:09:00.0:region0+0x81a0, 0x0, 4)
2026-07-07T03:29:31.604618Z vfio_region_write  (0000:09:00.0:region0+0x81a4, 0x0, 4)
2026-07-07T03:29:31.604632Z vfio_region_write  (0000:09:00.0:region0+0x81a8, 0x0, 4)
2026-07-07T03:29:31.604645Z vfio_region_write  (0000:09:00.0:region0+0x81ac, 0x0, 4)
2026-07-07T03:29:31.604658Z vfio_region_write  (0000:09:00.0:region0+0x81b0, 0x0, 4)
2026-07-07T03:29:31.604672Z vfio_region_write  (0000:09:00.0:region0+0x81b4, 0x0, 4)
2026-07-07T03:29:31.604685Z vfio_region_write  (0000:09:00.0:region0+0x81b8, 0x0, 4)
2026-07-07T03:29:31.604698Z vfio_region_write  (0000:09:00.0:region0+0x81bc, 0x0, 4)
2026-07-07T03:29:31.604712Z vfio_region_write  (0000:09:00.0:region0+0x81c0, 0x0, 4)
2026-07-07T03:29:31.604724Z vfio_region_write  (0000:09:00.0:region0+0x81c4, 0x0, 4)
2026-07-07T03:29:31.604737Z vfio_region_write  (0000:09:00.0:region0+0x81c8, 0x0, 4)
2026-07-07T03:29:31.604750Z vfio_region_write  (0000:09:00.0:region0+0x81cc, 0x0, 4)
2026-07-07T03:29:31.604765Z vfio_region_write  (0000:09:00.0:region0+0x81d0, 0x0, 4)
2026-07-07T03:29:31.604778Z vfio_region_write  (0000:09:00.0:region0+0x81d4, 0x0, 4)
2026-07-07T03:29:31.604791Z vfio_region_write  (0000:09:00.0:region0+0x81d8, 0x0, 4)
2026-07-07T03:29:31.604806Z vfio_region_write  (0000:09:00.0:region0+0x81dc, 0x0, 4)
2026-07-07T03:29:31.604826Z vfio_region_write  (0000:09:00.0:region0+0x81e0, 0x0, 4)
2026-07-07T03:29:31.604840Z vfio_region_write  (0000:09:00.0:region0+0x81e4, 0x0, 4)
2026-07-07T03:29:31.604854Z vfio_region_write  (0000:09:00.0:region0+0x81e8, 0x0, 4)
2026-07-07T03:29:31.604867Z vfio_region_write  (0000:09:00.0:region0+0x81ec, 0x0, 4)
2026-07-07T03:29:31.604881Z vfio_region_write  (0000:09:00.0:region0+0x81f0, 0x0, 4)
2026-07-07T03:29:31.604894Z vfio_region_write  (0000:09:00.0:region0+0x81f4, 0x0, 4)
2026-07-07T03:29:31.604909Z vfio_region_write  (0000:09:00.0:region0+0x81f8, 0x0, 4)
2026-07-07T03:29:31.604923Z vfio_region_write  (0000:09:00.0:region0+0x81fc, 0x0, 4)
2026-07-07T03:29:31.604938Z vfio_region_write  (0000:09:00.0:region0+0x8200, 0x0, 4)
2026-07-07T03:29:31.604952Z vfio_region_write  (0000:09:00.0:region0+0x8204, 0x0, 4)
2026-07-07T03:29:31.604965Z vfio_region_write  (0000:09:00.0:region0+0x8208, 0x0, 4)
2026-07-07T03:29:31.604979Z vfio_region_write  (0000:09:00.0:region0+0x820c, 0x0, 4)
2026-07-07T03:29:31.604993Z vfio_region_write  (0000:09:00.0:region0+0x8210, 0x0, 4)
2026-07-07T03:29:31.605007Z vfio_region_write  (0000:09:00.0:region0+0x8214, 0x0, 4)
2026-07-07T03:29:31.605021Z vfio_region_write  (0000:09:00.0:region0+0x8218, 0x0, 4)
2026-07-07T03:29:31.605035Z vfio_region_write  (0000:09:00.0:region0+0x821c, 0x0, 4)
2026-07-07T03:29:31.605054Z vfio_region_write  (0000:09:00.0:region0+0x8220, 0x0, 4)
2026-07-07T03:29:31.605083Z vfio_region_write  (0000:09:00.0:region0+0x8224, 0x0, 4)
2026-07-07T03:29:31.605098Z vfio_region_write  (0000:09:00.0:region0+0x8228, 0x0, 4)
2026-07-07T03:29:31.605112Z vfio_region_write  (0000:09:00.0:region0+0x822c, 0x0, 4)
2026-07-07T03:29:31.605125Z vfio_region_write  (0000:09:00.0:region0+0x8230, 0x0, 4)
2026-07-07T03:29:31.605140Z vfio_region_write  (0000:09:00.0:region0+0x8234, 0x0, 4)
2026-07-07T03:29:31.605154Z vfio_region_write  (0000:09:00.0:region0+0x8238, 0x0, 4)
2026-07-07T03:29:31.605169Z vfio_region_write  (0000:09:00.0:region0+0x823c, 0x0, 4)
2026-07-07T03:29:31.605183Z vfio_region_write  (0000:09:00.0:region0+0x8240, 0x0, 4)
2026-07-07T03:29:31.605198Z vfio_region_write  (0000:09:00.0:region0+0x8244, 0x0, 4)
2026-07-07T03:29:31.605212Z vfio_region_write  (0000:09:00.0:region0+0x8248, 0x0, 4)
2026-07-07T03:29:31.605227Z vfio_region_write  (0000:09:00.0:region0+0x824c, 0x0, 4)
2026-07-07T03:29:31.605241Z vfio_region_write  (0000:09:00.0:region0+0x8250, 0x0, 4)
2026-07-07T03:29:31.605255Z vfio_region_write  (0000:09:00.0:region0+0x8254, 0x0, 4)
2026-07-07T03:29:31.605269Z vfio_region_write  (0000:09:00.0:region0+0x8258, 0x0, 4)
2026-07-07T03:29:31.605283Z vfio_region_write  (0000:09:00.0:region0+0x825c, 0x0, 4)
2026-07-07T03:29:31.605297Z vfio_region_write  (0000:09:00.0:region0+0x8260, 0x0, 4)
2026-07-07T03:29:31.605311Z vfio_region_write  (0000:09:00.0:region0+0x8264, 0x0, 4)
2026-07-07T03:29:31.605325Z vfio_region_write  (0000:09:00.0:region0+0x8268, 0x0, 4)
2026-07-07T03:29:31.605339Z vfio_region_write  (0000:09:00.0:region0+0x826c, 0x0, 4)
2026-07-07T03:29:31.605353Z vfio_region_write  (0000:09:00.0:region0+0x8270, 0x0, 4)
2026-07-07T03:29:31.605367Z vfio_region_write  (0000:09:00.0:region0+0x8274, 0x0, 4)
2026-07-07T03:29:31.605381Z vfio_region_write  (0000:09:00.0:region0+0x8278, 0x0, 4)
2026-07-07T03:29:31.605395Z vfio_region_write  (0000:09:00.0:region0+0x827c, 0x0, 4)
2026-07-07T03:29:31.605409Z vfio_region_write  (0000:09:00.0:region0+0x8280, 0x0, 4)
2026-07-07T03:29:31.605423Z vfio_region_write  (0000:09:00.0:region0+0x8284, 0x0, 4)
2026-07-07T03:29:31.605437Z vfio_region_write  (0000:09:00.0:region0+0x8288, 0x0, 4)
2026-07-07T03:29:31.605451Z vfio_region_write  (0000:09:00.0:region0+0x828c, 0x0, 4)
2026-07-07T03:29:31.605465Z vfio_region_write  (0000:09:00.0:region0+0x8290, 0x0, 4)
2026-07-07T03:29:31.605479Z vfio_region_write  (0000:09:00.0:region0+0x8294, 0x0, 4)
2026-07-07T03:29:31.605493Z vfio_region_write  (0000:09:00.0:region0+0x8298, 0x0, 4)
2026-07-07T03:29:31.605507Z vfio_region_write  (0000:09:00.0:region0+0x829c, 0x0, 4)
2026-07-07T03:29:31.605520Z vfio_region_write  (0000:09:00.0:region0+0x82a0, 0x0, 4)
2026-07-07T03:29:31.605534Z vfio_region_write  (0000:09:00.0:region0+0x82a4, 0x0, 4)
2026-07-07T03:29:31.605547Z vfio_region_write  (0000:09:00.0:region0+0x82a8, 0x0, 4)
2026-07-07T03:29:31.605560Z vfio_region_write  (0000:09:00.0:region0+0x82ac, 0x0, 4)
2026-07-07T03:29:31.605574Z vfio_region_write  (0000:09:00.0:region0+0x82b0, 0x0, 4)
2026-07-07T03:29:31.605587Z vfio_region_write  (0000:09:00.0:region0+0x82b4, 0x0, 4)
2026-07-07T03:29:31.605600Z vfio_region_write  (0000:09:00.0:region0+0x82b8, 0x0, 4)
2026-07-07T03:29:31.605615Z vfio_region_write  (0000:09:00.0:region0+0x82bc, 0x0, 4)
2026-07-07T03:29:31.605628Z vfio_region_write  (0000:09:00.0:region0+0x82c0, 0x0, 4)
2026-07-07T03:29:31.605642Z vfio_region_write  (0000:09:00.0:region0+0x82c4, 0x0, 4)
2026-07-07T03:29:31.605655Z vfio_region_write  (0000:09:00.0:region0+0x82c8, 0x0, 4)
2026-07-07T03:29:31.605669Z vfio_region_write  (0000:09:00.0:region0+0x82cc, 0x0, 4)
2026-07-07T03:29:31.605682Z vfio_region_write  (0000:09:00.0:region0+0x82d0, 0x0, 4)
2026-07-07T03:29:31.605696Z vfio_region_write  (0000:09:00.0:region0+0x82d4, 0x0, 4)
2026-07-07T03:29:31.605709Z vfio_region_write  (0000:09:00.0:region0+0x82d8, 0x0, 4)
2026-07-07T03:29:31.605723Z vfio_region_write  (0000:09:00.0:region0+0x82dc, 0x0, 4)
2026-07-07T03:29:31.605736Z vfio_region_write  (0000:09:00.0:region0+0x82e0, 0x0, 4)
2026-07-07T03:29:31.605750Z vfio_region_write  (0000:09:00.0:region0+0x82e4, 0x0, 4)
2026-07-07T03:29:31.605764Z vfio_region_write  (0000:09:00.0:region0+0x82e8, 0x0, 4)
2026-07-07T03:29:31.605778Z vfio_region_write  (0000:09:00.0:region0+0x82ec, 0x0, 4)
2026-07-07T03:29:31.605791Z vfio_region_write  (0000:09:00.0:region0+0x82f0, 0x0, 4)
2026-07-07T03:29:31.605807Z vfio_region_write  (0000:09:00.0:region0+0x82f4, 0x0, 4)
2026-07-07T03:29:31.605829Z vfio_region_write  (0000:09:00.0:region0+0x82f8, 0x0, 4)
2026-07-07T03:29:31.605844Z vfio_region_write  (0000:09:00.0:region0+0x82fc, 0x0, 4)
2026-07-07T03:29:31.605857Z vfio_region_write  (0000:09:00.0:region0+0x8300, 0x0, 4)
2026-07-07T03:29:31.605871Z vfio_region_write  (0000:09:00.0:region0+0x8304, 0x0, 4)
2026-07-07T03:29:31.605884Z vfio_region_write  (0000:09:00.0:region0+0x8308, 0x0, 4)
2026-07-07T03:29:31.605898Z vfio_region_write  (0000:09:00.0:region0+0x830c, 0x0, 4)
2026-07-07T03:29:31.605912Z vfio_region_write  (0000:09:00.0:region0+0x8310, 0x0, 4)
2026-07-07T03:29:31.605927Z vfio_region_write  (0000:09:00.0:region0+0x8314, 0x0, 4)
2026-07-07T03:29:31.605941Z vfio_region_write  (0000:09:00.0:region0+0x8318, 0x0, 4)
2026-07-07T03:29:31.605955Z vfio_region_write  (0000:09:00.0:region0+0x831c, 0x0, 4)
2026-07-07T03:29:31.605970Z vfio_region_write  (0000:09:00.0:region0+0x8320, 0x0, 4)
2026-07-07T03:29:31.605984Z vfio_region_write  (0000:09:00.0:region0+0x8324, 0x0, 4)
2026-07-07T03:29:31.605998Z vfio_region_write  (0000:09:00.0:region0+0x8328, 0x0, 4)
2026-07-07T03:29:31.606012Z vfio_region_write  (0000:09:00.0:region0+0x832c, 0x0, 4)
2026-07-07T03:29:31.606027Z vfio_region_write  (0000:09:00.0:region0+0x8330, 0x0, 4)
2026-07-07T03:29:31.606040Z vfio_region_write  (0000:09:00.0:region0+0x8334, 0x0, 4)
2026-07-07T03:29:31.606060Z vfio_region_write  (0000:09:00.0:region0+0x8338, 0x0, 4)
2026-07-07T03:29:31.606073Z vfio_region_write  (0000:09:00.0:region0+0x833c, 0x0, 4)
2026-07-07T03:29:31.606087Z vfio_region_write  (0000:09:00.0:region0+0x8340, 0x0, 4)
2026-07-07T03:29:31.606102Z vfio_region_write  (0000:09:00.0:region0+0x8344, 0x0, 4)
2026-07-07T03:29:31.606115Z vfio_region_write  (0000:09:00.0:region0+0x8348, 0x0, 4)
2026-07-07T03:29:31.606129Z vfio_region_write  (0000:09:00.0:region0+0x834c, 0x0, 4)
2026-07-07T03:29:31.606143Z vfio_region_write  (0000:09:00.0:region0+0x8350, 0x0, 4)
2026-07-07T03:29:31.606157Z vfio_region_write  (0000:09:00.0:region0+0x8354, 0x0, 4)
2026-07-07T03:29:31.606171Z vfio_region_write  (0000:09:00.0:region0+0x8358, 0x0, 4)
2026-07-07T03:29:31.606185Z vfio_region_write  (0000:09:00.0:region0+0x835c, 0x0, 4)
2026-07-07T03:29:31.606199Z vfio_region_write  (0000:09:00.0:region0+0x8360, 0x0, 4)
2026-07-07T03:29:31.606213Z vfio_region_write  (0000:09:00.0:region0+0x8364, 0x0, 4)
2026-07-07T03:29:31.606227Z vfio_region_write  (0000:09:00.0:region0+0x8368, 0x0, 4)
2026-07-07T03:29:31.606241Z vfio_region_write  (0000:09:00.0:region0+0x836c, 0x0, 4)
2026-07-07T03:29:31.606256Z vfio_region_write  (0000:09:00.0:region0+0x8370, 0x0, 4)
2026-07-07T03:29:31.606269Z vfio_region_write  (0000:09:00.0:region0+0x8374, 0x0, 4)
2026-07-07T03:29:31.606283Z vfio_region_write  (0000:09:00.0:region0+0x8378, 0x0, 4)
2026-07-07T03:29:31.606297Z vfio_region_write  (0000:09:00.0:region0+0x837c, 0x0, 4)
2026-07-07T03:29:31.606311Z vfio_region_write  (0000:09:00.0:region0+0x8380, 0x0, 4)
2026-07-07T03:29:31.606324Z vfio_region_write  (0000:09:00.0:region0+0x8384, 0x0, 4)
2026-07-07T03:29:31.606338Z vfio_region_write  (0000:09:00.0:region0+0x8388, 0x0, 4)
2026-07-07T03:29:31.606352Z vfio_region_write  (0000:09:00.0:region0+0x838c, 0x0, 4)
2026-07-07T03:29:31.606366Z vfio_region_write  (0000:09:00.0:region0+0x8390, 0x0, 4)
2026-07-07T03:29:31.606379Z vfio_region_write  (0000:09:00.0:region0+0x8394, 0x0, 4)
2026-07-07T03:29:31.606394Z vfio_region_write  (0000:09:00.0:region0+0x8398, 0x0, 4)
2026-07-07T03:29:31.606407Z vfio_region_write  (0000:09:00.0:region0+0x839c, 0x0, 4)
2026-07-07T03:29:31.606422Z vfio_region_write  (0000:09:00.0:region0+0x83a0, 0x0, 4)
2026-07-07T03:29:31.606435Z vfio_region_write  (0000:09:00.0:region0+0x83a4, 0x0, 4)
2026-07-07T03:29:31.606450Z vfio_region_write  (0000:09:00.0:region0+0x83a8, 0x0, 4)
2026-07-07T03:29:31.606463Z vfio_region_write  (0000:09:00.0:region0+0x83ac, 0x0, 4)
2026-07-07T03:29:31.606476Z vfio_region_write  (0000:09:00.0:region0+0x83b0, 0x0, 4)
2026-07-07T03:29:31.606491Z vfio_region_write  (0000:09:00.0:region0+0x83b4, 0x0, 4)
2026-07-07T03:29:31.606504Z vfio_region_write  (0000:09:00.0:region0+0x83b8, 0x0, 4)
2026-07-07T03:29:31.606517Z vfio_region_write  (0000:09:00.0:region0+0x83bc, 0x0, 4)
2026-07-07T03:29:31.606531Z vfio_region_write  (0000:09:00.0:region0+0x83c0, 0x0, 4)
2026-07-07T03:29:31.606544Z vfio_region_write  (0000:09:00.0:region0+0x83c4, 0x0, 4)
2026-07-07T03:29:31.606557Z vfio_region_write  (0000:09:00.0:region0+0x83c8, 0x0, 4)
2026-07-07T03:29:31.606571Z vfio_region_write  (0000:09:00.0:region0+0x83cc, 0x0, 4)
2026-07-07T03:29:31.606585Z vfio_region_write  (0000:09:00.0:region0+0x83d0, 0x0, 4)
2026-07-07T03:29:31.606599Z vfio_region_write  (0000:09:00.0:region0+0x83d4, 0x0, 4)
2026-07-07T03:29:31.606612Z vfio_region_write  (0000:09:00.0:region0+0x83d8, 0x0, 4)
2026-07-07T03:29:31.606626Z vfio_region_write  (0000:09:00.0:region0+0x83dc, 0x0, 4)
2026-07-07T03:29:31.606639Z vfio_region_write  (0000:09:00.0:region0+0x83e0, 0x0, 4)
2026-07-07T03:29:31.606653Z vfio_region_write  (0000:09:00.0:region0+0x83e4, 0x0, 4)
2026-07-07T03:29:31.606666Z vfio_region_write  (0000:09:00.0:region0+0x83e8, 0x0, 4)
2026-07-07T03:29:31.606680Z vfio_region_write  (0000:09:00.0:region0+0x83ec, 0x0, 4)
2026-07-07T03:29:31.606693Z vfio_region_write  (0000:09:00.0:region0+0x83f0, 0x0, 4)
2026-07-07T03:29:31.606708Z vfio_region_write  (0000:09:00.0:region0+0x83f4, 0x0, 4)
2026-07-07T03:29:31.606722Z vfio_region_write  (0000:09:00.0:region0+0x83f8, 0x0, 4)
2026-07-07T03:29:31.606736Z vfio_region_write  (0000:09:00.0:region0+0x83fc, 0x0, 4)
2026-07-07T03:29:31.606750Z vfio_region_write  (0000:09:00.0:region0+0x8400, 0x0, 4)
2026-07-07T03:29:31.606763Z vfio_region_write  (0000:09:00.0:region0+0x8404, 0x0, 4)
2026-07-07T03:29:31.606778Z vfio_region_write  (0000:09:00.0:region0+0x8408, 0x0, 4)
2026-07-07T03:29:31.606791Z vfio_region_write  (0000:09:00.0:region0+0x840c, 0x0, 4)
2026-07-07T03:29:31.606807Z vfio_region_write  (0000:09:00.0:region0+0x8410, 0x0, 4)
2026-07-07T03:29:31.606828Z vfio_region_write  (0000:09:00.0:region0+0x8414, 0x0, 4)
2026-07-07T03:29:31.606842Z vfio_region_write  (0000:09:00.0:region0+0x8418, 0x0, 4)
2026-07-07T03:29:31.606855Z vfio_region_write  (0000:09:00.0:region0+0x841c, 0x0, 4)
2026-07-07T03:29:31.606868Z vfio_region_write  (0000:09:00.0:region0+0x8420, 0x0, 4)
2026-07-07T03:29:31.606882Z vfio_region_write  (0000:09:00.0:region0+0x8424, 0x0, 4)
2026-07-07T03:29:31.606895Z vfio_region_write  (0000:09:00.0:region0+0x8428, 0x0, 4)
2026-07-07T03:29:31.606908Z vfio_region_write  (0000:09:00.0:region0+0x842c, 0x0, 4)
2026-07-07T03:29:31.606922Z vfio_region_write  (0000:09:00.0:region0+0x408, 0x1, 4)
2026-07-07T03:29:31.607167Z vfio_region_read  (0000:09:00.0:region0+0x100, 4) = 0x20000000
2026-07-07T03:29:31.607188Z vfio_region_read  (0000:09:00.0:region0+0x300, 4) = 0x0
2026-07-07T03:29:31.607207Z vfio_region_read  (0000:09:00.0:region0+0x200, 4) = 0x0
2026-07-07T03:29:31.607226Z vfio_region_read  (0000:09:00.0:region0+0x400, 4) = 0x1
2026-07-07T03:29:31.607245Z vfio_region_read  (0000:09:00.0:region0+0x500, 4) = 0xff0000
2026-07-07T03:29:31.607421Z vfio_region_read  (0000:09:00.0:region0+0x100, 4) = 0x20000000
2026-07-07T03:29:31.607441Z vfio_region_read  (0000:09:00.0:region0+0x300, 4) = 0x0
2026-07-07T03:29:31.607460Z vfio_region_read  (0000:09:00.0:region0+0x200, 4) = 0x0
2026-07-07T03:29:31.607479Z vfio_region_read  (0000:09:00.0:region0+0x400, 4) = 0x2
2026-07-07T03:29:31.607497Z vfio_region_read  (0000:09:00.0:region0+0x500, 4) = 0xff0000
2026-07-07T03:29:31.607557Z vfio_region_write  (0000:09:00.0:region0+0x408, 0x2, 4)
2026-07-07T03:29:31.607588Z vfio_region_write  (0000:09:00.0:region0+0x8020, 0x80800001, 4)
2026-07-07T03:29:31.607603Z vfio_region_write  (0000:09:00.0:region0+0x8024, 0x660400, 4)
2026-07-07T03:29:31.607617Z vfio_region_write  (0000:09:00.0:region0+0x8028, 0x0, 4)
2026-07-07T03:29:31.607630Z vfio_region_write  (0000:09:00.0:region0+0x802c, 0x0, 4)
2026-07-07T03:29:31.607643Z vfio_region_write  (0000:09:00.0:region0+0x8030, 0x8b8, 4)
2026-07-07T03:29:31.607656Z vfio_region_write  (0000:09:00.0:region0+0x8034, 0x3f8, 4)
2026-07-07T03:29:31.607669Z vfio_region_write  (0000:09:00.0:region0+0x8038, 0x0, 4)
2026-07-07T03:29:31.607683Z vfio_region_write  (0000:09:00.0:region0+0x803c, 0x0, 4)
2026-07-07T03:29:31.607696Z vfio_region_write  (0000:09:00.0:region0+0x8040, 0x0, 4)
2026-07-07T03:29:31.607709Z vfio_region_write  (0000:09:00.0:region0+0x8044, 0x0, 4)
2026-07-07T03:29:31.607723Z vfio_region_write  (0000:09:00.0:region0+0x8048, 0x0, 4)
2026-07-07T03:29:31.607736Z vfio_region_write  (0000:09:00.0:region0+0x804c, 0x0, 4)
2026-07-07T03:29:31.607749Z vfio_region_write  (0000:09:00.0:region0+0x8050, 0x0, 4)
2026-07-07T03:29:31.607762Z vfio_region_write  (0000:09:00.0:region0+0x8054, 0x0, 4)
2026-07-07T03:29:31.607776Z vfio_region_write  (0000:09:00.0:region0+0x8058, 0x0, 4)
2026-07-07T03:29:31.607788Z vfio_region_write  (0000:09:00.0:region0+0x805c, 0x0, 4)
2026-07-07T03:29:31.607802Z vfio_region_write  (0000:09:00.0:region0+0x8060, 0x0, 4)
2026-07-07T03:29:31.607825Z vfio_region_write  (0000:09:00.0:region0+0x8064, 0x0, 4)
2026-07-07T03:29:31.607839Z vfio_region_write  (0000:09:00.0:region0+0x8068, 0x0, 4)
2026-07-07T03:29:31.607852Z vfio_region_write  (0000:09:00.0:region0+0x806c, 0x0, 4)
2026-07-07T03:29:31.607866Z vfio_region_write  (0000:09:00.0:region0+0x8070, 0x0, 4)
2026-07-07T03:29:31.607879Z vfio_region_write  (0000:09:00.0:region0+0x8074, 0x0, 4)
2026-07-07T03:29:31.607892Z vfio_region_write  (0000:09:00.0:region0+0x8078, 0x0, 4)
2026-07-07T03:29:31.607905Z vfio_region_write  (0000:09:00.0:region0+0x807c, 0x0, 4)
2026-07-07T03:29:31.607919Z vfio_region_write  (0000:09:00.0:region0+0x8080, 0x0, 4)
2026-07-07T03:29:31.607932Z vfio_region_write  (0000:09:00.0:region0+0x8084, 0x0, 4)
2026-07-07T03:29:31.607946Z vfio_region_write  (0000:09:00.0:region0+0x8088, 0x0, 4)
2026-07-07T03:29:31.607959Z vfio_region_write  (0000:09:00.0:region0+0x808c, 0x0, 4)
2026-07-07T03:29:31.607972Z vfio_region_write  (0000:09:00.0:region0+0x8090, 0x0, 4)
2026-07-07T03:29:31.607985Z vfio_region_write  (0000:09:00.0:region0+0x8094, 0x0, 4)
2026-07-07T03:29:31.607999Z vfio_region_write  (0000:09:00.0:region0+0x8098, 0x0, 4)
2026-07-07T03:29:31.608012Z vfio_region_write  (0000:09:00.0:region0+0x809c, 0x0, 4)
2026-07-07T03:29:31.608025Z vfio_region_write  (0000:09:00.0:region0+0x80a0, 0x0, 4)
2026-07-07T03:29:31.608039Z vfio_region_write  (0000:09:00.0:region0+0x80a4, 0x0, 4)
2026-07-07T03:29:31.608059Z vfio_region_write  (0000:09:00.0:region0+0x80a8, 0x0, 4)
2026-07-07T03:29:31.608074Z vfio_region_write  (0000:09:00.0:region0+0x80ac, 0x0, 4)
2026-07-07T03:29:31.608087Z vfio_region_write  (0000:09:00.0:region0+0x80b0, 0x0, 4)
2026-07-07T03:29:31.608101Z vfio_region_write  (0000:09:00.0:region0+0x80b4, 0x0, 4)
2026-07-07T03:29:31.608114Z vfio_region_write  (0000:09:00.0:region0+0x80b8, 0x0, 4)
2026-07-07T03:29:31.608128Z vfio_region_write  (0000:09:00.0:region0+0x80bc, 0x0, 4)
2026-07-07T03:29:31.608141Z vfio_region_write  (0000:09:00.0:region0+0x80c0, 0x0, 4)
2026-07-07T03:29:31.608155Z vfio_region_write  (0000:09:00.0:region0+0x80c4, 0x0, 4)
2026-07-07T03:29:31.608168Z vfio_region_write  (0000:09:00.0:region0+0x80c8, 0x0, 4)
2026-07-07T03:29:31.608182Z vfio_region_write  (0000:09:00.0:region0+0x80cc, 0x0, 4)
2026-07-07T03:29:31.608195Z vfio_region_write  (0000:09:00.0:region0+0x80d0, 0x0, 4)
2026-07-07T03:29:31.608209Z vfio_region_write  (0000:09:00.0:region0+0x80d4, 0x0, 4)
2026-07-07T03:29:31.608224Z vfio_region_write  (0000:09:00.0:region0+0x80d8, 0x0, 4)
2026-07-07T03:29:31.608237Z vfio_region_write  (0000:09:00.0:region0+0x80dc, 0x0, 4)
2026-07-07T03:29:31.608252Z vfio_region_write  (0000:09:00.0:region0+0x80e0, 0x0, 4)
2026-07-07T03:29:31.608265Z vfio_region_write  (0000:09:00.0:region0+0x80e4, 0x0, 4)
2026-07-07T03:29:31.608280Z vfio_region_write  (0000:09:00.0:region0+0x80e8, 0x0, 4)
2026-07-07T03:29:31.608293Z vfio_region_write  (0000:09:00.0:region0+0x80ec, 0x0, 4)
2026-07-07T03:29:31.608306Z vfio_region_write  (0000:09:00.0:region0+0x80f0, 0x0, 4)
2026-07-07T03:29:31.608320Z vfio_region_write  (0000:09:00.0:region0+0x80f4, 0x0, 4)
2026-07-07T03:29:31.608334Z vfio_region_write  (0000:09:00.0:region0+0x80f8, 0x0, 4)
2026-07-07T03:29:31.608348Z vfio_region_write  (0000:09:00.0:region0+0x80fc, 0x0, 4)
2026-07-07T03:29:31.608362Z vfio_region_write  (0000:09:00.0:region0+0x8100, 0x0, 4)
2026-07-07T03:29:31.608376Z vfio_region_write  (0000:09:00.0:region0+0x8104, 0x0, 4)
2026-07-07T03:29:31.608389Z vfio_region_write  (0000:09:00.0:region0+0x8108, 0x0, 4)
2026-07-07T03:29:31.608404Z vfio_region_write  (0000:09:00.0:region0+0x810c, 0x0, 4)
2026-07-07T03:29:31.608418Z vfio_region_write  (0000:09:00.0:region0+0x8110, 0x0, 4)
2026-07-07T03:29:31.608432Z vfio_region_write  (0000:09:00.0:region0+0x8114, 0x0, 4)
2026-07-07T03:29:31.608446Z vfio_region_write  (0000:09:00.0:region0+0x8118, 0x0, 4)
2026-07-07T03:29:31.608459Z vfio_region_write  (0000:09:00.0:region0+0x811c, 0x0, 4)
2026-07-07T03:29:31.608472Z vfio_region_write  (0000:09:00.0:region0+0x8120, 0x0, 4)
2026-07-07T03:29:31.608486Z vfio_region_write  (0000:09:00.0:region0+0x8124, 0x0, 4)
2026-07-07T03:29:31.608499Z vfio_region_write  (0000:09:00.0:region0+0x8128, 0x0, 4)
2026-07-07T03:29:31.608514Z vfio_region_write  (0000:09:00.0:region0+0x812c, 0x0, 4)
2026-07-07T03:29:31.608527Z vfio_region_write  (0000:09:00.0:region0+0x8130, 0x0, 4)
2026-07-07T03:29:31.608542Z vfio_region_write  (0000:09:00.0:region0+0x8134, 0x0, 4)
2026-07-07T03:29:31.608555Z vfio_region_write  (0000:09:00.0:region0+0x8138, 0x0, 4)
2026-07-07T03:29:31.608570Z vfio_region_write  (0000:09:00.0:region0+0x813c, 0x0, 4)
2026-07-07T03:29:31.608583Z vfio_region_write  (0000:09:00.0:region0+0x8140, 0x0, 4)
2026-07-07T03:29:31.608598Z vfio_region_write  (0000:09:00.0:region0+0x8144, 0x0, 4)
2026-07-07T03:29:31.608611Z vfio_region_write  (0000:09:00.0:region0+0x8148, 0x0, 4)
2026-07-07T03:29:31.608626Z vfio_region_write  (0000:09:00.0:region0+0x814c, 0x0, 4)
2026-07-07T03:29:31.608639Z vfio_region_write  (0000:09:00.0:region0+0x8150, 0x0, 4)
2026-07-07T03:29:31.608654Z vfio_region_write  (0000:09:00.0:region0+0x8154, 0x0, 4)
2026-07-07T03:29:31.608667Z vfio_region_write  (0000:09:00.0:region0+0x8158, 0x0, 4)
2026-07-07T03:29:31.608682Z vfio_region_write  (0000:09:00.0:region0+0x815c, 0x0, 4)
2026-07-07T03:29:31.608695Z vfio_region_write  (0000:09:00.0:region0+0x8160, 0x0, 4)
2026-07-07T03:29:31.608710Z vfio_region_write  (0000:09:00.0:region0+0x8164, 0x0, 4)
2026-07-07T03:29:31.608724Z vfio_region_write  (0000:09:00.0:region0+0x8168, 0x0, 4)
2026-07-07T03:29:31.608737Z vfio_region_write  (0000:09:00.0:region0+0x816c, 0x0, 4)
2026-07-07T03:29:31.608750Z vfio_region_write  (0000:09:00.0:region0+0x8170, 0x0, 4)
2026-07-07T03:29:31.608765Z vfio_region_write  (0000:09:00.0:region0+0x8174, 0x0, 4)
2026-07-07T03:29:31.608778Z vfio_region_write  (0000:09:00.0:region0+0x8178, 0x0, 4)
2026-07-07T03:29:31.608793Z vfio_region_write  (0000:09:00.0:region0+0x817c, 0x0, 4)
2026-07-07T03:29:31.608808Z vfio_region_write  (0000:09:00.0:region0+0x8180, 0x0, 4)
2026-07-07T03:29:31.608828Z vfio_region_write  (0000:09:00.0:region0+0x8184, 0x0, 4)
2026-07-07T03:29:31.608843Z vfio_region_write  (0000:09:00.0:region0+0x8188, 0x0, 4)
2026-07-07T03:29:31.608856Z vfio_region_write  (0000:09:00.0:region0+0x818c, 0x0, 4)
2026-07-07T03:29:31.608869Z vfio_region_write  (0000:09:00.0:region0+0x8190, 0x0, 4)
2026-07-07T03:29:31.608882Z vfio_region_write  (0000:09:00.0:region0+0x8194, 0x0, 4)
2026-07-07T03:29:31.608896Z vfio_region_write  (0000:09:00.0:region0+0x8198, 0x0, 4)
2026-07-07T03:29:31.608909Z vfio_region_write  (0000:09:00.0:region0+0x819c, 0x0, 4)
2026-07-07T03:29:31.608922Z vfio_region_write  (0000:09:00.0:region0+0x81a0, 0x0, 4)
2026-07-07T03:29:31.608936Z vfio_region_write  (0000:09:00.0:region0+0x81a4, 0x0, 4)
2026-07-07T03:29:31.608951Z vfio_region_write  (0000:09:00.0:region0+0x81a8, 0x0, 4)
2026-07-07T03:29:31.608965Z vfio_region_write  (0000:09:00.0:region0+0x81ac, 0x0, 4)
2026-07-07T03:29:31.608980Z vfio_region_write  (0000:09:00.0:region0+0x81b0, 0x0, 4)
2026-07-07T03:29:31.608993Z vfio_region_write  (0000:09:00.0:region0+0x81b4, 0x0, 4)
2026-07-07T03:29:31.609006Z vfio_region_write  (0000:09:00.0:region0+0x81b8, 0x0, 4)
2026-07-07T03:29:31.609019Z vfio_region_write  (0000:09:00.0:region0+0x81bc, 0x0, 4)
2026-07-07T03:29:31.609033Z vfio_region_write  (0000:09:00.0:region0+0x81c0, 0x0, 4)
2026-07-07T03:29:31.609051Z vfio_region_write  (0000:09:00.0:region0+0x81c4, 0x0, 4)
2026-07-07T03:29:31.609065Z vfio_region_write  (0000:09:00.0:region0+0x81c8, 0x0, 4)
2026-07-07T03:29:31.609079Z vfio_region_write  (0000:09:00.0:region0+0x81cc, 0x0, 4)
2026-07-07T03:29:31.609092Z vfio_region_write  (0000:09:00.0:region0+0x81d0, 0x0, 4)
2026-07-07T03:29:31.609106Z vfio_region_write  (0000:09:00.0:region0+0x81d4, 0x0, 4)
2026-07-07T03:29:31.609119Z vfio_region_write  (0000:09:00.0:region0+0x81d8, 0x0, 4)
2026-07-07T03:29:31.609133Z vfio_region_write  (0000:09:00.0:region0+0x81dc, 0x0, 4)
2026-07-07T03:29:31.609146Z vfio_region_write  (0000:09:00.0:region0+0x81e0, 0x0, 4)
2026-07-07T03:29:31.609160Z vfio_region_write  (0000:09:00.0:region0+0x81e4, 0x0, 4)
2026-07-07T03:29:31.609173Z vfio_region_write  (0000:09:00.0:region0+0x81e8, 0x0, 4)
2026-07-07T03:29:31.609187Z vfio_region_write  (0000:09:00.0:region0+0x81ec, 0x0, 4)
2026-07-07T03:29:31.609200Z vfio_region_write  (0000:09:00.0:region0+0x81f0, 0x0, 4)
2026-07-07T03:29:31.609215Z vfio_region_write  (0000:09:00.0:region0+0x81f4, 0x0, 4)
2026-07-07T03:29:31.609229Z vfio_region_write  (0000:09:00.0:region0+0x81f8, 0x0, 4)
2026-07-07T03:29:31.609243Z vfio_region_write  (0000:09:00.0:region0+0x81fc, 0x0, 4)
2026-07-07T03:29:31.609257Z vfio_region_write  (0000:09:00.0:region0+0x8200, 0x0, 4)
2026-07-07T03:29:31.609271Z vfio_region_write  (0000:09:00.0:region0+0x8204, 0x0, 4)
2026-07-07T03:29:31.609285Z vfio_region_write  (0000:09:00.0:region0+0x8208, 0x0, 4)
2026-07-07T03:29:31.609300Z vfio_region_write  (0000:09:00.0:region0+0x820c, 0x0, 4)
2026-07-07T03:29:31.609313Z vfio_region_write  (0000:09:00.0:region0+0x8210, 0x0, 4)
2026-07-07T03:29:31.609328Z vfio_region_write  (0000:09:00.0:region0+0x8214, 0x0, 4)
2026-07-07T03:29:31.609341Z vfio_region_write  (0000:09:00.0:region0+0x8218, 0x0, 4)
2026-07-07T03:29:31.609356Z vfio_region_write  (0000:09:00.0:region0+0x821c, 0x0, 4)
2026-07-07T03:29:31.609369Z vfio_region_write  (0000:09:00.0:region0+0x8220, 0x0, 4)
2026-07-07T03:29:31.609384Z vfio_region_write  (0000:09:00.0:region0+0x8224, 0x0, 4)
2026-07-07T03:29:31.609398Z vfio_region_write  (0000:09:00.0:region0+0x8228, 0x0, 4)
2026-07-07T03:29:31.609412Z vfio_region_write  (0000:09:00.0:region0+0x822c, 0x0, 4)
2026-07-07T03:29:31.609426Z vfio_region_write  (0000:09:00.0:region0+0x8230, 0x0, 4)
2026-07-07T03:29:31.609440Z vfio_region_write  (0000:09:00.0:region0+0x8234, 0x0, 4)
2026-07-07T03:29:31.609453Z vfio_region_write  (0000:09:00.0:region0+0x8238, 0x0, 4)
2026-07-07T03:29:31.609468Z vfio_region_write  (0000:09:00.0:region0+0x823c, 0x0, 4)
2026-07-07T03:29:31.609482Z vfio_region_write  (0000:09:00.0:region0+0x8240, 0x0, 4)
2026-07-07T03:29:31.609496Z vfio_region_write  (0000:09:00.0:region0+0x8244, 0x0, 4)
2026-07-07T03:29:31.609510Z vfio_region_write  (0000:09:00.0:region0+0x8248, 0x0, 4)
2026-07-07T03:29:31.609524Z vfio_region_write  (0000:09:00.0:region0+0x824c, 0x0, 4)
2026-07-07T03:29:31.609538Z vfio_region_write  (0000:09:00.0:region0+0x8250, 0x0, 4)
2026-07-07T03:29:31.609551Z vfio_region_write  (0000:09:00.0:region0+0x8254, 0x0, 4)
2026-07-07T03:29:31.609565Z vfio_region_write  (0000:09:00.0:region0+0x8258, 0x0, 4)
2026-07-07T03:29:31.609580Z vfio_region_write  (0000:09:00.0:region0+0x825c, 0x0, 4)
2026-07-07T03:29:31.609593Z vfio_region_write  (0000:09:00.0:region0+0x8260, 0x0, 4)
2026-07-07T03:29:31.609608Z vfio_region_write  (0000:09:00.0:region0+0x8264, 0x0, 4)
2026-07-07T03:29:31.609621Z vfio_region_write  (0000:09:00.0:region0+0x8268, 0x0, 4)
2026-07-07T03:29:31.609636Z vfio_region_write  (0000:09:00.0:region0+0x826c, 0x0, 4)
2026-07-07T03:29:31.609650Z vfio_region_write  (0000:09:00.0:region0+0x8270, 0x0, 4)
2026-07-07T03:29:31.609662Z vfio_region_write  (0000:09:00.0:region0+0x8274, 0x0, 4)
2026-07-07T03:29:31.609677Z vfio_region_write  (0000:09:00.0:region0+0x8278, 0x0, 4)
2026-07-07T03:29:31.609690Z vfio_region_write  (0000:09:00.0:region0+0x827c, 0x0, 4)
2026-07-07T03:29:31.609704Z vfio_region_write  (0000:09:00.0:region0+0x8280, 0x0, 4)
2026-07-07T03:29:31.609717Z vfio_region_write  (0000:09:00.0:region0+0x8284, 0x0, 4)
2026-07-07T03:29:31.609732Z vfio_region_write  (0000:09:00.0:region0+0x8288, 0x0, 4)
2026-07-07T03:29:31.609746Z vfio_region_write  (0000:09:00.0:region0+0x828c, 0x0, 4)
2026-07-07T03:29:31.609759Z vfio_region_write  (0000:09:00.0:region0+0x8290, 0x0, 4)
2026-07-07T03:29:31.609773Z vfio_region_write  (0000:09:00.0:region0+0x8294, 0x0, 4)
2026-07-07T03:29:31.609787Z vfio_region_write  (0000:09:00.0:region0+0x8298, 0x0, 4)
2026-07-07T03:29:31.609801Z vfio_region_write  (0000:09:00.0:region0+0x829c, 0x0, 4)
2026-07-07T03:29:31.609823Z vfio_region_write  (0000:09:00.0:region0+0x82a0, 0x0, 4)
2026-07-07T03:29:31.609837Z vfio_region_write  (0000:09:00.0:region0+0x82a4, 0x0, 4)
2026-07-07T03:29:31.609851Z vfio_region_write  (0000:09:00.0:region0+0x82a8, 0x0, 4)
2026-07-07T03:29:31.609864Z vfio_region_write  (0000:09:00.0:region0+0x82ac, 0x0, 4)
2026-07-07T03:29:31.609877Z vfio_region_write  (0000:09:00.0:region0+0x82b0, 0x0, 4)
2026-07-07T03:29:31.609890Z vfio_region_write  (0000:09:00.0:region0+0x82b4, 0x0, 4)
2026-07-07T03:29:31.609904Z vfio_region_write  (0000:09:00.0:region0+0x82b8, 0x0, 4)
2026-07-07T03:29:31.609917Z vfio_region_write  (0000:09:00.0:region0+0x82bc, 0x0, 4)
2026-07-07T03:29:31.609930Z vfio_region_write  (0000:09:00.0:region0+0x82c0, 0x0, 4)
2026-07-07T03:29:31.609944Z vfio_region_write  (0000:09:00.0:region0+0x82c4, 0x0, 4)
2026-07-07T03:29:31.609956Z vfio_region_write  (0000:09:00.0:region0+0x82c8, 0x0, 4)
2026-07-07T03:29:31.609970Z vfio_region_write  (0000:09:00.0:region0+0x82cc, 0x0, 4)
2026-07-07T03:29:31.609983Z vfio_region_write  (0000:09:00.0:region0+0x82d0, 0x0, 4)
2026-07-07T03:29:31.609996Z vfio_region_write  (0000:09:00.0:region0+0x82d4, 0x0, 4)
2026-07-07T03:29:31.610011Z vfio_region_write  (0000:09:00.0:region0+0x82d8, 0x0, 4)
2026-07-07T03:29:31.610025Z vfio_region_write  (0000:09:00.0:region0+0x82dc, 0x0, 4)
2026-07-07T03:29:31.610039Z vfio_region_write  (0000:09:00.0:region0+0x82e0, 0x0, 4)
2026-07-07T03:29:31.610058Z vfio_region_write  (0000:09:00.0:region0+0x82e4, 0x0, 4)
2026-07-07T03:29:31.610071Z vfio_region_write  (0000:09:00.0:region0+0x82e8, 0x0, 4)
2026-07-07T03:29:31.610084Z vfio_region_write  (0000:09:00.0:region0+0x82ec, 0x0, 4)
2026-07-07T03:29:31.610097Z vfio_region_write  (0000:09:00.0:region0+0x82f0, 0x0, 4)
2026-07-07T03:29:31.610110Z vfio_region_write  (0000:09:00.0:region0+0x82f4, 0x0, 4)
2026-07-07T03:29:31.610123Z vfio_region_write  (0000:09:00.0:region0+0x82f8, 0x0, 4)
2026-07-07T03:29:31.610135Z vfio_region_write  (0000:09:00.0:region0+0x82fc, 0x0, 4)
2026-07-07T03:29:31.610151Z vfio_region_write  (0000:09:00.0:region0+0x8300, 0x0, 4)
2026-07-07T03:29:31.610164Z vfio_region_write  (0000:09:00.0:region0+0x8304, 0x0, 4)
2026-07-07T03:29:31.610179Z vfio_region_write  (0000:09:00.0:region0+0x8308, 0x0, 4)
2026-07-07T03:29:31.610192Z vfio_region_write  (0000:09:00.0:region0+0x830c, 0x0, 4)
2026-07-07T03:29:31.610205Z vfio_region_write  (0000:09:00.0:region0+0x8310, 0x0, 4)
2026-07-07T03:29:31.610218Z vfio_region_write  (0000:09:00.0:region0+0x8314, 0x0, 4)
2026-07-07T03:29:31.610230Z vfio_region_write  (0000:09:00.0:region0+0x8318, 0x0, 4)
2026-07-07T03:29:31.610246Z vfio_region_write  (0000:09:00.0:region0+0x831c, 0x0, 4)
2026-07-07T03:29:31.610259Z vfio_region_write  (0000:09:00.0:region0+0x8320, 0x0, 4)
2026-07-07T03:29:31.610271Z vfio_region_write  (0000:09:00.0:region0+0x8324, 0x0, 4)
2026-07-07T03:29:31.610284Z vfio_region_write  (0000:09:00.0:region0+0x8328, 0x0, 4)
2026-07-07T03:29:31.610299Z vfio_region_write  (0000:09:00.0:region0+0x832c, 0x0, 4)
2026-07-07T03:29:31.610312Z vfio_region_write  (0000:09:00.0:region0+0x8330, 0x0, 4)
2026-07-07T03:29:31.610325Z vfio_region_write  (0000:09:00.0:region0+0x8334, 0x0, 4)
2026-07-07T03:29:31.610337Z vfio_region_write  (0000:09:00.0:region0+0x8338, 0x0, 4)
2026-07-07T03:29:31.610350Z vfio_region_write  (0000:09:00.0:region0+0x833c, 0x0, 4)
2026-07-07T03:29:31.610363Z vfio_region_write  (0000:09:00.0:region0+0x8340, 0x0, 4)
2026-07-07T03:29:31.610376Z vfio_region_write  (0000:09:00.0:region0+0x8344, 0x0, 4)
2026-07-07T03:29:31.610391Z vfio_region_write  (0000:09:00.0:region0+0x8348, 0x0, 4)
2026-07-07T03:29:31.610403Z vfio_region_write  (0000:09:00.0:region0+0x834c, 0x0, 4)
2026-07-07T03:29:31.610416Z vfio_region_write  (0000:09:00.0:region0+0x8350, 0x0, 4)
2026-07-07T03:29:31.610429Z vfio_region_write  (0000:09:00.0:region0+0x8354, 0x0, 4)
2026-07-07T03:29:31.610442Z vfio_region_write  (0000:09:00.0:region0+0x8358, 0x0, 4)
2026-07-07T03:29:31.610454Z vfio_region_write  (0000:09:00.0:region0+0x835c, 0x0, 4)
2026-07-07T03:29:31.610469Z vfio_region_write  (0000:09:00.0:region0+0x8360, 0x0, 4)
2026-07-07T03:29:31.610482Z vfio_region_write  (0000:09:00.0:region0+0x8364, 0x0, 4)
2026-07-07T03:29:31.610495Z vfio_region_write  (0000:09:00.0:region0+0x8368, 0x0, 4)
2026-07-07T03:29:31.610508Z vfio_region_write  (0000:09:00.0:region0+0x836c, 0x0, 4)
2026-07-07T03:29:31.610522Z vfio_region_write  (0000:09:00.0:region0+0x8370, 0x0, 4)
2026-07-07T03:29:31.610535Z vfio_region_write  (0000:09:00.0:region0+0x8374, 0x0, 4)
2026-07-07T03:29:31.610548Z vfio_region_write  (0000:09:00.0:region0+0x8378, 0x0, 4)
2026-07-07T03:29:31.610561Z vfio_region_write  (0000:09:00.0:region0+0x837c, 0x0, 4)
2026-07-07T03:29:31.610573Z vfio_region_write  (0000:09:00.0:region0+0x8380, 0x0, 4)
2026-07-07T03:29:31.610588Z vfio_region_write  (0000:09:00.0:region0+0x8384, 0x0, 4)
2026-07-07T03:29:31.610601Z vfio_region_write  (0000:09:00.0:region0+0x8388, 0x0, 4)
2026-07-07T03:29:31.610613Z vfio_region_write  (0000:09:00.0:region0+0x838c, 0x0, 4)
2026-07-07T03:29:31.610626Z vfio_region_write  (0000:09:00.0:region0+0x8390, 0x0, 4)
2026-07-07T03:29:31.610641Z vfio_region_write  (0000:09:00.0:region0+0x8394, 0x0, 4)
2026-07-07T03:29:31.610654Z vfio_region_write  (0000:09:00.0:region0+0x8398, 0x0, 4)
2026-07-07T03:29:31.610666Z vfio_region_write  (0000:09:00.0:region0+0x839c, 0x0, 4)
2026-07-07T03:29:31.610679Z vfio_region_write  (0000:09:00.0:region0+0x83a0, 0x0, 4)
2026-07-07T03:29:31.610692Z vfio_region_write  (0000:09:00.0:region0+0x83a4, 0x0, 4)
2026-07-07T03:29:31.610705Z vfio_region_write  (0000:09:00.0:region0+0x83a8, 0x0, 4)
2026-07-07T03:29:31.610717Z vfio_region_write  (0000:09:00.0:region0+0x83ac, 0x0, 4)
2026-07-07T03:29:31.610732Z vfio_region_write  (0000:09:00.0:region0+0x83b0, 0x0, 4)
2026-07-07T03:29:31.610745Z vfio_region_write  (0000:09:00.0:region0+0x83b4, 0x0, 4)
2026-07-07T03:29:31.610760Z vfio_region_write  (0000:09:00.0:region0+0x83b8, 0x0, 4)
2026-07-07T03:29:31.610773Z vfio_region_write  (0000:09:00.0:region0+0x83bc, 0x0, 4)
2026-07-07T03:29:31.610786Z vfio_region_write  (0000:09:00.0:region0+0x83c0, 0x0, 4)
2026-07-07T03:29:31.610799Z vfio_region_write  (0000:09:00.0:region0+0x83c4, 0x0, 4)
2026-07-07T03:29:31.610821Z vfio_region_write  (0000:09:00.0:region0+0x83c8, 0x0, 4)
2026-07-07T03:29:31.610836Z vfio_region_write  (0000:09:00.0:region0+0x83cc, 0x0, 4)
2026-07-07T03:29:31.610849Z vfio_region_write  (0000:09:00.0:region0+0x83d0, 0x0, 4)
2026-07-07T03:29:31.610864Z vfio_region_write  (0000:09:00.0:region0+0x83d4, 0x0, 4)
2026-07-07T03:29:31.610876Z vfio_region_write  (0000:09:00.0:region0+0x83d8, 0x0, 4)
2026-07-07T03:29:31.610889Z vfio_region_write  (0000:09:00.0:region0+0x83dc, 0x0, 4)
2026-07-07T03:29:31.610902Z vfio_region_write  (0000:09:00.0:region0+0x83e0, 0x0, 4)
2026-07-07T03:29:31.610917Z vfio_region_write  (0000:09:00.0:region0+0x83e4, 0x0, 4)
2026-07-07T03:29:31.610930Z vfio_region_write  (0000:09:00.0:region0+0x83e8, 0x0, 4)
2026-07-07T03:29:31.610942Z vfio_region_write  (0000:09:00.0:region0+0x83ec, 0x0, 4)
2026-07-07T03:29:31.610955Z vfio_region_write  (0000:09:00.0:region0+0x83f0, 0x0, 4)
2026-07-07T03:29:31.610968Z vfio_region_write  (0000:09:00.0:region0+0x83f4, 0x0, 4)
2026-07-07T03:29:31.610981Z vfio_region_write  (0000:09:00.0:region0+0x83f8, 0x0, 4)
2026-07-07T03:29:31.610994Z vfio_region_write  (0000:09:00.0:region0+0x83fc, 0x0, 4)
2026-07-07T03:29:31.611006Z vfio_region_write  (0000:09:00.0:region0+0x8400, 0x0, 4)
2026-07-07T03:29:31.611022Z vfio_region_write  (0000:09:00.0:region0+0x8404, 0x0, 4)
2026-07-07T03:29:31.611034Z vfio_region_write  (0000:09:00.0:region0+0x8408, 0x0, 4)
2026-07-07T03:29:31.611053Z vfio_region_write  (0000:09:00.0:region0+0x840c, 0x0, 4)
2026-07-07T03:29:31.611068Z vfio_region_write  (0000:09:00.0:region0+0x8410, 0x0, 4)
2026-07-07T03:29:31.611081Z vfio_region_write  (0000:09:00.0:region0+0x8414, 0x0, 4)
2026-07-07T03:29:31.611094Z vfio_region_write  (0000:09:00.0:region0+0x8418, 0x0, 4)
2026-07-07T03:29:31.611107Z vfio_region_write  (0000:09:00.0:region0+0x841c, 0x0, 4)
2026-07-07T03:29:31.611121Z vfio_region_write  (0000:09:00.0:region0+0x8420, 0x0, 4)
2026-07-07T03:29:31.611134Z vfio_region_write  (0000:09:00.0:region0+0x8424, 0x0, 4)
2026-07-07T03:29:31.611146Z vfio_region_write  (0000:09:00.0:region0+0x8428, 0x0, 4)
2026-07-07T03:29:31.611159Z vfio_region_write  (0000:09:00.0:region0+0x842c, 0x0, 4)
2026-07-07T03:29:31.611173Z vfio_region_write  (0000:09:00.0:region0+0x408, 0x1, 4)
2026-07-07T03:29:31.611408Z vfio_region_read  (0000:09:00.0:region0+0x100, 4) = 0x20000000
2026-07-07T03:29:31.611429Z vfio_region_read  (0000:09:00.0:region0+0x300, 4) = 0x0
2026-07-07T03:29:31.611448Z vfio_region_read  (0000:09:00.0:region0+0x200, 4) = 0x0
2026-07-07T03:29:31.611467Z vfio_region_read  (0000:09:00.0:region0+0x400, 4) = 0x1
2026-07-07T03:29:31.611485Z vfio_region_read  (0000:09:00.0:region0+0x500, 4) = 0xff0000
2026-07-07T03:29:31.611672Z vfio_region_read  (0000:09:00.0:region0+0x100, 4) = 0x20000000
2026-07-07T03:29:31.611693Z vfio_region_read  (0000:09:00.0:region0+0x300, 4) = 0x0
2026-07-07T03:29:31.611712Z vfio_region_read  (0000:09:00.0:region0+0x200, 4) = 0x0
2026-07-07T03:29:31.611730Z vfio_region_read  (0000:09:00.0:region0+0x400, 4) = 0x2
2026-07-07T03:29:31.611749Z vfio_region_read  (0000:09:00.0:region0+0x500, 4) = 0xff0000
2026-07-07T03:29:31.612333Z vfio_region_write  (0000:09:00.0:region0+0x408, 0x2, 4)
2026-07-07T03:29:31.612364Z vfio_region_write  (0000:09:00.0:region0+0x8020, 0x80800001, 4)
2026-07-07T03:29:31.612379Z vfio_region_write  (0000:09:00.0:region0+0x8024, 0x670400, 4)
2026-07-07T03:29:31.612393Z vfio_region_write  (0000:09:00.0:region0+0x8028, 0x0, 4)
2026-07-07T03:29:31.612406Z vfio_region_write  (0000:09:00.0:region0+0x802c, 0x0, 4)
2026-07-07T03:29:31.612421Z vfio_region_write  (0000:09:00.0:region0+0x8030, 0xcb0, 4)
2026-07-07T03:29:31.612434Z vfio_region_write  (0000:09:00.0:region0+0x8034, 0x3f8, 4)
2026-07-07T03:29:31.612448Z vfio_region_write  (0000:09:00.0:region0+0x8038, 0x0, 4)
2026-07-07T03:29:31.612461Z vfio_region_write  (0000:09:00.0:region0+0x803c, 0x0, 4)
2026-07-07T03:29:31.612476Z vfio_region_write  (0000:09:00.0:region0+0x8040, 0x0, 4)
2026-07-07T03:29:31.612489Z vfio_region_write  (0000:09:00.0:region0+0x8044, 0x0, 4)
2026-07-07T03:29:31.612503Z vfio_region_write  (0000:09:00.0:region0+0x8048, 0x0, 4)
2026-07-07T03:29:31.612516Z vfio_region_write  (0000:09:00.0:region0+0x804c, 0x0, 4)
2026-07-07T03:29:31.612531Z vfio_region_write  (0000:09:00.0:region0+0x8050, 0x0, 4)
2026-07-07T03:29:31.612544Z vfio_region_write  (0000:09:00.0:region0+0x8054, 0x0, 4)
2026-07-07T03:29:31.612558Z vfio_region_write  (0000:09:00.0:region0+0x8058, 0x0, 4)
2026-07-07T03:29:31.612571Z vfio_region_write  (0000:09:00.0:region0+0x805c, 0x0, 4)
2026-07-07T03:29:31.612585Z vfio_region_write  (0000:09:00.0:region0+0x8060, 0x0, 4)
2026-07-07T03:29:31.612598Z vfio_region_write  (0000:09:00.0:region0+0x8064, 0x0, 4)
2026-07-07T03:29:31.612612Z vfio_region_write  (0000:09:00.0:region0+0x8068, 0x0, 4)
2026-07-07T03:29:31.612626Z vfio_region_write  (0000:09:00.0:region0+0x806c, 0x0, 4)
2026-07-07T03:29:31.612639Z vfio_region_write  (0000:09:00.0:region0+0x8070, 0x0, 4)
2026-07-07T03:29:31.612651Z vfio_region_write  (0000:09:00.0:region0+0x8074, 0x0, 4)
2026-07-07T03:29:31.612664Z vfio_region_write  (0000:09:00.0:region0+0x8078, 0x0, 4)
2026-07-07T03:29:31.612678Z vfio_region_write  (0000:09:00.0:region0+0x807c, 0x0, 4)
2026-07-07T03:29:31.612690Z vfio_region_write  (0000:09:00.0:region0+0x8080, 0x0, 4)
2026-07-07T03:29:31.612704Z vfio_region_write  (0000:09:00.0:region0+0x8084, 0x0, 4)
2026-07-07T03:29:31.612717Z vfio_region_write  (0000:09:00.0:region0+0x8088, 0x0, 4)
2026-07-07T03:29:31.612729Z vfio_region_write  (0000:09:00.0:region0+0x808c, 0x0, 4)
2026-07-07T03:29:31.612743Z vfio_region_write  (0000:09:00.0:region0+0x8090, 0x0, 4)
2026-07-07T03:29:31.612756Z vfio_region_write  (0000:09:00.0:region0+0x8094, 0x0, 4)
2026-07-07T03:29:31.612771Z vfio_region_write  (0000:09:00.0:region0+0x8098, 0x0, 4)
2026-07-07T03:29:31.612784Z vfio_region_write  (0000:09:00.0:region0+0x809c, 0x0, 4)
2026-07-07T03:29:31.612798Z vfio_region_write  (0000:09:00.0:region0+0x80a0, 0x0, 4)
2026-07-07T03:29:31.612820Z vfio_region_write  (0000:09:00.0:region0+0x80a4, 0x0, 4)
2026-07-07T03:29:31.612834Z vfio_region_write  (0000:09:00.0:region0+0x80a8, 0x0, 4)
2026-07-07T03:29:31.612847Z vfio_region_write  (0000:09:00.0:region0+0x80ac, 0x0, 4)
2026-07-07T03:29:31.612862Z vfio_region_write  (0000:09:00.0:region0+0x80b0, 0x0, 4)
2026-07-07T03:29:31.612875Z vfio_region_write  (0000:09:00.0:region0+0x80b4, 0x0, 4)
2026-07-07T03:29:31.612889Z vfio_region_write  (0000:09:00.0:region0+0x80b8, 0x0, 4)
2026-07-07T03:29:31.612903Z vfio_region_write  (0000:09:00.0:region0+0x80bc, 0x0, 4)
2026-07-07T03:29:31.612916Z vfio_region_write  (0000:09:00.0:region0+0x80c0, 0x0, 4)
2026-07-07T03:29:31.612928Z vfio_region_write  (0000:09:00.0:region0+0x80c4, 0x0, 4)
2026-07-07T03:29:31.612942Z vfio_region_write  (0000:09:00.0:region0+0x80c8, 0x0, 4)
2026-07-07T03:29:31.612955Z vfio_region_write  (0000:09:00.0:region0+0x80cc, 0x0, 4)
2026-07-07T03:29:31.612969Z vfio_region_write  (0000:09:00.0:region0+0x80d0, 0x0, 4)
2026-07-07T03:29:31.612982Z vfio_region_write  (0000:09:00.0:region0+0x80d4, 0x0, 4)
2026-07-07T03:29:31.612997Z vfio_region_write  (0000:09:00.0:region0+0x80d8, 0x0, 4)
2026-07-07T03:29:31.613010Z vfio_region_write  (0000:09:00.0:region0+0x80dc, 0x0, 4)
2026-07-07T03:29:31.613023Z vfio_region_write  (0000:09:00.0:region0+0x80e0, 0x0, 4)
2026-07-07T03:29:31.613037Z vfio_region_write  (0000:09:00.0:region0+0x80e4, 0x0, 4)
2026-07-07T03:29:31.613057Z vfio_region_write  (0000:09:00.0:region0+0x80e8, 0x0, 4)
2026-07-07T03:29:31.613071Z vfio_region_write  (0000:09:00.0:region0+0x80ec, 0x0, 4)
2026-07-07T03:29:31.613085Z vfio_region_write  (0000:09:00.0:region0+0x80f0, 0x0, 4)
2026-07-07T03:29:31.613097Z vfio_region_write  (0000:09:00.0:region0+0x80f4, 0x0, 4)
2026-07-07T03:29:31.613111Z vfio_region_write  (0000:09:00.0:region0+0x80f8, 0x0, 4)
2026-07-07T03:29:31.613124Z vfio_region_write  (0000:09:00.0:region0+0x80fc, 0x0, 4)
2026-07-07T03:29:31.613138Z vfio_region_write  (0000:09:00.0:region0+0x8100, 0x0, 4)
2026-07-07T03:29:31.613151Z vfio_region_write  (0000:09:00.0:region0+0x8104, 0x0, 4)
2026-07-07T03:29:31.613165Z vfio_region_write  (0000:09:00.0:region0+0x8108, 0x0, 4)
2026-07-07T03:29:31.613178Z vfio_region_write  (0000:09:00.0:region0+0x810c, 0x0, 4)
2026-07-07T03:29:31.613192Z vfio_region_write  (0000:09:00.0:region0+0x8110, 0x0, 4)
2026-07-07T03:29:31.613206Z vfio_region_write  (0000:09:00.0:region0+0x8114, 0x0, 4)
2026-07-07T03:29:31.613219Z vfio_region_write  (0000:09:00.0:region0+0x8118, 0x0, 4)
2026-07-07T03:29:31.613233Z vfio_region_write  (0000:09:00.0:region0+0x811c, 0x0, 4)
2026-07-07T03:29:31.613246Z vfio_region_write  (0000:09:00.0:region0+0x8120, 0x0, 4)
2026-07-07T03:29:31.613260Z vfio_region_write  (0000:09:00.0:region0+0x8124, 0x0, 4)
2026-07-07T03:29:31.613273Z vfio_region_write  (0000:09:00.0:region0+0x8128, 0x0, 4)
2026-07-07T03:29:31.613288Z vfio_region_write  (0000:09:00.0:region0+0x812c, 0x0, 4)
2026-07-07T03:29:31.613301Z vfio_region_write  (0000:09:00.0:region0+0x8130, 0x0, 4)
2026-07-07T03:29:31.613313Z vfio_region_write  (0000:09:00.0:region0+0x8134, 0x0, 4)
2026-07-07T03:29:31.613326Z vfio_region_write  (0000:09:00.0:region0+0x8138, 0x0, 4)
2026-07-07T03:29:31.613339Z vfio_region_write  (0000:09:00.0:region0+0x813c, 0x0, 4)
2026-07-07T03:29:31.613352Z vfio_region_write  (0000:09:00.0:region0+0x8140, 0x0, 4)
2026-07-07T03:29:31.613366Z vfio_region_write  (0000:09:00.0:region0+0x8144, 0x0, 4)
2026-07-07T03:29:31.613379Z vfio_region_write  (0000:09:00.0:region0+0x8148, 0x0, 4)
2026-07-07T03:29:31.613392Z vfio_region_write  (0000:09:00.0:region0+0x814c, 0x0, 4)
2026-07-07T03:29:31.613406Z vfio_region_write  (0000:09:00.0:region0+0x8150, 0x0, 4)
2026-07-07T03:29:31.613420Z vfio_region_write  (0000:09:00.0:region0+0x8154, 0x0, 4)
2026-07-07T03:29:31.613435Z vfio_region_write  (0000:09:00.0:region0+0x8158, 0x0, 4)
2026-07-07T03:29:31.613448Z vfio_region_write  (0000:09:00.0:region0+0x815c, 0x0, 4)
2026-07-07T03:29:31.613462Z vfio_region_write  (0000:09:00.0:region0+0x8160, 0x0, 4)
2026-07-07T03:29:31.613475Z vfio_region_write  (0000:09:00.0:region0+0x8164, 0x0, 4)
2026-07-07T03:29:31.613489Z vfio_region_write  (0000:09:00.0:region0+0x8168, 0x0, 4)
2026-07-07T03:29:31.613502Z vfio_region_write  (0000:09:00.0:region0+0x816c, 0x0, 4)
2026-07-07T03:29:31.613517Z vfio_region_write  (0000:09:00.0:region0+0x8170, 0x0, 4)
2026-07-07T03:29:31.613530Z vfio_region_write  (0000:09:00.0:region0+0x8174, 0x0, 4)
2026-07-07T03:29:31.613543Z vfio_region_write  (0000:09:00.0:region0+0x8178, 0x0, 4)
2026-07-07T03:29:31.613557Z vfio_region_write  (0000:09:00.0:region0+0x817c, 0x0, 4)
2026-07-07T03:29:31.613570Z vfio_region_write  (0000:09:00.0:region0+0x8180, 0x0, 4)
2026-07-07T03:29:31.613585Z vfio_region_write  (0000:09:00.0:region0+0x8184, 0x0, 4)
2026-07-07T03:29:31.613599Z vfio_region_write  (0000:09:00.0:region0+0x8188, 0x0, 4)
2026-07-07T03:29:31.613613Z vfio_region_write  (0000:09:00.0:region0+0x818c, 0x0, 4)
2026-07-07T03:29:31.613628Z vfio_region_write  (0000:09:00.0:region0+0x8190, 0x0, 4)
2026-07-07T03:29:31.613641Z vfio_region_write  (0000:09:00.0:region0+0x8194, 0x0, 4)
2026-07-07T03:29:31.613654Z vfio_region_write  (0000:09:00.0:region0+0x8198, 0x0, 4)
2026-07-07T03:29:31.613668Z vfio_region_write  (0000:09:00.0:region0+0x819c, 0x0, 4)
2026-07-07T03:29:31.613681Z vfio_region_write  (0000:09:00.0:region0+0x81a0, 0x0, 4)
2026-07-07T03:29:31.613695Z vfio_region_write  (0000:09:00.0:region0+0x81a4, 0x0, 4)
2026-07-07T03:29:31.613709Z vfio_region_write  (0000:09:00.0:region0+0x81a8, 0x0, 4)
2026-07-07T03:29:31.613723Z vfio_region_write  (0000:09:00.0:region0+0x81ac, 0x0, 4)
2026-07-07T03:29:31.613736Z vfio_region_write  (0000:09:00.0:region0+0x81b0, 0x0, 4)
2026-07-07T03:29:31.613749Z vfio_region_write  (0000:09:00.0:region0+0x81b4, 0x0, 4)
2026-07-07T03:29:31.613762Z vfio_region_write  (0000:09:00.0:region0+0x81b8, 0x0, 4)
2026-07-07T03:29:31.613776Z vfio_region_write  (0000:09:00.0:region0+0x81bc, 0x0, 4)
2026-07-07T03:29:31.613789Z vfio_region_write  (0000:09:00.0:region0+0x81c0, 0x0, 4)
2026-07-07T03:29:31.613803Z vfio_region_write  (0000:09:00.0:region0+0x81c4, 0x0, 4)
2026-07-07T03:29:31.613825Z vfio_region_write  (0000:09:00.0:region0+0x81c8, 0x0, 4)
2026-07-07T03:29:31.613839Z vfio_region_write  (0000:09:00.0:region0+0x81cc, 0x0, 4)
2026-07-07T03:29:31.613852Z vfio_region_write  (0000:09:00.0:region0+0x81d0, 0x0, 4)
2026-07-07T03:29:31.613866Z vfio_region_write  (0000:09:00.0:region0+0x81d4, 0x0, 4)
2026-07-07T03:29:31.613878Z vfio_region_write  (0000:09:00.0:region0+0x81d8, 0x0, 4)
2026-07-07T03:29:31.613892Z vfio_region_write  (0000:09:00.0:region0+0x81dc, 0x0, 4)
2026-07-07T03:29:31.613906Z vfio_region_write  (0000:09:00.0:region0+0x81e0, 0x0, 4)
2026-07-07T03:29:31.613920Z vfio_region_write  (0000:09:00.0:region0+0x81e4, 0x0, 4)
2026-07-07T03:29:31.613935Z vfio_region_write  (0000:09:00.0:region0+0x81e8, 0x0, 4)
2026-07-07T03:29:31.613949Z vfio_region_write  (0000:09:00.0:region0+0x81ec, 0x0, 4)
2026-07-07T03:29:31.613963Z vfio_region_write  (0000:09:00.0:region0+0x81f0, 0x0, 4)
2026-07-07T03:29:31.613976Z vfio_region_write  (0000:09:00.0:region0+0x81f4, 0x0, 4)
2026-07-07T03:29:31.613990Z vfio_region_write  (0000:09:00.0:region0+0x81f8, 0x0, 4)
2026-07-07T03:29:31.614004Z vfio_region_write  (0000:09:00.0:region0+0x81fc, 0x0, 4)
2026-07-07T03:29:31.614018Z vfio_region_write  (0000:09:00.0:region0+0x8200, 0x0, 4)
2026-07-07T03:29:31.614032Z vfio_region_write  (0000:09:00.0:region0+0x8204, 0x0, 4)
2026-07-07T03:29:31.614050Z vfio_region_write  (0000:09:00.0:region0+0x8208, 0x0, 4)
2026-07-07T03:29:31.614065Z vfio_region_write  (0000:09:00.0:region0+0x820c, 0x0, 4)
2026-07-07T03:29:31.614078Z vfio_region_write  (0000:09:00.0:region0+0x8210, 0x0, 4)
2026-07-07T03:29:31.614091Z vfio_region_write  (0000:09:00.0:region0+0x8214, 0x0, 4)
2026-07-07T03:29:31.614105Z vfio_region_write  (0000:09:00.0:region0+0x8218, 0x0, 4)
2026-07-07T03:29:31.614118Z vfio_region_write  (0000:09:00.0:region0+0x821c, 0x0, 4)
2026-07-07T03:29:31.614132Z vfio_region_write  (0000:09:00.0:region0+0x8220, 0x0, 4)
2026-07-07T03:29:31.614146Z vfio_region_write  (0000:09:00.0:region0+0x8224, 0x0, 4)
2026-07-07T03:29:31.614160Z vfio_region_write  (0000:09:00.0:region0+0x8228, 0x0, 4)
2026-07-07T03:29:31.614173Z vfio_region_write  (0000:09:00.0:region0+0x822c, 0x0, 4)
2026-07-07T03:29:31.614186Z vfio_region_write  (0000:09:00.0:region0+0x8230, 0x0, 4)
2026-07-07T03:29:31.614200Z vfio_region_write  (0000:09:00.0:region0+0x8234, 0x0, 4)
2026-07-07T03:29:31.614213Z vfio_region_write  (0000:09:00.0:region0+0x8238, 0x0, 4)
2026-07-07T03:29:31.614226Z vfio_region_write  (0000:09:00.0:region0+0x823c, 0x0, 4)
2026-07-07T03:29:31.614240Z vfio_region_write  (0000:09:00.0:region0+0x8240, 0x0, 4)
2026-07-07T03:29:31.614253Z vfio_region_write  (0000:09:00.0:region0+0x8244, 0x0, 4)
2026-07-07T03:29:31.614267Z vfio_region_write  (0000:09:00.0:region0+0x8248, 0x0, 4)
2026-07-07T03:29:31.614280Z vfio_region_write  (0000:09:00.0:region0+0x824c, 0x0, 4)
2026-07-07T03:29:31.614295Z vfio_region_write  (0000:09:00.0:region0+0x8250, 0x0, 4)
2026-07-07T03:29:31.614308Z vfio_region_write  (0000:09:00.0:region0+0x8254, 0x0, 4)
2026-07-07T03:29:31.614323Z vfio_region_write  (0000:09:00.0:region0+0x8258, 0x0, 4)
2026-07-07T03:29:31.614337Z vfio_region_write  (0000:09:00.0:region0+0x825c, 0x0, 4)
2026-07-07T03:29:31.614351Z vfio_region_write  (0000:09:00.0:region0+0x8260, 0x0, 4)
2026-07-07T03:29:31.614365Z vfio_region_write  (0000:09:00.0:region0+0x8264, 0x0, 4)
2026-07-07T03:29:31.614379Z vfio_region_write  (0000:09:00.0:region0+0x8268, 0x0, 4)
2026-07-07T03:29:31.614393Z vfio_region_write  (0000:09:00.0:region0+0x826c, 0x0, 4)
2026-07-07T03:29:31.614407Z vfio_region_write  (0000:09:00.0:region0+0x8270, 0x0, 4)
2026-07-07T03:29:31.614420Z vfio_region_write  (0000:09:00.0:region0+0x8274, 0x0, 4)
2026-07-07T03:29:31.614435Z vfio_region_write  (0000:09:00.0:region0+0x8278, 0x0, 4)
2026-07-07T03:29:31.614448Z vfio_region_write  (0000:09:00.0:region0+0x827c, 0x0, 4)
2026-07-07T03:29:31.614463Z vfio_region_write  (0000:09:00.0:region0+0x8280, 0x0, 4)
2026-07-07T03:29:31.614476Z vfio_region_write  (0000:09:00.0:region0+0x8284, 0x0, 4)
2026-07-07T03:29:31.614490Z vfio_region_write  (0000:09:00.0:region0+0x8288, 0x0, 4)
2026-07-07T03:29:31.614504Z vfio_region_write  (0000:09:00.0:region0+0x828c, 0x0, 4)
2026-07-07T03:29:31.614517Z vfio_region_write  (0000:09:00.0:region0+0x8290, 0x0, 4)
2026-07-07T03:29:31.614532Z vfio_region_write  (0000:09:00.0:region0+0x8294, 0x0, 4)
2026-07-07T03:29:31.614545Z vfio_region_write  (0000:09:00.0:region0+0x8298, 0x0, 4)
2026-07-07T03:29:31.614560Z vfio_region_write  (0000:09:00.0:region0+0x829c, 0x0, 4)
2026-07-07T03:29:31.614573Z vfio_region_write  (0000:09:00.0:region0+0x82a0, 0x0, 4)
2026-07-07T03:29:31.614587Z vfio_region_write  (0000:09:00.0:region0+0x82a4, 0x0, 4)
2026-07-07T03:29:31.614601Z vfio_region_write  (0000:09:00.0:region0+0x82a8, 0x0, 4)
2026-07-07T03:29:31.614615Z vfio_region_write  (0000:09:00.0:region0+0x82ac, 0x0, 4)
2026-07-07T03:29:31.614629Z vfio_region_write  (0000:09:00.0:region0+0x82b0, 0x0, 4)
2026-07-07T03:29:31.614643Z vfio_region_write  (0000:09:00.0:region0+0x82b4, 0x0, 4)
2026-07-07T03:29:31.614655Z vfio_region_write  (0000:09:00.0:region0+0x82b8, 0x0, 4)
2026-07-07T03:29:31.614668Z vfio_region_write  (0000:09:00.0:region0+0x82bc, 0x0, 4)
2026-07-07T03:29:31.614681Z vfio_region_write  (0000:09:00.0:region0+0x82c0, 0x0, 4)
2026-07-07T03:29:31.614696Z vfio_region_write  (0000:09:00.0:region0+0x82c4, 0x0, 4)
2026-07-07T03:29:31.614711Z vfio_region_write  (0000:09:00.0:region0+0x82c8, 0x0, 4)
2026-07-07T03:29:31.614725Z vfio_region_write  (0000:09:00.0:region0+0x82cc, 0x0, 4)
2026-07-07T03:29:31.614738Z vfio_region_write  (0000:09:00.0:region0+0x82d0, 0x0, 4)
2026-07-07T03:29:31.614751Z vfio_region_write  (0000:09:00.0:region0+0x82d4, 0x0, 4)
2026-07-07T03:29:31.614764Z vfio_region_write  (0000:09:00.0:region0+0x82d8, 0x0, 4)
2026-07-07T03:29:31.614777Z vfio_region_write  (0000:09:00.0:region0+0x82dc, 0x0, 4)
2026-07-07T03:29:31.614790Z vfio_region_write  (0000:09:00.0:region0+0x82e0, 0x0, 4)
2026-07-07T03:29:31.614806Z vfio_region_write  (0000:09:00.0:region0+0x82e4, 0x0, 4)
2026-07-07T03:29:31.614827Z vfio_region_write  (0000:09:00.0:region0+0x82e8, 0x0, 4)
2026-07-07T03:29:31.614841Z vfio_region_write  (0000:09:00.0:region0+0x82ec, 0x0, 4)
2026-07-07T03:29:31.614854Z vfio_region_write  (0000:09:00.0:region0+0x82f0, 0x0, 4)
2026-07-07T03:29:31.614867Z vfio_region_write  (0000:09:00.0:region0+0x82f4, 0x0, 4)
2026-07-07T03:29:31.614881Z vfio_region_write  (0000:09:00.0:region0+0x82f8, 0x0, 4)
2026-07-07T03:29:31.614893Z vfio_region_write  (0000:09:00.0:region0+0x82fc, 0x0, 4)
2026-07-07T03:29:31.614907Z vfio_region_write  (0000:09:00.0:region0+0x8300, 0x0, 4)
2026-07-07T03:29:31.614920Z vfio_region_write  (0000:09:00.0:region0+0x8304, 0x0, 4)
2026-07-07T03:29:31.614933Z vfio_region_write  (0000:09:00.0:region0+0x8308, 0x0, 4)
2026-07-07T03:29:31.614946Z vfio_region_write  (0000:09:00.0:region0+0x830c, 0x0, 4)
2026-07-07T03:29:31.614959Z vfio_region_write  (0000:09:00.0:region0+0x8310, 0x0, 4)
2026-07-07T03:29:31.614972Z vfio_region_write  (0000:09:00.0:region0+0x8314, 0x0, 4)
2026-07-07T03:29:31.614985Z vfio_region_write  (0000:09:00.0:region0+0x8318, 0x0, 4)
2026-07-07T03:29:31.614999Z vfio_region_write  (0000:09:00.0:region0+0x831c, 0x0, 4)
2026-07-07T03:29:31.615011Z vfio_region_write  (0000:09:00.0:region0+0x8320, 0x0, 4)
2026-07-07T03:29:31.615025Z vfio_region_write  (0000:09:00.0:region0+0x8324, 0x0, 4)
2026-07-07T03:29:31.615038Z vfio_region_write  (0000:09:00.0:region0+0x8328, 0x0, 4)
2026-07-07T03:29:31.615057Z vfio_region_write  (0000:09:00.0:region0+0x832c, 0x0, 4)
2026-07-07T03:29:31.615071Z vfio_region_write  (0000:09:00.0:region0+0x8330, 0x0, 4)
2026-07-07T03:29:31.615085Z vfio_region_write  (0000:09:00.0:region0+0x8334, 0x0, 4)
2026-07-07T03:29:31.615098Z vfio_region_write  (0000:09:00.0:region0+0x8338, 0x0, 4)
2026-07-07T03:29:31.615112Z vfio_region_write  (0000:09:00.0:region0+0x833c, 0x0, 4)
2026-07-07T03:29:31.615125Z vfio_region_write  (0000:09:00.0:region0+0x8340, 0x0, 4)
2026-07-07T03:29:31.615138Z vfio_region_write  (0000:09:00.0:region0+0x8344, 0x0, 4)
2026-07-07T03:29:31.615152Z vfio_region_write  (0000:09:00.0:region0+0x8348, 0x0, 4)
2026-07-07T03:29:31.615166Z vfio_region_write  (0000:09:00.0:region0+0x834c, 0x0, 4)
2026-07-07T03:29:31.615180Z vfio_region_write  (0000:09:00.0:region0+0x8350, 0x0, 4)
2026-07-07T03:29:31.615194Z vfio_region_write  (0000:09:00.0:region0+0x8354, 0x0, 4)
2026-07-07T03:29:31.615208Z vfio_region_write  (0000:09:00.0:region0+0x8358, 0x0, 4)
2026-07-07T03:29:31.615222Z vfio_region_write  (0000:09:00.0:region0+0x835c, 0x0, 4)
2026-07-07T03:29:31.615235Z vfio_region_write  (0000:09:00.0:region0+0x8360, 0x0, 4)
2026-07-07T03:29:31.615249Z vfio_region_write  (0000:09:00.0:region0+0x8364, 0x0, 4)
2026-07-07T03:29:31.615263Z vfio_region_write  (0000:09:00.0:region0+0x8368, 0x0, 4)
2026-07-07T03:29:31.615277Z vfio_region_write  (0000:09:00.0:region0+0x836c, 0x0, 4)
2026-07-07T03:29:31.615290Z vfio_region_write  (0000:09:00.0:region0+0x8370, 0x0, 4)
2026-07-07T03:29:31.615305Z vfio_region_write  (0000:09:00.0:region0+0x8374, 0x0, 4)
2026-07-07T03:29:31.615317Z vfio_region_write  (0000:09:00.0:region0+0x8378, 0x0, 4)
2026-07-07T03:29:31.615330Z vfio_region_write  (0000:09:00.0:region0+0x837c, 0x0, 4)
2026-07-07T03:29:31.615343Z vfio_region_write  (0000:09:00.0:region0+0x8380, 0x0, 4)
2026-07-07T03:29:31.615357Z vfio_region_write  (0000:09:00.0:region0+0x8384, 0x0, 4)
2026-07-07T03:29:31.615370Z vfio_region_write  (0000:09:00.0:region0+0x8388, 0x0, 4)
2026-07-07T03:29:31.615383Z vfio_region_write  (0000:09:00.0:region0+0x838c, 0x0, 4)
2026-07-07T03:29:31.615396Z vfio_region_write  (0000:09:00.0:region0+0x8390, 0x0, 4)
2026-07-07T03:29:31.615409Z vfio_region_write  (0000:09:00.0:region0+0x8394, 0x0, 4)
2026-07-07T03:29:31.615422Z vfio_region_write  (0000:09:00.0:region0+0x8398, 0x0, 4)
2026-07-07T03:29:31.615435Z vfio_region_write  (0000:09:00.0:region0+0x839c, 0x0, 4)
2026-07-07T03:29:31.615449Z vfio_region_write  (0000:09:00.0:region0+0x83a0, 0x0, 4)
2026-07-07T03:29:31.615462Z vfio_region_write  (0000:09:00.0:region0+0x83a4, 0x0, 4)
2026-07-07T03:29:31.615476Z vfio_region_write  (0000:09:00.0:region0+0x83a8, 0x0, 4)
2026-07-07T03:29:31.615489Z vfio_region_write  (0000:09:00.0:region0+0x83ac, 0x0, 4)
2026-07-07T03:29:31.615503Z vfio_region_write  (0000:09:00.0:region0+0x83b0, 0x0, 4)
2026-07-07T03:29:31.615516Z vfio_region_write  (0000:09:00.0:region0+0x83b4, 0x0, 4)
2026-07-07T03:29:31.615530Z vfio_region_write  (0000:09:00.0:region0+0x83b8, 0x0, 4)
2026-07-07T03:29:31.615543Z vfio_region_write  (0000:09:00.0:region0+0x83bc, 0x0, 4)
2026-07-07T03:29:31.615557Z vfio_region_write  (0000:09:00.0:region0+0x83c0, 0x0, 4)
2026-07-07T03:29:31.615570Z vfio_region_write  (0000:09:00.0:region0+0x83c4, 0x0, 4)
2026-07-07T03:29:31.615584Z vfio_region_write  (0000:09:00.0:region0+0x83c8, 0x0, 4)
2026-07-07T03:29:31.615598Z vfio_region_write  (0000:09:00.0:region0+0x83cc, 0x0, 4)
2026-07-07T03:29:31.615612Z vfio_region_write  (0000:09:00.0:region0+0x83d0, 0x0, 4)
2026-07-07T03:29:31.615626Z vfio_region_write  (0000:09:00.0:region0+0x83d4, 0x0, 4)
2026-07-07T03:29:31.615640Z vfio_region_write  (0000:09:00.0:region0+0x83d8, 0x0, 4)
2026-07-07T03:29:31.615654Z vfio_region_write  (0000:09:00.0:region0+0x83dc, 0x0, 4)
2026-07-07T03:29:31.615667Z vfio_region_write  (0000:09:00.0:region0+0x83e0, 0x0, 4)
2026-07-07T03:29:31.615680Z vfio_region_write  (0000:09:00.0:region0+0x83e4, 0x0, 4)
2026-07-07T03:29:31.615695Z vfio_region_write  (0000:09:00.0:region0+0x83e8, 0x0, 4)
2026-07-07T03:29:31.615708Z vfio_region_write  (0000:09:00.0:region0+0x83ec, 0x0, 4)
2026-07-07T03:29:31.615722Z vfio_region_write  (0000:09:00.0:region0+0x83f0, 0x0, 4)
2026-07-07T03:29:31.615736Z vfio_region_write  (0000:09:00.0:region0+0x83f4, 0x0, 4)
2026-07-07T03:29:31.615750Z vfio_region_write  (0000:09:00.0:region0+0x83f8, 0x0, 4)
2026-07-07T03:29:31.615764Z vfio_region_write  (0000:09:00.0:region0+0x83fc, 0x0, 4)
2026-07-07T03:29:31.615778Z vfio_region_write  (0000:09:00.0:region0+0x8400, 0x0, 4)
2026-07-07T03:29:31.615792Z vfio_region_write  (0000:09:00.0:region0+0x8404, 0x0, 4)
2026-07-07T03:29:31.615807Z vfio_region_write  (0000:09:00.0:region0+0x8408, 0x0, 4)
2026-07-07T03:29:31.615827Z vfio_region_write  (0000:09:00.0:region0+0x840c, 0x0, 4)
2026-07-07T03:29:31.615841Z vfio_region_write  (0000:09:00.0:region0+0x8410, 0x0, 4)
2026-07-07T03:29:31.615855Z vfio_region_write  (0000:09:00.0:region0+0x8414, 0x0, 4)
2026-07-07T03:29:31.615868Z vfio_region_write  (0000:09:00.0:region0+0x8418, 0x0, 4)
2026-07-07T03:29:31.615881Z vfio_region_write  (0000:09:00.0:region0+0x841c, 0x0, 4)
2026-07-07T03:29:31.615894Z vfio_region_write  (0000:09:00.0:region0+0x8420, 0x0, 4)
2026-07-07T03:29:31.615908Z vfio_region_write  (0000:09:00.0:region0+0x8424, 0x0, 4)
2026-07-07T03:29:31.615920Z vfio_region_write  (0000:09:00.0:region0+0x8428, 0x0, 4)
2026-07-07T03:29:31.615934Z vfio_region_write  (0000:09:00.0:region0+0x842c, 0x0, 4)
2026-07-07T03:29:31.615948Z vfio_region_write  (0000:09:00.0:region0+0x408, 0x1, 4)
2026-07-07T03:29:31.616183Z vfio_region_read  (0000:09:00.0:region0+0x100, 4) = 0x20000000
2026-07-07T03:29:31.616204Z vfio_region_read  (0000:09:00.0:region0+0x300, 4) = 0x0
2026-07-07T03:29:31.616223Z vfio_region_read  (0000:09:00.0:region0+0x200, 4) = 0x0
2026-07-07T03:29:31.616241Z vfio_region_read  (0000:09:00.0:region0+0x400, 4) = 0x1
2026-07-07T03:29:31.616260Z vfio_region_read  (0000:09:00.0:region0+0x500, 4) = 0xff0000
2026-07-07T03:29:31.616446Z vfio_region_read  (0000:09:00.0:region0+0x100, 4) = 0x20000000
2026-07-07T03:29:31.616466Z vfio_region_read  (0000:09:00.0:region0+0x300, 4) = 0x0
2026-07-07T03:29:31.616485Z vfio_region_read  (0000:09:00.0:region0+0x200, 4) = 0x0
2026-07-07T03:29:31.616504Z vfio_region_read  (0000:09:00.0:region0+0x400, 4) = 0x2
2026-07-07T03:29:31.616523Z vfio_region_read  (0000:09:00.0:region0+0x500, 4) = 0xff0000
2026-07-07T03:29:31.616949Z vfio_region_write  (0000:09:00.0:region0+0x408, 0x2, 4)
2026-07-07T03:29:31.616980Z vfio_region_write  (0000:09:00.0:region0+0x8020, 0x80800001, 4)
2026-07-07T03:29:31.616995Z vfio_region_write  (0000:09:00.0:region0+0x8024, 0x680400, 4)
2026-07-07T03:29:31.617009Z vfio_region_write  (0000:09:00.0:region0+0x8028, 0x0, 4)
2026-07-07T03:29:31.617022Z vfio_region_write  (0000:09:00.0:region0+0x802c, 0x0, 4)
2026-07-07T03:29:31.617035Z vfio_region_write  (0000:09:00.0:region0+0x8030, 0x10a8, 4)
2026-07-07T03:29:31.617054Z vfio_region_write  (0000:09:00.0:region0+0x8034, 0x3f8, 4)
2026-07-07T03:29:31.617069Z vfio_region_write  (0000:09:00.0:region0+0x8038, 0x0, 4)
2026-07-07T03:29:31.617082Z vfio_region_write  (0000:09:00.0:region0+0x803c, 0x0, 4)
2026-07-07T03:29:31.617095Z vfio_region_write  (0000:09:00.0:region0+0x8040, 0x0, 4)
2026-07-07T03:29:31.617109Z vfio_region_write  (0000:09:00.0:region0+0x8044, 0x0, 4)
2026-07-07T03:29:31.617124Z vfio_region_write  (0000:09:00.0:region0+0x8048, 0x0, 4)
2026-07-07T03:29:31.617138Z vfio_region_write  (0000:09:00.0:region0+0x804c, 0x0, 4)
2026-07-07T03:29:31.617152Z vfio_region_write  (0000:09:00.0:region0+0x8050, 0x0, 4)
2026-07-07T03:29:31.617166Z vfio_region_write  (0000:09:00.0:region0+0x8054, 0x0, 4)
2026-07-07T03:29:31.617179Z vfio_region_write  (0000:09:00.0:region0+0x8058, 0x0, 4)
2026-07-07T03:29:31.617192Z vfio_region_write  (0000:09:00.0:region0+0x805c, 0x0, 4)
2026-07-07T03:29:31.617206Z vfio_region_write  (0000:09:00.0:region0+0x8060, 0x0, 4)
2026-07-07T03:29:31.617220Z vfio_region_write  (0000:09:00.0:region0+0x8064, 0x0, 4)
2026-07-07T03:29:31.617234Z vfio_region_write  (0000:09:00.0:region0+0x8068, 0x0, 4)
2026-07-07T03:29:31.617247Z vfio_region_write  (0000:09:00.0:region0+0x806c, 0x0, 4)
2026-07-07T03:29:31.617261Z vfio_region_write  (0000:09:00.0:region0+0x8070, 0x0, 4)
2026-07-07T03:29:31.617274Z vfio_region_write  (0000:09:00.0:region0+0x8074, 0x0, 4)
2026-07-07T03:29:31.617288Z vfio_region_write  (0000:09:00.0:region0+0x8078, 0x0, 4)
2026-07-07T03:29:31.617302Z vfio_region_write  (0000:09:00.0:region0+0x807c, 0x0, 4)
2026-07-07T03:29:31.617315Z vfio_region_write  (0000:09:00.0:region0+0x8080, 0x0, 4)
2026-07-07T03:29:31.617330Z vfio_region_write  (0000:09:00.0:region0+0x8084, 0x0, 4)
2026-07-07T03:29:31.617343Z vfio_region_write  (0000:09:00.0:region0+0x8088, 0x0, 4)
2026-07-07T03:29:31.617358Z vfio_region_write  (0000:09:00.0:region0+0x808c, 0x0, 4)
2026-07-07T03:29:31.617371Z vfio_region_write  (0000:09:00.0:region0+0x8090, 0x0, 4)
2026-07-07T03:29:31.617385Z vfio_region_write  (0000:09:00.0:region0+0x8094, 0x0, 4)
2026-07-07T03:29:31.617399Z vfio_region_write  (0000:09:00.0:region0+0x8098, 0x0, 4)
2026-07-07T03:29:31.617412Z vfio_region_write  (0000:09:00.0:region0+0x809c, 0x0, 4)
2026-07-07T03:29:31.617427Z vfio_region_write  (0000:09:00.0:region0+0x80a0, 0x0, 4)
2026-07-07T03:29:31.617440Z vfio_region_write  (0000:09:00.0:region0+0x80a4, 0x0, 4)
2026-07-07T03:29:31.617454Z vfio_region_write  (0000:09:00.0:region0+0x80a8, 0x0, 4)
2026-07-07T03:29:31.617468Z vfio_region_write  (0000:09:00.0:region0+0x80ac, 0x0, 4)
2026-07-07T03:29:31.617482Z vfio_region_write  (0000:09:00.0:region0+0x80b0, 0x0, 4)
2026-07-07T03:29:31.617496Z vfio_region_write  (0000:09:00.0:region0+0x80b4, 0x0, 4)
2026-07-07T03:29:31.617509Z vfio_region_write  (0000:09:00.0:region0+0x80b8, 0x0, 4)
2026-07-07T03:29:31.617523Z vfio_region_write  (0000:09:00.0:region0+0x80bc, 0x0, 4)
2026-07-07T03:29:31.617537Z vfio_region_write  (0000:09:00.0:region0+0x80c0, 0x0, 4)
2026-07-07T03:29:31.617551Z vfio_region_write  (0000:09:00.0:region0+0x80c4, 0x0, 4)
2026-07-07T03:29:31.617565Z vfio_region_write  (0000:09:00.0:region0+0x80c8, 0x0, 4)
2026-07-07T03:29:31.617578Z vfio_region_write  (0000:09:00.0:region0+0x80cc, 0x0, 4)
2026-07-07T03:29:31.617592Z vfio_region_write  (0000:09:00.0:region0+0x80d0, 0x0, 4)
2026-07-07T03:29:31.617605Z vfio_region_write  (0000:09:00.0:region0+0x80d4, 0x0, 4)
2026-07-07T03:29:31.617618Z vfio_region_write  (0000:09:00.0:region0+0x80d8, 0x0, 4)
2026-07-07T03:29:31.617631Z vfio_region_write  (0000:09:00.0:region0+0x80dc, 0x0, 4)
2026-07-07T03:29:31.617645Z vfio_region_write  (0000:09:00.0:region0+0x80e0, 0x0, 4)
2026-07-07T03:29:31.617658Z vfio_region_write  (0000:09:00.0:region0+0x80e4, 0x0, 4)
2026-07-07T03:29:31.617671Z vfio_region_write  (0000:09:00.0:region0+0x80e8, 0x0, 4)
2026-07-07T03:29:31.617684Z vfio_region_write  (0000:09:00.0:region0+0x80ec, 0x0, 4)
2026-07-07T03:29:31.617698Z vfio_region_write  (0000:09:00.0:region0+0x80f0, 0x0, 4)
2026-07-07T03:29:31.617712Z vfio_region_write  (0000:09:00.0:region0+0x80f4, 0x0, 4)
2026-07-07T03:29:31.617725Z vfio_region_write  (0000:09:00.0:region0+0x80f8, 0x0, 4)
2026-07-07T03:29:31.617738Z vfio_region_write  (0000:09:00.0:region0+0x80fc, 0x0, 4)
2026-07-07T03:29:31.617751Z vfio_region_write  (0000:09:00.0:region0+0x8100, 0x0, 4)
2026-07-07T03:29:31.617764Z vfio_region_write  (0000:09:00.0:region0+0x8104, 0x0, 4)
2026-07-07T03:29:31.617777Z vfio_region_write  (0000:09:00.0:region0+0x8108, 0x0, 4)
2026-07-07T03:29:31.617790Z vfio_region_write  (0000:09:00.0:region0+0x810c, 0x0, 4)
2026-07-07T03:29:31.617805Z vfio_region_write  (0000:09:00.0:region0+0x8110, 0x0, 4)
2026-07-07T03:29:31.617826Z vfio_region_write  (0000:09:00.0:region0+0x8114, 0x0, 4)
2026-07-07T03:29:31.617840Z vfio_region_write  (0000:09:00.0:region0+0x8118, 0x0, 4)
2026-07-07T03:29:31.617853Z vfio_region_write  (0000:09:00.0:region0+0x811c, 0x0, 4)
2026-07-07T03:29:31.617866Z vfio_region_write  (0000:09:00.0:region0+0x8120, 0x0, 4)
2026-07-07T03:29:31.617879Z vfio_region_write  (0000:09:00.0:region0+0x8124, 0x0, 4)
2026-07-07T03:29:31.617893Z vfio_region_write  (0000:09:00.0:region0+0x8128, 0x0, 4)
2026-07-07T03:29:31.617906Z vfio_region_write  (0000:09:00.0:region0+0x812c, 0x0, 4)
2026-07-07T03:29:31.617918Z vfio_region_write  (0000:09:00.0:region0+0x8130, 0x0, 4)
2026-07-07T03:29:31.617932Z vfio_region_write  (0000:09:00.0:region0+0x8134, 0x0, 4)
2026-07-07T03:29:31.617945Z vfio_region_write  (0000:09:00.0:region0+0x8138, 0x0, 4)
2026-07-07T03:29:31.617958Z vfio_region_write  (0000:09:00.0:region0+0x813c, 0x0, 4)
2026-07-07T03:29:31.617971Z vfio_region_write  (0000:09:00.0:region0+0x8140, 0x0, 4)
2026-07-07T03:29:31.617984Z vfio_region_write  (0000:09:00.0:region0+0x8144, 0x0, 4)
2026-07-07T03:29:31.617997Z vfio_region_write  (0000:09:00.0:region0+0x8148, 0x0, 4)
2026-07-07T03:29:31.618011Z vfio_region_write  (0000:09:00.0:region0+0x814c, 0x0, 4)
2026-07-07T03:29:31.618025Z vfio_region_write  (0000:09:00.0:region0+0x8150, 0x0, 4)
2026-07-07T03:29:31.618038Z vfio_region_write  (0000:09:00.0:region0+0x8154, 0x0, 4)
2026-07-07T03:29:31.618057Z vfio_region_write  (0000:09:00.0:region0+0x8158, 0x0, 4)
2026-07-07T03:29:31.618071Z vfio_region_write  (0000:09:00.0:region0+0x815c, 0x0, 4)
2026-07-07T03:29:31.618084Z vfio_region_write  (0000:09:00.0:region0+0x8160, 0x0, 4)
2026-07-07T03:29:31.618098Z vfio_region_write  (0000:09:00.0:region0+0x8164, 0x0, 4)
2026-07-07T03:29:31.618111Z vfio_region_write  (0000:09:00.0:region0+0x8168, 0x0, 4)
2026-07-07T03:29:31.618124Z vfio_region_write  (0000:09:00.0:region0+0x816c, 0x0, 4)
2026-07-07T03:29:31.618138Z vfio_region_write  (0000:09:00.0:region0+0x8170, 0x0, 4)
2026-07-07T03:29:31.618151Z vfio_region_write  (0000:09:00.0:region0+0x8174, 0x0, 4)
2026-07-07T03:29:31.618164Z vfio_region_write  (0000:09:00.0:region0+0x8178, 0x0, 4)
2026-07-07T03:29:31.618177Z vfio_region_write  (0000:09:00.0:region0+0x817c, 0x0, 4)
2026-07-07T03:29:31.618190Z vfio_region_write  (0000:09:00.0:region0+0x8180, 0x0, 4)
2026-07-07T03:29:31.618203Z vfio_region_write  (0000:09:00.0:region0+0x8184, 0x0, 4)
2026-07-07T03:29:31.618217Z vfio_region_write  (0000:09:00.0:region0+0x8188, 0x0, 4)
2026-07-07T03:29:31.618230Z vfio_region_write  (0000:09:00.0:region0+0x818c, 0x0, 4)
2026-07-07T03:29:31.618244Z vfio_region_write  (0000:09:00.0:region0+0x8190, 0x0, 4)
2026-07-07T03:29:31.618256Z vfio_region_write  (0000:09:00.0:region0+0x8194, 0x0, 4)
2026-07-07T03:29:31.618269Z vfio_region_write  (0000:09:00.0:region0+0x8198, 0x0, 4)
2026-07-07T03:29:31.618283Z vfio_region_write  (0000:09:00.0:region0+0x819c, 0x0, 4)
2026-07-07T03:29:31.618297Z vfio_region_write  (0000:09:00.0:region0+0x81a0, 0x0, 4)
2026-07-07T03:29:31.618310Z vfio_region_write  (0000:09:00.0:region0+0x81a4, 0x0, 4)
2026-07-07T03:29:31.618323Z vfio_region_write  (0000:09:00.0:region0+0x81a8, 0x0, 4)
2026-07-07T03:29:31.618337Z vfio_region_write  (0000:09:00.0:region0+0x81ac, 0x0, 4)
2026-07-07T03:29:31.618351Z vfio_region_write  (0000:09:00.0:region0+0x81b0, 0x0, 4)
2026-07-07T03:29:31.618365Z vfio_region_write  (0000:09:00.0:region0+0x81b4, 0x0, 4)
2026-07-07T03:29:31.618379Z vfio_region_write  (0000:09:00.0:region0+0x81b8, 0x0, 4)
2026-07-07T03:29:31.618392Z vfio_region_write  (0000:09:00.0:region0+0x81bc, 0x0, 4)
2026-07-07T03:29:31.618406Z vfio_region_write  (0000:09:00.0:region0+0x81c0, 0x0, 4)
2026-07-07T03:29:31.618420Z vfio_region_write  (0000:09:00.0:region0+0x81c4, 0x0, 4)
2026-07-07T03:29:31.618434Z vfio_region_write  (0000:09:00.0:region0+0x81c8, 0x0, 4)
2026-07-07T03:29:31.618448Z vfio_region_write  (0000:09:00.0:region0+0x81cc, 0x0, 4)
2026-07-07T03:29:31.618462Z vfio_region_write  (0000:09:00.0:region0+0x81d0, 0x0, 4)
2026-07-07T03:29:31.618475Z vfio_region_write  (0000:09:00.0:region0+0x81d4, 0x0, 4)
2026-07-07T03:29:31.618489Z vfio_region_write  (0000:09:00.0:region0+0x81d8, 0x0, 4)
2026-07-07T03:29:31.618503Z vfio_region_write  (0000:09:00.0:region0+0x81dc, 0x0, 4)
2026-07-07T03:29:31.618517Z vfio_region_write  (0000:09:00.0:region0+0x81e0, 0x0, 4)
2026-07-07T03:29:31.618531Z vfio_region_write  (0000:09:00.0:region0+0x81e4, 0x0, 4)
2026-07-07T03:29:31.618545Z vfio_region_write  (0000:09:00.0:region0+0x81e8, 0x0, 4)
2026-07-07T03:29:31.618559Z vfio_region_write  (0000:09:00.0:region0+0x81ec, 0x0, 4)
2026-07-07T03:29:31.618572Z vfio_region_write  (0000:09:00.0:region0+0x81f0, 0x0, 4)
2026-07-07T03:29:31.618586Z vfio_region_write  (0000:09:00.0:region0+0x81f4, 0x0, 4)
2026-07-07T03:29:31.618600Z vfio_region_write  (0000:09:00.0:region0+0x81f8, 0x0, 4)
2026-07-07T03:29:31.618613Z vfio_region_write  (0000:09:00.0:region0+0x81fc, 0x0, 4)
2026-07-07T03:29:31.618628Z vfio_region_write  (0000:09:00.0:region0+0x8200, 0x0, 4)
2026-07-07T03:29:31.618641Z vfio_region_write  (0000:09:00.0:region0+0x8204, 0x0, 4)
2026-07-07T03:29:31.618655Z vfio_region_write  (0000:09:00.0:region0+0x8208, 0x0, 4)
2026-07-07T03:29:31.618669Z vfio_region_write  (0000:09:00.0:region0+0x820c, 0x0, 4)
2026-07-07T03:29:31.618683Z vfio_region_write  (0000:09:00.0:region0+0x8210, 0x0, 4)
2026-07-07T03:29:31.618697Z vfio_region_write  (0000:09:00.0:region0+0x8214, 0x0, 4)
2026-07-07T03:29:31.618711Z vfio_region_write  (0000:09:00.0:region0+0x8218, 0x0, 4)
2026-07-07T03:29:31.618725Z vfio_region_write  (0000:09:00.0:region0+0x821c, 0x0, 4)
2026-07-07T03:29:31.618739Z vfio_region_write  (0000:09:00.0:region0+0x8220, 0x0, 4)
2026-07-07T03:29:31.618752Z vfio_region_write  (0000:09:00.0:region0+0x8224, 0x0, 4)
2026-07-07T03:29:31.618766Z vfio_region_write  (0000:09:00.0:region0+0x8228, 0x0, 4)
2026-07-07T03:29:31.618778Z vfio_region_write  (0000:09:00.0:region0+0x822c, 0x0, 4)
2026-07-07T03:29:31.618792Z vfio_region_write  (0000:09:00.0:region0+0x8230, 0x0, 4)
2026-07-07T03:29:31.618807Z vfio_region_write  (0000:09:00.0:region0+0x8234, 0x0, 4)
2026-07-07T03:29:31.618853Z vfio_region_write  (0000:09:00.0:region0+0x8238, 0x0, 4)
2026-07-07T03:29:31.618868Z vfio_region_write  (0000:09:00.0:region0+0x823c, 0x0, 4)
2026-07-07T03:29:31.618881Z vfio_region_write  (0000:09:00.0:region0+0x8240, 0x0, 4)
2026-07-07T03:29:31.618896Z vfio_region_write  (0000:09:00.0:region0+0x8244, 0x0, 4)
2026-07-07T03:29:31.618910Z vfio_region_write  (0000:09:00.0:region0+0x8248, 0x0, 4)
2026-07-07T03:29:31.618924Z vfio_region_write  (0000:09:00.0:region0+0x824c, 0x0, 4)
2026-07-07T03:29:31.618939Z vfio_region_write  (0000:09:00.0:region0+0x8250, 0x0, 4)
2026-07-07T03:29:31.618953Z vfio_region_write  (0000:09:00.0:region0+0x8254, 0x0, 4)
2026-07-07T03:29:31.618967Z vfio_region_write  (0000:09:00.0:region0+0x8258, 0x0, 4)
2026-07-07T03:29:31.618982Z vfio_region_write  (0000:09:00.0:region0+0x825c, 0x0, 4)
2026-07-07T03:29:31.618996Z vfio_region_write  (0000:09:00.0:region0+0x8260, 0x0, 4)
2026-07-07T03:29:31.619009Z vfio_region_write  (0000:09:00.0:region0+0x8264, 0x0, 4)
2026-07-07T03:29:31.619023Z vfio_region_write  (0000:09:00.0:region0+0x8268, 0x0, 4)
2026-07-07T03:29:31.619037Z vfio_region_write  (0000:09:00.0:region0+0x826c, 0x0, 4)
2026-07-07T03:29:31.619058Z vfio_region_write  (0000:09:00.0:region0+0x8270, 0x0, 4)
2026-07-07T03:29:31.619075Z vfio_region_write  (0000:09:00.0:region0+0x8274, 0x0, 4)
2026-07-07T03:29:31.619089Z vfio_region_write  (0000:09:00.0:region0+0x8278, 0x0, 4)
2026-07-07T03:29:31.619103Z vfio_region_write  (0000:09:00.0:region0+0x827c, 0x0, 4)
2026-07-07T03:29:31.619116Z vfio_region_write  (0000:09:00.0:region0+0x8280, 0x0, 4)
2026-07-07T03:29:31.619130Z vfio_region_write  (0000:09:00.0:region0+0x8284, 0x0, 4)
2026-07-07T03:29:31.619143Z vfio_region_write  (0000:09:00.0:region0+0x8288, 0x0, 4)
2026-07-07T03:29:31.619158Z vfio_region_write  (0000:09:00.0:region0+0x828c, 0x0, 4)
2026-07-07T03:29:31.619172Z vfio_region_write  (0000:09:00.0:region0+0x8290, 0x0, 4)
2026-07-07T03:29:31.619185Z vfio_region_write  (0000:09:00.0:region0+0x8294, 0x0, 4)
2026-07-07T03:29:31.619199Z vfio_region_write  (0000:09:00.0:region0+0x8298, 0x0, 4)
2026-07-07T03:29:31.619213Z vfio_region_write  (0000:09:00.0:region0+0x829c, 0x0, 4)
2026-07-07T03:29:31.619226Z vfio_region_write  (0000:09:00.0:region0+0x82a0, 0x0, 4)
2026-07-07T03:29:31.619240Z vfio_region_write  (0000:09:00.0:region0+0x82a4, 0x0, 4)
2026-07-07T03:29:31.619253Z vfio_region_write  (0000:09:00.0:region0+0x82a8, 0x0, 4)
2026-07-07T03:29:31.619267Z vfio_region_write  (0000:09:00.0:region0+0x82ac, 0x0, 4)
2026-07-07T03:29:31.619280Z vfio_region_write  (0000:09:00.0:region0+0x82b0, 0x0, 4)
2026-07-07T03:29:31.619294Z vfio_region_write  (0000:09:00.0:region0+0x82b4, 0x0, 4)
2026-07-07T03:29:31.619307Z vfio_region_write  (0000:09:00.0:region0+0x82b8, 0x0, 4)
2026-07-07T03:29:31.619321Z vfio_region_write  (0000:09:00.0:region0+0x82bc, 0x0, 4)
2026-07-07T03:29:31.619335Z vfio_region_write  (0000:09:00.0:region0+0x82c0, 0x0, 4)
2026-07-07T03:29:31.619349Z vfio_region_write  (0000:09:00.0:region0+0x82c4, 0x0, 4)
2026-07-07T03:29:31.619362Z vfio_region_write  (0000:09:00.0:region0+0x82c8, 0x0, 4)
2026-07-07T03:29:31.619376Z vfio_region_write  (0000:09:00.0:region0+0x82cc, 0x0, 4)
2026-07-07T03:29:31.619388Z vfio_region_write  (0000:09:00.0:region0+0x82d0, 0x0, 4)
2026-07-07T03:29:31.619402Z vfio_region_write  (0000:09:00.0:region0+0x82d4, 0x0, 4)
2026-07-07T03:29:31.619415Z vfio_region_write  (0000:09:00.0:region0+0x82d8, 0x0, 4)
2026-07-07T03:29:31.619428Z vfio_region_write  (0000:09:00.0:region0+0x82dc, 0x0, 4)
2026-07-07T03:29:31.619442Z vfio_region_write  (0000:09:00.0:region0+0x82e0, 0x0, 4)
2026-07-07T03:29:31.619455Z vfio_region_write  (0000:09:00.0:region0+0x82e4, 0x0, 4)
2026-07-07T03:29:31.619468Z vfio_region_write  (0000:09:00.0:region0+0x82e8, 0x0, 4)
2026-07-07T03:29:31.619481Z vfio_region_write  (0000:09:00.0:region0+0x82ec, 0x0, 4)
2026-07-07T03:29:31.619494Z vfio_region_write  (0000:09:00.0:region0+0x82f0, 0x0, 4)
2026-07-07T03:29:31.619508Z vfio_region_write  (0000:09:00.0:region0+0x82f4, 0x0, 4)
2026-07-07T03:29:31.619520Z vfio_region_write  (0000:09:00.0:region0+0x82f8, 0x0, 4)
2026-07-07T03:29:31.619533Z vfio_region_write  (0000:09:00.0:region0+0x82fc, 0x0, 4)
2026-07-07T03:29:31.619547Z vfio_region_write  (0000:09:00.0:region0+0x8300, 0x0, 4)
2026-07-07T03:29:31.619559Z vfio_region_write  (0000:09:00.0:region0+0x8304, 0x0, 4)
2026-07-07T03:29:31.619573Z vfio_region_write  (0000:09:00.0:region0+0x8308, 0x0, 4)
2026-07-07T03:29:31.619586Z vfio_region_write  (0000:09:00.0:region0+0x830c, 0x0, 4)
2026-07-07T03:29:31.619599Z vfio_region_write  (0000:09:00.0:region0+0x8310, 0x0, 4)
2026-07-07T03:29:31.619612Z vfio_region_write  (0000:09:00.0:region0+0x8314, 0x0, 4)
2026-07-07T03:29:31.619626Z vfio_region_write  (0000:09:00.0:region0+0x8318, 0x0, 4)
2026-07-07T03:29:31.619639Z vfio_region_write  (0000:09:00.0:region0+0x831c, 0x0, 4)
2026-07-07T03:29:31.619652Z vfio_region_write  (0000:09:00.0:region0+0x8320, 0x0, 4)
2026-07-07T03:29:31.619666Z vfio_region_write  (0000:09:00.0:region0+0x8324, 0x0, 4)
2026-07-07T03:29:31.619679Z vfio_region_write  (0000:09:00.0:region0+0x8328, 0x0, 4)
2026-07-07T03:29:31.619693Z vfio_region_write  (0000:09:00.0:region0+0x832c, 0x0, 4)
2026-07-07T03:29:31.619706Z vfio_region_write  (0000:09:00.0:region0+0x8330, 0x0, 4)
2026-07-07T03:29:31.619720Z vfio_region_write  (0000:09:00.0:region0+0x8334, 0x0, 4)
2026-07-07T03:29:31.619733Z vfio_region_write  (0000:09:00.0:region0+0x8338, 0x0, 4)
2026-07-07T03:29:31.619747Z vfio_region_write  (0000:09:00.0:region0+0x833c, 0x0, 4)
2026-07-07T03:29:31.619760Z vfio_region_write  (0000:09:00.0:region0+0x8340, 0x0, 4)
2026-07-07T03:29:31.619774Z vfio_region_write  (0000:09:00.0:region0+0x8344, 0x0, 4)
2026-07-07T03:29:31.619787Z vfio_region_write  (0000:09:00.0:region0+0x8348, 0x0, 4)
2026-07-07T03:29:31.619800Z vfio_region_write  (0000:09:00.0:region0+0x834c, 0x0, 4)
2026-07-07T03:29:31.619823Z vfio_region_write  (0000:09:00.0:region0+0x8350, 0x0, 4)
2026-07-07T03:29:31.619837Z vfio_region_write  (0000:09:00.0:region0+0x8354, 0x0, 4)
2026-07-07T03:29:31.619850Z vfio_region_write  (0000:09:00.0:region0+0x8358, 0x0, 4)
2026-07-07T03:29:31.619864Z vfio_region_write  (0000:09:00.0:region0+0x835c, 0x0, 4)
2026-07-07T03:29:31.619877Z vfio_region_write  (0000:09:00.0:region0+0x8360, 0x0, 4)
2026-07-07T03:29:31.619891Z vfio_region_write  (0000:09:00.0:region0+0x8364, 0x0, 4)
2026-07-07T03:29:31.619904Z vfio_region_write  (0000:09:00.0:region0+0x8368, 0x0, 4)
2026-07-07T03:29:31.619918Z vfio_region_write  (0000:09:00.0:region0+0x836c, 0x0, 4)
2026-07-07T03:29:31.619931Z vfio_region_write  (0000:09:00.0:region0+0x8370, 0x0, 4)
2026-07-07T03:29:31.619945Z vfio_region_write  (0000:09:00.0:region0+0x8374, 0x0, 4)
2026-07-07T03:29:31.619958Z vfio_region_write  (0000:09:00.0:region0+0x8378, 0x0, 4)
2026-07-07T03:29:31.619972Z vfio_region_write  (0000:09:00.0:region0+0x837c, 0x0, 4)
2026-07-07T03:29:31.619985Z vfio_region_write  (0000:09:00.0:region0+0x8380, 0x0, 4)
2026-07-07T03:29:31.619998Z vfio_region_write  (0000:09:00.0:region0+0x8384, 0x0, 4)
2026-07-07T03:29:31.620012Z vfio_region_write  (0000:09:00.0:region0+0x8388, 0x0, 4)
2026-07-07T03:29:31.620024Z vfio_region_write  (0000:09:00.0:region0+0x838c, 0x0, 4)
2026-07-07T03:29:31.620038Z vfio_region_write  (0000:09:00.0:region0+0x8390, 0x0, 4)
2026-07-07T03:29:31.620059Z vfio_region_write  (0000:09:00.0:region0+0x8394, 0x0, 4)
2026-07-07T03:29:31.620076Z vfio_region_write  (0000:09:00.0:region0+0x8398, 0x0, 4)
2026-07-07T03:29:31.620089Z vfio_region_write  (0000:09:00.0:region0+0x839c, 0x0, 4)
2026-07-07T03:29:31.620103Z vfio_region_write  (0000:09:00.0:region0+0x83a0, 0x0, 4)
2026-07-07T03:29:31.620116Z vfio_region_write  (0000:09:00.0:region0+0x83a4, 0x0, 4)
2026-07-07T03:29:31.620130Z vfio_region_write  (0000:09:00.0:region0+0x83a8, 0x0, 4)
2026-07-07T03:29:31.620143Z vfio_region_write  (0000:09:00.0:region0+0x83ac, 0x0, 4)
2026-07-07T03:29:31.620157Z vfio_region_write  (0000:09:00.0:region0+0x83b0, 0x0, 4)
2026-07-07T03:29:31.620170Z vfio_region_write  (0000:09:00.0:region0+0x83b4, 0x0, 4)
2026-07-07T03:29:31.620184Z vfio_region_write  (0000:09:00.0:region0+0x83b8, 0x0, 4)
2026-07-07T03:29:31.620197Z vfio_region_write  (0000:09:00.0:region0+0x83bc, 0x0, 4)
2026-07-07T03:29:31.620210Z vfio_region_write  (0000:09:00.0:region0+0x83c0, 0x0, 4)
2026-07-07T03:29:31.620223Z vfio_region_write  (0000:09:00.0:region0+0x83c4, 0x0, 4)
2026-07-07T03:29:31.620236Z vfio_region_write  (0000:09:00.0:region0+0x83c8, 0x0, 4)
2026-07-07T03:29:31.620250Z vfio_region_write  (0000:09:00.0:region0+0x83cc, 0x0, 4)
2026-07-07T03:29:31.620262Z vfio_region_write  (0000:09:00.0:region0+0x83d0, 0x0, 4)
2026-07-07T03:29:31.620276Z vfio_region_write  (0000:09:00.0:region0+0x83d4, 0x0, 4)
2026-07-07T03:29:31.620289Z vfio_region_write  (0000:09:00.0:region0+0x83d8, 0x0, 4)
2026-07-07T03:29:31.620302Z vfio_region_write  (0000:09:00.0:region0+0x83dc, 0x0, 4)
2026-07-07T03:29:31.620315Z vfio_region_write  (0000:09:00.0:region0+0x83e0, 0x0, 4)
2026-07-07T03:29:31.620329Z vfio_region_write  (0000:09:00.0:region0+0x83e4, 0x0, 4)
2026-07-07T03:29:31.620342Z vfio_region_write  (0000:09:00.0:region0+0x83e8, 0x0, 4)
2026-07-07T03:29:31.620355Z vfio_region_write  (0000:09:00.0:region0+0x83ec, 0x0, 4)
2026-07-07T03:29:31.620369Z vfio_region_write  (0000:09:00.0:region0+0x83f0, 0x0, 4)
2026-07-07T03:29:31.620382Z vfio_region_write  (0000:09:00.0:region0+0x83f4, 0x0, 4)
2026-07-07T03:29:31.620396Z vfio_region_write  (0000:09:00.0:region0+0x83f8, 0x0, 4)
2026-07-07T03:29:31.620409Z vfio_region_write  (0000:09:00.0:region0+0x83fc, 0x0, 4)
2026-07-07T03:29:31.620423Z vfio_region_write  (0000:09:00.0:region0+0x8400, 0x0, 4)
2026-07-07T03:29:31.620436Z vfio_region_write  (0000:09:00.0:region0+0x8404, 0x0, 4)
2026-07-07T03:29:31.620450Z vfio_region_write  (0000:09:00.0:region0+0x8408, 0x0, 4)
2026-07-07T03:29:31.620463Z vfio_region_write  (0000:09:00.0:region0+0x840c, 0x0, 4)
2026-07-07T03:29:31.620476Z vfio_region_write  (0000:09:00.0:region0+0x8410, 0x0, 4)
2026-07-07T03:29:31.620489Z vfio_region_write  (0000:09:00.0:region0+0x8414, 0x0, 4)
2026-07-07T03:29:31.620503Z vfio_region_write  (0000:09:00.0:region0+0x8418, 0x0, 4)
2026-07-07T03:29:31.620516Z vfio_region_write  (0000:09:00.0:region0+0x841c, 0x0, 4)
2026-07-07T03:29:31.620530Z vfio_region_write  (0000:09:00.0:region0+0x8420, 0x0, 4)
2026-07-07T03:29:31.620543Z vfio_region_write  (0000:09:00.0:region0+0x8424, 0x0, 4)
2026-07-07T03:29:31.620556Z vfio_region_write  (0000:09:00.0:region0+0x8428, 0x0, 4)
2026-07-07T03:29:31.620570Z vfio_region_write  (0000:09:00.0:region0+0x842c, 0x0, 4)
2026-07-07T03:29:31.620584Z vfio_region_write  (0000:09:00.0:region0+0x408, 0x1, 4)
2026-07-07T03:29:31.620829Z vfio_region_read  (0000:09:00.0:region0+0x100, 4) = 0x20000000
2026-07-07T03:29:31.620849Z vfio_region_read  (0000:09:00.0:region0+0x300, 4) = 0x0
2026-07-07T03:29:31.620868Z vfio_region_read  (0000:09:00.0:region0+0x200, 4) = 0x0
2026-07-07T03:29:31.620887Z vfio_region_read  (0000:09:00.0:region0+0x400, 4) = 0x1
2026-07-07T03:29:31.620905Z vfio_region_read  (0000:09:00.0:region0+0x500, 4) = 0xff0000
2026-07-07T03:29:31.621085Z vfio_region_read  (0000:09:00.0:region0+0x100, 4) = 0x20000000
2026-07-07T03:29:31.621105Z vfio_region_read  (0000:09:00.0:region0+0x300, 4) = 0x0
2026-07-07T03:29:31.621124Z vfio_region_read  (0000:09:00.0:region0+0x200, 4) = 0x0
2026-07-07T03:29:31.621143Z vfio_region_read  (0000:09:00.0:region0+0x400, 4) = 0x2
2026-07-07T03:29:31.621162Z vfio_region_read  (0000:09:00.0:region0+0x500, 4) = 0xff0000
2026-07-07T03:29:31.621184Z vfio_region_write  (0000:09:00.0:region0+0x408, 0x2, 4)
2026-07-07T03:29:31.621214Z vfio_region_write  (0000:09:00.0:region0+0x8020, 0x80800001, 4)
2026-07-07T03:29:31.621228Z vfio_region_write  (0000:09:00.0:region0+0x8024, 0x690400, 4)
2026-07-07T03:29:31.621242Z vfio_region_write  (0000:09:00.0:region0+0x8028, 0x0, 4)
2026-07-07T03:29:31.621255Z vfio_region_write  (0000:09:00.0:region0+0x802c, 0x0, 4)
2026-07-07T03:29:31.621268Z vfio_region_write  (0000:09:00.0:region0+0x8030, 0x14a0, 4)
2026-07-07T03:29:31.621282Z vfio_region_write  (0000:09:00.0:region0+0x8034, 0x3f8, 4)
2026-07-07T03:29:31.621294Z vfio_region_write  (0000:09:00.0:region0+0x8038, 0x0, 4)
2026-07-07T03:29:31.621309Z vfio_region_write  (0000:09:00.0:region0+0x803c, 0x0, 4)
2026-07-07T03:29:31.621323Z vfio_region_write  (0000:09:00.0:region0+0x8040, 0x0, 4)
2026-07-07T03:29:31.621338Z vfio_region_write  (0000:09:00.0:region0+0x8044, 0x0, 4)
2026-07-07T03:29:31.621352Z vfio_region_write  (0000:09:00.0:region0+0x8048, 0x0, 4)
2026-07-07T03:29:31.621366Z vfio_region_write  (0000:09:00.0:region0+0x804c, 0x0, 4)
2026-07-07T03:29:31.621380Z vfio_region_write  (0000:09:00.0:region0+0x8050, 0x0, 4)
2026-07-07T03:29:31.621394Z vfio_region_write  (0000:09:00.0:region0+0x8054, 0x0, 4)
2026-07-07T03:29:31.621407Z vfio_region_write  (0000:09:00.0:region0+0x8058, 0x0, 4)
2026-07-07T03:29:31.621421Z vfio_region_write  (0000:09:00.0:region0+0x805c, 0x0, 4)
2026-07-07T03:29:31.621434Z vfio_region_write  (0000:09:00.0:region0+0x8060, 0x0, 4)
2026-07-07T03:29:31.621449Z vfio_region_write  (0000:09:00.0:region0+0x8064, 0x0, 4)
2026-07-07T03:29:31.621462Z vfio_region_write  (0000:09:00.0:region0+0x8068, 0x0, 4)
2026-07-07T03:29:31.621476Z vfio_region_write  (0000:09:00.0:region0+0x806c, 0x0, 4)
2026-07-07T03:29:31.621489Z vfio_region_write  (0000:09:00.0:region0+0x8070, 0x0, 4)
2026-07-07T03:29:31.621504Z vfio_region_write  (0000:09:00.0:region0+0x8074, 0x0, 4)
2026-07-07T03:29:31.621517Z vfio_region_write  (0000:09:00.0:region0+0x8078, 0x0, 4)
2026-07-07T03:29:31.621530Z vfio_region_write  (0000:09:00.0:region0+0x807c, 0x0, 4)
2026-07-07T03:29:31.621543Z vfio_region_write  (0000:09:00.0:region0+0x8080, 0x0, 4)
2026-07-07T03:29:31.621556Z vfio_region_write  (0000:09:00.0:region0+0x8084, 0x0, 4)
2026-07-07T03:29:31.621570Z vfio_region_write  (0000:09:00.0:region0+0x8088, 0x0, 4)
2026-07-07T03:29:31.621583Z vfio_region_write  (0000:09:00.0:region0+0x808c, 0x0, 4)
2026-07-07T03:29:31.621596Z vfio_region_write  (0000:09:00.0:region0+0x8090, 0x0, 4)
2026-07-07T03:29:31.621610Z vfio_region_write  (0000:09:00.0:region0+0x8094, 0x0, 4)
2026-07-07T03:29:31.621623Z vfio_region_write  (0000:09:00.0:region0+0x8098, 0x0, 4)
2026-07-07T03:29:31.621637Z vfio_region_write  (0000:09:00.0:region0+0x809c, 0x0, 4)
2026-07-07T03:29:31.621650Z vfio_region_write  (0000:09:00.0:region0+0x80a0, 0x0, 4)
2026-07-07T03:29:31.621664Z vfio_region_write  (0000:09:00.0:region0+0x80a4, 0x0, 4)
2026-07-07T03:29:31.621677Z vfio_region_write  (0000:09:00.0:region0+0x80a8, 0x0, 4)
2026-07-07T03:29:31.621691Z vfio_region_write  (0000:09:00.0:region0+0x80ac, 0x0, 4)
2026-07-07T03:29:31.621705Z vfio_region_write  (0000:09:00.0:region0+0x80b0, 0x0, 4)
2026-07-07T03:29:31.621719Z vfio_region_write  (0000:09:00.0:region0+0x80b4, 0x0, 4)
2026-07-07T03:29:31.621732Z vfio_region_write  (0000:09:00.0:region0+0x80b8, 0x0, 4)
2026-07-07T03:29:31.621745Z vfio_region_write  (0000:09:00.0:region0+0x80bc, 0x0, 4)
2026-07-07T03:29:31.621759Z vfio_region_write  (0000:09:00.0:region0+0x80c0, 0x0, 4)
2026-07-07T03:29:31.621771Z vfio_region_write  (0000:09:00.0:region0+0x80c4, 0x0, 4)
2026-07-07T03:29:31.621785Z vfio_region_write  (0000:09:00.0:region0+0x80c8, 0x0, 4)
2026-07-07T03:29:31.621798Z vfio_region_write  (0000:09:00.0:region0+0x80cc, 0x0, 4)
2026-07-07T03:29:31.621820Z vfio_region_write  (0000:09:00.0:region0+0x80d0, 0x0, 4)
2026-07-07T03:29:31.621834Z vfio_region_write  (0000:09:00.0:region0+0x80d4, 0x0, 4)
2026-07-07T03:29:31.621848Z vfio_region_write  (0000:09:00.0:region0+0x80d8, 0x0, 4)
2026-07-07T03:29:31.621861Z vfio_region_write  (0000:09:00.0:region0+0x80dc, 0x0, 4)
2026-07-07T03:29:31.621875Z vfio_region_write  (0000:09:00.0:region0+0x80e0, 0x0, 4)
2026-07-07T03:29:31.621890Z vfio_region_write  (0000:09:00.0:region0+0x80e4, 0x0, 4)
2026-07-07T03:29:31.621904Z vfio_region_write  (0000:09:00.0:region0+0x80e8, 0x0, 4)
2026-07-07T03:29:31.621917Z vfio_region_write  (0000:09:00.0:region0+0x80ec, 0x0, 4)
2026-07-07T03:29:31.621930Z vfio_region_write  (0000:09:00.0:region0+0x80f0, 0x0, 4)
2026-07-07T03:29:31.621944Z vfio_region_write  (0000:09:00.0:region0+0x80f4, 0x0, 4)
2026-07-07T03:29:31.621957Z vfio_region_write  (0000:09:00.0:region0+0x80f8, 0x0, 4)
2026-07-07T03:29:31.621970Z vfio_region_write  (0000:09:00.0:region0+0x80fc, 0x0, 4)
2026-07-07T03:29:31.621983Z vfio_region_write  (0000:09:00.0:region0+0x8100, 0x0, 4)
2026-07-07T03:29:31.621997Z vfio_region_write  (0000:09:00.0:region0+0x8104, 0x0, 4)
2026-07-07T03:29:31.622010Z vfio_region_write  (0000:09:00.0:region0+0x8108, 0x0, 4)
2026-07-07T03:29:31.622023Z vfio_region_write  (0000:09:00.0:region0+0x810c, 0x0, 4)
2026-07-07T03:29:31.622037Z vfio_region_write  (0000:09:00.0:region0+0x8110, 0x0, 4)
2026-07-07T03:29:31.622057Z vfio_region_write  (0000:09:00.0:region0+0x8114, 0x0, 4)
2026-07-07T03:29:31.622074Z vfio_region_write  (0000:09:00.0:region0+0x8118, 0x0, 4)
2026-07-07T03:29:31.622087Z vfio_region_write  (0000:09:00.0:region0+0x811c, 0x0, 4)
2026-07-07T03:29:31.622101Z vfio_region_write  (0000:09:00.0:region0+0x8120, 0x0, 4)
2026-07-07T03:29:31.622114Z vfio_region_write  (0000:09:00.0:region0+0x8124, 0x0, 4)
2026-07-07T03:29:31.622128Z vfio_region_write  (0000:09:00.0:region0+0x8128, 0x0, 4)
2026-07-07T03:29:31.622141Z vfio_region_write  (0000:09:00.0:region0+0x812c, 0x0, 4)
2026-07-07T03:29:31.622155Z vfio_region_write  (0000:09:00.0:region0+0x8130, 0x0, 4)
2026-07-07T03:29:31.622168Z vfio_region_write  (0000:09:00.0:region0+0x8134, 0x0, 4)
2026-07-07T03:29:31.622182Z vfio_region_write  (0000:09:00.0:region0+0x8138, 0x0, 4)
2026-07-07T03:29:31.622195Z vfio_region_write  (0000:09:00.0:region0+0x813c, 0x0, 4)
2026-07-07T03:29:31.622209Z vfio_region_write  (0000:09:00.0:region0+0x8140, 0x0, 4)
2026-07-07T03:29:31.622223Z vfio_region_write  (0000:09:00.0:region0+0x8144, 0x0, 4)
2026-07-07T03:29:31.622237Z vfio_region_write  (0000:09:00.0:region0+0x8148, 0x0, 4)
2026-07-07T03:29:31.622251Z vfio_region_write  (0000:09:00.0:region0+0x814c, 0x0, 4)
2026-07-07T03:29:31.622265Z vfio_region_write  (0000:09:00.0:region0+0x8150, 0x0, 4)
2026-07-07T03:29:31.622279Z vfio_region_write  (0000:09:00.0:region0+0x8154, 0x0, 4)
2026-07-07T03:29:31.622293Z vfio_region_write  (0000:09:00.0:region0+0x8158, 0x0, 4)
2026-07-07T03:29:31.622306Z vfio_region_write  (0000:09:00.0:region0+0x815c, 0x0, 4)
2026-07-07T03:29:31.622319Z vfio_region_write  (0000:09:00.0:region0+0x8160, 0x0, 4)
2026-07-07T03:29:31.622332Z vfio_region_write  (0000:09:00.0:region0+0x8164, 0x0, 4)
2026-07-07T03:29:31.622346Z vfio_region_write  (0000:09:00.0:region0+0x8168, 0x0, 4)
2026-07-07T03:29:31.622359Z vfio_region_write  (0000:09:00.0:region0+0x816c, 0x0, 4)
2026-07-07T03:29:31.622372Z vfio_region_write  (0000:09:00.0:region0+0x8170, 0x0, 4)
2026-07-07T03:29:31.622386Z vfio_region_write  (0000:09:00.0:region0+0x8174, 0x0, 4)
2026-07-07T03:29:31.622399Z vfio_region_write  (0000:09:00.0:region0+0x8178, 0x0, 4)
2026-07-07T03:29:31.622413Z vfio_region_write  (0000:09:00.0:region0+0x817c, 0x0, 4)
2026-07-07T03:29:31.622426Z vfio_region_write  (0000:09:00.0:region0+0x8180, 0x0, 4)
2026-07-07T03:29:31.622440Z vfio_region_write  (0000:09:00.0:region0+0x8184, 0x0, 4)
2026-07-07T03:29:31.622453Z vfio_region_write  (0000:09:00.0:region0+0x8188, 0x0, 4)
2026-07-07T03:29:31.622466Z vfio_region_write  (0000:09:00.0:region0+0x818c, 0x0, 4)
2026-07-07T03:29:31.622481Z vfio_region_write  (0000:09:00.0:region0+0x8190, 0x0, 4)
2026-07-07T03:29:31.622494Z vfio_region_write  (0000:09:00.0:region0+0x8194, 0x0, 4)
2026-07-07T03:29:31.622507Z vfio_region_write  (0000:09:00.0:region0+0x8198, 0x0, 4)
2026-07-07T03:29:31.622521Z vfio_region_write  (0000:09:00.0:region0+0x819c, 0x0, 4)
2026-07-07T03:29:31.622533Z vfio_region_write  (0000:09:00.0:region0+0x81a0, 0x0, 4)
2026-07-07T03:29:31.622547Z vfio_region_write  (0000:09:00.0:region0+0x81a4, 0x0, 4)
2026-07-07T03:29:31.622560Z vfio_region_write  (0000:09:00.0:region0+0x81a8, 0x0, 4)
2026-07-07T03:29:31.622574Z vfio_region_write  (0000:09:00.0:region0+0x81ac, 0x0, 4)
2026-07-07T03:29:31.622587Z vfio_region_write  (0000:09:00.0:region0+0x81b0, 0x0, 4)
2026-07-07T03:29:31.622601Z vfio_region_write  (0000:09:00.0:region0+0x81b4, 0x0, 4)
2026-07-07T03:29:31.622614Z vfio_region_write  (0000:09:00.0:region0+0x81b8, 0x0, 4)
2026-07-07T03:29:31.622627Z vfio_region_write  (0000:09:00.0:region0+0x81bc, 0x0, 4)
2026-07-07T03:29:31.622640Z vfio_region_write  (0000:09:00.0:region0+0x81c0, 0x0, 4)
2026-07-07T03:29:31.622653Z vfio_region_write  (0000:09:00.0:region0+0x81c4, 0x0, 4)
2026-07-07T03:29:31.622666Z vfio_region_write  (0000:09:00.0:region0+0x81c8, 0x0, 4)
2026-07-07T03:29:31.622680Z vfio_region_write  (0000:09:00.0:region0+0x81cc, 0x0, 4)
2026-07-07T03:29:31.622693Z vfio_region_write  (0000:09:00.0:region0+0x81d0, 0x0, 4)
2026-07-07T03:29:31.622707Z vfio_region_write  (0000:09:00.0:region0+0x81d4, 0x0, 4)
2026-07-07T03:29:31.622720Z vfio_region_write  (0000:09:00.0:region0+0x81d8, 0x0, 4)
2026-07-07T03:29:31.622734Z vfio_region_write  (0000:09:00.0:region0+0x81dc, 0x0, 4)
2026-07-07T03:29:31.622747Z vfio_region_write  (0000:09:00.0:region0+0x81e0, 0x0, 4)
2026-07-07T03:29:31.622761Z vfio_region_write  (0000:09:00.0:region0+0x81e4, 0x0, 4)
2026-07-07T03:29:31.622774Z vfio_region_write  (0000:09:00.0:region0+0x81e8, 0x0, 4)
2026-07-07T03:29:31.622788Z vfio_region_write  (0000:09:00.0:region0+0x81ec, 0x0, 4)
2026-07-07T03:29:31.622802Z vfio_region_write  (0000:09:00.0:region0+0x81f0, 0x0, 4)
2026-07-07T03:29:31.622824Z vfio_region_write  (0000:09:00.0:region0+0x81f4, 0x0, 4)
2026-07-07T03:29:31.622838Z vfio_region_write  (0000:09:00.0:region0+0x81f8, 0x0, 4)
2026-07-07T03:29:31.622852Z vfio_region_write  (0000:09:00.0:region0+0x81fc, 0x0, 4)
2026-07-07T03:29:31.622865Z vfio_region_write  (0000:09:00.0:region0+0x8200, 0x0, 4)
2026-07-07T03:29:31.622880Z vfio_region_write  (0000:09:00.0:region0+0x8204, 0x0, 4)
2026-07-07T03:29:31.622894Z vfio_region_write  (0000:09:00.0:region0+0x8208, 0x0, 4)
2026-07-07T03:29:31.622908Z vfio_region_write  (0000:09:00.0:region0+0x820c, 0x0, 4)
2026-07-07T03:29:31.622923Z vfio_region_write  (0000:09:00.0:region0+0x8210, 0x0, 4)
2026-07-07T03:29:31.622937Z vfio_region_write  (0000:09:00.0:region0+0x8214, 0x0, 4)
2026-07-07T03:29:31.622951Z vfio_region_write  (0000:09:00.0:region0+0x8218, 0x0, 4)
2026-07-07T03:29:31.622964Z vfio_region_write  (0000:09:00.0:region0+0x821c, 0x0, 4)
2026-07-07T03:29:31.622978Z vfio_region_write  (0000:09:00.0:region0+0x8220, 0x0, 4)
2026-07-07T03:29:31.622992Z vfio_region_write  (0000:09:00.0:region0+0x8224, 0x0, 4)
2026-07-07T03:29:31.623006Z vfio_region_write  (0000:09:00.0:region0+0x8228, 0x0, 4)
2026-07-07T03:29:31.623020Z vfio_region_write  (0000:09:00.0:region0+0x822c, 0x0, 4)
2026-07-07T03:29:31.623034Z vfio_region_write  (0000:09:00.0:region0+0x8230, 0x0, 4)
2026-07-07T03:29:31.623054Z vfio_region_write  (0000:09:00.0:region0+0x8234, 0x0, 4)
2026-07-07T03:29:31.623071Z vfio_region_write  (0000:09:00.0:region0+0x8238, 0x0, 4)
2026-07-07T03:29:31.623085Z vfio_region_write  (0000:09:00.0:region0+0x823c, 0x0, 4)
2026-07-07T03:29:31.623099Z vfio_region_write  (0000:09:00.0:region0+0x8240, 0x0, 4)
2026-07-07T03:29:31.623112Z vfio_region_write  (0000:09:00.0:region0+0x8244, 0x0, 4)
2026-07-07T03:29:31.623125Z vfio_region_write  (0000:09:00.0:region0+0x8248, 0x0, 4)
2026-07-07T03:29:31.623139Z vfio_region_write  (0000:09:00.0:region0+0x824c, 0x0, 4)
2026-07-07T03:29:31.623152Z vfio_region_write  (0000:09:00.0:region0+0x8250, 0x0, 4)
2026-07-07T03:29:31.623166Z vfio_region_write  (0000:09:00.0:region0+0x8254, 0x0, 4)
2026-07-07T03:29:31.623179Z vfio_region_write  (0000:09:00.0:region0+0x8258, 0x0, 4)
2026-07-07T03:29:31.623192Z vfio_region_write  (0000:09:00.0:region0+0x825c, 0x0, 4)
2026-07-07T03:29:31.623206Z vfio_region_write  (0000:09:00.0:region0+0x8260, 0x0, 4)
2026-07-07T03:29:31.623219Z vfio_region_write  (0000:09:00.0:region0+0x8264, 0x0, 4)
2026-07-07T03:29:31.623233Z vfio_region_write  (0000:09:00.0:region0+0x8268, 0x0, 4)
2026-07-07T03:29:31.623246Z vfio_region_write  (0000:09:00.0:region0+0x826c, 0x0, 4)
2026-07-07T03:29:31.623260Z vfio_region_write  (0000:09:00.0:region0+0x8270, 0x0, 4)
2026-07-07T03:29:31.623274Z vfio_region_write  (0000:09:00.0:region0+0x8274, 0x0, 4)
2026-07-07T03:29:31.623288Z vfio_region_write  (0000:09:00.0:region0+0x8278, 0x0, 4)
2026-07-07T03:29:31.623300Z vfio_region_write  (0000:09:00.0:region0+0x827c, 0x0, 4)
2026-07-07T03:29:31.623315Z vfio_region_write  (0000:09:00.0:region0+0x8280, 0x0, 4)
2026-07-07T03:29:31.623328Z vfio_region_write  (0000:09:00.0:region0+0x8284, 0x0, 4)
2026-07-07T03:29:31.623342Z vfio_region_write  (0000:09:00.0:region0+0x8288, 0x0, 4)
2026-07-07T03:29:31.623356Z vfio_region_write  (0000:09:00.0:region0+0x828c, 0x0, 4)
2026-07-07T03:29:31.623370Z vfio_region_write  (0000:09:00.0:region0+0x8290, 0x0, 4)
2026-07-07T03:29:31.623384Z vfio_region_write  (0000:09:00.0:region0+0x8294, 0x0, 4)
2026-07-07T03:29:31.623398Z vfio_region_write  (0000:09:00.0:region0+0x8298, 0x0, 4)
2026-07-07T03:29:31.623412Z vfio_region_write  (0000:09:00.0:region0+0x829c, 0x0, 4)
2026-07-07T03:29:31.623426Z vfio_region_write  (0000:09:00.0:region0+0x82a0, 0x0, 4)
2026-07-07T03:29:31.623440Z vfio_region_write  (0000:09:00.0:region0+0x82a4, 0x0, 4)
2026-07-07T03:29:31.623453Z vfio_region_write  (0000:09:00.0:region0+0x82a8, 0x0, 4)
2026-07-07T03:29:31.623466Z vfio_region_write  (0000:09:00.0:region0+0x82ac, 0x0, 4)
2026-07-07T03:29:31.623480Z vfio_region_write  (0000:09:00.0:region0+0x82b0, 0x0, 4)
2026-07-07T03:29:31.623494Z vfio_region_write  (0000:09:00.0:region0+0x82b4, 0x0, 4)
2026-07-07T03:29:31.623508Z vfio_region_write  (0000:09:00.0:region0+0x82b8, 0x0, 4)
2026-07-07T03:29:31.623521Z vfio_region_write  (0000:09:00.0:region0+0x82bc, 0x0, 4)
2026-07-07T03:29:31.623535Z vfio_region_write  (0000:09:00.0:region0+0x82c0, 0x0, 4)
2026-07-07T03:29:31.623548Z vfio_region_write  (0000:09:00.0:region0+0x82c4, 0x0, 4)
2026-07-07T03:29:31.623563Z vfio_region_write  (0000:09:00.0:region0+0x82c8, 0x0, 4)
2026-07-07T03:29:31.623576Z vfio_region_write  (0000:09:00.0:region0+0x82cc, 0x0, 4)
2026-07-07T03:29:31.623590Z vfio_region_write  (0000:09:00.0:region0+0x82d0, 0x0, 4)
2026-07-07T03:29:31.623603Z vfio_region_write  (0000:09:00.0:region0+0x82d4, 0x0, 4)
2026-07-07T03:29:31.623617Z vfio_region_write  (0000:09:00.0:region0+0x82d8, 0x0, 4)
2026-07-07T03:29:31.623629Z vfio_region_write  (0000:09:00.0:region0+0x82dc, 0x0, 4)
2026-07-07T03:29:31.623643Z vfio_region_write  (0000:09:00.0:region0+0x82e0, 0x0, 4)
2026-07-07T03:29:31.623656Z vfio_region_write  (0000:09:00.0:region0+0x82e4, 0x0, 4)
2026-07-07T03:29:31.623670Z vfio_region_write  (0000:09:00.0:region0+0x82e8, 0x0, 4)
2026-07-07T03:29:31.623684Z vfio_region_write  (0000:09:00.0:region0+0x82ec, 0x0, 4)
2026-07-07T03:29:31.623697Z vfio_region_write  (0000:09:00.0:region0+0x82f0, 0x0, 4)
2026-07-07T03:29:31.623711Z vfio_region_write  (0000:09:00.0:region0+0x82f4, 0x0, 4)
2026-07-07T03:29:31.623724Z vfio_region_write  (0000:09:00.0:region0+0x82f8, 0x0, 4)
2026-07-07T03:29:31.623738Z vfio_region_write  (0000:09:00.0:region0+0x82fc, 0x0, 4)
2026-07-07T03:29:31.623751Z vfio_region_write  (0000:09:00.0:region0+0x8300, 0x0, 4)
2026-07-07T03:29:31.623765Z vfio_region_write  (0000:09:00.0:region0+0x8304, 0x0, 4)
2026-07-07T03:29:31.623778Z vfio_region_write  (0000:09:00.0:region0+0x8308, 0x0, 4)
2026-07-07T03:29:31.623792Z vfio_region_write  (0000:09:00.0:region0+0x830c, 0x0, 4)
2026-07-07T03:29:31.623808Z vfio_region_write  (0000:09:00.0:region0+0x8310, 0x0, 4)
2026-07-07T03:29:31.623828Z vfio_region_write  (0000:09:00.0:region0+0x8314, 0x0, 4)
2026-07-07T03:29:31.623842Z vfio_region_write  (0000:09:00.0:region0+0x8318, 0x0, 4)
2026-07-07T03:29:31.623856Z vfio_region_write  (0000:09:00.0:region0+0x831c, 0x0, 4)
2026-07-07T03:29:31.623869Z vfio_region_write  (0000:09:00.0:region0+0x8320, 0x0, 4)
2026-07-07T03:29:31.623884Z vfio_region_write  (0000:09:00.0:region0+0x8324, 0x0, 4)
2026-07-07T03:29:31.623898Z vfio_region_write  (0000:09:00.0:region0+0x8328, 0x0, 4)
2026-07-07T03:29:31.623913Z vfio_region_write  (0000:09:00.0:region0+0x832c, 0x0, 4)
2026-07-07T03:29:31.623927Z vfio_region_write  (0000:09:00.0:region0+0x8330, 0x0, 4)
2026-07-07T03:29:31.623941Z vfio_region_write  (0000:09:00.0:region0+0x8334, 0x0, 4)
2026-07-07T03:29:31.623956Z vfio_region_write  (0000:09:00.0:region0+0x8338, 0x0, 4)
2026-07-07T03:29:31.623968Z vfio_region_write  (0000:09:00.0:region0+0x833c, 0x0, 4)
2026-07-07T03:29:31.623981Z vfio_region_write  (0000:09:00.0:region0+0x8340, 0x0, 4)
2026-07-07T03:29:31.623995Z vfio_region_write  (0000:09:00.0:region0+0x8344, 0x0, 4)
2026-07-07T03:29:31.624008Z vfio_region_write  (0000:09:00.0:region0+0x8348, 0x0, 4)
2026-07-07T03:29:31.624022Z vfio_region_write  (0000:09:00.0:region0+0x834c, 0x0, 4)
2026-07-07T03:29:31.624034Z vfio_region_write  (0000:09:00.0:region0+0x8350, 0x0, 4)
2026-07-07T03:29:31.624054Z vfio_region_write  (0000:09:00.0:region0+0x8354, 0x0, 4)
2026-07-07T03:29:31.624071Z vfio_region_write  (0000:09:00.0:region0+0x8358, 0x0, 4)
2026-07-07T03:29:31.624086Z vfio_region_write  (0000:09:00.0:region0+0x835c, 0x0, 4)
2026-07-07T03:29:31.624099Z vfio_region_write  (0000:09:00.0:region0+0x8360, 0x0, 4)
2026-07-07T03:29:31.624113Z vfio_region_write  (0000:09:00.0:region0+0x8364, 0x0, 4)
2026-07-07T03:29:31.624126Z vfio_region_write  (0000:09:00.0:region0+0x8368, 0x0, 4)
2026-07-07T03:29:31.624140Z vfio_region_write  (0000:09:00.0:region0+0x836c, 0x0, 4)
2026-07-07T03:29:31.624154Z vfio_region_write  (0000:09:00.0:region0+0x8370, 0x0, 4)
2026-07-07T03:29:31.624167Z vfio_region_write  (0000:09:00.0:region0+0x8374, 0x0, 4)
2026-07-07T03:29:31.624181Z vfio_region_write  (0000:09:00.0:region0+0x8378, 0x0, 4)
2026-07-07T03:29:31.624194Z vfio_region_write  (0000:09:00.0:region0+0x837c, 0x0, 4)
2026-07-07T03:29:31.624208Z vfio_region_write  (0000:09:00.0:region0+0x8380, 0x0, 4)
2026-07-07T03:29:31.624222Z vfio_region_write  (0000:09:00.0:region0+0x8384, 0x0, 4)
2026-07-07T03:29:31.624236Z vfio_region_write  (0000:09:00.0:region0+0x8388, 0x0, 4)
2026-07-07T03:29:31.624249Z vfio_region_write  (0000:09:00.0:region0+0x838c, 0x0, 4)
2026-07-07T03:29:31.624263Z vfio_region_write  (0000:09:00.0:region0+0x8390, 0x0, 4)
2026-07-07T03:29:31.624276Z vfio_region_write  (0000:09:00.0:region0+0x8394, 0x0, 4)
2026-07-07T03:29:31.624291Z vfio_region_write  (0000:09:00.0:region0+0x8398, 0x0, 4)
2026-07-07T03:29:31.624304Z vfio_region_write  (0000:09:00.0:region0+0x839c, 0x0, 4)
2026-07-07T03:29:31.624319Z vfio_region_write  (0000:09:00.0:region0+0x83a0, 0x0, 4)
2026-07-07T03:29:31.624332Z vfio_region_write  (0000:09:00.0:region0+0x83a4, 0x0, 4)
2026-07-07T03:29:31.624347Z vfio_region_write  (0000:09:00.0:region0+0x83a8, 0x0, 4)
2026-07-07T03:29:31.624361Z vfio_region_write  (0000:09:00.0:region0+0x83ac, 0x0, 4)
2026-07-07T03:29:31.624375Z vfio_region_write  (0000:09:00.0:region0+0x83b0, 0x0, 4)
2026-07-07T03:29:31.624388Z vfio_region_write  (0000:09:00.0:region0+0x83b4, 0x0, 4)
2026-07-07T03:29:31.624402Z vfio_region_write  (0000:09:00.0:region0+0x83b8, 0x0, 4)
2026-07-07T03:29:31.624416Z vfio_region_write  (0000:09:00.0:region0+0x83bc, 0x0, 4)
2026-07-07T03:29:31.624430Z vfio_region_write  (0000:09:00.0:region0+0x83c0, 0x0, 4)
2026-07-07T03:29:31.624444Z vfio_region_write  (0000:09:00.0:region0+0x83c4, 0x0, 4)
2026-07-07T03:29:31.624458Z vfio_region_write  (0000:09:00.0:region0+0x83c8, 0x0, 4)
2026-07-07T03:29:31.624471Z vfio_region_write  (0000:09:00.0:region0+0x83cc, 0x0, 4)
2026-07-07T03:29:31.624486Z vfio_region_write  (0000:09:00.0:region0+0x83d0, 0x0, 4)
2026-07-07T03:29:31.624499Z vfio_region_write  (0000:09:00.0:region0+0x83d4, 0x0, 4)
2026-07-07T03:29:31.624514Z vfio_region_write  (0000:09:00.0:region0+0x83d8, 0x0, 4)
2026-07-07T03:29:31.624527Z vfio_region_write  (0000:09:00.0:region0+0x83dc, 0x0, 4)
2026-07-07T03:29:31.624541Z vfio_region_write  (0000:09:00.0:region0+0x83e0, 0x0, 4)
2026-07-07T03:29:31.624554Z vfio_region_write  (0000:09:00.0:region0+0x83e4, 0x0, 4)
2026-07-07T03:29:31.624567Z vfio_region_write  (0000:09:00.0:region0+0x83e8, 0x0, 4)
2026-07-07T03:29:31.624580Z vfio_region_write  (0000:09:00.0:region0+0x83ec, 0x0, 4)
2026-07-07T03:29:31.624594Z vfio_region_write  (0000:09:00.0:region0+0x83f0, 0x0, 4)
2026-07-07T03:29:31.624607Z vfio_region_write  (0000:09:00.0:region0+0x83f4, 0x0, 4)
2026-07-07T03:29:31.624621Z vfio_region_write  (0000:09:00.0:region0+0x83f8, 0x0, 4)
2026-07-07T03:29:31.624634Z vfio_region_write  (0000:09:00.0:region0+0x83fc, 0x0, 4)
2026-07-07T03:29:31.624647Z vfio_region_write  (0000:09:00.0:region0+0x8400, 0x0, 4)
2026-07-07T03:29:31.624661Z vfio_region_write  (0000:09:00.0:region0+0x8404, 0x0, 4)
2026-07-07T03:29:31.624674Z vfio_region_write  (0000:09:00.0:region0+0x8408, 0x0, 4)
2026-07-07T03:29:31.624688Z vfio_region_write  (0000:09:00.0:region0+0x840c, 0x0, 4)
2026-07-07T03:29:31.624701Z vfio_region_write  (0000:09:00.0:region0+0x8410, 0x0, 4)
2026-07-07T03:29:31.624715Z vfio_region_write  (0000:09:00.0:region0+0x8414, 0x0, 4)
2026-07-07T03:29:31.624728Z vfio_region_write  (0000:09:00.0:region0+0x8418, 0x0, 4)
2026-07-07T03:29:31.624742Z vfio_region_write  (0000:09:00.0:region0+0x841c, 0x0, 4)
2026-07-07T03:29:31.624755Z vfio_region_write  (0000:09:00.0:region0+0x8420, 0x0, 4)
2026-07-07T03:29:31.624769Z vfio_region_write  (0000:09:00.0:region0+0x8424, 0x0, 4)
2026-07-07T03:29:31.624783Z vfio_region_write  (0000:09:00.0:region0+0x8428, 0x0, 4)
2026-07-07T03:29:31.624797Z vfio_region_write  (0000:09:00.0:region0+0x842c, 0x0, 4)
2026-07-07T03:29:31.624819Z vfio_region_write  (0000:09:00.0:region0+0x408, 0x1, 4)
2026-07-07T03:29:31.625062Z vfio_region_read  (0000:09:00.0:region0+0x100, 4) = 0x20000000
2026-07-07T03:29:31.625085Z vfio_region_read  (0000:09:00.0:region0+0x300, 4) = 0x0
2026-07-07T03:29:31.625104Z vfio_region_read  (0000:09:00.0:region0+0x200, 4) = 0x0
2026-07-07T03:29:31.625123Z vfio_region_read  (0000:09:00.0:region0+0x400, 4) = 0x1
2026-07-07T03:29:31.625141Z vfio_region_read  (0000:09:00.0:region0+0x500, 4) = 0xff0000
2026-07-07T03:29:31.625323Z vfio_region_read  (0000:09:00.0:region0+0x100, 4) = 0x20000000
2026-07-07T03:29:31.625344Z vfio_region_read  (0000:09:00.0:region0+0x300, 4) = 0x0
2026-07-07T03:29:31.625362Z vfio_region_read  (0000:09:00.0:region0+0x200, 4) = 0x0
2026-07-07T03:29:31.625381Z vfio_region_read  (0000:09:00.0:region0+0x400, 4) = 0x2
2026-07-07T03:29:31.625400Z vfio_region_read  (0000:09:00.0:region0+0x500, 4) = 0xff0000
2026-07-07T03:29:31.625753Z vfio_region_write  (0000:09:00.0:region0+0x408, 0x2, 4)
2026-07-07T03:29:31.625784Z vfio_region_write  (0000:09:00.0:region0+0x8020, 0x80800001, 4)
2026-07-07T03:29:31.625819Z vfio_region_write  (0000:09:00.0:region0+0x8024, 0x6a0400, 4)
2026-07-07T03:29:31.625911Z vfio_region_write  (0000:09:00.0:region0+0x8028, 0x0, 4)
2026-07-07T03:29:31.625925Z vfio_region_write  (0000:09:00.0:region0+0x802c, 0x0, 4)
2026-07-07T03:29:31.625939Z vfio_region_write  (0000:09:00.0:region0+0x8030, 0x1898, 4)
2026-07-07T03:29:31.625953Z vfio_region_write  (0000:09:00.0:region0+0x8034, 0x3f8, 4)
2026-07-07T03:29:31.625966Z vfio_region_write  (0000:09:00.0:region0+0x8038, 0x0, 4)
2026-07-07T03:29:31.625981Z vfio_region_write  (0000:09:00.0:region0+0x803c, 0x0, 4)
2026-07-07T03:29:31.625995Z vfio_region_write  (0000:09:00.0:region0+0x8040, 0x0, 4)
2026-07-07T03:29:31.626009Z vfio_region_write  (0000:09:00.0:region0+0x8044, 0x0, 4)
2026-07-07T03:29:31.626024Z vfio_region_write  (0000:09:00.0:region0+0x8048, 0x0, 4)
2026-07-07T03:29:31.626038Z vfio_region_write  (0000:09:00.0:region0+0x804c, 0x0, 4)
2026-07-07T03:29:31.626059Z vfio_region_write  (0000:09:00.0:region0+0x8050, 0x0, 4)
2026-07-07T03:29:31.626076Z vfio_region_write  (0000:09:00.0:region0+0x8054, 0x0, 4)
2026-07-07T03:29:31.626091Z vfio_region_write  (0000:09:00.0:region0+0x8058, 0x0, 4)
2026-07-07T03:29:31.626104Z vfio_region_write  (0000:09:00.0:region0+0x805c, 0x0, 4)
2026-07-07T03:29:31.626118Z vfio_region_write  (0000:09:00.0:region0+0x8060, 0x0, 4)
2026-07-07T03:29:31.626131Z vfio_region_write  (0000:09:00.0:region0+0x8064, 0x0, 4)
2026-07-07T03:29:31.626145Z vfio_region_write  (0000:09:00.0:region0+0x8068, 0x0, 4)
2026-07-07T03:29:31.626159Z vfio_region_write  (0000:09:00.0:region0+0x806c, 0x0, 4)
2026-07-07T03:29:31.626172Z vfio_region_write  (0000:09:00.0:region0+0x8070, 0x0, 4)
2026-07-07T03:29:31.626186Z vfio_region_write  (0000:09:00.0:region0+0x8074, 0x0, 4)
2026-07-07T03:29:31.626199Z vfio_region_write  (0000:09:00.0:region0+0x8078, 0x0, 4)
2026-07-07T03:29:31.626212Z vfio_region_write  (0000:09:00.0:region0+0x807c, 0x0, 4)
2026-07-07T03:29:31.626226Z vfio_region_write  (0000:09:00.0:region0+0x8080, 0x0, 4)
2026-07-07T03:29:31.626240Z vfio_region_write  (0000:09:00.0:region0+0x8084, 0x0, 4)
2026-07-07T03:29:31.626254Z vfio_region_write  (0000:09:00.0:region0+0x8088, 0x0, 4)
2026-07-07T03:29:31.626267Z vfio_region_write  (0000:09:00.0:region0+0x808c, 0x0, 4)
2026-07-07T03:29:31.626282Z vfio_region_write  (0000:09:00.0:region0+0x8090, 0x0, 4)
2026-07-07T03:29:31.626295Z vfio_region_write  (0000:09:00.0:region0+0x8094, 0x0, 4)
2026-07-07T03:29:31.626310Z vfio_region_write  (0000:09:00.0:region0+0x8098, 0x0, 4)
2026-07-07T03:29:31.626323Z vfio_region_write  (0000:09:00.0:region0+0x809c, 0x0, 4)
2026-07-07T03:29:31.626337Z vfio_region_write  (0000:09:00.0:region0+0x80a0, 0x0, 4)
2026-07-07T03:29:31.626351Z vfio_region_write  (0000:09:00.0:region0+0x80a4, 0x0, 4)
2026-07-07T03:29:31.626365Z vfio_region_write  (0000:09:00.0:region0+0x80a8, 0x0, 4)
2026-07-07T03:29:31.626378Z vfio_region_write  (0000:09:00.0:region0+0x80ac, 0x0, 4)
2026-07-07T03:29:31.626392Z vfio_region_write  (0000:09:00.0:region0+0x80b0, 0x0, 4)
2026-07-07T03:29:31.626407Z vfio_region_write  (0000:09:00.0:region0+0x80b4, 0x0, 4)
2026-07-07T03:29:31.626420Z vfio_region_write  (0000:09:00.0:region0+0x80b8, 0x0, 4)
2026-07-07T03:29:31.626434Z vfio_region_write  (0000:09:00.0:region0+0x80bc, 0x0, 4)
2026-07-07T03:29:31.626447Z vfio_region_write  (0000:09:00.0:region0+0x80c0, 0x0, 4)
2026-07-07T03:29:31.626461Z vfio_region_write  (0000:09:00.0:region0+0x80c4, 0x0, 4)
2026-07-07T03:29:31.626474Z vfio_region_write  (0000:09:00.0:region0+0x80c8, 0x0, 4)
2026-07-07T03:29:31.626488Z vfio_region_write  (0000:09:00.0:region0+0x80cc, 0x0, 4)
2026-07-07T03:29:31.626502Z vfio_region_write  (0000:09:00.0:region0+0x80d0, 0x0, 4)
2026-07-07T03:29:31.626516Z vfio_region_write  (0000:09:00.0:region0+0x80d4, 0x0, 4)
2026-07-07T03:29:31.626530Z vfio_region_write  (0000:09:00.0:region0+0x80d8, 0x0, 4)
2026-07-07T03:29:31.626544Z vfio_region_write  (0000:09:00.0:region0+0x80dc, 0x0, 4)
2026-07-07T03:29:31.626558Z vfio_region_write  (0000:09:00.0:region0+0x80e0, 0x0, 4)
2026-07-07T03:29:31.626572Z vfio_region_write  (0000:09:00.0:region0+0x80e4, 0x0, 4)
2026-07-07T03:29:31.626586Z vfio_region_write  (0000:09:00.0:region0+0x80e8, 0x0, 4)
2026-07-07T03:29:31.626600Z vfio_region_write  (0000:09:00.0:region0+0x80ec, 0x0, 4)
2026-07-07T03:29:31.626613Z vfio_region_write  (0000:09:00.0:region0+0x80f0, 0x0, 4)
2026-07-07T03:29:31.626627Z vfio_region_write  (0000:09:00.0:region0+0x80f4, 0x0, 4)
2026-07-07T03:29:31.626640Z vfio_region_write  (0000:09:00.0:region0+0x80f8, 0x0, 4)
2026-07-07T03:29:31.626654Z vfio_region_write  (0000:09:00.0:region0+0x80fc, 0x0, 4)
2026-07-07T03:29:31.626668Z vfio_region_write  (0000:09:00.0:region0+0x8100, 0x0, 4)
2026-07-07T03:29:31.626682Z vfio_region_write  (0000:09:00.0:region0+0x8104, 0x0, 4)
2026-07-07T03:29:31.626696Z vfio_region_write  (0000:09:00.0:region0+0x8108, 0x0, 4)
2026-07-07T03:29:31.626709Z vfio_region_write  (0000:09:00.0:region0+0x810c, 0x0, 4)
2026-07-07T03:29:31.626723Z vfio_region_write  (0000:09:00.0:region0+0x8110, 0x0, 4)
2026-07-07T03:29:31.626736Z vfio_region_write  (0000:09:00.0:region0+0x8114, 0x0, 4)
2026-07-07T03:29:31.626751Z vfio_region_write  (0000:09:00.0:region0+0x8118, 0x0, 4)
2026-07-07T03:29:31.626764Z vfio_region_write  (0000:09:00.0:region0+0x811c, 0x0, 4)
2026-07-07T03:29:31.626778Z vfio_region_write  (0000:09:00.0:region0+0x8120, 0x0, 4)
2026-07-07T03:29:31.626791Z vfio_region_write  (0000:09:00.0:region0+0x8124, 0x0, 4)
2026-07-07T03:29:31.626807Z vfio_region_write  (0000:09:00.0:region0+0x8128, 0x0, 4)
2026-07-07T03:29:31.626828Z vfio_region_write  (0000:09:00.0:region0+0x812c, 0x0, 4)
2026-07-07T03:29:31.626842Z vfio_region_write  (0000:09:00.0:region0+0x8130, 0x0, 4)
2026-07-07T03:29:31.626855Z vfio_region_write  (0000:09:00.0:region0+0x8134, 0x0, 4)
2026-07-07T03:29:31.626869Z vfio_region_write  (0000:09:00.0:region0+0x8138, 0x0, 4)
2026-07-07T03:29:31.626881Z vfio_region_write  (0000:09:00.0:region0+0x813c, 0x0, 4)
2026-07-07T03:29:31.626894Z vfio_region_write  (0000:09:00.0:region0+0x8140, 0x0, 4)
2026-07-07T03:29:31.626907Z vfio_region_write  (0000:09:00.0:region0+0x8144, 0x0, 4)
2026-07-07T03:29:31.626919Z vfio_region_write  (0000:09:00.0:region0+0x8148, 0x0, 4)
2026-07-07T03:29:31.626932Z vfio_region_write  (0000:09:00.0:region0+0x814c, 0x0, 4)
2026-07-07T03:29:31.626945Z vfio_region_write  (0000:09:00.0:region0+0x8150, 0x0, 4)
2026-07-07T03:29:31.626957Z vfio_region_write  (0000:09:00.0:region0+0x8154, 0x0, 4)
2026-07-07T03:29:31.626970Z vfio_region_write  (0000:09:00.0:region0+0x8158, 0x0, 4)
2026-07-07T03:29:31.626983Z vfio_region_write  (0000:09:00.0:region0+0x815c, 0x0, 4)
2026-07-07T03:29:31.626995Z vfio_region_write  (0000:09:00.0:region0+0x8160, 0x0, 4)
2026-07-07T03:29:31.627008Z vfio_region_write  (0000:09:00.0:region0+0x8164, 0x0, 4)
2026-07-07T03:29:31.627020Z vfio_region_write  (0000:09:00.0:region0+0x8168, 0x0, 4)
2026-07-07T03:29:31.627033Z vfio_region_write  (0000:09:00.0:region0+0x816c, 0x0, 4)
2026-07-07T03:29:31.627053Z vfio_region_write  (0000:09:00.0:region0+0x8170, 0x0, 4)
2026-07-07T03:29:31.627069Z vfio_region_write  (0000:09:00.0:region0+0x8174, 0x3c0002, 4)
2026-07-07T03:29:31.627083Z vfio_region_write  (0000:09:00.0:region0+0x8178, 0x0, 4)
2026-07-07T03:29:31.627096Z vfio_region_write  (0000:09:00.0:region0+0x817c, 0x0, 4)
2026-07-07T03:29:31.627109Z vfio_region_write  (0000:09:00.0:region0+0x8180, 0x0, 4)
2026-07-07T03:29:31.627121Z vfio_region_write  (0000:09:00.0:region0+0x8184, 0x0, 4)
2026-07-07T03:29:31.627134Z vfio_region_write  (0000:09:00.0:region0+0x8188, 0x0, 4)
2026-07-07T03:29:31.627147Z vfio_region_write  (0000:09:00.0:region0+0x818c, 0x0, 4)
2026-07-07T03:29:31.627159Z vfio_region_write  (0000:09:00.0:region0+0x8190, 0x0, 4)
2026-07-07T03:29:31.627172Z vfio_region_write  (0000:09:00.0:region0+0x8194, 0x0, 4)
2026-07-07T03:29:31.627184Z vfio_region_write  (0000:09:00.0:region0+0x8198, 0x0, 4)
2026-07-07T03:29:31.627197Z vfio_region_write  (0000:09:00.0:region0+0x819c, 0x0, 4)
2026-07-07T03:29:31.627209Z vfio_region_write  (0000:09:00.0:region0+0x81a0, 0x0, 4)
2026-07-07T03:29:31.627222Z vfio_region_write  (0000:09:00.0:region0+0x81a4, 0x0, 4)
2026-07-07T03:29:31.627234Z vfio_region_write  (0000:09:00.0:region0+0x81a8, 0x0, 4)
2026-07-07T03:29:31.627247Z vfio_region_write  (0000:09:00.0:region0+0x81ac, 0x0, 4)
2026-07-07T03:29:31.627260Z vfio_region_write  (0000:09:00.0:region0+0x81b0, 0x0, 4)
2026-07-07T03:29:31.627272Z vfio_region_write  (0000:09:00.0:region0+0x81b4, 0x0, 4)
2026-07-07T03:29:31.627285Z vfio_region_write  (0000:09:00.0:region0+0x81b8, 0x0, 4)
2026-07-07T03:29:31.627297Z vfio_region_write  (0000:09:00.0:region0+0x81bc, 0x0, 4)
2026-07-07T03:29:31.627310Z vfio_region_write  (0000:09:00.0:region0+0x81c0, 0x0, 4)
2026-07-07T03:29:31.627322Z vfio_region_write  (0000:09:00.0:region0+0x81c4, 0x0, 4)
2026-07-07T03:29:31.627335Z vfio_region_write  (0000:09:00.0:region0+0x81c8, 0x0, 4)
2026-07-07T03:29:31.627348Z vfio_region_write  (0000:09:00.0:region0+0x81cc, 0x0, 4)
2026-07-07T03:29:31.627360Z vfio_region_write  (0000:09:00.0:region0+0x81d0, 0x0, 4)
2026-07-07T03:29:31.627373Z vfio_region_write  (0000:09:00.0:region0+0x81d4, 0x0, 4)
2026-07-07T03:29:31.627385Z vfio_region_write  (0000:09:00.0:region0+0x81d8, 0x0, 4)
2026-07-07T03:29:31.627398Z vfio_region_write  (0000:09:00.0:region0+0x81dc, 0x0, 4)
2026-07-07T03:29:31.627410Z vfio_region_write  (0000:09:00.0:region0+0x81e0, 0x0, 4)
2026-07-07T03:29:31.627423Z vfio_region_write  (0000:09:00.0:region0+0x81e4, 0x0, 4)
2026-07-07T03:29:31.627435Z vfio_region_write  (0000:09:00.0:region0+0x81e8, 0xcdb0c699, 4)
2026-07-07T03:29:31.627448Z vfio_region_write  (0000:09:00.0:region0+0x81ec, 0x0, 4)
2026-07-07T03:29:31.627461Z vfio_region_write  (0000:09:00.0:region0+0x81f0, 0x0, 4)
2026-07-07T03:29:31.627473Z vfio_region_write  (0000:09:00.0:region0+0x81f4, 0x0, 4)
2026-07-07T03:29:31.627486Z vfio_region_write  (0000:09:00.0:region0+0x81f8, 0x0, 4)
2026-07-07T03:29:31.627499Z vfio_region_write  (0000:09:00.0:region0+0x81fc, 0x0, 4)
2026-07-07T03:29:31.627512Z vfio_region_write  (0000:09:00.0:region0+0x8200, 0x0, 4)
2026-07-07T03:29:31.627525Z vfio_region_write  (0000:09:00.0:region0+0x8204, 0x0, 4)
2026-07-07T03:29:31.627538Z vfio_region_write  (0000:09:00.0:region0+0x8208, 0x0, 4)
2026-07-07T03:29:31.627551Z vfio_region_write  (0000:09:00.0:region0+0x820c, 0x0, 4)
2026-07-07T03:29:31.627566Z vfio_region_write  (0000:09:00.0:region0+0x8210, 0x0, 4)
2026-07-07T03:29:31.627579Z vfio_region_write  (0000:09:00.0:region0+0x8214, 0x0, 4)
2026-07-07T03:29:31.627593Z vfio_region_write  (0000:09:00.0:region0+0x8218, 0x0, 4)
2026-07-07T03:29:31.627606Z vfio_region_write  (0000:09:00.0:region0+0x821c, 0x0, 4)
2026-07-07T03:29:31.627619Z vfio_region_write  (0000:09:00.0:region0+0x8220, 0x0, 4)
2026-07-07T03:29:31.627633Z vfio_region_write  (0000:09:00.0:region0+0x8224, 0x0, 4)
2026-07-07T03:29:31.627647Z vfio_region_write  (0000:09:00.0:region0+0x8228, 0x0, 4)
2026-07-07T03:29:31.627660Z vfio_region_write  (0000:09:00.0:region0+0x822c, 0x0, 4)
2026-07-07T03:29:31.627673Z vfio_region_write  (0000:09:00.0:region0+0x8230, 0x0, 4)
2026-07-07T03:29:31.627686Z vfio_region_write  (0000:09:00.0:region0+0x8234, 0x0, 4)
2026-07-07T03:29:31.627700Z vfio_region_write  (0000:09:00.0:region0+0x8238, 0x0, 4)
2026-07-07T03:29:31.627714Z vfio_region_write  (0000:09:00.0:region0+0x823c, 0x0, 4)
2026-07-07T03:29:31.627727Z vfio_region_write  (0000:09:00.0:region0+0x8240, 0x0, 4)
2026-07-07T03:29:31.627740Z vfio_region_write  (0000:09:00.0:region0+0x8244, 0x0, 4)
2026-07-07T03:29:31.627754Z vfio_region_write  (0000:09:00.0:region0+0x8248, 0x0, 4)
2026-07-07T03:29:31.627768Z vfio_region_write  (0000:09:00.0:region0+0x824c, 0x0, 4)
2026-07-07T03:29:31.627781Z vfio_region_write  (0000:09:00.0:region0+0x8250, 0x0, 4)
2026-07-07T03:29:31.627794Z vfio_region_write  (0000:09:00.0:region0+0x8254, 0x0, 4)
2026-07-07T03:29:31.627809Z vfio_region_write  (0000:09:00.0:region0+0x8258, 0x0, 4)
2026-07-07T03:29:31.627829Z vfio_region_write  (0000:09:00.0:region0+0x825c, 0x0, 4)
2026-07-07T03:29:31.627843Z vfio_region_write  (0000:09:00.0:region0+0x8260, 0x0, 4)
2026-07-07T03:29:31.627857Z vfio_region_write  (0000:09:00.0:region0+0x8264, 0x0, 4)
2026-07-07T03:29:31.627871Z vfio_region_write  (0000:09:00.0:region0+0x8268, 0x0, 4)
2026-07-07T03:29:31.627884Z vfio_region_write  (0000:09:00.0:region0+0x826c, 0x0, 4)
2026-07-07T03:29:31.627897Z vfio_region_write  (0000:09:00.0:region0+0x8270, 0x0, 4)
2026-07-07T03:29:31.627911Z vfio_region_write  (0000:09:00.0:region0+0x8274, 0x0, 4)
2026-07-07T03:29:31.627925Z vfio_region_write  (0000:09:00.0:region0+0x8278, 0x0, 4)
2026-07-07T03:29:31.627938Z vfio_region_write  (0000:09:00.0:region0+0x827c, 0x0, 4)
2026-07-07T03:29:31.627952Z vfio_region_write  (0000:09:00.0:region0+0x8280, 0x0, 4)
2026-07-07T03:29:31.627965Z vfio_region_write  (0000:09:00.0:region0+0x8284, 0x0, 4)
2026-07-07T03:29:31.627978Z vfio_region_write  (0000:09:00.0:region0+0x8288, 0x0, 4)
2026-07-07T03:29:31.627992Z vfio_region_write  (0000:09:00.0:region0+0x828c, 0x0, 4)
2026-07-07T03:29:31.628005Z vfio_region_write  (0000:09:00.0:region0+0x8290, 0x0, 4)
2026-07-07T03:29:31.628019Z vfio_region_write  (0000:09:00.0:region0+0x8294, 0x0, 4)
2026-07-07T03:29:31.628032Z vfio_region_write  (0000:09:00.0:region0+0x8298, 0x0, 4)
2026-07-07T03:29:31.628052Z vfio_region_write  (0000:09:00.0:region0+0x829c, 0x0, 4)
2026-07-07T03:29:31.628069Z vfio_region_write  (0000:09:00.0:region0+0x82a0, 0x0, 4)
2026-07-07T03:29:31.628084Z vfio_region_write  (0000:09:00.0:region0+0x82a4, 0x0, 4)
2026-07-07T03:29:31.628097Z vfio_region_write  (0000:09:00.0:region0+0x82a8, 0x0, 4)
2026-07-07T03:29:31.628110Z vfio_region_write  (0000:09:00.0:region0+0x82ac, 0x0, 4)
2026-07-07T03:29:31.628124Z vfio_region_write  (0000:09:00.0:region0+0x82b0, 0x0, 4)
2026-07-07T03:29:31.628137Z vfio_region_write  (0000:09:00.0:region0+0x82b4, 0x0, 4)
2026-07-07T03:29:31.628151Z vfio_region_write  (0000:09:00.0:region0+0x82b8, 0x0, 4)
2026-07-07T03:29:31.628165Z vfio_region_write  (0000:09:00.0:region0+0x82bc, 0x0, 4)
2026-07-07T03:29:31.628177Z vfio_region_write  (0000:09:00.0:region0+0x82c0, 0x0, 4)
2026-07-07T03:29:31.628190Z vfio_region_write  (0000:09:00.0:region0+0x82c4, 0x0, 4)
2026-07-07T03:29:31.628204Z vfio_region_write  (0000:09:00.0:region0+0x82c8, 0x0, 4)
2026-07-07T03:29:31.628217Z vfio_region_write  (0000:09:00.0:region0+0x82cc, 0x0, 4)
2026-07-07T03:29:31.628231Z vfio_region_write  (0000:09:00.0:region0+0x82d0, 0x0, 4)
2026-07-07T03:29:31.628245Z vfio_region_write  (0000:09:00.0:region0+0x82d4, 0x0, 4)
2026-07-07T03:29:31.628258Z vfio_region_write  (0000:09:00.0:region0+0x82d8, 0x0, 4)
2026-07-07T03:29:31.628271Z vfio_region_write  (0000:09:00.0:region0+0x82dc, 0x0, 4)
2026-07-07T03:29:31.628284Z vfio_region_write  (0000:09:00.0:region0+0x82e0, 0x0, 4)
2026-07-07T03:29:31.628298Z vfio_region_write  (0000:09:00.0:region0+0x82e4, 0x0, 4)
2026-07-07T03:29:31.628311Z vfio_region_write  (0000:09:00.0:region0+0x82e8, 0x0, 4)
2026-07-07T03:29:31.628325Z vfio_region_write  (0000:09:00.0:region0+0x82ec, 0x0, 4)
2026-07-07T03:29:31.628339Z vfio_region_write  (0000:09:00.0:region0+0x82f0, 0x0, 4)
2026-07-07T03:29:31.628352Z vfio_region_write  (0000:09:00.0:region0+0x82f4, 0x0, 4)
2026-07-07T03:29:31.628366Z vfio_region_write  (0000:09:00.0:region0+0x82f8, 0x0, 4)
2026-07-07T03:29:31.628379Z vfio_region_write  (0000:09:00.0:region0+0x82fc, 0x0, 4)
2026-07-07T03:29:31.628393Z vfio_region_write  (0000:09:00.0:region0+0x8300, 0x0, 4)
2026-07-07T03:29:31.628407Z vfio_region_write  (0000:09:00.0:region0+0x8304, 0x0, 4)
2026-07-07T03:29:31.628421Z vfio_region_write  (0000:09:00.0:region0+0x8308, 0x0, 4)
2026-07-07T03:29:31.628434Z vfio_region_write  (0000:09:00.0:region0+0x830c, 0x0, 4)
2026-07-07T03:29:31.628448Z vfio_region_write  (0000:09:00.0:region0+0x8310, 0x0, 4)
2026-07-07T03:29:31.628461Z vfio_region_write  (0000:09:00.0:region0+0x8314, 0x0, 4)
2026-07-07T03:29:31.628476Z vfio_region_write  (0000:09:00.0:region0+0x8318, 0x0, 4)
2026-07-07T03:29:31.628489Z vfio_region_write  (0000:09:00.0:region0+0x831c, 0x0, 4)
2026-07-07T03:29:31.628502Z vfio_region_write  (0000:09:00.0:region0+0x8320, 0x0, 4)
2026-07-07T03:29:31.628515Z vfio_region_write  (0000:09:00.0:region0+0x8324, 0x0, 4)
2026-07-07T03:29:31.628530Z vfio_region_write  (0000:09:00.0:region0+0x8328, 0x0, 4)
2026-07-07T03:29:31.628543Z vfio_region_write  (0000:09:00.0:region0+0x832c, 0x0, 4)
2026-07-07T03:29:31.628556Z vfio_region_write  (0000:09:00.0:region0+0x8330, 0x0, 4)
2026-07-07T03:29:31.628569Z vfio_region_write  (0000:09:00.0:region0+0x8334, 0x0, 4)
2026-07-07T03:29:31.628583Z vfio_region_write  (0000:09:00.0:region0+0x8338, 0x0, 4)
2026-07-07T03:29:31.628596Z vfio_region_write  (0000:09:00.0:region0+0x833c, 0x0, 4)
2026-07-07T03:29:31.628610Z vfio_region_write  (0000:09:00.0:region0+0x8340, 0x0, 4)
2026-07-07T03:29:31.628624Z vfio_region_write  (0000:09:00.0:region0+0x8344, 0x0, 4)
2026-07-07T03:29:31.628638Z vfio_region_write  (0000:09:00.0:region0+0x8348, 0x0, 4)
2026-07-07T03:29:31.628652Z vfio_region_write  (0000:09:00.0:region0+0x834c, 0x0, 4)
2026-07-07T03:29:31.628665Z vfio_region_write  (0000:09:00.0:region0+0x8350, 0x0, 4)
2026-07-07T03:29:31.628678Z vfio_region_write  (0000:09:00.0:region0+0x8354, 0x0, 4)
2026-07-07T03:29:31.628692Z vfio_region_write  (0000:09:00.0:region0+0x8358, 0x0, 4)
2026-07-07T03:29:31.628706Z vfio_region_write  (0000:09:00.0:region0+0x835c, 0x0, 4)
2026-07-07T03:29:31.628720Z vfio_region_write  (0000:09:00.0:region0+0x8360, 0x0, 4)
2026-07-07T03:29:31.628733Z vfio_region_write  (0000:09:00.0:region0+0x8364, 0x0, 4)
2026-07-07T03:29:31.628746Z vfio_region_write  (0000:09:00.0:region0+0x8368, 0x0, 4)
2026-07-07T03:29:31.628760Z vfio_region_write  (0000:09:00.0:region0+0x836c, 0x0, 4)
2026-07-07T03:29:31.628774Z vfio_region_write  (0000:09:00.0:region0+0x8370, 0x0, 4)
2026-07-07T03:29:31.628787Z vfio_region_write  (0000:09:00.0:region0+0x8374, 0x0, 4)
2026-07-07T03:29:31.628801Z vfio_region_write  (0000:09:00.0:region0+0x8378, 0x0, 4)
2026-07-07T03:29:31.628822Z vfio_region_write  (0000:09:00.0:region0+0x837c, 0x0, 4)
2026-07-07T03:29:31.628836Z vfio_region_write  (0000:09:00.0:region0+0x8380, 0x0, 4)
2026-07-07T03:29:31.628849Z vfio_region_write  (0000:09:00.0:region0+0x8384, 0x0, 4)
2026-07-07T03:29:31.628863Z vfio_region_write  (0000:09:00.0:region0+0x8388, 0x0, 4)
2026-07-07T03:29:31.628876Z vfio_region_write  (0000:09:00.0:region0+0x838c, 0x0, 4)
2026-07-07T03:29:31.628889Z vfio_region_write  (0000:09:00.0:region0+0x8390, 0x0, 4)
2026-07-07T03:29:31.628903Z vfio_region_write  (0000:09:00.0:region0+0x8394, 0x0, 4)
2026-07-07T03:29:31.628917Z vfio_region_write  (0000:09:00.0:region0+0x8398, 0x0, 4)
2026-07-07T03:29:31.628930Z vfio_region_write  (0000:09:00.0:region0+0x839c, 0x0, 4)
2026-07-07T03:29:31.628944Z vfio_region_write  (0000:09:00.0:region0+0x83a0, 0x0, 4)
2026-07-07T03:29:31.628957Z vfio_region_write  (0000:09:00.0:region0+0x83a4, 0x0, 4)
2026-07-07T03:29:31.628971Z vfio_region_write  (0000:09:00.0:region0+0x83a8, 0x0, 4)
2026-07-07T03:29:31.628985Z vfio_region_write  (0000:09:00.0:region0+0x83ac, 0x0, 4)
2026-07-07T03:29:31.628998Z vfio_region_write  (0000:09:00.0:region0+0x83b0, 0x0, 4)
2026-07-07T03:29:31.629011Z vfio_region_write  (0000:09:00.0:region0+0x83b4, 0x0, 4)
2026-07-07T03:29:31.629025Z vfio_region_write  (0000:09:00.0:region0+0x83b8, 0x0, 4)
2026-07-07T03:29:31.629038Z vfio_region_write  (0000:09:00.0:region0+0x83bc, 0x0, 4)
2026-07-07T03:29:31.629060Z vfio_region_write  (0000:09:00.0:region0+0x83c0, 0x0, 4)
2026-07-07T03:29:31.629076Z vfio_region_write  (0000:09:00.0:region0+0x83c4, 0x0, 4)
2026-07-07T03:29:31.629089Z vfio_region_write  (0000:09:00.0:region0+0x83c8, 0x0, 4)
2026-07-07T03:29:31.629102Z vfio_region_write  (0000:09:00.0:region0+0x83cc, 0x0, 4)
2026-07-07T03:29:31.629115Z vfio_region_write  (0000:09:00.0:region0+0x83d0, 0x0, 4)
2026-07-07T03:29:31.629129Z vfio_region_write  (0000:09:00.0:region0+0x83d4, 0x0, 4)
2026-07-07T03:29:31.629142Z vfio_region_write  (0000:09:00.0:region0+0x83d8, 0x0, 4)
2026-07-07T03:29:31.629155Z vfio_region_write  (0000:09:00.0:region0+0x83dc, 0x0, 4)
2026-07-07T03:29:31.629169Z vfio_region_write  (0000:09:00.0:region0+0x83e0, 0x0, 4)
2026-07-07T03:29:31.629183Z vfio_region_write  (0000:09:00.0:region0+0x83e4, 0x0, 4)
2026-07-07T03:29:31.629196Z vfio_region_write  (0000:09:00.0:region0+0x83e8, 0x0, 4)
2026-07-07T03:29:31.629209Z vfio_region_write  (0000:09:00.0:region0+0x83ec, 0x0, 4)
2026-07-07T03:29:31.629222Z vfio_region_write  (0000:09:00.0:region0+0x83f0, 0x0, 4)
2026-07-07T03:29:31.629236Z vfio_region_write  (0000:09:00.0:region0+0x83f4, 0x0, 4)
2026-07-07T03:29:31.629250Z vfio_region_write  (0000:09:00.0:region0+0x83f8, 0x0, 4)
2026-07-07T03:29:31.629263Z vfio_region_write  (0000:09:00.0:region0+0x83fc, 0x0, 4)
2026-07-07T03:29:31.629277Z vfio_region_write  (0000:09:00.0:region0+0x8400, 0x0, 4)
2026-07-07T03:29:31.629290Z vfio_region_write  (0000:09:00.0:region0+0x8404, 0x0, 4)
2026-07-07T03:29:31.629304Z vfio_region_write  (0000:09:00.0:region0+0x8408, 0x0, 4)
2026-07-07T03:29:31.629317Z vfio_region_write  (0000:09:00.0:region0+0x840c, 0x0, 4)
2026-07-07T03:29:31.629330Z vfio_region_write  (0000:09:00.0:region0+0x8410, 0x0, 4)
2026-07-07T03:29:31.629344Z vfio_region_write  (0000:09:00.0:region0+0x8414, 0x0, 4)
2026-07-07T03:29:31.629357Z vfio_region_write  (0000:09:00.0:region0+0x8418, 0x0, 4)
2026-07-07T03:29:31.629370Z vfio_region_write  (0000:09:00.0:region0+0x841c, 0x0, 4)
2026-07-07T03:29:31.629385Z vfio_region_write  (0000:09:00.0:region0+0x8420, 0x0, 4)
2026-07-07T03:29:31.629399Z vfio_region_write  (0000:09:00.0:region0+0x8424, 0x0, 4)
2026-07-07T03:29:31.629412Z vfio_region_write  (0000:09:00.0:region0+0x8428, 0x0, 4)
2026-07-07T03:29:31.629425Z vfio_region_write  (0000:09:00.0:region0+0x842c, 0x0, 4)
2026-07-07T03:29:31.629440Z vfio_region_write  (0000:09:00.0:region0+0x408, 0x1, 4)
2026-07-07T03:29:31.629674Z vfio_region_read  (0000:09:00.0:region0+0x100, 4) = 0x20000000
2026-07-07T03:29:31.629695Z vfio_region_read  (0000:09:00.0:region0+0x300, 4) = 0x0
2026-07-07T03:29:31.629714Z vfio_region_read  (0000:09:00.0:region0+0x200, 4) = 0x0
2026-07-07T03:29:31.629732Z vfio_region_read  (0000:09:00.0:region0+0x400, 4) = 0x1
2026-07-07T03:29:31.629751Z vfio_region_read  (0000:09:00.0:region0+0x500, 4) = 0xff0000
2026-07-07T03:29:31.629939Z vfio_region_read  (0000:09:00.0:region0+0x100, 4) = 0x20000000
2026-07-07T03:29:31.629959Z vfio_region_read  (0000:09:00.0:region0+0x300, 4) = 0x0
2026-07-07T03:29:31.629978Z vfio_region_read  (0000:09:00.0:region0+0x200, 4) = 0x0
2026-07-07T03:29:31.629997Z vfio_region_read  (0000:09:00.0:region0+0x400, 4) = 0x2
2026-07-07T03:29:31.630016Z vfio_region_read  (0000:09:00.0:region0+0x500, 4) = 0xff0000
2026-07-07T03:29:31.630078Z vfio_region_write  (0000:09:00.0:region0+0x408, 0x2, 4)
2026-07-07T03:29:31.630124Z vfio_region_write  (0000:09:00.0:region0+0x8020, 0x80800001, 4)
2026-07-07T03:29:31.630190Z vfio_region_write  (0000:09:00.0:region0+0x8024, 0x6b0400, 4)
2026-07-07T03:29:31.630205Z vfio_region_write  (0000:09:00.0:region0+0x8028, 0x0, 4)
2026-07-07T03:29:31.630218Z vfio_region_write  (0000:09:00.0:region0+0x802c, 0x0, 4)
2026-07-07T03:29:31.630231Z vfio_region_write  (0000:09:00.0:region0+0x8030, 0x1c90, 4)
2026-07-07T03:29:31.630244Z vfio_region_write  (0000:09:00.0:region0+0x8034, 0x3f8, 4)
2026-07-07T03:29:31.630257Z vfio_region_write  (0000:09:00.0:region0+0x8038, 0x0, 4)
2026-07-07T03:29:31.630271Z vfio_region_write  (0000:09:00.0:region0+0x803c, 0x0, 4)
2026-07-07T03:29:31.630284Z vfio_region_write  (0000:09:00.0:region0+0x8040, 0x0, 4)
2026-07-07T03:29:31.630298Z vfio_region_write  (0000:09:00.0:region0+0x8044, 0x0, 4)
2026-07-07T03:29:31.630311Z vfio_region_write  (0000:09:00.0:region0+0x8048, 0x0, 4)
2026-07-07T03:29:31.630325Z vfio_region_write  (0000:09:00.0:region0+0x804c, 0x0, 4)
2026-07-07T03:29:31.630339Z vfio_region_write  (0000:09:00.0:region0+0x8050, 0x0, 4)
2026-07-07T03:29:31.630352Z vfio_region_write  (0000:09:00.0:region0+0x8054, 0x0, 4)
2026-07-07T03:29:31.630365Z vfio_region_write  (0000:09:00.0:region0+0x8058, 0x0, 4)
2026-07-07T03:29:31.630378Z vfio_region_write  (0000:09:00.0:region0+0x805c, 0x0, 4)
2026-07-07T03:29:31.630391Z vfio_region_write  (0000:09:00.0:region0+0x8060, 0x0, 4)
2026-07-07T03:29:31.630404Z vfio_region_write  (0000:09:00.0:region0+0x8064, 0x0, 4)
2026-07-07T03:29:31.630418Z vfio_region_write  (0000:09:00.0:region0+0x8068, 0x0, 4)
2026-07-07T03:29:31.630431Z vfio_region_write  (0000:09:00.0:region0+0x806c, 0x0, 4)
2026-07-07T03:29:31.630444Z vfio_region_write  (0000:09:00.0:region0+0x8070, 0x0, 4)
2026-07-07T03:29:31.630457Z vfio_region_write  (0000:09:00.0:region0+0x8074, 0x0, 4)
2026-07-07T03:29:31.630470Z vfio_region_write  (0000:09:00.0:region0+0x8078, 0x0, 4)
2026-07-07T03:29:31.630484Z vfio_region_write  (0000:09:00.0:region0+0x807c, 0x0, 4)
2026-07-07T03:29:31.630497Z vfio_region_write  (0000:09:00.0:region0+0x8080, 0x0, 4)
2026-07-07T03:29:31.630511Z vfio_region_write  (0000:09:00.0:region0+0x8084, 0x0, 4)
2026-07-07T03:29:31.630524Z vfio_region_write  (0000:09:00.0:region0+0x8088, 0x0, 4)
2026-07-07T03:29:31.630538Z vfio_region_write  (0000:09:00.0:region0+0x808c, 0x0, 4)
2026-07-07T03:29:31.630551Z vfio_region_write  (0000:09:00.0:region0+0x8090, 0x0, 4)
2026-07-07T03:29:31.630565Z vfio_region_write  (0000:09:00.0:region0+0x8094, 0x0, 4)
2026-07-07T03:29:31.630578Z vfio_region_write  (0000:09:00.0:region0+0x8098, 0x0, 4)
2026-07-07T03:29:31.630591Z vfio_region_write  (0000:09:00.0:region0+0x809c, 0x0, 4)
2026-07-07T03:29:31.630604Z vfio_region_write  (0000:09:00.0:region0+0x80a0, 0x0, 4)
2026-07-07T03:29:31.630618Z vfio_region_write  (0000:09:00.0:region0+0x80a4, 0x0, 4)
2026-07-07T03:29:31.630632Z vfio_region_write  (0000:09:00.0:region0+0x80a8, 0x0, 4)
2026-07-07T03:29:31.630646Z vfio_region_write  (0000:09:00.0:region0+0x80ac, 0x0, 4)
2026-07-07T03:29:31.630659Z vfio_region_write  (0000:09:00.0:region0+0x80b0, 0x0, 4)
2026-07-07T03:29:31.630673Z vfio_region_write  (0000:09:00.0:region0+0x80b4, 0x0, 4)
2026-07-07T03:29:31.630686Z vfio_region_write  (0000:09:00.0:region0+0x80b8, 0x0, 4)
2026-07-07T03:29:31.630700Z vfio_region_write  (0000:09:00.0:region0+0x80bc, 0x0, 4)
2026-07-07T03:29:31.630712Z vfio_region_write  (0000:09:00.0:region0+0x80c0, 0x0, 4)
2026-07-07T03:29:31.630725Z vfio_region_write  (0000:09:00.0:region0+0x80c4, 0x0, 4)
2026-07-07T03:29:31.630739Z vfio_region_write  (0000:09:00.0:region0+0x80c8, 0x0, 4)
2026-07-07T03:29:31.630752Z vfio_region_write  (0000:09:00.0:region0+0x80cc, 0x0, 4)
2026-07-07T03:29:31.630765Z vfio_region_write  (0000:09:00.0:region0+0x80d0, 0x0, 4)
2026-07-07T03:29:31.630778Z vfio_region_write  (0000:09:00.0:region0+0x80d4, 0x0, 4)
2026-07-07T03:29:31.630792Z vfio_region_write  (0000:09:00.0:region0+0x80d8, 0x0, 4)
2026-07-07T03:29:31.630808Z vfio_region_write  (0000:09:00.0:region0+0x80dc, 0x0, 4)
2026-07-07T03:29:31.630829Z vfio_region_write  (0000:09:00.0:region0+0x80e0, 0x0, 4)
2026-07-07T03:29:31.630843Z vfio_region_write  (0000:09:00.0:region0+0x80e4, 0x0, 4)
2026-07-07T03:29:31.630857Z vfio_region_write  (0000:09:00.0:region0+0x80e8, 0x0, 4)
2026-07-07T03:29:31.630870Z vfio_region_write  (0000:09:00.0:region0+0x80ec, 0x0, 4)
2026-07-07T03:29:31.630883Z vfio_region_write  (0000:09:00.0:region0+0x80f0, 0x0, 4)
2026-07-07T03:29:31.630896Z vfio_region_write  (0000:09:00.0:region0+0x80f4, 0x0, 4)
2026-07-07T03:29:31.630909Z vfio_region_write  (0000:09:00.0:region0+0x80f8, 0x0, 4)
2026-07-07T03:29:31.630922Z vfio_region_write  (0000:09:00.0:region0+0x80fc, 0x0, 4)
2026-07-07T03:29:31.630936Z vfio_region_write  (0000:09:00.0:region0+0x8100, 0x0, 4)
2026-07-07T03:29:31.630949Z vfio_region_write  (0000:09:00.0:region0+0x8104, 0x0, 4)
2026-07-07T03:29:31.630962Z vfio_region_write  (0000:09:00.0:region0+0x8108, 0x0, 4)
2026-07-07T03:29:31.630977Z vfio_region_write  (0000:09:00.0:region0+0x810c, 0x0, 4)
2026-07-07T03:29:31.630991Z vfio_region_write  (0000:09:00.0:region0+0x8110, 0x0, 4)
2026-07-07T03:29:31.631004Z vfio_region_write  (0000:09:00.0:region0+0x8114, 0x0, 4)
2026-07-07T03:29:31.631018Z vfio_region_write  (0000:09:00.0:region0+0x8118, 0x0, 4)
2026-07-07T03:29:31.631031Z vfio_region_write  (0000:09:00.0:region0+0x811c, 0x0, 4)
2026-07-07T03:29:31.631053Z vfio_region_write  (0000:09:00.0:region0+0x8120, 0x0, 4)
2026-07-07T03:29:31.631068Z vfio_region_write  (0000:09:00.0:region0+0x8124, 0x0, 4)
2026-07-07T03:29:31.631081Z vfio_region_write  (0000:09:00.0:region0+0x8128, 0x0, 4)
2026-07-07T03:29:31.631095Z vfio_region_write  (0000:09:00.0:region0+0x812c, 0x0, 4)
2026-07-07T03:29:31.631108Z vfio_region_write  (0000:09:00.0:region0+0x8130, 0x0, 4)
2026-07-07T03:29:31.631122Z vfio_region_write  (0000:09:00.0:region0+0x8134, 0x0, 4)
2026-07-07T03:29:31.631135Z vfio_region_write  (0000:09:00.0:region0+0x8138, 0x0, 4)
2026-07-07T03:29:31.631149Z vfio_region_write  (0000:09:00.0:region0+0x813c, 0x0, 4)
2026-07-07T03:29:31.631162Z vfio_region_write  (0000:09:00.0:region0+0x8140, 0x0, 4)
2026-07-07T03:29:31.631176Z vfio_region_write  (0000:09:00.0:region0+0x8144, 0x0, 4)
2026-07-07T03:29:31.631189Z vfio_region_write  (0000:09:00.0:region0+0x8148, 0x0, 4)
2026-07-07T03:29:31.631204Z vfio_region_write  (0000:09:00.0:region0+0x814c, 0x0, 4)
2026-07-07T03:29:31.631218Z vfio_region_write  (0000:09:00.0:region0+0x8150, 0x0, 4)
2026-07-07T03:29:31.631232Z vfio_region_write  (0000:09:00.0:region0+0x8154, 0x0, 4)
2026-07-07T03:29:31.631247Z vfio_region_write  (0000:09:00.0:region0+0x8158, 0x0, 4)
2026-07-07T03:29:31.631262Z vfio_region_write  (0000:09:00.0:region0+0x815c, 0x0, 4)
2026-07-07T03:29:31.631276Z vfio_region_write  (0000:09:00.0:region0+0x8160, 0x0, 4)
2026-07-07T03:29:31.631290Z vfio_region_write  (0000:09:00.0:region0+0x8164, 0x0, 4)
2026-07-07T03:29:31.631304Z vfio_region_write  (0000:09:00.0:region0+0x8168, 0x0, 4)
2026-07-07T03:29:31.631319Z vfio_region_write  (0000:09:00.0:region0+0x816c, 0x0, 4)
2026-07-07T03:29:31.631333Z vfio_region_write  (0000:09:00.0:region0+0x8170, 0x0, 4)
2026-07-07T03:29:31.631347Z vfio_region_write  (0000:09:00.0:region0+0x8174, 0x0, 4)
2026-07-07T03:29:31.631361Z vfio_region_write  (0000:09:00.0:region0+0x8178, 0x0, 4)
2026-07-07T03:29:31.631376Z vfio_region_write  (0000:09:00.0:region0+0x817c, 0x0, 4)
2026-07-07T03:29:31.631389Z vfio_region_write  (0000:09:00.0:region0+0x8180, 0x0, 4)
2026-07-07T03:29:31.631403Z vfio_region_write  (0000:09:00.0:region0+0x8184, 0x0, 4)
2026-07-07T03:29:31.631417Z vfio_region_write  (0000:09:00.0:region0+0x8188, 0x0, 4)
2026-07-07T03:29:31.631432Z vfio_region_write  (0000:09:00.0:region0+0x818c, 0x0, 4)
2026-07-07T03:29:31.631446Z vfio_region_write  (0000:09:00.0:region0+0x8190, 0x0, 4)
2026-07-07T03:29:31.631459Z vfio_region_write  (0000:09:00.0:region0+0x8194, 0x0, 4)
2026-07-07T03:29:31.631472Z vfio_region_write  (0000:09:00.0:region0+0x8198, 0x0, 4)
2026-07-07T03:29:31.631485Z vfio_region_write  (0000:09:00.0:region0+0x819c, 0x0, 4)
2026-07-07T03:29:31.631499Z vfio_region_write  (0000:09:00.0:region0+0x81a0, 0x0, 4)
2026-07-07T03:29:31.631512Z vfio_region_write  (0000:09:00.0:region0+0x81a4, 0x0, 4)
2026-07-07T03:29:31.631526Z vfio_region_write  (0000:09:00.0:region0+0x81a8, 0x0, 4)
2026-07-07T03:29:31.631540Z vfio_region_write  (0000:09:00.0:region0+0x81ac, 0x0, 4)
2026-07-07T03:29:31.631553Z vfio_region_write  (0000:09:00.0:region0+0x81b0, 0x0, 4)
2026-07-07T03:29:31.631566Z vfio_region_write  (0000:09:00.0:region0+0x81b4, 0x0, 4)
2026-07-07T03:29:31.631580Z vfio_region_write  (0000:09:00.0:region0+0x81b8, 0x0, 4)
2026-07-07T03:29:31.631593Z vfio_region_write  (0000:09:00.0:region0+0x81bc, 0x0, 4)
2026-07-07T03:29:31.631607Z vfio_region_write  (0000:09:00.0:region0+0x81c0, 0x0, 4)
2026-07-07T03:29:31.631620Z vfio_region_write  (0000:09:00.0:region0+0x81c4, 0x0, 4)
2026-07-07T03:29:31.631634Z vfio_region_write  (0000:09:00.0:region0+0x81c8, 0x0, 4)
2026-07-07T03:29:31.631648Z vfio_region_write  (0000:09:00.0:region0+0x81cc, 0x0, 4)
2026-07-07T03:29:31.631662Z vfio_region_write  (0000:09:00.0:region0+0x81d0, 0x0, 4)
2026-07-07T03:29:31.631677Z vfio_region_write  (0000:09:00.0:region0+0x81d4, 0x0, 4)
2026-07-07T03:29:31.631691Z vfio_region_write  (0000:09:00.0:region0+0x81d8, 0x0, 4)
2026-07-07T03:29:31.631705Z vfio_region_write  (0000:09:00.0:region0+0x81dc, 0x0, 4)
2026-07-07T03:29:31.631719Z vfio_region_write  (0000:09:00.0:region0+0x81e0, 0x0, 4)
2026-07-07T03:29:31.631733Z vfio_region_write  (0000:09:00.0:region0+0x81e4, 0x0, 4)
2026-07-07T03:29:31.631746Z vfio_region_write  (0000:09:00.0:region0+0x81e8, 0x0, 4)
2026-07-07T03:29:31.631759Z vfio_region_write  (0000:09:00.0:region0+0x81ec, 0x0, 4)
2026-07-07T03:29:31.631774Z vfio_region_write  (0000:09:00.0:region0+0x81f0, 0x0, 4)
2026-07-07T03:29:31.631788Z vfio_region_write  (0000:09:00.0:region0+0x81f4, 0x0, 4)
2026-07-07T03:29:31.631801Z vfio_region_write  (0000:09:00.0:region0+0x81f8, 0x0, 4)
2026-07-07T03:29:31.631823Z vfio_region_write  (0000:09:00.0:region0+0x81fc, 0x0, 4)
2026-07-07T03:29:31.631837Z vfio_region_write  (0000:09:00.0:region0+0x8200, 0x0, 4)
2026-07-07T03:29:31.631851Z vfio_region_write  (0000:09:00.0:region0+0x8204, 0x0, 4)
2026-07-07T03:29:31.631864Z vfio_region_write  (0000:09:00.0:region0+0x8208, 0x0, 4)
2026-07-07T03:29:31.631879Z vfio_region_write  (0000:09:00.0:region0+0x820c, 0x0, 4)
2026-07-07T03:29:31.631893Z vfio_region_write  (0000:09:00.0:region0+0x8210, 0x0, 4)
2026-07-07T03:29:31.631907Z vfio_region_write  (0000:09:00.0:region0+0x8214, 0x0, 4)
2026-07-07T03:29:31.631920Z vfio_region_write  (0000:09:00.0:region0+0x8218, 0x0, 4)
2026-07-07T03:29:31.631934Z vfio_region_write  (0000:09:00.0:region0+0x821c, 0x0, 4)
2026-07-07T03:29:31.631946Z vfio_region_write  (0000:09:00.0:region0+0x8220, 0x0, 4)
2026-07-07T03:29:31.631960Z vfio_region_write  (0000:09:00.0:region0+0x8224, 0x0, 4)
2026-07-07T03:29:31.631973Z vfio_region_write  (0000:09:00.0:region0+0x8228, 0x0, 4)
2026-07-07T03:29:31.631986Z vfio_region_write  (0000:09:00.0:region0+0x822c, 0x0, 4)
2026-07-07T03:29:31.632001Z vfio_region_write  (0000:09:00.0:region0+0x8230, 0x0, 4)
2026-07-07T03:29:31.632014Z vfio_region_write  (0000:09:00.0:region0+0x8234, 0x0, 4)
2026-07-07T03:29:31.632028Z vfio_region_write  (0000:09:00.0:region0+0x8238, 0x0, 4)
2026-07-07T03:29:31.632041Z vfio_region_write  (0000:09:00.0:region0+0x823c, 0x0, 4)
2026-07-07T03:29:31.632060Z vfio_region_write  (0000:09:00.0:region0+0x8240, 0x0, 4)
2026-07-07T03:29:31.632073Z vfio_region_write  (0000:09:00.0:region0+0x8244, 0x0, 4)
2026-07-07T03:29:31.632086Z vfio_region_write  (0000:09:00.0:region0+0x8248, 0x0, 4)
2026-07-07T03:29:31.632100Z vfio_region_write  (0000:09:00.0:region0+0x824c, 0x0, 4)
2026-07-07T03:29:31.632112Z vfio_region_write  (0000:09:00.0:region0+0x8250, 0x0, 4)
2026-07-07T03:29:31.632126Z vfio_region_write  (0000:09:00.0:region0+0x8254, 0x0, 4)
2026-07-07T03:29:31.632140Z vfio_region_write  (0000:09:00.0:region0+0x8258, 0x0, 4)
2026-07-07T03:29:31.632153Z vfio_region_write  (0000:09:00.0:region0+0x825c, 0x0, 4)
2026-07-07T03:29:31.632166Z vfio_region_write  (0000:09:00.0:region0+0x8260, 0x0, 4)
2026-07-07T03:29:31.632180Z vfio_region_write  (0000:09:00.0:region0+0x8264, 0x0, 4)
2026-07-07T03:29:31.632193Z vfio_region_write  (0000:09:00.0:region0+0x8268, 0x0, 4)
2026-07-07T03:29:31.632207Z vfio_region_write  (0000:09:00.0:region0+0x826c, 0x0, 4)
2026-07-07T03:29:31.632220Z vfio_region_write  (0000:09:00.0:region0+0x8270, 0x0, 4)
2026-07-07T03:29:31.632234Z vfio_region_write  (0000:09:00.0:region0+0x8274, 0x0, 4)
2026-07-07T03:29:31.632247Z vfio_region_write  (0000:09:00.0:region0+0x8278, 0x0, 4)
2026-07-07T03:29:31.632261Z vfio_region_write  (0000:09:00.0:region0+0x827c, 0x0, 4)
2026-07-07T03:29:31.632274Z vfio_region_write  (0000:09:00.0:region0+0x8280, 0x0, 4)
2026-07-07T03:29:31.632287Z vfio_region_write  (0000:09:00.0:region0+0x8284, 0x0, 4)
2026-07-07T03:29:31.632301Z vfio_region_write  (0000:09:00.0:region0+0x8288, 0x0, 4)
2026-07-07T03:29:31.632314Z vfio_region_write  (0000:09:00.0:region0+0x828c, 0x0, 4)
2026-07-07T03:29:31.632328Z vfio_region_write  (0000:09:00.0:region0+0x8290, 0x0, 4)
2026-07-07T03:29:31.632341Z vfio_region_write  (0000:09:00.0:region0+0x8294, 0x0, 4)
2026-07-07T03:29:31.632354Z vfio_region_write  (0000:09:00.0:region0+0x8298, 0x0, 4)
2026-07-07T03:29:31.632367Z vfio_region_write  (0000:09:00.0:region0+0x829c, 0x0, 4)
2026-07-07T03:29:31.632380Z vfio_region_write  (0000:09:00.0:region0+0x82a0, 0x0, 4)
2026-07-07T03:29:31.632395Z vfio_region_write  (0000:09:00.0:region0+0x82a4, 0x0, 4)
2026-07-07T03:29:31.632408Z vfio_region_write  (0000:09:00.0:region0+0x82a8, 0x0, 4)
2026-07-07T03:29:31.632422Z vfio_region_write  (0000:09:00.0:region0+0x82ac, 0x0, 4)
2026-07-07T03:29:31.632435Z vfio_region_write  (0000:09:00.0:region0+0x82b0, 0x0, 4)
2026-07-07T03:29:31.632448Z vfio_region_write  (0000:09:00.0:region0+0x82b4, 0x0, 4)
2026-07-07T03:29:31.632462Z vfio_region_write  (0000:09:00.0:region0+0x82b8, 0x0, 4)
2026-07-07T03:29:31.632476Z vfio_region_write  (0000:09:00.0:region0+0x82bc, 0x0, 4)
2026-07-07T03:29:31.632489Z vfio_region_write  (0000:09:00.0:region0+0x82c0, 0x0, 4)
2026-07-07T03:29:31.632502Z vfio_region_write  (0000:09:00.0:region0+0x82c4, 0x0, 4)
2026-07-07T03:29:31.632516Z vfio_region_write  (0000:09:00.0:region0+0x82c8, 0x0, 4)
2026-07-07T03:29:31.632530Z vfio_region_write  (0000:09:00.0:region0+0x82cc, 0x0, 4)
2026-07-07T03:29:31.632544Z vfio_region_write  (0000:09:00.0:region0+0x82d0, 0x0, 4)
2026-07-07T03:29:31.632557Z vfio_region_write  (0000:09:00.0:region0+0x82d4, 0x0, 4)
2026-07-07T03:29:31.632571Z vfio_region_write  (0000:09:00.0:region0+0x82d8, 0x0, 4)
2026-07-07T03:29:31.632584Z vfio_region_write  (0000:09:00.0:region0+0x82dc, 0x0, 4)
2026-07-07T03:29:31.632598Z vfio_region_write  (0000:09:00.0:region0+0x82e0, 0x0, 4)
2026-07-07T03:29:31.632611Z vfio_region_write  (0000:09:00.0:region0+0x82e4, 0x0, 4)
2026-07-07T03:29:31.632626Z vfio_region_write  (0000:09:00.0:region0+0x82e8, 0x0, 4)
2026-07-07T03:29:31.632640Z vfio_region_write  (0000:09:00.0:region0+0x82ec, 0x0, 4)
2026-07-07T03:29:31.632654Z vfio_region_write  (0000:09:00.0:region0+0x82f0, 0x0, 4)
2026-07-07T03:29:31.632668Z vfio_region_write  (0000:09:00.0:region0+0x82f4, 0x0, 4)
2026-07-07T03:29:31.632681Z vfio_region_write  (0000:09:00.0:region0+0x82f8, 0x0, 4)
2026-07-07T03:29:31.632694Z vfio_region_write  (0000:09:00.0:region0+0x82fc, 0x0, 4)
2026-07-07T03:29:31.632707Z vfio_region_write  (0000:09:00.0:region0+0x8300, 0x0, 4)
2026-07-07T03:29:31.632720Z vfio_region_write  (0000:09:00.0:region0+0x8304, 0x0, 4)
2026-07-07T03:29:31.632733Z vfio_region_write  (0000:09:00.0:region0+0x8308, 0x0, 4)
2026-07-07T03:29:31.632747Z vfio_region_write  (0000:09:00.0:region0+0x830c, 0x0, 4)
2026-07-07T03:29:31.632761Z vfio_region_write  (0000:09:00.0:region0+0x8310, 0x0, 4)
2026-07-07T03:29:31.632775Z vfio_region_write  (0000:09:00.0:region0+0x8314, 0x0, 4)
2026-07-07T03:29:31.632788Z vfio_region_write  (0000:09:00.0:region0+0x8318, 0x0, 4)
2026-07-07T03:29:31.632802Z vfio_region_write  (0000:09:00.0:region0+0x831c, 0x0, 4)
2026-07-07T03:29:31.661031Z vfio_region_write  (0000:09:00.0:region0+0x8320, 0x0, 4)
2026-07-07T03:29:31.661055Z vfio_region_write  (0000:09:00.0:region0+0x8324, 0x0, 4)
2026-07-07T03:29:31.661068Z vfio_region_write  (0000:09:00.0:region0+0x8328, 0x0, 4)
2026-07-07T03:29:31.661081Z vfio_region_write  (0000:09:00.0:region0+0x832c, 0x0, 4)
2026-07-07T03:29:31.661093Z vfio_region_write  (0000:09:00.0:region0+0x8330, 0x0, 4)
2026-07-07T03:29:31.661106Z vfio_region_write  (0000:09:00.0:region0+0x8334, 0x0, 4)
2026-07-07T03:29:31.661121Z vfio_region_write  (0000:09:00.0:region0+0x8338, 0x0, 4)
2026-07-07T03:29:31.661133Z vfio_region_write  (0000:09:00.0:region0+0x833c, 0x0, 4)
2026-07-07T03:29:31.661146Z vfio_region_write  (0000:09:00.0:region0+0x8340, 0x0, 4)
2026-07-07T03:29:31.661158Z vfio_region_write  (0000:09:00.0:region0+0x8344, 0x0, 4)
2026-07-07T03:29:31.661172Z vfio_region_write  (0000:09:00.0:region0+0x8348, 0x0, 4)
2026-07-07T03:29:31.661185Z vfio_region_write  (0000:09:00.0:region0+0x834c, 0x0, 4)
2026-07-07T03:29:31.661197Z vfio_region_write  (0000:09:00.0:region0+0x8350, 0x0, 4)
2026-07-07T03:29:31.661210Z vfio_region_write  (0000:09:00.0:region0+0x8354, 0x0, 4)
2026-07-07T03:29:31.661224Z vfio_region_write  (0000:09:00.0:region0+0x8358, 0x0, 4)
2026-07-07T03:29:31.661236Z vfio_region_write  (0000:09:00.0:region0+0x835c, 0x0, 4)
2026-07-07T03:29:31.661248Z vfio_region_write  (0000:09:00.0:region0+0x8360, 0x0, 4)
2026-07-07T03:29:31.661261Z vfio_region_write  (0000:09:00.0:region0+0x8364, 0x0, 4)
2026-07-07T03:29:31.661274Z vfio_region_write  (0000:09:00.0:region0+0x8368, 0x0, 4)
2026-07-07T03:29:31.661286Z vfio_region_write  (0000:09:00.0:region0+0x836c, 0x0, 4)
2026-07-07T03:29:31.661298Z vfio_region_write  (0000:09:00.0:region0+0x8370, 0x0, 4)
2026-07-07T03:29:31.661311Z vfio_region_write  (0000:09:00.0:region0+0x8374, 0x0, 4)
2026-07-07T03:29:31.661323Z vfio_region_write  (0000:09:00.0:region0+0x8378, 0x0, 4)
2026-07-07T03:29:31.661336Z vfio_region_write  (0000:09:00.0:region0+0x837c, 0x0, 4)
2026-07-07T03:29:31.661349Z vfio_region_write  (0000:09:00.0:region0+0x8380, 0x0, 4)
2026-07-07T03:29:31.661361Z vfio_region_write  (0000:09:00.0:region0+0x8384, 0x0, 4)
2026-07-07T03:29:31.661373Z vfio_region_write  (0000:09:00.0:region0+0x8388, 0x0, 4)
2026-07-07T03:29:31.661387Z vfio_region_write  (0000:09:00.0:region0+0x838c, 0x0, 4)
2026-07-07T03:29:31.661400Z vfio_region_write  (0000:09:00.0:region0+0x8390, 0x0, 4)
2026-07-07T03:29:31.661412Z vfio_region_write  (0000:09:00.0:region0+0x8394, 0x0, 4)
2026-07-07T03:29:31.661425Z vfio_region_write  (0000:09:00.0:region0+0x8398, 0x0, 4)
2026-07-07T03:29:31.661438Z vfio_region_write  (0000:09:00.0:region0+0x839c, 0x0, 4)
2026-07-07T03:29:31.661451Z vfio_region_write  (0000:09:00.0:region0+0x83a0, 0x0, 4)
2026-07-07T03:29:31.661463Z vfio_region_write  (0000:09:00.0:region0+0x83a4, 0x0, 4)
2026-07-07T03:29:31.661476Z vfio_region_write  (0000:09:00.0:region0+0x83a8, 0x0, 4)
2026-07-07T03:29:31.661489Z vfio_region_write  (0000:09:00.0:region0+0x83ac, 0x0, 4)
2026-07-07T03:29:31.661501Z vfio_region_write  (0000:09:00.0:region0+0x83b0, 0x0, 4)
2026-07-07T03:29:31.661514Z vfio_region_write  (0000:09:00.0:region0+0x83b4, 0x0, 4)
2026-07-07T03:29:31.661526Z vfio_region_write  (0000:09:00.0:region0+0x83b8, 0x0, 4)
2026-07-07T03:29:31.661540Z vfio_region_write  (0000:09:00.0:region0+0x83bc, 0x0, 4)
2026-07-07T03:29:31.661553Z vfio_region_write  (0000:09:00.0:region0+0x83c0, 0x0, 4)
2026-07-07T03:29:31.661565Z vfio_region_write  (0000:09:00.0:region0+0x83c4, 0x0, 4)
2026-07-07T03:29:31.661577Z vfio_region_write  (0000:09:00.0:region0+0x83c8, 0x0, 4)
2026-07-07T03:29:31.661590Z vfio_region_write  (0000:09:00.0:region0+0x83cc, 0x0, 4)
2026-07-07T03:29:31.661602Z vfio_region_write  (0000:09:00.0:region0+0x83d0, 0x0, 4)
2026-07-07T03:29:31.661615Z vfio_region_write  (0000:09:00.0:region0+0x83d4, 0x0, 4)
2026-07-07T03:29:31.661628Z vfio_region_write  (0000:09:00.0:region0+0x83d8, 0x0, 4)
2026-07-07T03:29:31.661641Z vfio_region_write  (0000:09:00.0:region0+0x83dc, 0x0, 4)
2026-07-07T03:29:31.661654Z vfio_region_write  (0000:09:00.0:region0+0x83e0, 0x0, 4)
2026-07-07T03:29:31.661667Z vfio_region_write  (0000:09:00.0:region0+0x83e4, 0x0, 4)
2026-07-07T03:29:31.661680Z vfio_region_write  (0000:09:00.0:region0+0x83e8, 0x0, 4)
2026-07-07T03:29:31.661693Z vfio_region_write  (0000:09:00.0:region0+0x83ec, 0x0, 4)
2026-07-07T03:29:31.661708Z vfio_region_write  (0000:09:00.0:region0+0x83f0, 0x0, 4)
2026-07-07T03:29:31.661721Z vfio_region_write  (0000:09:00.0:region0+0x83f4, 0x0, 4)
2026-07-07T03:29:31.661735Z vfio_region_write  (0000:09:00.0:region0+0x83f8, 0x0, 4)
2026-07-07T03:29:31.661748Z vfio_region_write  (0000:09:00.0:region0+0x83fc, 0x0, 4)
2026-07-07T03:29:31.661761Z vfio_region_write  (0000:09:00.0:region0+0x8400, 0x0, 4)
2026-07-07T03:29:31.661775Z vfio_region_write  (0000:09:00.0:region0+0x8404, 0x0, 4)
2026-07-07T03:29:31.661788Z vfio_region_write  (0000:09:00.0:region0+0x8408, 0x0, 4)
2026-07-07T03:29:31.661801Z vfio_region_write  (0000:09:00.0:region0+0x840c, 0x0, 4)
2026-07-07T03:29:31.661824Z vfio_region_write  (0000:09:00.0:region0+0x8410, 0x0, 4)
2026-07-07T03:29:31.661838Z vfio_region_write  (0000:09:00.0:region0+0x8414, 0x0, 4)
2026-07-07T03:29:31.661851Z vfio_region_write  (0000:09:00.0:region0+0x8418, 0x0, 4)
2026-07-07T03:29:31.661864Z vfio_region_write  (0000:09:00.0:region0+0x841c, 0x0, 4)
2026-07-07T03:29:31.661877Z vfio_region_write  (0000:09:00.0:region0+0x8420, 0x0, 4)
2026-07-07T03:29:31.661891Z vfio_region_write  (0000:09:00.0:region0+0x8424, 0x0, 4)
2026-07-07T03:29:31.661903Z vfio_region_write  (0000:09:00.0:region0+0x8428, 0x0, 4)
2026-07-07T03:29:31.661917Z vfio_region_write  (0000:09:00.0:region0+0x842c, 0x0, 4)
2026-07-07T03:29:31.661930Z vfio_region_write  (0000:09:00.0:region0+0x408, 0x1, 4)
2026-07-07T03:29:31.662167Z vfio_region_read  (0000:09:00.0:region0+0x100, 4) = 0x20000000
2026-07-07T03:29:31.662187Z vfio_region_read  (0000:09:00.0:region0+0x300, 4) = 0x0
2026-07-07T03:29:31.662206Z vfio_region_read  (0000:09:00.0:region0+0x200, 4) = 0x0
2026-07-07T03:29:31.662225Z vfio_region_read  (0000:09:00.0:region0+0x400, 4) = 0x1
2026-07-07T03:29:31.662243Z vfio_region_read  (0000:09:00.0:region0+0x500, 4) = 0xff0000
2026-07-07T03:29:31.662429Z vfio_region_read  (0000:09:00.0:region0+0x100, 4) = 0x20000000
2026-07-07T03:29:31.662450Z vfio_region_read  (0000:09:00.0:region0+0x300, 4) = 0x0
2026-07-07T03:29:31.662468Z vfio_region_read  (0000:09:00.0:region0+0x200, 4) = 0x0
2026-07-07T03:29:31.662487Z vfio_region_read  (0000:09:00.0:region0+0x400, 4) = 0x2
2026-07-07T03:29:31.662506Z vfio_region_read  (0000:09:00.0:region0+0x500, 4) = 0xff0000
2026-07-07T03:29:31.670716Z vfio_region_write  (0000:09:00.0:region0+0x408, 0x2, 4)
2026-07-07T03:29:31.670936Z vfio_region_write  (0000:09:00.0:region0+0x8020, 0x80800001, 4)
2026-07-07T03:29:31.670962Z vfio_region_write  (0000:09:00.0:region0+0x8024, 0x6c0048, 4)
2026-07-07T03:29:31.671096Z vfio_region_write  (0000:09:00.0:region0+0x8028, 0x0, 4)
2026-07-07T03:29:31.671121Z vfio_region_write  (0000:09:00.0:region0+0x802c, 0x0, 4)
2026-07-07T03:29:31.671238Z vfio_region_write  (0000:09:00.0:region0+0x8030, 0x2088, 4)
2026-07-07T03:29:31.671252Z vfio_region_write  (0000:09:00.0:region0+0x8034, 0x40, 4)
2026-07-07T03:29:31.671277Z vfio_region_write  (0000:09:00.0:region0+0x8038, 0x0, 4)
2026-07-07T03:29:31.671386Z vfio_region_write  (0000:09:00.0:region0+0x803c, 0x0, 4)
2026-07-07T03:29:31.671411Z vfio_region_write  (0000:09:00.0:region0+0x8040, 0x0, 4)
2026-07-07T03:29:31.671521Z vfio_region_write  (0000:09:00.0:region0+0x8044, 0x0, 4)
2026-07-07T03:29:31.671546Z vfio_region_write  (0000:09:00.0:region0+0x8048, 0x0, 4)
2026-07-07T03:29:31.671661Z vfio_region_write  (0000:09:00.0:region0+0x804c, 0x0, 4)
2026-07-07T03:29:31.671689Z vfio_region_write  (0000:09:00.0:region0+0x8050, 0x0, 4)
2026-07-07T03:29:31.671802Z vfio_region_write  (0000:09:00.0:region0+0x8054, 0x0, 4)
2026-07-07T03:29:31.671829Z vfio_region_write  (0000:09:00.0:region0+0x8058, 0x0, 4)
2026-07-07T03:29:31.671946Z vfio_region_write  (0000:09:00.0:region0+0x805c, 0x0, 4)
2026-07-07T03:29:31.671975Z vfio_region_write  (0000:09:00.0:region0+0x8060, 0x0, 4)
2026-07-07T03:29:31.672103Z vfio_region_write  (0000:09:00.0:region0+0x8064, 0x0, 4)
2026-07-07T03:29:31.672127Z vfio_region_write  (0000:09:00.0:region0+0x8068, 0x0, 4)
2026-07-07T03:29:31.672240Z vfio_region_write  (0000:09:00.0:region0+0x806c, 0x0, 4)
2026-07-07T03:29:31.672264Z vfio_region_write  (0000:09:00.0:region0+0x8070, 0x0, 4)
2026-07-07T03:29:31.672400Z vfio_region_write  (0000:09:00.0:region0+0x8074, 0x0, 4)
2026-07-07T03:29:31.672425Z vfio_region_write  (0000:09:00.0:region0+0x408, 0x1, 4)
2026-07-07T03:29:31.672481Z vfio_region_read  (0000:09:00.0:region0+0x100, 4) = 0x20000000
2026-07-07T03:29:31.672500Z vfio_region_read  (0000:09:00.0:region0+0x300, 4) = 0x0
2026-07-07T03:29:31.672520Z vfio_region_read  (0000:09:00.0:region0+0x200, 4) = 0x0
2026-07-07T03:29:31.672539Z vfio_region_read  (0000:09:00.0:region0+0x400, 4) = 0x3
2026-07-07T03:29:31.672557Z vfio_region_read  (0000:09:00.0:region0+0x500, 4) = 0xff0000
2026-07-07T03:29:31.672585Z vfio_region_read  (0000:09:00.0:region0+0x100, 4) = 0x0
2026-07-07T03:29:31.672603Z vfio_region_read  (0000:09:00.0:region0+0x300, 4) = 0x0
2026-07-07T03:29:31.672622Z vfio_region_read  (0000:09:00.0:region0+0x200, 4) = 0x0
2026-07-07T03:29:31.672641Z vfio_region_read  (0000:09:00.0:region0+0x400, 4) = 0x0
2026-07-07T03:29:31.672659Z vfio_region_read  (0000:09:00.0:region0+0x500, 4) = 0xff0000
2026-07-07T03:29:31.672742Z vfio_region_write  (0000:09:00.0:region0+0x408, 0x2, 4)
2026-07-07T03:29:31.672900Z vfio_region_write  (0000:09:00.0:region0+0x8020, 0x80800002, 4)
2026-07-07T03:29:31.672926Z vfio_region_write  (0000:09:00.0:region0+0x8024, 0x6d0004, 4)
2026-07-07T03:29:31.673044Z vfio_region_write  (0000:09:00.0:region0+0x8028, 0x0, 4)
2026-07-07T03:29:31.673079Z vfio_region_write  (0000:09:00.0:region0+0x802c, 0x0, 4)
2026-07-07T03:29:31.673222Z vfio_region_write  (0000:09:00.0:region0+0x8030, 0x5, 4)
2026-07-07T03:29:31.673237Z vfio_region_write  (0000:09:00.0:region0+0x408, 0x1, 4)
2026-07-07T03:29:31.673283Z vfio_region_read  (0000:09:00.0:region0+0x100, 4) = 0x20000000
2026-07-07T03:29:31.673303Z vfio_region_read  (0000:09:00.0:region0+0x300, 4) = 0x0
2026-07-07T03:29:31.673323Z vfio_region_read  (0000:09:00.0:region0+0x200, 4) = 0x0
2026-07-07T03:29:31.673342Z vfio_region_read  (0000:09:00.0:region0+0x400, 4) = 0x3
2026-07-07T03:29:31.673361Z vfio_region_read  (0000:09:00.0:region0+0x500, 4) = 0xff0000
2026-07-07T03:29:31.673389Z vfio_region_read  (0000:09:00.0:region0+0x100, 4) = 0x0
2026-07-07T03:29:31.673408Z vfio_region_read  (0000:09:00.0:region0+0x300, 4) = 0x0
2026-07-07T03:29:31.673427Z vfio_region_read  (0000:09:00.0:region0+0x200, 4) = 0x0
2026-07-07T03:29:31.673446Z vfio_region_read  (0000:09:00.0:region0+0x400, 4) = 0x0
2026-07-07T03:29:31.673465Z vfio_region_read  (0000:09:00.0:region0+0x500, 4) = 0xff0000
2026-07-07T03:29:31.689105Z vfio_region_write  (0000:09:00.0:region0+0x408, 0x2, 4)
2026-07-07T03:29:31.689290Z vfio_region_write  (0000:09:00.0:region0+0x8020, 0x80002002, 4)
2026-07-07T03:29:31.689306Z vfio_region_write  (0000:09:00.0:region0+0x8024, 0x6e003e, 4)
2026-07-07T03:29:31.689318Z vfio_region_write  (0000:09:00.0:region0+0x8028, 0x0, 4)
2026-07-07T03:29:31.689333Z vfio_region_write  (0000:09:00.0:region0+0x802c, 0x0, 4)
2026-07-07T03:29:31.689345Z vfio_region_write  (0000:09:00.0:region0+0x8030, 0x20000000, 4)
2026-07-07T03:29:31.689358Z vfio_region_write  (0000:09:00.0:region0+0x8034, 0x20002000, 4)
2026-07-07T03:29:31.689370Z vfio_region_write  (0000:09:00.0:region0+0x8038, 0x20002000, 4)
2026-07-07T03:29:31.689382Z vfio_region_write  (0000:09:00.0:region0+0x803c, 0x20002000, 4)
2026-07-07T03:29:31.689395Z vfio_region_write  (0000:09:00.0:region0+0x8040, 0x20002000, 4)
2026-07-07T03:29:31.689409Z vfio_region_write  (0000:09:00.0:region0+0x8044, 0x20002000, 4)
2026-07-07T03:29:31.689421Z vfio_region_write  (0000:09:00.0:region0+0x8048, 0x20002000, 4)
2026-07-07T03:29:31.689435Z vfio_region_write  (0000:09:00.0:region0+0x804c, 0x20002000, 4)
2026-07-07T03:29:31.689448Z vfio_region_write  (0000:09:00.0:region0+0x8050, 0x20002000, 4)
2026-07-07T03:29:31.689460Z vfio_region_write  (0000:09:00.0:region0+0x8054, 0x20002000, 4)
2026-07-07T03:29:31.689473Z vfio_region_write  (0000:09:00.0:region0+0x8058, 0x20002000, 4)
2026-07-07T03:29:31.689485Z vfio_region_write  (0000:09:00.0:region0+0x805c, 0x20002000, 4)
2026-07-07T03:29:31.689500Z vfio_region_write  (0000:09:00.0:region0+0x8060, 0x20002000, 4)
2026-07-07T03:29:31.689512Z vfio_region_write  (0000:09:00.0:region0+0x8064, 0x20002000, 4)
2026-07-07T03:29:31.689525Z vfio_region_write  (0000:09:00.0:region0+0x8068, 0x20002000, 4)
2026-07-07T03:29:31.689537Z vfio_region_write  (0000:09:00.0:region0+0x806c, 0x2000, 4)
2026-07-07T03:29:31.689552Z vfio_region_write  (0000:09:00.0:region0+0x408, 0x1, 4)
2026-07-07T03:29:31.689607Z vfio_region_read  (0000:09:00.0:region0+0x100, 4) = 0x20000000
2026-07-07T03:29:31.689627Z vfio_region_read  (0000:09:00.0:region0+0x300, 4) = 0x0
2026-07-07T03:29:31.689646Z vfio_region_read  (0000:09:00.0:region0+0x200, 4) = 0x0
2026-07-07T03:29:31.689665Z vfio_region_read  (0000:09:00.0:region0+0x400, 4) = 0x3
2026-07-07T03:29:31.689684Z vfio_region_read  (0000:09:00.0:region0+0x500, 4) = 0xff0000
2026-07-07T03:29:31.689716Z vfio_region_read  (0000:09:00.0:region0+0x100, 4) = 0x0
2026-07-07T03:29:31.689735Z vfio_region_read  (0000:09:00.0:region0+0x300, 4) = 0x0
2026-07-07T03:29:31.689753Z vfio_region_read  (0000:09:00.0:region0+0x200, 4) = 0x0
2026-07-07T03:29:31.689771Z vfio_region_read  (0000:09:00.0:region0+0x400, 4) = 0x0
2026-07-07T03:29:31.689790Z vfio_region_read  (0000:09:00.0:region0+0x500, 4) = 0xff0000
2026-07-07T03:29:31.719674Z vfio_region_write  (0000:09:00.0:region0+0x408, 0x2, 4)
2026-07-07T03:29:31.719709Z vfio_region_write  (0000:09:00.0:region0+0x8020, 0x80002002, 4)
2026-07-07T03:29:31.719724Z vfio_region_write  (0000:09:00.0:region0+0x8024, 0x6f003e, 4)
2026-07-07T03:29:31.719737Z vfio_region_write  (0000:09:00.0:region0+0x8028, 0x0, 4)
2026-07-07T03:29:31.719751Z vfio_region_write  (0000:09:00.0:region0+0x802c, 0x0, 4)
2026-07-07T03:29:31.719764Z vfio_region_write  (0000:09:00.0:region0+0x8030, 0x20000001, 4)
2026-07-07T03:29:31.719776Z vfio_region_write  (0000:09:00.0:region0+0x8034, 0x20002000, 4)
2026-07-07T03:29:31.719789Z vfio_region_write  (0000:09:00.0:region0+0x8038, 0x20002000, 4)
2026-07-07T03:29:31.719803Z vfio_region_write  (0000:09:00.0:region0+0x803c, 0x20002000, 4)
2026-07-07T03:29:31.719824Z vfio_region_write  (0000:09:00.0:region0+0x8040, 0x20002000, 4)
2026-07-07T03:29:31.719838Z vfio_region_write  (0000:09:00.0:region0+0x8044, 0x20002000, 4)
2026-07-07T03:29:31.719851Z vfio_region_write  (0000:09:00.0:region0+0x8048, 0x20002000, 4)
2026-07-07T03:29:31.719863Z vfio_region_write  (0000:09:00.0:region0+0x804c, 0x20002000, 4)
2026-07-07T03:29:31.719876Z vfio_region_write  (0000:09:00.0:region0+0x8050, 0x20002000, 4)
2026-07-07T03:29:31.719889Z vfio_region_write  (0000:09:00.0:region0+0x8054, 0x20002000, 4)
2026-07-07T03:29:31.719901Z vfio_region_write  (0000:09:00.0:region0+0x8058, 0x20002000, 4)
2026-07-07T03:29:31.719913Z vfio_region_write  (0000:09:00.0:region0+0x805c, 0x20002000, 4)
2026-07-07T03:29:31.719926Z vfio_region_write  (0000:09:00.0:region0+0x8060, 0x20002000, 4)
2026-07-07T03:29:31.719939Z vfio_region_write  (0000:09:00.0:region0+0x8064, 0x20002000, 4)
2026-07-07T03:29:31.719951Z vfio_region_write  (0000:09:00.0:region0+0x8068, 0x20002000, 4)
2026-07-07T03:29:31.719964Z vfio_region_write  (0000:09:00.0:region0+0x806c, 0x2000, 4)
2026-07-07T03:29:31.719977Z vfio_region_write  (0000:09:00.0:region0+0x408, 0x1, 4)
2026-07-07T03:29:31.720032Z vfio_region_read  (0000:09:00.0:region0+0x100, 4) = 0x20000000
2026-07-07T03:29:31.720057Z vfio_region_read  (0000:09:00.0:region0+0x300, 4) = 0x0
2026-07-07T03:29:31.720077Z vfio_region_read  (0000:09:00.0:region0+0x200, 4) = 0x0
2026-07-07T03:29:31.720096Z vfio_region_read  (0000:09:00.0:region0+0x400, 4) = 0x3
2026-07-07T03:29:31.720114Z vfio_region_read  (0000:09:00.0:region0+0x500, 4) = 0xff0000
2026-07-07T03:29:31.720142Z vfio_region_read  (0000:09:00.0:region0+0x100, 4) = 0x0
2026-07-07T03:29:31.720161Z vfio_region_read  (0000:09:00.0:region0+0x300, 4) = 0x0
2026-07-07T03:29:31.720179Z vfio_region_read  (0000:09:00.0:region0+0x200, 4) = 0x0
2026-07-07T03:29:31.720201Z vfio_region_read  (0000:09:00.0:region0+0x400, 4) = 0x0
2026-07-07T03:29:31.720219Z vfio_region_read  (0000:09:00.0:region0+0x500, 4) = 0xff0000
2026-07-07T03:29:31.737150Z vfio_region_write  (0000:09:00.0:region0+0x408, 0x2, 4)
2026-07-07T03:29:31.737508Z vfio_region_write  (0000:09:00.0:region0+0x8020, 0x80002002, 4)
2026-07-07T03:29:31.737998Z vfio_region_write  (0000:09:00.0:region0+0x8024, 0x70003e, 4)
2026-07-07T03:29:31.738027Z vfio_region_write  (0000:09:00.0:region0+0x8028, 0x0, 4)
2026-07-07T03:29:31.739222Z vfio_region_write  (0000:09:00.0:region0+0x802c, 0x0, 4)
2026-07-07T03:29:31.739248Z vfio_region_write  (0000:09:00.0:region0+0x8030, 0x20000002, 4)
2026-07-07T03:29:31.739373Z vfio_region_write  (0000:09:00.0:region0+0x8034, 0x20002000, 4)
2026-07-07T03:29:31.739402Z vfio_region_write  (0000:09:00.0:region0+0x8038, 0x20002000, 4)
2026-07-07T03:29:31.739699Z vfio_region_write  (0000:09:00.0:region0+0x803c, 0x20002000, 4)
2026-07-07T03:29:31.739714Z vfio_region_write  (0000:09:00.0:region0+0x8040, 0x20002000, 4)
2026-07-07T03:29:31.739740Z vfio_region_write  (0000:09:00.0:region0+0x8044, 0x20002000, 4)
2026-07-07T03:29:31.739860Z vfio_region_write  (0000:09:00.0:region0+0x8048, 0x20002000, 4)
2026-07-07T03:29:31.739875Z vfio_region_write  (0000:09:00.0:region0+0x804c, 0x20002000, 4)
2026-07-07T03:29:31.739888Z vfio_region_write  (0000:09:00.0:region0+0x8050, 0x20002000, 4)
2026-07-07T03:29:31.739900Z vfio_region_write  (0000:09:00.0:region0+0x8054, 0x20002000, 4)
2026-07-07T03:29:31.739933Z vfio_region_write  (0000:09:00.0:region0+0x8058, 0x20002000, 4)
2026-07-07T03:29:31.740036Z vfio_region_write  (0000:09:00.0:region0+0x805c, 0x20002000, 4)
2026-07-07T03:29:31.740056Z vfio_region_write  (0000:09:00.0:region0+0x8060, 0x20002000, 4)
2026-07-07T03:29:31.740069Z vfio_region_write  (0000:09:00.0:region0+0x8064, 0x20002000, 4)
2026-07-07T03:29:31.740083Z vfio_region_write  (0000:09:00.0:region0+0x8068, 0x20002000, 4)
2026-07-07T03:29:31.740095Z vfio_region_write  (0000:09:00.0:region0+0x806c, 0xffff2000, 4)
2026-07-07T03:29:31.740108Z vfio_region_write  (0000:09:00.0:region0+0x408, 0x1, 4)
2026-07-07T03:29:31.740164Z vfio_region_read  (0000:09:00.0:region0+0x100, 4) = 0x20000000
2026-07-07T03:29:31.740185Z vfio_region_read  (0000:09:00.0:region0+0x300, 4) = 0x0
2026-07-07T03:29:31.740204Z vfio_region_read  (0000:09:00.0:region0+0x200, 4) = 0x0
2026-07-07T03:29:31.740223Z vfio_region_read  (0000:09:00.0:region0+0x400, 4) = 0x3
2026-07-07T03:29:31.740242Z vfio_region_read  (0000:09:00.0:region0+0x500, 4) = 0xff0000
2026-07-07T03:29:31.740274Z vfio_region_read  (0000:09:00.0:region0+0x100, 4) = 0x0
2026-07-07T03:29:31.740293Z vfio_region_read  (0000:09:00.0:region0+0x300, 4) = 0x0
2026-07-07T03:29:31.740311Z vfio_region_read  (0000:09:00.0:region0+0x200, 4) = 0x0
2026-07-07T03:29:31.740329Z vfio_region_read  (0000:09:00.0:region0+0x400, 4) = 0x0
2026-07-07T03:29:31.740348Z vfio_region_read  (0000:09:00.0:region0+0x500, 4) = 0xff0000
2026-07-07T03:29:35.649206Z vfio_region_write  (0000:09:00.0:region0+0x408, 0x2, 4)
2026-07-07T03:29:35.649273Z vfio_region_write  (0000:09:00.0:region0+0x8020, 0x80002002, 4)
2026-07-07T03:29:35.649287Z vfio_region_write  (0000:09:00.0:region0+0x8024, 0x71003e, 4)
2026-07-07T03:29:35.649299Z vfio_region_write  (0000:09:00.0:region0+0x8028, 0x0, 4)
2026-07-07T03:29:35.649312Z vfio_region_write  (0000:09:00.0:region0+0x802c, 0x0, 4)
2026-07-07T03:29:35.649324Z vfio_region_write  (0000:09:00.0:region0+0x8030, 0x20000003, 4)
2026-07-07T03:29:35.649336Z vfio_region_write  (0000:09:00.0:region0+0x8034, 0x20002000, 4)
2026-07-07T03:29:35.649348Z vfio_region_write  (0000:09:00.0:region0+0x8038, 0x20002000, 4)
2026-07-07T03:29:35.649360Z vfio_region_write  (0000:09:00.0:region0+0x803c, 0x20002000, 4)
2026-07-07T03:29:35.649372Z vfio_region_write  (0000:09:00.0:region0+0x8040, 0x20002000, 4)
2026-07-07T03:29:35.649388Z vfio_region_write  (0000:09:00.0:region0+0x8044, 0x20002000, 4)
2026-07-07T03:29:35.649400Z vfio_region_write  (0000:09:00.0:region0+0x8048, 0x20002000, 4)
2026-07-07T03:29:35.649412Z vfio_region_write  (0000:09:00.0:region0+0x804c, 0x20002000, 4)
2026-07-07T03:29:35.649424Z vfio_region_write  (0000:09:00.0:region0+0x8050, 0x20002000, 4)
2026-07-07T03:29:35.649438Z vfio_region_write  (0000:09:00.0:region0+0x8054, 0x20002000, 4)
2026-07-07T03:29:35.649450Z vfio_region_write  (0000:09:00.0:region0+0x8058, 0x20002000, 4)
2026-07-07T03:29:35.649462Z vfio_region_write  (0000:09:00.0:region0+0x805c, 0x20002000, 4)
2026-07-07T03:29:35.649474Z vfio_region_write  (0000:09:00.0:region0+0x8060, 0x20002000, 4)
2026-07-07T03:29:35.649487Z vfio_region_write  (0000:09:00.0:region0+0x8064, 0x20002000, 4)
2026-07-07T03:29:35.649499Z vfio_region_write  (0000:09:00.0:region0+0x8068, 0x20002000, 4)
2026-07-07T03:29:35.649511Z vfio_region_write  (0000:09:00.0:region0+0x806c, 0xffff2000, 4)
2026-07-07T03:29:35.649525Z vfio_region_write  (0000:09:00.0:region0+0x408, 0x1, 4)
2026-07-07T03:29:35.649582Z vfio_region_read  (0000:09:00.0:region0+0x100, 4) = 0x20000000
2026-07-07T03:29:35.649602Z vfio_region_read  (0000:09:00.0:region0+0x300, 4) = 0x0
2026-07-07T03:29:35.649621Z vfio_region_read  (0000:09:00.0:region0+0x200, 4) = 0x0
2026-07-07T03:29:35.649640Z vfio_region_read  (0000:09:00.0:region0+0x400, 4) = 0x3
2026-07-07T03:29:35.649658Z vfio_region_read  (0000:09:00.0:region0+0x500, 4) = 0xff0000
2026-07-07T03:29:35.649686Z vfio_region_read  (0000:09:00.0:region0+0x100, 4) = 0x0
2026-07-07T03:29:35.649704Z vfio_region_read  (0000:09:00.0:region0+0x300, 4) = 0x0
2026-07-07T03:29:35.649722Z vfio_region_read  (0000:09:00.0:region0+0x200, 4) = 0x0
2026-07-07T03:29:35.649741Z vfio_region_read  (0000:09:00.0:region0+0x400, 4) = 0x0
2026-07-07T03:29:35.649759Z vfio_region_read  (0000:09:00.0:region0+0x500, 4) = 0xff0000
2026-07-07T03:29:35.655879Z vfio_region_write  (0000:09:00.0:region0+0x408, 0x2, 4)
2026-07-07T03:29:35.655926Z vfio_region_write  (0000:09:00.0:region0+0x8020, 0x80002002, 4)
2026-07-07T03:29:35.655941Z vfio_region_write  (0000:09:00.0:region0+0x8024, 0x72003e, 4)
2026-07-07T03:29:35.655953Z vfio_region_write  (0000:09:00.0:region0+0x8028, 0x0, 4)
2026-07-07T03:29:35.655965Z vfio_region_write  (0000:09:00.0:region0+0x802c, 0x0, 4)
2026-07-07T03:29:35.655980Z vfio_region_write  (0000:09:00.0:region0+0x8030, 0x20000004, 4)
2026-07-07T03:29:35.655992Z vfio_region_write  (0000:09:00.0:region0+0x8034, 0x20002000, 4)
2026-07-07T03:29:35.656004Z vfio_region_write  (0000:09:00.0:region0+0x8038, 0x20002000, 4)
2026-07-07T03:29:35.656016Z vfio_region_write  (0000:09:00.0:region0+0x803c, 0x20002000, 4)
2026-07-07T03:29:35.656030Z vfio_region_write  (0000:09:00.0:region0+0x8040, 0x20002000, 4)
2026-07-07T03:29:35.656042Z vfio_region_write  (0000:09:00.0:region0+0x8044, 0x20002000, 4)
2026-07-07T03:29:35.656059Z vfio_region_write  (0000:09:00.0:region0+0x8048, 0x20002000, 4)
2026-07-07T03:29:35.656072Z vfio_region_write  (0000:09:00.0:region0+0x804c, 0x20002000, 4)
2026-07-07T03:29:35.656084Z vfio_region_write  (0000:09:00.0:region0+0x8050, 0x20002000, 4)
2026-07-07T03:29:35.656096Z vfio_region_write  (0000:09:00.0:region0+0x8054, 0x20002000, 4)
2026-07-07T03:29:35.656108Z vfio_region_write  (0000:09:00.0:region0+0x8058, 0x20002000, 4)
2026-07-07T03:29:35.656120Z vfio_region_write  (0000:09:00.0:region0+0x805c, 0x20002000, 4)
2026-07-07T03:29:35.656132Z vfio_region_write  (0000:09:00.0:region0+0x8060, 0x20002000, 4)
2026-07-07T03:29:35.656144Z vfio_region_write  (0000:09:00.0:region0+0x8064, 0x20002000, 4)
2026-07-07T03:29:35.656157Z vfio_region_write  (0000:09:00.0:region0+0x8068, 0x20002000, 4)
2026-07-07T03:29:35.656171Z vfio_region_write  (0000:09:00.0:region0+0x806c, 0xffff2000, 4)
2026-07-07T03:29:35.656184Z vfio_region_write  (0000:09:00.0:region0+0x408, 0x1, 4)
2026-07-07T03:29:35.656237Z vfio_region_read  (0000:09:00.0:region0+0x100, 4) = 0x20000000
2026-07-07T03:29:35.656257Z vfio_region_read  (0000:09:00.0:region0+0x300, 4) = 0x0
2026-07-07T03:29:35.656278Z vfio_region_read  (0000:09:00.0:region0+0x200, 4) = 0x0
2026-07-07T03:29:35.656296Z vfio_region_read  (0000:09:00.0:region0+0x400, 4) = 0x3
2026-07-07T03:29:35.656314Z vfio_region_read  (0000:09:00.0:region0+0x500, 4) = 0xff0000
2026-07-07T03:29:35.656345Z vfio_region_read  (0000:09:00.0:region0+0x100, 4) = 0x0
2026-07-07T03:29:35.656364Z vfio_region_read  (0000:09:00.0:region0+0x300, 4) = 0x0
2026-07-07T03:29:35.656381Z vfio_region_read  (0000:09:00.0:region0+0x200, 4) = 0x0
2026-07-07T03:29:35.656399Z vfio_region_read  (0000:09:00.0:region0+0x400, 4) = 0x0
2026-07-07T03:29:35.656417Z vfio_region_read  (0000:09:00.0:region0+0x500, 4) = 0xff0000
