vfio_region_write  (0000:05:00.0:region0+0x510, 0x8, 4)
vfio_region_write  (0000:05:00.0:region0+0x500, 0x8, 4)
vfio_region_write  (0000:05:00.0:region0+0x410, 0x7ebff000, 4)
vfio_region_write  (0000:05:00.0:region0+0x414, 0x0, 4)
vfio_region_write  (0000:05:00.0:region0+0x104, 0xf000003f, 4)
vfio_region_write  (0000:05:00.0:region0+0x408, 0x2, 4)
vfio_region_write  (0000:05:00.0:region0+0x8020, 0x80800005, 4)
vfio_region_write  (0000:05:00.0:region0+0x8024, 0x8, 4)
vfio_region_write  (0000:05:00.0:region0+0x8028, 0x0, 4)
vfio_region_write  (0000:05:00.0:region0+0x802c, 0x0, 4)
vfio_region_write  (0000:05:00.0:region0+0x8030, 0x0, 4)
vfio_region_write  (0000:05:00.0:region0+0x8034, 0x8, 4)
vfio_region_write  (0000:05:00.0:region0+0x408, 0x1, 4)
vfio_region_read   (0000:05:00.0:region0+0x100, 4) = 0x0
vfio_region_read   (0000:05:00.0:region0+0x100, 4) = 0x0
vfio_region_read   (0000:05:00.0:region0+0x100, 4) = 0x0
vfio_region_read   (0000:05:00.0:region0+0x100, 4) = 0x0
vfio_region_read   (0000:05:00.0:region0+0x100, 4) = 0x0
vfio_region_read   (0000:05:00.0:region0+0x100, 4) = 0x0
vfio_region_read   (0000:05:00.0:region0+0x100, 4) = 0x0
vfio_region_read   (0000:05:00.0:region0+0x100, 4) = 0x0
vfio_region_read   (0000:05:00.0:region0+0x100, 4) = 0x0
vfio_region_read   (0000:05:00.0:region0+0x100, 4) = 0x0
vfio_region_read   (0000:05:00.0:region0+0x100, 4) = 0x0
vfio_region_read   (0000:05:00.0:region0+0x100, 4) = 0x0
vfio_region_read   (0000:05:00.0:region0+0x100, 4) = 0x0
vfio_region_read   (0000:05:00.0:region0+0x100, 4) = 0x0
vfio_region_read   (0000:05:00.0:region0+0x100, 4) = 0x0
vfio_region_read   (0000:05:00.0:region0+0x100, 4) = 0x0
vfio_region_read   (0000:05:00.0:region0+0x100, 4) = 0x0
vfio_region_read   (0000:05:00.0:region0+0x100, 4) = 0x0
vfio_region_read   (0000:05:00.0:region0+0x100, 4) = 0x0
vfio_region_read   (0000:05:00.0:region0+0x100, 4) = 0x0
vfio_region_read   (0000:05:00.0:region0+0x100, 4) = 0x0
vfio_region_read   (0000:05:00.0:region0+0x100, 4) = 0x0
vfio_region_read   (0000:05:00.0:region0+0x100, 4) = 0x0
vfio_region_read   (0000:05:00.0:region0+0x100, 4) = 0x0
vfio_region_read   (0000:05:00.0:region0+0x100, 4) = 0x0
vfio_region_read   (0000:05:00.0:region0+0x100, 4) = 0x0
vfio_region_read   (0000:05:00.0:region0+0x100, 4) = 0x0
vfio_region_read   (0000:05:00.0:region0+0x100, 4) = 0x0
vfio_region_read   (0000:05:00.0:region0+0x100, 4) = 0x0
vfio_region_read   (0000:05:00.0:region0+0x100, 4) = 0x0
vfio_region_read   (0000:05:00.0:region0+0x100, 4) = 0x0
vfio_region_read   (0000:05:00.0:region0+0x100, 4) = 0x0
vfio_region_read   (0000:05:00.0:region0+0x100, 4) = 0x0
vfio_region_read   (0000:05:00.0:region0+0x100, 4) = 0x0
vfio_region_read   (0000:05:00.0:region0+0x100, 4) = 0x0
vfio_region_read   (0000:05:00.0:region0+0x100, 4) = 0x0
vfio_region_read   (0000:05:00.0:region0+0x100, 4) = 0x0
vfio_region_read   (0000:05:00.0:region0+0x100, 4) = 0x0
vfio_region_read   (0000:05:00.0:region0+0x100, 4) = 0x0
vfio_region_read   (0000:05:00.0:region0+0x100, 4) = 0x0
vfio_region_read   (0000:05:00.0:region0+0x100, 4) = 0x0
vfio_region_read   (0000:05:00.0:region0+0x100, 4) = 0x0
vfio_region_read   (0000:05:00.0:region0+0x100, 4) = 0x0
vfio_region_read   (0000:05:00.0:region0+0x100, 4) = 0x0
vfio_region_read   (0000:05:00.0:region0+0x100, 4) = 0x0
vfio_region_read   (0000:05:00.0:region0+0x100, 4) = 0x0
vfio_region_read   (0000:05:00.0:region0+0x100, 4) = 0x0
vfio_region_read   (0000:05:00.0:region0+0x100, 4) = 0x0
vfio_region_read   (0000:05:00.0:region0+0x100, 4) = 0x0
vfio_region_read   (0000:05:00.0:region0+0x100, 4) = 0x0
vfio_region_read   (0000:05:00.0:region0+0x100, 4) = 0x0
vfio_region_read   (0000:05:00.0:region0+0x100, 4) = 0x0
vfio_region_read   (0000:05:00.0:region0+0x100, 4) = 0x0
vfio_region_read   (0000:05:00.0:region0+0x100, 4) = 0x0
vfio_region_read   (0000:05:00.0:region0+0x100, 4) = 0x0
vfio_region_read   (0000:05:00.0:region0+0x100, 4) = 0x0
vfio_region_read   (0000:05:00.0:region0+0x100, 4) = 0x0
vfio_region_read   (0000:05:00.0:region0+0x100, 4) = 0x0
vfio_region_read   (0000:05:00.0:region0+0x100, 4) = 0x0
vfio_region_read   (0000:05:00.0:region0+0x100, 4) = 0x0
vfio_region_read   (0000:05:00.0:region0+0x100, 4) = 0x0
vfio_region_read   (0000:05:00.0:region0+0x100, 4) = 0x0
vfio_region_read   (0000:05:00.0:region0+0x100, 4) = 0x0
vfio_region_read   (0000:05:00.0:region0+0x100, 4) = 0x0
vfio_region_read   (0000:05:00.0:region0+0x100, 4) = 0x0
vfio_region_read   (0000:05:00.0:region0+0x100, 4) = 0x0
vfio_region_read   (0000:05:00.0:region0+0x100, 4) = 0x0
vfio_region_read   (0000:05:00.0:region0+0x100, 4) = 0x0
vfio_region_read   (0000:05:00.0:region0+0x100, 4) = 0x0
vfio_region_read   (0000:05:00.0:region0+0x100, 4) = 0x0
vfio_region_read   (0000:05:00.0:region0+0x100, 4) = 0x0
vfio_region_read   (0000:05:00.0:region0+0x100, 4) = 0x0
vfio_region_read   (0000:05:00.0:region0+0x100, 4) = 0x0
vfio_region_read   (0000:05:00.0:region0+0x100, 4) = 0x0
vfio_region_read   (0000:05:00.0:region0+0x100, 4) = 0x0
vfio_region_read   (0000:05:00.0:region0+0x100, 4) = 0x0
vfio_region_read   (0000:05:00.0:region0+0x100, 4) = 0x0
vfio_region_read   (0000:05:00.0:region0+0x100, 4) = 0x0
vfio_region_read   (0000:05:00.0:region0+0x100, 4) = 0x0
vfio_region_read   (0000:05:00.0:region0+0x100, 4) = 0x0
vfio_region_read   (0000:05:00.0:region0+0x100, 4) = 0x0
vfio_region_read   (0000:05:00.0:region0+0x100, 4) = 0x0
vfio_region_read   (0000:05:00.0:region0+0x100, 4) = 0x0
vfio_region_read   (0000:05:00.0:region0+0x100, 4) = 0x0
vfio_region_read   (0000:05:00.0:region0+0x100, 4) = 0x0
vfio_region_read   (0000:05:00.0:region0+0x100, 4) = 0x0
vfio_region_read   (0000:05:00.0:region0+0x100, 4) = 0x0
vfio_region_read   (0000:05:00.0:region0+0x100, 4) = 0x0
vfio_region_read   (0000:05:00.0:region0+0x100, 4) = 0x0
vfio_region_read   (0000:05:00.0:region0+0x100, 4) = 0x0
vfio_region_read   (0000:05:00.0:region0+0x100, 4) = 0x0
vfio_region_read   (0000:05:00.0:region0+0x100, 4) = 0x0
vfio_region_read   (0000:05:00.0:region0+0x100, 4) = 0x20000000
vfio_region_read   (0000:05:00.0:region0+0x8028, 4) = 0x0
vfio_region_write  (0000:05:00.0:region0+0x408, 0x2, 4)
vfio_region_write  (0000:05:00.0:region0+0x8020, 0x80007001, 4)
vfio_region_write  (0000:05:00.0:region0+0x8024, 0x10001, 4)
vfio_region_write  (0000:05:00.0:region0+0x8028, 0x0, 4)
vfio_region_write  (0000:05:00.0:region0+0x802c, 0x0, 4)
vfio_region_write  (0000:05:00.0:region0+0x8030, 0x0, 4)
vfio_region_write  (0000:05:00.0:region0+0x408, 0x1, 4)
vfio_region_read   (0000:05:00.0:region0+0x100, 4) = 0x20000000
vfio_region_read   (0000:05:00.0:region0+0x8028, 4) = 0x0
vfio_region_write  (0000:05:00.0:region0+0x408, 0x2, 4)
vfio_region_write  (0000:05:00.0:region0+0x8020, 0x80007001, 4)
vfio_region_write  (0000:05:00.0:region0+0x8024, 0x20001, 4)
vfio_region_write  (0000:05:00.0:region0+0x8028, 0x0, 4)
vfio_region_write  (0000:05:00.0:region0+0x802c, 0x0, 4)
vfio_region_write  (0000:05:00.0:region0+0x8030, 0x1, 4)
vfio_region_write  (0000:05:00.0:region0+0x408, 0x1, 4)
vfio_region_read   (0000:05:00.0:region0+0x100, 4) = 0x20000000
vfio_region_read   (0000:05:00.0:region0+0x8028, 4) = 0x0
vfio_region_write  (0000:05:00.0:region0+0x408, 0x2, 4)
vfio_region_write  (0000:05:00.0:region0+0x8020, 0x80007001, 4)
vfio_region_write  (0000:05:00.0:region0+0x8024, 0x30001, 4)
vfio_region_write  (0000:05:00.0:region0+0x8028, 0x0, 4)
vfio_region_write  (0000:05:00.0:region0+0x802c, 0x0, 4)
vfio_region_write  (0000:05:00.0:region0+0x8030, 0x2, 4)
vfio_region_write  (0000:05:00.0:region0+0x408, 0x1, 4)
vfio_region_read   (0000:05:00.0:region0+0x100, 4) = 0x20000000
vfio_region_read   (0000:05:00.0:region0+0x8028, 4) = 0x0
vfio_region_write  (0000:05:00.0:region0+0x408, 0x2, 4)
vfio_region_write  (0000:05:00.0:region0+0x8020, 0x80000002, 4)
vfio_region_write  (0000:05:00.0:region0+0x8024, 0x40000, 4)
vfio_region_write  (0000:05:00.0:region0+0x8028, 0x0, 4)
vfio_region_write  (0000:05:00.0:region0+0x802c, 0x0, 4)
vfio_region_write  (0000:05:00.0:region0+0x408, 0x1, 4)
vfio_region_read   (0000:05:00.0:region0+0x100, 4) = 0x20000000
vfio_region_read   (0000:05:00.0:region0+0x8028, 4) = 0x0
vfio_region_write  (0000:05:00.0:region0+0x408, 0x2, 4)
vfio_region_write  (0000:05:00.0:region0+0x8020, 0x80006002, 4)
vfio_region_write  (0000:05:00.0:region0+0x8024, 0x50000, 4)
vfio_region_write  (0000:05:00.0:region0+0x8028, 0x0, 4)
vfio_region_write  (0000:05:00.0:region0+0x802c, 0x0, 4)
vfio_region_write  (0000:05:00.0:region0+0x408, 0x1, 4)
vfio_region_read   (0000:05:00.0:region0+0x100, 4) = 0x20000000
vfio_region_read   (0000:05:00.0:region0+0x8028, 4) = 0x0
vfio_region_write  (0000:05:00.0:region0+0x408, 0x2, 4)
vfio_region_write  (0000:05:00.0:region0+0x8020, 0x80006000, 4)
vfio_region_write  (0000:05:00.0:region0+0x8024, 0x60000, 4)
vfio_region_write  (0000:05:00.0:region0+0x8028, 0x0, 4)
vfio_region_write  (0000:05:00.0:region0+0x802c, 0x0, 4)
vfio_region_write  (0000:05:00.0:region0+0x408, 0x1, 4)
vfio_region_read   (0000:05:00.0:region0+0x100, 4) = 0x20000000
vfio_region_read   (0000:05:00.0:region0+0x8028, 4) = 0x0
vfio_region_write  (0000:05:00.0:region0+0x408, 0x2, 4)
vfio_region_write  (0000:05:00.0:region0+0x8020, 0x80006003, 4)
vfio_region_write  (0000:05:00.0:region0+0x8024, 0x70008, 4)
vfio_region_write  (0000:05:00.0:region0+0x8028, 0x0, 4)
vfio_region_write  (0000:05:00.0:region0+0x802c, 0x0, 4)
vfio_region_write  (0000:05:00.0:region0+0x8030, 0xbb80, 4)
vfio_region_write  (0000:05:00.0:region0+0x8034, 0x18, 4)
vfio_region_write  (0000:05:00.0:region0+0x408, 0x1, 4)
vfio_region_read   (0000:05:00.0:region0+0x100, 4) = 0x20000000
vfio_region_read   (0000:05:00.0:region0+0x8028, 4) = 0x0
vfio_region_write  (0000:05:00.0:region0+0x408, 0x2, 4)
vfio_region_write  (0000:05:00.0:region0+0x8020, 0x80005000, 4)
vfio_region_write  (0000:05:00.0:region0+0x8024, 0x80002, 4)
vfio_region_write  (0000:05:00.0:region0+0x8028, 0x0, 4)
vfio_region_write  (0000:05:00.0:region0+0x802c, 0x0, 4)
vfio_region_write  (0000:05:00.0:region0+0x8030, 0x3, 4)
vfio_region_write  (0000:05:00.0:region0+0x408, 0x1, 4)
vfio_region_read   (0000:05:00.0:region0+0x100, 4) = 0x20000000
vfio_region_read   (0000:05:00.0:region0+0x8028, 4) = 0x0
vfio_region_write  (0000:05:00.0:region0+0x408, 0x2, 4)
vfio_region_write  (0000:05:00.0:region0+0x8020, 0x80005000, 4)
vfio_region_write  (0000:05:00.0:region0+0x8024, 0x90002, 4)
vfio_region_write  (0000:05:00.0:region0+0x8028, 0x0, 4)
vfio_region_write  (0000:05:00.0:region0+0x802c, 0x0, 4)
vfio_region_write  (0000:05:00.0:region0+0x8030, 0x5, 4)
vfio_region_write  (0000:05:00.0:region0+0x408, 0x1, 4)
vfio_region_read   (0000:05:00.0:region0+0x100, 4) = 0x20000000
vfio_region_read   (0000:05:00.0:region0+0x8028, 4) = 0x0
vfio_region_write  (0000:05:00.0:region0+0x408, 0x2, 4)
vfio_region_write  (0000:05:00.0:region0+0x8020, 0x80005000, 4)
vfio_region_write  (0000:05:00.0:region0+0x8024, 0xa0002, 4)
vfio_region_write  (0000:05:00.0:region0+0x8028, 0x0, 4)
vfio_region_write  (0000:05:00.0:region0+0x802c, 0x0, 4)
vfio_region_write  (0000:05:00.0:region0+0x8030, 0x6, 4)
vfio_region_write  (0000:05:00.0:region0+0x408, 0x1, 4)
vfio_region_read   (0000:05:00.0:region0+0x100, 4) = 0x20000000
vfio_region_read   (0000:05:00.0:region0+0x8028, 4) = 0x0
vfio_region_write  (0000:05:00.0:region0+0x408, 0x2, 4)
vfio_region_write  (0000:05:00.0:region0+0x8020, 0x80006001, 4)
vfio_region_write  (0000:05:00.0:region0+0x8024, 0xb0000, 4)
vfio_region_write  (0000:05:00.0:region0+0x8028, 0x0, 4)
vfio_region_write  (0000:05:00.0:region0+0x802c, 0x0, 4)
vfio_region_write  (0000:05:00.0:region0+0x408, 0x1, 4)
vfio_region_read   (0000:05:00.0:region0+0x100, 4) = 0x20000000
vfio_region_read   (0000:05:00.0:region0+0x8028, 4) = 0x0
vfio_region_write  (0000:05:00.0:region0+0x408, 0x2, 4)
vfio_region_write  (0000:05:00.0:region0+0x8020, 0x80800005, 4)
vfio_region_write  (0000:05:00.0:region0+0x8024, 0xc0008, 4)
vfio_region_write  (0000:05:00.0:region0+0x8028, 0x0, 4)
vfio_region_write  (0000:05:00.0:region0+0x802c, 0x0, 4)
vfio_region_write  (0000:05:00.0:region0+0x8030, 0x0, 4)
vfio_region_write  (0000:05:00.0:region0+0x8034, 0xc, 4)
vfio_region_write  (0000:05:00.0:region0+0x408, 0x1, 4)
vfio_region_read   (0000:05:00.0:region0+0x100, 4) = 0x20000000
vfio_region_read   (0000:05:00.0:region0+0x8028, 4) = 0x0
vfio_region_write  (0000:05:00.0:region0+0x408, 0x2, 4)
vfio_region_write  (0000:05:00.0:region0+0x8020, 0x80007000, 4)
vfio_region_write  (0000:05:00.0:region0+0x8024, 0xd0000, 4)
vfio_region_write  (0000:05:00.0:region0+0x8028, 0x0, 4)
vfio_region_write  (0000:05:00.0:region0+0x802c, 0x0, 4)
vfio_region_write  (0000:05:00.0:region0+0x408, 0x1, 4)
vfio_region_read   (0000:05:00.0:region0+0x100, 4) = 0x20000000
vfio_region_read   (0000:05:00.0:region0+0x8028, 4) = 0x0
vfio_region_write  (0000:05:00.0:region0+0x408, 0x2, 4)
vfio_region_write  (0000:05:00.0:region0+0x8020, 0x80007002, 4)
vfio_region_write  (0000:05:00.0:region0+0x8024, 0xe0006, 4)
vfio_region_write  (0000:05:00.0:region0+0x8028, 0x0, 4)
vfio_region_write  (0000:05:00.0:region0+0x802c, 0x0, 4)
vfio_region_write  (0000:05:00.0:region0+0x8030, 0x0, 4)
vfio_region_write  (0000:05:00.0:region0+0x8034, 0x4, 4)
vfio_region_write  (0000:05:00.0:region0+0x408, 0x1, 4)
vfio_region_read   (0000:05:00.0:region0+0x100, 4) = 0x20000000
vfio_region_read   (0000:05:00.0:region0+0x8028, 4) = 0x0
vfio_region_write  (0000:05:00.0:region0+0x408, 0x2, 4)
vfio_region_write  (0000:05:00.0:region0+0x8020, 0x80005000, 4)
vfio_region_write  (0000:05:00.0:region0+0x8024, 0xf0002, 4)
vfio_region_write  (0000:05:00.0:region0+0x8028, 0x0, 4)
vfio_region_write  (0000:05:00.0:region0+0x802c, 0x0, 4)
vfio_region_write  (0000:05:00.0:region0+0x8030, 0x2b, 4)
vfio_region_write  (0000:05:00.0:region0+0x408, 0x1, 4)
vfio_region_read   (0000:05:00.0:region0+0x100, 4) = 0x20000000
vfio_region_read   (0000:05:00.0:region0+0x8028, 4) = 0x0
vfio_region_write  (0000:05:00.0:region0+0x408, 0x2, 4)
vfio_region_write  (0000:05:00.0:region0+0x8020, 0x80005000, 4)
vfio_region_write  (0000:05:00.0:region0+0x8024, 0x100002, 4)
vfio_region_write  (0000:05:00.0:region0+0x8028, 0x0, 4)
vfio_region_write  (0000:05:00.0:region0+0x802c, 0x0, 4)
vfio_region_write  (0000:05:00.0:region0+0x8030, 0x2c, 4)
vfio_region_write  (0000:05:00.0:region0+0x408, 0x1, 4)
vfio_region_read   (0000:05:00.0:region0+0x100, 4) = 0x20000000
vfio_region_read   (0000:05:00.0:region0+0x8028, 4) = 0x0
vfio_region_write  (0000:05:00.0:region0+0x408, 0x2, 4)
vfio_region_write  (0000:05:00.0:region0+0x8020, 0x80005000, 4)
vfio_region_write  (0000:05:00.0:region0+0x8024, 0x110002, 4)
vfio_region_write  (0000:05:00.0:region0+0x8028, 0x0, 4)
vfio_region_write  (0000:05:00.0:region0+0x802c, 0x0, 4)
vfio_region_write  (0000:05:00.0:region0+0x8030, 0x2d, 4)
vfio_region_write  (0000:05:00.0:region0+0x408, 0x1, 4)
vfio_region_read   (0000:05:00.0:region0+0x100, 4) = 0x20000000
vfio_region_read   (0000:05:00.0:region0+0x8028, 4) = 0x0
vfio_region_write  (0000:05:00.0:region0+0x408, 0x2, 4)
vfio_region_write  (0000:05:00.0:region0+0x8020, 0x80005000, 4)
vfio_region_write  (0000:05:00.0:region0+0x8024, 0x120002, 4)
vfio_region_write  (0000:05:00.0:region0+0x8028, 0x0, 4)
vfio_region_write  (0000:05:00.0:region0+0x802c, 0x0, 4)
vfio_region_write  (0000:05:00.0:region0+0x8030, 0x2e, 4)
vfio_region_write  (0000:05:00.0:region0+0x408, 0x1, 4)
vfio_region_read   (0000:05:00.0:region0+0x100, 4) = 0x20000000
vfio_region_read   (0000:05:00.0:region0+0x8028, 4) = 0x0
vfio_region_write  (0000:05:00.0:region0+0x408, 0x2, 4)
vfio_region_write  (0000:05:00.0:region0+0x8020, 0x80007003, 4)
vfio_region_write  (0000:05:00.0:region0+0x8024, 0x130006, 4)
vfio_region_write  (0000:05:00.0:region0+0x8028, 0x0, 4)
vfio_region_write  (0000:05:00.0:region0+0x802c, 0x0, 4)
vfio_region_write  (0000:05:00.0:region0+0x8030, 0x0, 4)
vfio_region_write  (0000:05:00.0:region0+0x8034, 0xe, 4)
vfio_region_write  (0000:05:00.0:region0+0x408, 0x1, 4)
vfio_region_read   (0000:05:00.0:region0+0x100, 4) = 0x20000000
vfio_region_read   (0000:05:00.0:region0+0x8028, 4) = 0x0
vfio_region_write  (0000:05:00.0:region0+0x408, 0x2, 4)
vfio_region_write  (0000:05:00.0:region0+0x8020, 0x80005000, 4)
vfio_region_write  (0000:05:00.0:region0+0x8024, 0x140002, 4)
vfio_region_write  (0000:05:00.0:region0+0x8028, 0x0, 4)
vfio_region_write  (0000:05:00.0:region0+0x802c, 0x0, 4)
vfio_region_write  (0000:05:00.0:region0+0x8030, 0xd, 4)
vfio_region_write  (0000:05:00.0:region0+0x408, 0x1, 4)
vfio_region_read   (0000:05:00.0:region0+0x100, 4) = 0x20000000
vfio_region_read   (0000:05:00.0:region0+0x8028, 4) = 0x0
vfio_region_write  (0000:05:00.0:region0+0x408, 0x2, 4)
vfio_region_write  (0000:05:00.0:region0+0x8020, 0x80005000, 4)
vfio_region_write  (0000:05:00.0:region0+0x8024, 0x150002, 4)
vfio_region_write  (0000:05:00.0:region0+0x8028, 0x0, 4)
vfio_region_write  (0000:05:00.0:region0+0x802c, 0x0, 4)
vfio_region_write  (0000:05:00.0:region0+0x8030, 0xe, 4)
vfio_region_write  (0000:05:00.0:region0+0x408, 0x1, 4)
vfio_region_read   (0000:05:00.0:region0+0x100, 4) = 0x20000000
vfio_region_read   (0000:05:00.0:region0+0x8028, 4) = 0x0
vfio_region_write  (0000:05:00.0:region0+0x408, 0x2, 4)
vfio_region_write  (0000:05:00.0:region0+0x8020, 0x80005000, 4)
vfio_region_write  (0000:05:00.0:region0+0x8024, 0x160002, 4)
vfio_region_write  (0000:05:00.0:region0+0x8028, 0x0, 4)
vfio_region_write  (0000:05:00.0:region0+0x802c, 0x0, 4)
vfio_region_write  (0000:05:00.0:region0+0x8030, 0x15, 4)
vfio_region_write  (0000:05:00.0:region0+0x408, 0x1, 4)
vfio_region_read   (0000:05:00.0:region0+0x100, 4) = 0x20000000
vfio_region_read   (0000:05:00.0:region0+0x8028, 4) = 0x0
vfio_region_write  (0000:05:00.0:region0+0x408, 0x2, 4)
vfio_region_write  (0000:05:00.0:region0+0x8020, 0x80005000, 4)
vfio_region_write  (0000:05:00.0:region0+0x8024, 0x170002, 4)
vfio_region_write  (0000:05:00.0:region0+0x8028, 0x0, 4)
vfio_region_write  (0000:05:00.0:region0+0x802c, 0x0, 4)
vfio_region_write  (0000:05:00.0:region0+0x8030, 0x16, 4)
vfio_region_write  (0000:05:00.0:region0+0x408, 0x1, 4)
vfio_region_read   (0000:05:00.0:region0+0x100, 4) = 0x20000000
vfio_region_read   (0000:05:00.0:region0+0x8028, 4) = 0x0
vfio_region_write  (0000:05:00.0:region0+0x408, 0x2, 4)
vfio_region_write  (0000:05:00.0:region0+0x8020, 0x80005000, 4)
vfio_region_write  (0000:05:00.0:region0+0x8024, 0x180002, 4)
vfio_region_write  (0000:05:00.0:region0+0x8028, 0x0, 4)
vfio_region_write  (0000:05:00.0:region0+0x802c, 0x0, 4)
vfio_region_write  (0000:05:00.0:region0+0x8030, 0x27, 4)
vfio_region_write  (0000:05:00.0:region0+0x408, 0x1, 4)
vfio_region_read   (0000:05:00.0:region0+0x100, 4) = 0x20000000
vfio_region_read   (0000:05:00.0:region0+0x8028, 4) = 0x0
vfio_region_write  (0000:05:00.0:region0+0x408, 0x2, 4)
vfio_region_write  (0000:05:00.0:region0+0x8020, 0x80005000, 4)
vfio_region_write  (0000:05:00.0:region0+0x8024, 0x190002, 4)
vfio_region_write  (0000:05:00.0:region0+0x8028, 0x0, 4)
vfio_region_write  (0000:05:00.0:region0+0x802c, 0x0, 4)
vfio_region_write  (0000:05:00.0:region0+0x8030, 0x28, 4)
vfio_region_write  (0000:05:00.0:region0+0x408, 0x1, 4)
vfio_region_read   (0000:05:00.0:region0+0x100, 4) = 0x20000000
vfio_region_read   (0000:05:00.0:region0+0x8028, 4) = 0x0
vfio_region_write  (0000:05:00.0:region0+0x408, 0x2, 4)
vfio_region_write  (0000:05:00.0:region0+0x8020, 0x80005000, 4)
vfio_region_write  (0000:05:00.0:region0+0x8024, 0x1a0002, 4)
vfio_region_write  (0000:05:00.0:region0+0x8028, 0x0, 4)
vfio_region_write  (0000:05:00.0:region0+0x802c, 0x0, 4)
vfio_region_write  (0000:05:00.0:region0+0x8030, 0x17, 4)
vfio_region_write  (0000:05:00.0:region0+0x408, 0x1, 4)
vfio_region_read   (0000:05:00.0:region0+0x100, 4) = 0x20000000
vfio_region_read   (0000:05:00.0:region0+0x8028, 4) = 0x0
vfio_region_write  (0000:05:00.0:region0+0x408, 0x2, 4)
vfio_region_write  (0000:05:00.0:region0+0x8020, 0x80005000, 4)
vfio_region_write  (0000:05:00.0:region0+0x8024, 0x1b0002, 4)
vfio_region_write  (0000:05:00.0:region0+0x8028, 0x0, 4)
vfio_region_write  (0000:05:00.0:region0+0x802c, 0x0, 4)
vfio_region_write  (0000:05:00.0:region0+0x8030, 0x18, 4)
vfio_region_write  (0000:05:00.0:region0+0x408, 0x1, 4)
vfio_region_read   (0000:05:00.0:region0+0x100, 4) = 0x20000000
vfio_region_read   (0000:05:00.0:region0+0x8028, 4) = 0x0
vfio_region_write  (0000:05:00.0:region0+0x408, 0x2, 4)
vfio_region_write  (0000:05:00.0:region0+0x8020, 0x80005000, 4)
vfio_region_write  (0000:05:00.0:region0+0x8024, 0x1c0002, 4)
vfio_region_write  (0000:05:00.0:region0+0x8028, 0x0, 4)
vfio_region_write  (0000:05:00.0:region0+0x802c, 0x0, 4)
vfio_region_write  (0000:05:00.0:region0+0x8030, 0x19, 4)
vfio_region_write  (0000:05:00.0:region0+0x408, 0x1, 4)
vfio_region_read   (0000:05:00.0:region0+0x100, 4) = 0x20000000
vfio_region_read   (0000:05:00.0:region0+0x8028, 4) = 0x0
vfio_region_write  (0000:05:00.0:region0+0x408, 0x2, 4)
vfio_region_write  (0000:05:00.0:region0+0x8020, 0x80005000, 4)
vfio_region_write  (0000:05:00.0:region0+0x8024, 0x1d0002, 4)
vfio_region_write  (0000:05:00.0:region0+0x8028, 0x0, 4)
vfio_region_write  (0000:05:00.0:region0+0x802c, 0x0, 4)
vfio_region_write  (0000:05:00.0:region0+0x8030, 0x1a, 4)
vfio_region_write  (0000:05:00.0:region0+0x408, 0x1, 4)
vfio_region_read   (0000:05:00.0:region0+0x100, 4) = 0x20000000
vfio_region_read   (0000:05:00.0:region0+0x8028, 4) = 0x0
vfio_region_write  (0000:05:00.0:region0+0x408, 0x2, 4)
vfio_region_write  (0000:05:00.0:region0+0x8020, 0x80005000, 4)
vfio_region_write  (0000:05:00.0:region0+0x8024, 0x1e0002, 4)
vfio_region_write  (0000:05:00.0:region0+0x8028, 0x0, 4)
vfio_region_write  (0000:05:00.0:region0+0x802c, 0x0, 4)
vfio_region_write  (0000:05:00.0:region0+0x8030, 0x1b, 4)
vfio_region_write  (0000:05:00.0:region0+0x408, 0x1, 4)
vfio_region_read   (0000:05:00.0:region0+0x100, 4) = 0x20000000
vfio_region_read   (0000:05:00.0:region0+0x8028, 4) = 0x0
vfio_region_write  (0000:05:00.0:region0+0x408, 0x2, 4)
vfio_region_write  (0000:05:00.0:region0+0x8020, 0x80005000, 4)
vfio_region_write  (0000:05:00.0:region0+0x8024, 0x1f0002, 4)
vfio_region_write  (0000:05:00.0:region0+0x8028, 0x0, 4)
vfio_region_write  (0000:05:00.0:region0+0x802c, 0x0, 4)
vfio_region_write  (0000:05:00.0:region0+0x8030, 0x1c, 4)
vfio_region_write  (0000:05:00.0:region0+0x408, 0x1, 4)
vfio_region_read   (0000:05:00.0:region0+0x100, 4) = 0x20000000
vfio_region_read   (0000:05:00.0:region0+0x8028, 4) = 0x0
vfio_region_write  (0000:05:00.0:region0+0x408, 0x2, 4)
vfio_region_write  (0000:05:00.0:region0+0x8020, 0x80005000, 4)
vfio_region_write  (0000:05:00.0:region0+0x8024, 0x200002, 4)
vfio_region_write  (0000:05:00.0:region0+0x8028, 0x0, 4)
vfio_region_write  (0000:05:00.0:region0+0x802c, 0x0, 4)
vfio_region_write  (0000:05:00.0:region0+0x8030, 0x1d, 4)
vfio_region_write  (0000:05:00.0:region0+0x408, 0x1, 4)
vfio_region_read   (0000:05:00.0:region0+0x100, 4) = 0x20000000
vfio_region_read   (0000:05:00.0:region0+0x8028, 4) = 0x0
vfio_region_write  (0000:05:00.0:region0+0x408, 0x2, 4)
vfio_region_write  (0000:05:00.0:region0+0x8020, 0x80005000, 4)
vfio_region_write  (0000:05:00.0:region0+0x8024, 0x210002, 4)
vfio_region_write  (0000:05:00.0:region0+0x8028, 0x0, 4)
vfio_region_write  (0000:05:00.0:region0+0x802c, 0x0, 4)
vfio_region_write  (0000:05:00.0:region0+0x8030, 0x1e, 4)
vfio_region_write  (0000:05:00.0:region0+0x408, 0x1, 4)
vfio_region_read   (0000:05:00.0:region0+0x100, 4) = 0x20000000
vfio_region_read   (0000:05:00.0:region0+0x8028, 4) = 0x0
vfio_region_write  (0000:05:00.0:region0+0x408, 0x2, 4)
vfio_region_write  (0000:05:00.0:region0+0x8020, 0x80000002, 4)
vfio_region_write  (0000:05:00.0:region0+0x8024, 0x220000, 4)
vfio_region_write  (0000:05:00.0:region0+0x8028, 0x0, 4)
vfio_region_write  (0000:05:00.0:region0+0x802c, 0x0, 4)
vfio_region_write  (0000:05:00.0:region0+0x408, 0x1, 4)
vfio_region_read   (0000:05:00.0:region0+0x100, 4) = 0x20000000
vfio_region_read   (0000:05:00.0:region0+0x8028, 4) = 0x0
vfio_region_write  (0000:05:00.0:region0+0x408, 0x2, 4)
vfio_region_write  (0000:05:00.0:region0+0x8020, 0x80006002, 4)
vfio_region_write  (0000:05:00.0:region0+0x8024, 0x230000, 4)
vfio_region_write  (0000:05:00.0:region0+0x8028, 0x0, 4)
vfio_region_write  (0000:05:00.0:region0+0x802c, 0x0, 4)
vfio_region_write  (0000:05:00.0:region0+0x408, 0x1, 4)
vfio_region_read   (0000:05:00.0:region0+0x100, 4) = 0x20000000
vfio_region_read   (0000:05:00.0:region0+0x8028, 4) = 0x0
vfio_region_write  (0000:05:00.0:region0+0x408, 0x2, 4)
vfio_region_write  (0000:05:00.0:region0+0x8020, 0x80006000, 4)
vfio_region_write  (0000:05:00.0:region0+0x8024, 0x240000, 4)
vfio_region_write  (0000:05:00.0:region0+0x8028, 0x0, 4)
vfio_region_write  (0000:05:00.0:region0+0x802c, 0x0, 4)
vfio_region_write  (0000:05:00.0:region0+0x408, 0x1, 4)
vfio_region_read   (0000:05:00.0:region0+0x100, 4) = 0x20000000
vfio_region_read   (0000:05:00.0:region0+0x8028, 4) = 0x0
vfio_region_write  (0000:05:00.0:region0+0x408, 0x2, 4)
vfio_region_write  (0000:05:00.0:region0+0x8020, 0x80005000, 4)
vfio_region_write  (0000:05:00.0:region0+0x8024, 0x250002, 4)
vfio_region_write  (0000:05:00.0:region0+0x8028, 0x0, 4)
vfio_region_write  (0000:05:00.0:region0+0x802c, 0x0, 4)
vfio_region_write  (0000:05:00.0:region0+0x8030, 0x3, 4)
vfio_region_write  (0000:05:00.0:region0+0x408, 0x1, 4)
vfio_region_read   (0000:05:00.0:region0+0x100, 4) = 0x20000000
vfio_region_read   (0000:05:00.0:region0+0x8028, 4) = 0x0
vfio_region_write  (0000:05:00.0:region0+0x408, 0x2, 4)
vfio_region_write  (0000:05:00.0:region0+0x8020, 0x80005000, 4)
vfio_region_write  (0000:05:00.0:region0+0x8024, 0x260002, 4)
vfio_region_write  (0000:05:00.0:region0+0x8028, 0x0, 4)
vfio_region_write  (0000:05:00.0:region0+0x802c, 0x0, 4)
vfio_region_write  (0000:05:00.0:region0+0x8030, 0x5, 4)
vfio_region_write  (0000:05:00.0:region0+0x408, 0x1, 4)
vfio_region_read   (0000:05:00.0:region0+0x100, 4) = 0x20000000
vfio_region_read   (0000:05:00.0:region0+0x8028, 4) = 0x0
vfio_region_write  (0000:05:00.0:region0+0x408, 0x2, 4)
vfio_region_write  (0000:05:00.0:region0+0x8020, 0x80005000, 4)
vfio_region_write  (0000:05:00.0:region0+0x8024, 0x270002, 4)
vfio_region_write  (0000:05:00.0:region0+0x8028, 0x0, 4)
vfio_region_write  (0000:05:00.0:region0+0x802c, 0x0, 4)
vfio_region_write  (0000:05:00.0:region0+0x8030, 0x6, 4)
vfio_region_write  (0000:05:00.0:region0+0x408, 0x1, 4)
vfio_region_read   (0000:05:00.0:region0+0x100, 4) = 0x20000000
vfio_region_read   (0000:05:00.0:region0+0x8028, 4) = 0x0
vfio_region_write  (0000:05:00.0:region0+0x408, 0x2, 4)
vfio_region_write  (0000:05:00.0:region0+0x8020, 0x80006001, 4)
vfio_region_write  (0000:05:00.0:region0+0x8024, 0x280000, 4)
vfio_region_write  (0000:05:00.0:region0+0x8028, 0x0, 4)
vfio_region_write  (0000:05:00.0:region0+0x802c, 0x0, 4)
vfio_region_write  (0000:05:00.0:region0+0x408, 0x1, 4)
vfio_region_read   (0000:05:00.0:region0+0x100, 4) = 0x20000000
vfio_region_read   (0000:05:00.0:region0+0x8028, 4) = 0x0
vfio_region_write  (0000:05:00.0:region0+0x408, 0x2, 4)
vfio_region_write  (0000:05:00.0:region0+0x8020, 0x80800005, 4)
vfio_region_write  (0000:05:00.0:region0+0x8024, 0x290008, 4)
vfio_region_write  (0000:05:00.0:region0+0x8028, 0x0, 4)
vfio_region_write  (0000:05:00.0:region0+0x802c, 0x0, 4)
vfio_region_write  (0000:05:00.0:region0+0x8030, 0x0, 4)
vfio_region_write  (0000:05:00.0:region0+0x8034, 0xc, 4)
vfio_region_write  (0000:05:00.0:region0+0x408, 0x1, 4)
vfio_region_read   (0000:05:00.0:region0+0x100, 4) = 0x20000000
vfio_region_read   (0000:05:00.0:region0+0x8028, 4) = 0x0
vfio_region_write  (0000:05:00.0:region0+0x408, 0x2, 4)
vfio_region_write  (0000:05:00.0:region0+0x8020, 0x80007000, 4)
vfio_region_write  (0000:05:00.0:region0+0x8024, 0x2a0000, 4)
vfio_region_write  (0000:05:00.0:region0+0x8028, 0x0, 4)
vfio_region_write  (0000:05:00.0:region0+0x802c, 0x0, 4)
vfio_region_write  (0000:05:00.0:region0+0x408, 0x1, 4)
vfio_region_read   (0000:05:00.0:region0+0x100, 4) = 0x20000000
vfio_region_read   (0000:05:00.0:region0+0x8028, 4) = 0x0
vfio_region_write  (0000:05:00.0:region0+0x408, 0x2, 4)
vfio_region_write  (0000:05:00.0:region0+0x8020, 0x80007002, 4)
vfio_region_write  (0000:05:00.0:region0+0x8024, 0x2b0006, 4)
vfio_region_write  (0000:05:00.0:region0+0x8028, 0x0, 4)
vfio_region_write  (0000:05:00.0:region0+0x802c, 0x0, 4)
vfio_region_write  (0000:05:00.0:region0+0x8030, 0x0, 4)
vfio_region_write  (0000:05:00.0:region0+0x8034, 0x4, 4)
vfio_region_write  (0000:05:00.0:region0+0x408, 0x1, 4)
vfio_region_read   (0000:05:00.0:region0+0x100, 4) = 0x20000000
vfio_region_read   (0000:05:00.0:region0+0x8028, 4) = 0x0
vfio_region_write  (0000:05:00.0:region0+0x408, 0x2, 4)
vfio_region_write  (0000:05:00.0:region0+0x8020, 0x80005000, 4)
vfio_region_write  (0000:05:00.0:region0+0x8024, 0x2c0002, 4)
vfio_region_write  (0000:05:00.0:region0+0x8028, 0x0, 4)
vfio_region_write  (0000:05:00.0:region0+0x802c, 0x0, 4)
vfio_region_write  (0000:05:00.0:region0+0x8030, 0x2b, 4)
vfio_region_write  (0000:05:00.0:region0+0x408, 0x1, 4)
vfio_region_read   (0000:05:00.0:region0+0x100, 4) = 0x20000000
vfio_region_read   (0000:05:00.0:region0+0x8028, 4) = 0x0
vfio_region_write  (0000:05:00.0:region0+0x408, 0x2, 4)
vfio_region_write  (0000:05:00.0:region0+0x8020, 0x80005000, 4)
vfio_region_write  (0000:05:00.0:region0+0x8024, 0x2d0002, 4)
vfio_region_write  (0000:05:00.0:region0+0x8028, 0x0, 4)
vfio_region_write  (0000:05:00.0:region0+0x802c, 0x0, 4)
vfio_region_write  (0000:05:00.0:region0+0x8030, 0x2c, 4)
vfio_region_write  (0000:05:00.0:region0+0x408, 0x1, 4)
vfio_region_read   (0000:05:00.0:region0+0x100, 4) = 0x20000000
vfio_region_read   (0000:05:00.0:region0+0x8028, 4) = 0x0
vfio_region_write  (0000:05:00.0:region0+0x408, 0x2, 4)
vfio_region_write  (0000:05:00.0:region0+0x8020, 0x80005000, 4)
vfio_region_write  (0000:05:00.0:region0+0x8024, 0x2e0002, 4)
vfio_region_write  (0000:05:00.0:region0+0x8028, 0x0, 4)
vfio_region_write  (0000:05:00.0:region0+0x802c, 0x0, 4)
vfio_region_write  (0000:05:00.0:region0+0x8030, 0x2d, 4)
vfio_region_write  (0000:05:00.0:region0+0x408, 0x1, 4)
vfio_region_read   (0000:05:00.0:region0+0x100, 4) = 0x20000000
vfio_region_read   (0000:05:00.0:region0+0x8028, 4) = 0x0
vfio_region_write  (0000:05:00.0:region0+0x408, 0x2, 4)
vfio_region_write  (0000:05:00.0:region0+0x8020, 0x80005000, 4)
vfio_region_write  (0000:05:00.0:region0+0x8024, 0x2f0002, 4)
vfio_region_write  (0000:05:00.0:region0+0x8028, 0x0, 4)
vfio_region_write  (0000:05:00.0:region0+0x802c, 0x0, 4)
vfio_region_write  (0000:05:00.0:region0+0x8030, 0x2e, 4)
vfio_region_write  (0000:05:00.0:region0+0x408, 0x1, 4)
vfio_region_read   (0000:05:00.0:region0+0x100, 4) = 0x20000000
vfio_region_read   (0000:05:00.0:region0+0x8028, 4) = 0x0
vfio_region_write  (0000:05:00.0:region0+0x408, 0x2, 4)
vfio_region_write  (0000:05:00.0:region0+0x8020, 0x80007003, 4)
vfio_region_write  (0000:05:00.0:region0+0x8024, 0x300006, 4)
vfio_region_write  (0000:05:00.0:region0+0x8028, 0x0, 4)
vfio_region_write  (0000:05:00.0:region0+0x802c, 0x0, 4)
vfio_region_write  (0000:05:00.0:region0+0x8030, 0x0, 4)
vfio_region_write  (0000:05:00.0:region0+0x8034, 0xe, 4)
vfio_region_write  (0000:05:00.0:region0+0x408, 0x1, 4)
vfio_region_read   (0000:05:00.0:region0+0x100, 4) = 0x20000000
vfio_region_read   (0000:05:00.0:region0+0x8028, 4) = 0x0
vfio_region_write  (0000:05:00.0:region0+0x408, 0x2, 4)
vfio_region_write  (0000:05:00.0:region0+0x8020, 0x80005000, 4)
vfio_region_write  (0000:05:00.0:region0+0x8024, 0x310002, 4)
vfio_region_write  (0000:05:00.0:region0+0x8028, 0x0, 4)
vfio_region_write  (0000:05:00.0:region0+0x802c, 0x0, 4)
vfio_region_write  (0000:05:00.0:region0+0x8030, 0xd, 4)
vfio_region_write  (0000:05:00.0:region0+0x408, 0x1, 4)
vfio_region_read   (0000:05:00.0:region0+0x100, 4) = 0x20000000
vfio_region_read   (0000:05:00.0:region0+0x8028, 4) = 0x0
vfio_region_write  (0000:05:00.0:region0+0x408, 0x2, 4)
vfio_region_write  (0000:05:00.0:region0+0x8020, 0x80005000, 4)
vfio_region_write  (0000:05:00.0:region0+0x8024, 0x320002, 4)
vfio_region_write  (0000:05:00.0:region0+0x8028, 0x0, 4)
vfio_region_write  (0000:05:00.0:region0+0x802c, 0x0, 4)
vfio_region_write  (0000:05:00.0:region0+0x8030, 0xe, 4)
vfio_region_write  (0000:05:00.0:region0+0x408, 0x1, 4)
vfio_region_read   (0000:05:00.0:region0+0x100, 4) = 0x20000000
vfio_region_read   (0000:05:00.0:region0+0x8028, 4) = 0x0
vfio_region_write  (0000:05:00.0:region0+0x408, 0x2, 4)
vfio_region_write  (0000:05:00.0:region0+0x8020, 0x80005000, 4)
vfio_region_write  (0000:05:00.0:region0+0x8024, 0x330002, 4)
vfio_region_write  (0000:05:00.0:region0+0x8028, 0x0, 4)
vfio_region_write  (0000:05:00.0:region0+0x802c, 0x0, 4)
vfio_region_write  (0000:05:00.0:region0+0x8030, 0x15, 4)
vfio_region_write  (0000:05:00.0:region0+0x408, 0x1, 4)
vfio_region_read   (0000:05:00.0:region0+0x100, 4) = 0x20000000
vfio_region_read   (0000:05:00.0:region0+0x8028, 4) = 0x0
vfio_region_write  (0000:05:00.0:region0+0x408, 0x2, 4)
vfio_region_write  (0000:05:00.0:region0+0x8020, 0x80005000, 4)
vfio_region_write  (0000:05:00.0:region0+0x8024, 0x340002, 4)
vfio_region_write  (0000:05:00.0:region0+0x8028, 0x0, 4)
vfio_region_write  (0000:05:00.0:region0+0x802c, 0x0, 4)
vfio_region_write  (0000:05:00.0:region0+0x8030, 0x16, 4)
vfio_region_write  (0000:05:00.0:region0+0x408, 0x1, 4)
vfio_region_read   (0000:05:00.0:region0+0x100, 4) = 0x20000000
vfio_region_read   (0000:05:00.0:region0+0x8028, 4) = 0x0
vfio_region_write  (0000:05:00.0:region0+0x408, 0x2, 4)
vfio_region_write  (0000:05:00.0:region0+0x8020, 0x80005000, 4)
vfio_region_write  (0000:05:00.0:region0+0x8024, 0x350002, 4)
vfio_region_write  (0000:05:00.0:region0+0x8028, 0x0, 4)
vfio_region_write  (0000:05:00.0:region0+0x802c, 0x0, 4)
vfio_region_write  (0000:05:00.0:region0+0x8030, 0x27, 4)
vfio_region_write  (0000:05:00.0:region0+0x408, 0x1, 4)
vfio_region_read   (0000:05:00.0:region0+0x100, 4) = 0x20000000
vfio_region_read   (0000:05:00.0:region0+0x8028, 4) = 0x0
vfio_region_write  (0000:05:00.0:region0+0x408, 0x2, 4)
vfio_region_write  (0000:05:00.0:region0+0x8020, 0x80005000, 4)
vfio_region_write  (0000:05:00.0:region0+0x8024, 0x360002, 4)
vfio_region_write  (0000:05:00.0:region0+0x8028, 0x0, 4)
vfio_region_write  (0000:05:00.0:region0+0x802c, 0x0, 4)
vfio_region_write  (0000:05:00.0:region0+0x8030, 0x28, 4)
vfio_region_write  (0000:05:00.0:region0+0x408, 0x1, 4)
vfio_region_read   (0000:05:00.0:region0+0x100, 4) = 0x20000000
vfio_region_read   (0000:05:00.0:region0+0x8028, 4) = 0x0
vfio_region_write  (0000:05:00.0:region0+0x408, 0x2, 4)
vfio_region_write  (0000:05:00.0:region0+0x8020, 0x80005000, 4)
vfio_region_write  (0000:05:00.0:region0+0x8024, 0x370002, 4)
vfio_region_write  (0000:05:00.0:region0+0x8028, 0x0, 4)
vfio_region_write  (0000:05:00.0:region0+0x802c, 0x0, 4)
vfio_region_write  (0000:05:00.0:region0+0x8030, 0x17, 4)
vfio_region_write  (0000:05:00.0:region0+0x408, 0x1, 4)
vfio_region_read   (0000:05:00.0:region0+0x100, 4) = 0x20000000
vfio_region_read   (0000:05:00.0:region0+0x8028, 4) = 0x0
vfio_region_write  (0000:05:00.0:region0+0x408, 0x2, 4)
vfio_region_write  (0000:05:00.0:region0+0x8020, 0x80005000, 4)
vfio_region_write  (0000:05:00.0:region0+0x8024, 0x380002, 4)
vfio_region_write  (0000:05:00.0:region0+0x8028, 0x0, 4)
vfio_region_write  (0000:05:00.0:region0+0x802c, 0x0, 4)
vfio_region_write  (0000:05:00.0:region0+0x8030, 0x18, 4)
vfio_region_write  (0000:05:00.0:region0+0x408, 0x1, 4)
vfio_region_read   (0000:05:00.0:region0+0x100, 4) = 0x20000000
vfio_region_read   (0000:05:00.0:region0+0x8028, 4) = 0x0
vfio_region_write  (0000:05:00.0:region0+0x408, 0x2, 4)
vfio_region_write  (0000:05:00.0:region0+0x8020, 0x80005000, 4)
vfio_region_write  (0000:05:00.0:region0+0x8024, 0x390002, 4)
vfio_region_write  (0000:05:00.0:region0+0x8028, 0x0, 4)
vfio_region_write  (0000:05:00.0:region0+0x802c, 0x0, 4)
vfio_region_write  (0000:05:00.0:region0+0x8030, 0x19, 4)
vfio_region_write  (0000:05:00.0:region0+0x408, 0x1, 4)
vfio_region_read   (0000:05:00.0:region0+0x100, 4) = 0x20000000
vfio_region_read   (0000:05:00.0:region0+0x8028, 4) = 0x0
vfio_region_write  (0000:05:00.0:region0+0x408, 0x2, 4)
vfio_region_write  (0000:05:00.0:region0+0x8020, 0x80005000, 4)
vfio_region_write  (0000:05:00.0:region0+0x8024, 0x3a0002, 4)
vfio_region_write  (0000:05:00.0:region0+0x8028, 0x0, 4)
vfio_region_write  (0000:05:00.0:region0+0x802c, 0x0, 4)
vfio_region_write  (0000:05:00.0:region0+0x8030, 0x1a, 4)
vfio_region_write  (0000:05:00.0:region0+0x408, 0x1, 4)
vfio_region_read   (0000:05:00.0:region0+0x100, 4) = 0x20000000
vfio_region_read   (0000:05:00.0:region0+0x8028, 4) = 0x0
vfio_region_write  (0000:05:00.0:region0+0x408, 0x2, 4)
vfio_region_write  (0000:05:00.0:region0+0x8020, 0x80005000, 4)
vfio_region_write  (0000:05:00.0:region0+0x8024, 0x3b0002, 4)
vfio_region_write  (0000:05:00.0:region0+0x8028, 0x0, 4)
vfio_region_write  (0000:05:00.0:region0+0x802c, 0x0, 4)
vfio_region_write  (0000:05:00.0:region0+0x8030, 0x1b, 4)
vfio_region_write  (0000:05:00.0:region0+0x408, 0x1, 4)
vfio_region_read   (0000:05:00.0:region0+0x100, 4) = 0x20000000
vfio_region_read   (0000:05:00.0:region0+0x8028, 4) = 0x0
vfio_region_write  (0000:05:00.0:region0+0x408, 0x2, 4)
vfio_region_write  (0000:05:00.0:region0+0x8020, 0x80005000, 4)
vfio_region_write  (0000:05:00.0:region0+0x8024, 0x3c0002, 4)
vfio_region_write  (0000:05:00.0:region0+0x8028, 0x0, 4)
vfio_region_write  (0000:05:00.0:region0+0x802c, 0x0, 4)
vfio_region_write  (0000:05:00.0:region0+0x8030, 0x1c, 4)
vfio_region_write  (0000:05:00.0:region0+0x408, 0x1, 4)
vfio_region_read   (0000:05:00.0:region0+0x100, 4) = 0x20000000
vfio_region_read   (0000:05:00.0:region0+0x8028, 4) = 0x0
vfio_region_write  (0000:05:00.0:region0+0x408, 0x2, 4)
vfio_region_write  (0000:05:00.0:region0+0x8020, 0x80005000, 4)
vfio_region_write  (0000:05:00.0:region0+0x8024, 0x3d0002, 4)
vfio_region_write  (0000:05:00.0:region0+0x8028, 0x0, 4)
vfio_region_write  (0000:05:00.0:region0+0x802c, 0x0, 4)
vfio_region_write  (0000:05:00.0:region0+0x8030, 0x1d, 4)
vfio_region_write  (0000:05:00.0:region0+0x408, 0x1, 4)
vfio_region_read   (0000:05:00.0:region0+0x100, 4) = 0x20000000
vfio_region_read   (0000:05:00.0:region0+0x8028, 4) = 0x0
vfio_region_write  (0000:05:00.0:region0+0x408, 0x2, 4)
vfio_region_write  (0000:05:00.0:region0+0x8020, 0x80005000, 4)
vfio_region_write  (0000:05:00.0:region0+0x8024, 0x3e0002, 4)
vfio_region_write  (0000:05:00.0:region0+0x8028, 0x0, 4)
vfio_region_write  (0000:05:00.0:region0+0x802c, 0x0, 4)
vfio_region_write  (0000:05:00.0:region0+0x8030, 0x1e, 4)
vfio_region_write  (0000:05:00.0:region0+0x408, 0x1, 4)
vfio_region_read   (0000:05:00.0:region0+0x100, 4) = 0x20000000
vfio_region_read   (0000:05:00.0:region0+0x8028, 4) = 0x0
vfio_region_write  (0000:05:00.0:region0+0x408, 0x2, 4)
vfio_region_write  (0000:05:00.0:region0+0x8020, 0x80000002, 4)
vfio_region_write  (0000:05:00.0:region0+0x8024, 0x3f0000, 4)
vfio_region_write  (0000:05:00.0:region0+0x8028, 0x0, 4)
vfio_region_write  (0000:05:00.0:region0+0x802c, 0x0, 4)
vfio_region_write  (0000:05:00.0:region0+0x408, 0x1, 4)
vfio_region_read   (0000:05:00.0:region0+0x100, 4) = 0x20000000
vfio_region_read   (0000:05:00.0:region0+0x8028, 4) = 0x0
vfio_region_write  (0000:05:00.0:region0+0x408, 0x2, 4)
vfio_region_write  (0000:05:00.0:region0+0x8020, 0x80000001, 4)
vfio_region_write  (0000:05:00.0:region0+0x8024, 0x400002, 4)
vfio_region_write  (0000:05:00.0:region0+0x8028, 0x0, 4)
vfio_region_write  (0000:05:00.0:region0+0x802c, 0x0, 4)
vfio_region_write  (0000:05:00.0:region0+0x8030, 0x1, 4)
vfio_region_write  (0000:05:00.0:region0+0x408, 0x1, 4)
vfio_region_read   (0000:05:00.0:region0+0x100, 4) = 0x20000000
vfio_region_read   (0000:05:00.0:region0+0x8028, 4) = 0x0
vfio_region_write  (0000:05:00.0:region0+0x408, 0x2, 4)
vfio_region_write  (0000:05:00.0:region0+0x8020, 0x80000001, 4)
vfio_region_write  (0000:05:00.0:region0+0x8024, 0x410002, 4)
vfio_region_write  (0000:05:00.0:region0+0x8028, 0x0, 4)
vfio_region_write  (0000:05:00.0:region0+0x802c, 0x0, 4)
vfio_region_write  (0000:05:00.0:region0+0x8030, 0x2, 4)
vfio_region_write  (0000:05:00.0:region0+0x408, 0x1, 4)
vfio_region_read   (0000:05:00.0:region0+0x100, 4) = 0x20000000
vfio_region_read   (0000:05:00.0:region0+0x8028, 4) = 0x0
vfio_region_write  (0000:05:00.0:region0+0x408, 0x2, 4)
vfio_region_write  (0000:05:00.0:region0+0x8020, 0x80000001, 4)
vfio_region_write  (0000:05:00.0:region0+0x8024, 0x420002, 4)
vfio_region_write  (0000:05:00.0:region0+0x8028, 0x0, 4)
vfio_region_write  (0000:05:00.0:region0+0x802c, 0x0, 4)
vfio_region_write  (0000:05:00.0:region0+0x8030, 0x3, 4)
vfio_region_write  (0000:05:00.0:region0+0x408, 0x1, 4)
vfio_region_read   (0000:05:00.0:region0+0x100, 4) = 0x20000000
vfio_region_read   (0000:05:00.0:region0+0x8028, 4) = 0x0
vfio_region_write  (0000:05:00.0:region0+0x408, 0x2, 4)
vfio_region_write  (0000:05:00.0:region0+0x8020, 0x80000001, 4)
vfio_region_write  (0000:05:00.0:region0+0x8024, 0x430002, 4)
vfio_region_write  (0000:05:00.0:region0+0x8028, 0x0, 4)
vfio_region_write  (0000:05:00.0:region0+0x802c, 0x0, 4)
vfio_region_write  (0000:05:00.0:region0+0x8030, 0x4, 4)
vfio_region_write  (0000:05:00.0:region0+0x408, 0x1, 4)
vfio_region_read   (0000:05:00.0:region0+0x100, 4) = 0x20000000
vfio_region_read   (0000:05:00.0:region0+0x8028, 4) = 0x0
vfio_region_write  (0000:05:00.0:region0+0x408, 0x2, 4)
vfio_region_write  (0000:05:00.0:region0+0x8020, 0x80000001, 4)
vfio_region_write  (0000:05:00.0:region0+0x8024, 0x440002, 4)
vfio_region_write  (0000:05:00.0:region0+0x8028, 0x0, 4)
vfio_region_write  (0000:05:00.0:region0+0x802c, 0x0, 4)
vfio_region_write  (0000:05:00.0:region0+0x8030, 0x5, 4)
vfio_region_write  (0000:05:00.0:region0+0x408, 0x1, 4)
vfio_region_read   (0000:05:00.0:region0+0x100, 4) = 0x20000000
vfio_region_read   (0000:05:00.0:region0+0x8028, 4) = 0x0
vfio_region_write  (0000:05:00.0:region0+0x408, 0x2, 4)
vfio_region_write  (0000:05:00.0:region0+0x8020, 0x80000001, 4)
vfio_region_write  (0000:05:00.0:region0+0x8024, 0x450002, 4)
vfio_region_write  (0000:05:00.0:region0+0x8028, 0x0, 4)
vfio_region_write  (0000:05:00.0:region0+0x802c, 0x0, 4)
vfio_region_write  (0000:05:00.0:region0+0x8030, 0x6, 4)
vfio_region_write  (0000:05:00.0:region0+0x408, 0x1, 4)
vfio_region_read   (0000:05:00.0:region0+0x100, 4) = 0x20000000
vfio_region_read   (0000:05:00.0:region0+0x8028, 4) = 0x0
vfio_region_write  (0000:05:00.0:region0+0x408, 0x2, 4)
vfio_region_write  (0000:05:00.0:region0+0x8020, 0x80000001, 4)
vfio_region_write  (0000:05:00.0:region0+0x8024, 0x460002, 4)
vfio_region_write  (0000:05:00.0:region0+0x8028, 0x0, 4)
vfio_region_write  (0000:05:00.0:region0+0x802c, 0x0, 4)
vfio_region_write  (0000:05:00.0:region0+0x8030, 0x7, 4)
vfio_region_write  (0000:05:00.0:region0+0x408, 0x1, 4)
vfio_region_read   (0000:05:00.0:region0+0x100, 4) = 0x20000000
vfio_region_read   (0000:05:00.0:region0+0x8028, 4) = 0x0
vfio_region_write  (0000:05:00.0:region0+0x408, 0x2, 4)
vfio_region_write  (0000:05:00.0:region0+0x8020, 0x80000001, 4)
vfio_region_write  (0000:05:00.0:region0+0x8024, 0x470002, 4)
vfio_region_write  (0000:05:00.0:region0+0x8028, 0x0, 4)
vfio_region_write  (0000:05:00.0:region0+0x802c, 0x0, 4)
vfio_region_write  (0000:05:00.0:region0+0x8030, 0x8, 4)
vfio_region_write  (0000:05:00.0:region0+0x408, 0x1, 4)
vfio_region_read   (0000:05:00.0:region0+0x100, 4) = 0x20000000
vfio_region_read   (0000:05:00.0:region0+0x8028, 4) = 0x0
vfio_region_write  (0000:05:00.0:region0+0x408, 0x2, 4)
vfio_region_write  (0000:05:00.0:region0+0x8020, 0x80000002, 4)
vfio_region_write  (0000:05:00.0:region0+0x8024, 0x480000, 4)
vfio_region_write  (0000:05:00.0:region0+0x8028, 0x0, 4)
vfio_region_write  (0000:05:00.0:region0+0x802c, 0x0, 4)
vfio_region_write  (0000:05:00.0:region0+0x408, 0x1, 4)
vfio_region_read   (0000:05:00.0:region0+0x100, 4) = 0x20000000
vfio_region_read   (0000:05:00.0:region0+0x8028, 4) = 0x0
vfio_region_write  (0000:05:00.0:region0+0x408, 0x2, 4)
vfio_region_write  (0000:05:00.0:region0+0x8020, 0x80003000, 4)
vfio_region_write  (0000:05:00.0:region0+0x8024, 0x490000, 4)
vfio_region_write  (0000:05:00.0:region0+0x8028, 0x0, 4)
vfio_region_write  (0000:05:00.0:region0+0x802c, 0x0, 4)
vfio_region_write  (0000:05:00.0:region0+0x408, 0x1, 4)
vfio_region_read   (0000:05:00.0:region0+0x100, 4) = 0x20000000
vfio_region_read   (0000:05:00.0:region0+0x8028, 4) = 0x0
vfio_region_write  (0000:05:00.0:region0+0x408, 0x2, 4)
vfio_region_write  (0000:05:00.0:region0+0x8020, 0x80002000, 4)
vfio_region_write  (0000:05:00.0:region0+0x8024, 0x4a0000, 4)
vfio_region_write  (0000:05:00.0:region0+0x8028, 0x0, 4)
vfio_region_write  (0000:05:00.0:region0+0x802c, 0x0, 4)
vfio_region_write  (0000:05:00.0:region0+0x408, 0x1, 4)
vfio_region_read   (0000:05:00.0:region0+0x100, 4) = 0x20000000
vfio_region_read   (0000:05:00.0:region0+0x8028, 4) = 0x0
vfio_region_write  (0000:05:00.0:region0+0x408, 0x2, 4)
vfio_region_write  (0000:05:00.0:region0+0x8020, 0x80001000, 4)
vfio_region_write  (0000:05:00.0:region0+0x8024, 0x4b0000, 4)
vfio_region_write  (0000:05:00.0:region0+0x8028, 0x0, 4)
vfio_region_write  (0000:05:00.0:region0+0x802c, 0x0, 4)
vfio_region_write  (0000:05:00.0:region0+0x408, 0x1, 4)
vfio_region_read   (0000:05:00.0:region0+0x100, 4) = 0x20000000
vfio_region_read   (0000:05:00.0:region0+0x8028, 4) = 0x0
vfio_region_write  (0000:05:00.0:region0+0x408, 0x2, 4)
vfio_region_write  (0000:05:00.0:region0+0x8020, 0x80004000, 4)
vfio_region_write  (0000:05:00.0:region0+0x8024, 0x4c0000, 4)
vfio_region_write  (0000:05:00.0:region0+0x8028, 0x0, 4)
vfio_region_write  (0000:05:00.0:region0+0x802c, 0x0, 4)
vfio_region_write  (0000:05:00.0:region0+0x408, 0x1, 4)
vfio_region_read   (0000:05:00.0:region0+0x100, 4) = 0x20000000
vfio_region_read   (0000:05:00.0:region0+0x8028, 4) = 0x0
vfio_region_write  (0000:05:00.0:region0+0x408, 0x2, 4)
vfio_region_write  (0000:05:00.0:region0+0x8020, 0x80004001, 4)
vfio_region_write  (0000:05:00.0:region0+0x8024, 0x4d0004, 4)
vfio_region_write  (0000:05:00.0:region0+0x8028, 0x0, 4)
vfio_region_write  (0000:05:00.0:region0+0x802c, 0x0, 4)
vfio_region_write  (0000:05:00.0:region0+0x8030, 0x0, 4)
vfio_region_write  (0000:05:00.0:region0+0x408, 0x1, 4)
vfio_region_read   (0000:05:00.0:region0+0x100, 4) = 0x20000000
vfio_region_read   (0000:05:00.0:region0+0x8028, 4) = 0x0
vfio_region_write  (0000:05:00.0:region0+0x408, 0x2, 4)
vfio_region_write  (0000:05:00.0:region0+0x8020, 0x80004001, 4)
vfio_region_write  (0000:05:00.0:region0+0x8024, 0x4e0004, 4)
vfio_region_write  (0000:05:00.0:region0+0x8028, 0x0, 4)
vfio_region_write  (0000:05:00.0:region0+0x802c, 0x0, 4)
vfio_region_write  (0000:05:00.0:region0+0x8030, 0x1, 4)
vfio_region_write  (0000:05:00.0:region0+0x408, 0x1, 4)
vfio_region_read   (0000:05:00.0:region0+0x100, 4) = 0x20000000
vfio_region_read   (0000:05:00.0:region0+0x8028, 4) = 0x0
vfio_region_write  (0000:05:00.0:region0+0x408, 0x2, 4)
vfio_region_write  (0000:05:00.0:region0+0x8020, 0x80004001, 4)
vfio_region_write  (0000:05:00.0:region0+0x8024, 0x4f0004, 4)
vfio_region_write  (0000:05:00.0:region0+0x8028, 0x0, 4)
vfio_region_write  (0000:05:00.0:region0+0x802c, 0x0, 4)
vfio_region_write  (0000:05:00.0:region0+0x8030, 0x2, 4)
vfio_region_write  (0000:05:00.0:region0+0x408, 0x1, 4)
vfio_region_read   (0000:05:00.0:region0+0x100, 4) = 0x20000000
vfio_region_read   (0000:05:00.0:region0+0x8028, 4) = 0x0
vfio_region_write  (0000:05:00.0:region0+0x408, 0x2, 4)
vfio_region_write  (0000:05:00.0:region0+0x8020, 0x80004001, 4)
vfio_region_write  (0000:05:00.0:region0+0x8024, 0x500004, 4)
vfio_region_write  (0000:05:00.0:region0+0x8028, 0x0, 4)
vfio_region_write  (0000:05:00.0:region0+0x802c, 0x0, 4)
vfio_region_write  (0000:05:00.0:region0+0x8030, 0x3, 4)
vfio_region_write  (0000:05:00.0:region0+0x408, 0x1, 4)
vfio_region_read   (0000:05:00.0:region0+0x100, 4) = 0x20000000
vfio_region_read   (0000:05:00.0:region0+0x8028, 4) = 0x0
vfio_region_write  (0000:05:00.0:region0+0x408, 0x2, 4)
vfio_region_write  (0000:05:00.0:region0+0x8020, 0x80004001, 4)
vfio_region_write  (0000:05:00.0:region0+0x8024, 0x510004, 4)
vfio_region_write  (0000:05:00.0:region0+0x8028, 0x0, 4)
vfio_region_write  (0000:05:00.0:region0+0x802c, 0x0, 4)
vfio_region_write  (0000:05:00.0:region0+0x8030, 0x4, 4)
vfio_region_write  (0000:05:00.0:region0+0x408, 0x1, 4)
vfio_region_read   (0000:05:00.0:region0+0x100, 4) = 0x20000000
vfio_region_read   (0000:05:00.0:region0+0x8028, 4) = 0x0
vfio_region_write  (0000:05:00.0:region0+0x408, 0x2, 4)
vfio_region_write  (0000:05:00.0:region0+0x8020, 0x80004001, 4)
vfio_region_write  (0000:05:00.0:region0+0x8024, 0x520004, 4)
vfio_region_write  (0000:05:00.0:region0+0x8028, 0x0, 4)
vfio_region_write  (0000:05:00.0:region0+0x802c, 0x0, 4)
vfio_region_write  (0000:05:00.0:region0+0x8030, 0x5, 4)
vfio_region_write  (0000:05:00.0:region0+0x408, 0x1, 4)
vfio_region_read   (0000:05:00.0:region0+0x100, 4) = 0x20000000
vfio_region_read   (0000:05:00.0:region0+0x8028, 4) = 0x0
vfio_region_write  (0000:05:00.0:region0+0x408, 0x2, 4)
vfio_region_write  (0000:05:00.0:region0+0x8020, 0x80800005, 4)
vfio_region_write  (0000:05:00.0:region0+0x8024, 0x530008, 4)
vfio_region_write  (0000:05:00.0:region0+0x8028, 0x0, 4)
vfio_region_write  (0000:05:00.0:region0+0x802c, 0x0, 4)
vfio_region_write  (0000:05:00.0:region0+0x8030, 0x0, 4)
vfio_region_write  (0000:05:00.0:region0+0x8034, 0x8, 4)
vfio_region_write  (0000:05:00.0:region0+0x408, 0x1, 4)
vfio_region_read   (0000:05:00.0:region0+0x100, 4) = 0x20000000
vfio_region_read   (0000:05:00.0:region0+0x8028, 4) = 0x0
vfio_region_write  (0000:05:00.0:region0+0x408, 0x2, 4)
vfio_region_write  (0000:05:00.0:region0+0x8020, 0x80006004, 4)
vfio_region_write  (0000:05:00.0:region0+0x8024, 0x540000, 4)
vfio_region_write  (0000:05:00.0:region0+0x8028, 0x0, 4)
vfio_region_write  (0000:05:00.0:region0+0x802c, 0x0, 4)
vfio_region_write  (0000:05:00.0:region0+0x408, 0x1, 4)
vfio_region_read   (0000:05:00.0:region0+0x100, 4) = 0x20000000
vfio_region_read   (0000:05:00.0:region0+0x8028, 4) = 0x0
vfio_region_write  (0000:05:00.0:region0+0x408, 0x2, 4)
vfio_region_write  (0000:05:00.0:region0+0x8020, 0x80006002, 4)
vfio_region_write  (0000:05:00.0:region0+0x8024, 0x550000, 4)
vfio_region_write  (0000:05:00.0:region0+0x8028, 0x0, 4)
vfio_region_write  (0000:05:00.0:region0+0x802c, 0x0, 4)
vfio_region_write  (0000:05:00.0:region0+0x408, 0x1, 4)
vfio_region_read   (0000:05:00.0:region0+0x100, 4) = 0x20000000
vfio_region_read   (0000:05:00.0:region0+0x8028, 4) = 0x0
vfio_region_write  (0000:05:00.0:region0+0x408, 0x2, 4)
vfio_region_write  (0000:05:00.0:region0+0x8020, 0x80006005, 4)
vfio_region_write  (0000:05:00.0:region0+0x8024, 0x560000, 4)
vfio_region_write  (0000:05:00.0:region0+0x8028, 0x0, 4)
vfio_region_write  (0000:05:00.0:region0+0x802c, 0x0, 4)
vfio_region_write  (0000:05:00.0:region0+0x408, 0x1, 4)
vfio_region_read   (0000:05:00.0:region0+0x100, 4) = 0x20000000
vfio_region_read   (0000:05:00.0:region0+0x8028, 4) = 0x0
vfio_region_write  (0000:05:00.0:region0+0x408, 0x2, 4)
vfio_region_write  (0000:05:00.0:region0+0x8020, 0x80004005, 4)
vfio_region_write  (0000:05:00.0:region0+0x8024, 0x57000c, 4)
vfio_region_write  (0000:05:00.0:region0+0x8028, 0x0, 4)
vfio_region_write  (0000:05:00.0:region0+0x802c, 0x0, 4)
vfio_region_write  (0000:05:00.0:region0+0x8030, 0x4, 4)
vfio_region_write  (0000:05:00.0:region0+0x8034, 0x0, 4)
vfio_region_write  (0000:05:00.0:region0+0x8038, 0x4b, 4)
vfio_region_write  (0000:05:00.0:region0+0x408, 0x1, 4)
vfio_region_read   (0000:05:00.0:region0+0x100, 4) = 0x20000000
vfio_region_read   (0000:05:00.0:region0+0x8028, 4) = 0x0
vfio_region_write  (0000:05:00.0:region0+0x408, 0x2, 4)
vfio_region_write  (0000:05:00.0:region0+0x8020, 0x80800000, 4)
vfio_region_write  (0000:05:00.0:region0+0x8024, 0x580008, 4)
vfio_region_write  (0000:05:00.0:region0+0x8028, 0x0, 4)
vfio_region_write  (0000:05:00.0:region0+0x802c, 0x0, 4)
vfio_region_write  (0000:05:00.0:region0+0x8030, 0x8, 4)
vfio_region_write  (0000:05:00.0:region0+0x8034, 0x4, 4)
vfio_region_write  (0000:05:00.0:region0+0x408, 0x1, 4)
vfio_region_read   (0000:05:00.0:region0+0x100, 4) = 0x20000000
vfio_region_read   (0000:05:00.0:region0+0x8028, 4) = 0x0
vfio_region_write  (0000:05:00.0:region0+0x408, 0x2, 4)
vfio_region_write  (0000:05:00.0:region0+0x8020, 0x80800000, 4)
vfio_region_write  (0000:05:00.0:region0+0x8024, 0x590008, 4)
vfio_region_write  (0000:05:00.0:region0+0x8028, 0x0, 4)
vfio_region_write  (0000:05:00.0:region0+0x802c, 0x0, 4)
vfio_region_write  (0000:05:00.0:region0+0x8030, 0xc, 4)
vfio_region_write  (0000:05:00.0:region0+0x8034, 0x4, 4)
vfio_region_write  (0000:05:00.0:region0+0x408, 0x1, 4)
vfio_region_read   (0000:05:00.0:region0+0x100, 4) = 0x20000000
vfio_region_read   (0000:05:00.0:region0+0x8028, 4) = 0x0
vfio_region_write  (0000:05:00.0:region0+0x408, 0x2, 4)
vfio_region_write  (0000:05:00.0:region0+0x8020, 0x80800000, 4)
vfio_region_write  (0000:05:00.0:region0+0x8024, 0x5a0008, 4)
vfio_region_write  (0000:05:00.0:region0+0x8028, 0x0, 4)
vfio_region_write  (0000:05:00.0:region0+0x802c, 0x0, 4)
vfio_region_write  (0000:05:00.0:region0+0x8030, 0x8, 4)
vfio_region_write  (0000:05:00.0:region0+0x8034, 0x4, 4)
vfio_region_write  (0000:05:00.0:region0+0x408, 0x1, 4)
vfio_region_read   (0000:05:00.0:region0+0x100, 4) = 0x20000000
vfio_region_read   (0000:05:00.0:region0+0x8028, 4) = 0x0
vfio_region_write  (0000:05:00.0:region0+0x408, 0x2, 4)
vfio_region_write  (0000:05:00.0:region0+0x8020, 0x80800000, 4)
vfio_region_write  (0000:05:00.0:region0+0x8024, 0x5b0008, 4)
vfio_region_write  (0000:05:00.0:region0+0x8028, 0x0, 4)
vfio_region_write  (0000:05:00.0:region0+0x802c, 0x0, 4)
vfio_region_write  (0000:05:00.0:region0+0x8030, 0xc, 4)
vfio_region_write  (0000:05:00.0:region0+0x8034, 0x4, 4)
vfio_region_write  (0000:05:00.0:region0+0x408, 0x1, 4)
vfio_region_read   (0000:05:00.0:region0+0x100, 4) = 0x20000000
vfio_region_read   (0000:05:00.0:region0+0x8028, 4) = 0x0
vfio_region_write  (0000:05:00.0:region0+0x408, 0x2, 4)
vfio_region_write  (0000:05:00.0:region0+0x8020, 0x80800000, 4)
vfio_region_write  (0000:05:00.0:region0+0x8024, 0x5c0008, 4)
vfio_region_write  (0000:05:00.0:region0+0x8028, 0x0, 4)
vfio_region_write  (0000:05:00.0:region0+0x802c, 0x0, 4)
vfio_region_write  (0000:05:00.0:region0+0x8030, 0x0, 4)
vfio_region_write  (0000:05:00.0:region0+0x8034, 0x3f8, 4)
vfio_region_write  (0000:05:00.0:region0+0x408, 0x1, 4)
vfio_region_read   (0000:05:00.0:region0+0x100, 4) = 0x20000000
vfio_region_read   (0000:05:00.0:region0+0x8028, 4) = 0x0
vfio_region_write  (0000:05:00.0:region0+0x408, 0x2, 4)
vfio_region_write  (0000:05:00.0:region0+0x8020, 0x80800000, 4)
vfio_region_write  (0000:05:00.0:region0+0x8024, 0x5d0008, 4)
vfio_region_write  (0000:05:00.0:region0+0x8028, 0x0, 4)
vfio_region_write  (0000:05:00.0:region0+0x802c, 0x0, 4)
vfio_region_write  (0000:05:00.0:region0+0x8030, 0x3f8, 4)
vfio_region_write  (0000:05:00.0:region0+0x8034, 0x3f8, 4)
vfio_region_write  (0000:05:00.0:region0+0x408, 0x1, 4)
vfio_region_read   (0000:05:00.0:region0+0x100, 4) = 0x20000000
vfio_region_read   (0000:05:00.0:region0+0x8028, 4) = 0x0
vfio_region_write  (0000:05:00.0:region0+0x408, 0x2, 4)
vfio_region_write  (0000:05:00.0:region0+0x8020, 0x80800000, 4)
vfio_region_write  (0000:05:00.0:region0+0x8024, 0x5e0008, 4)
vfio_region_write  (0000:05:00.0:region0+0x8028, 0x0, 4)
vfio_region_write  (0000:05:00.0:region0+0x802c, 0x0, 4)
vfio_region_write  (0000:05:00.0:region0+0x8030, 0x7f0, 4)
vfio_region_write  (0000:05:00.0:region0+0x8034, 0x3f8, 4)
vfio_region_write  (0000:05:00.0:region0+0x408, 0x1, 4)
vfio_region_read   (0000:05:00.0:region0+0x100, 4) = 0x20000000
vfio_region_read   (0000:05:00.0:region0+0x8028, 4) = 0x0
vfio_region_write  (0000:05:00.0:region0+0x408, 0x2, 4)
vfio_region_write  (0000:05:00.0:region0+0x8020, 0x80800000, 4)
vfio_region_write  (0000:05:00.0:region0+0x8024, 0x5f0008, 4)
vfio_region_write  (0000:05:00.0:region0+0x8028, 0x0, 4)
vfio_region_write  (0000:05:00.0:region0+0x802c, 0x0, 4)
vfio_region_write  (0000:05:00.0:region0+0x8030, 0xbe8, 4)
vfio_region_write  (0000:05:00.0:region0+0x8034, 0x3f8, 4)
vfio_region_write  (0000:05:00.0:region0+0x408, 0x1, 4)
vfio_region_read   (0000:05:00.0:region0+0x100, 4) = 0x20000000
vfio_region_read   (0000:05:00.0:region0+0x8028, 4) = 0x0
vfio_region_write  (0000:05:00.0:region0+0x408, 0x2, 4)
vfio_region_write  (0000:05:00.0:region0+0x8020, 0x80800000, 4)
vfio_region_write  (0000:05:00.0:region0+0x8024, 0x600008, 4)
vfio_region_write  (0000:05:00.0:region0+0x8028, 0x0, 4)
vfio_region_write  (0000:05:00.0:region0+0x802c, 0x0, 4)
vfio_region_write  (0000:05:00.0:region0+0x8030, 0xfe0, 4)
vfio_region_write  (0000:05:00.0:region0+0x8034, 0x3f8, 4)
vfio_region_write  (0000:05:00.0:region0+0x408, 0x1, 4)
vfio_region_read   (0000:05:00.0:region0+0x100, 4) = 0x20000000
vfio_region_read   (0000:05:00.0:region0+0x8028, 4) = 0x0
vfio_region_write  (0000:05:00.0:region0+0x408, 0x2, 4)
vfio_region_write  (0000:05:00.0:region0+0x8020, 0x80800000, 4)
vfio_region_write  (0000:05:00.0:region0+0x8024, 0x610008, 4)
vfio_region_write  (0000:05:00.0:region0+0x8028, 0x0, 4)
vfio_region_write  (0000:05:00.0:region0+0x802c, 0x0, 4)
vfio_region_write  (0000:05:00.0:region0+0x8030, 0x13d8, 4)
vfio_region_write  (0000:05:00.0:region0+0x8034, 0x3f8, 4)
vfio_region_write  (0000:05:00.0:region0+0x408, 0x1, 4)
vfio_region_read   (0000:05:00.0:region0+0x100, 4) = 0x20000000
vfio_region_read   (0000:05:00.0:region0+0x8028, 4) = 0x0
vfio_region_write  (0000:05:00.0:region0+0x408, 0x2, 4)
vfio_region_write  (0000:05:00.0:region0+0x8020, 0x80800000, 4)
vfio_region_write  (0000:05:00.0:region0+0x8024, 0x620008, 4)
vfio_region_write  (0000:05:00.0:region0+0x8028, 0x0, 4)
vfio_region_write  (0000:05:00.0:region0+0x802c, 0x0, 4)
vfio_region_write  (0000:05:00.0:region0+0x8030, 0x17d0, 4)
vfio_region_write  (0000:05:00.0:region0+0x8034, 0x3f8, 4)
vfio_region_write  (0000:05:00.0:region0+0x408, 0x1, 4)
vfio_region_read   (0000:05:00.0:region0+0x100, 4) = 0x20000000
vfio_region_read   (0000:05:00.0:region0+0x8028, 4) = 0x0
vfio_region_write  (0000:05:00.0:region0+0x408, 0x2, 4)
vfio_region_write  (0000:05:00.0:region0+0x8020, 0x80800000, 4)
vfio_region_write  (0000:05:00.0:region0+0x8024, 0x630008, 4)
vfio_region_write  (0000:05:00.0:region0+0x8028, 0x0, 4)
vfio_region_write  (0000:05:00.0:region0+0x802c, 0x0, 4)
vfio_region_write  (0000:05:00.0:region0+0x8030, 0x1bc8, 4)
vfio_region_write  (0000:05:00.0:region0+0x8034, 0x3f8, 4)
vfio_region_write  (0000:05:00.0:region0+0x408, 0x1, 4)
vfio_region_read   (0000:05:00.0:region0+0x100, 4) = 0x20000000
vfio_region_read   (0000:05:00.0:region0+0x8028, 4) = 0x0
vfio_region_write  (0000:05:00.0:region0+0x408, 0x2, 4)
vfio_region_write  (0000:05:00.0:region0+0x8020, 0x80800000, 4)
vfio_region_write  (0000:05:00.0:region0+0x8024, 0x640008, 4)
vfio_region_write  (0000:05:00.0:region0+0x8028, 0x0, 4)
vfio_region_write  (0000:05:00.0:region0+0x802c, 0x0, 4)
vfio_region_write  (0000:05:00.0:region0+0x8030, 0x1fc0, 4)
vfio_region_write  (0000:05:00.0:region0+0x8034, 0x108, 4)
vfio_region_write  (0000:05:00.0:region0+0x408, 0x1, 4)
vfio_region_read   (0000:05:00.0:region0+0x100, 4) = 0x20000000
vfio_region_read   (0000:05:00.0:region0+0x8028, 4) = 0x0
vfio_region_write  (0000:05:00.0:region0+0x408, 0x2, 4)
vfio_region_write  (0000:05:00.0:region0+0x8020, 0x80800001, 4)
vfio_region_write  (0000:05:00.0:region0+0x8024, 0x650400, 4)
vfio_region_write  (0000:05:00.0:region0+0x8028, 0x0, 4)
vfio_region_write  (0000:05:00.0:region0+0x802c, 0x0, 4)
vfio_region_write  (0000:05:00.0:region0+0x8030, 0xc8, 4)
vfio_region_write  (0000:05:00.0:region0+0x8034, 0x3f8, 4)
vfio_region_write  (0000:05:00.0:region0+0x8038, 0x30061990, 4)
vfio_region_write  (0000:05:00.0:region0+0x803c, 0x5, 4)
vfio_region_write  (0000:05:00.0:region0+0x8040, 0x1984, 4)
vfio_region_write  (0000:05:00.0:region0+0x8044, 0x20d0201, 4)
vfio_region_write  (0000:05:00.0:region0+0x8048, 0x20d, 4)
vfio_region_write  (0000:05:00.0:region0+0x804c, 0x0, 4)
vfio_region_write  (0000:05:00.0:region0+0x8050, 0x0, 4)
vfio_region_write  (0000:05:00.0:region0+0x8054, 0x0, 4)
vfio_region_write  (0000:05:00.0:region0+0x8058, 0x0, 4)
vfio_region_write  (0000:05:00.0:region0+0x805c, 0x0, 4)
vfio_region_write  (0000:05:00.0:region0+0x8060, 0x0, 4)
vfio_region_write  (0000:05:00.0:region0+0x8064, 0x0, 4)
vfio_region_write  (0000:05:00.0:region0+0x8068, 0x0, 4)
vfio_region_write  (0000:05:00.0:region0+0x806c, 0x0, 4)
vfio_region_write  (0000:05:00.0:region0+0x8070, 0x0, 4)
vfio_region_write  (0000:05:00.0:region0+0x8074, 0x0, 4)
vfio_region_write  (0000:05:00.0:region0+0x8078, 0x0, 4)
vfio_region_write  (0000:05:00.0:region0+0x807c, 0x0, 4)
vfio_region_write  (0000:05:00.0:region0+0x8080, 0x0, 4)
vfio_region_write  (0000:05:00.0:region0+0x8084, 0x0, 4)
vfio_region_write  (0000:05:00.0:region0+0x8088, 0x0, 4)
vfio_region_write  (0000:05:00.0:region0+0x808c, 0x0, 4)
vfio_region_write  (0000:05:00.0:region0+0x8090, 0x0, 4)
vfio_region_write  (0000:05:00.0:region0+0x8094, 0x0, 4)
vfio_region_write  (0000:05:00.0:region0+0x8098, 0x0, 4)
vfio_region_write  (0000:05:00.0:region0+0x809c, 0x0, 4)
vfio_region_write  (0000:05:00.0:region0+0x80a0, 0x0, 4)
vfio_region_write  (0000:05:00.0:region0+0x80a4, 0x0, 4)
vfio_region_write  (0000:05:00.0:region0+0x80a8, 0x0, 4)
vfio_region_write  (0000:05:00.0:region0+0x80ac, 0x0, 4)
vfio_region_write  (0000:05:00.0:region0+0x80b0, 0x0, 4)
vfio_region_write  (0000:05:00.0:region0+0x80b4, 0x0, 4)
vfio_region_write  (0000:05:00.0:region0+0x80b8, 0x0, 4)
vfio_region_write  (0000:05:00.0:region0+0x80bc, 0x0, 4)
vfio_region_write  (0000:05:00.0:region0+0x80c0, 0x0, 4)
vfio_region_write  (0000:05:00.0:region0+0x80c4, 0x0, 4)
vfio_region_write  (0000:05:00.0:region0+0x80c8, 0x0, 4)
vfio_region_write  (0000:05:00.0:region0+0x80cc, 0x0, 4)
vfio_region_write  (0000:05:00.0:region0+0x80d0, 0x0, 4)
vfio_region_write  (0000:05:00.0:region0+0x80d4, 0x0, 4)
vfio_region_write  (0000:05:00.0:region0+0x80d8, 0x0, 4)
vfio_region_write  (0000:05:00.0:region0+0x80dc, 0x0, 4)
vfio_region_write  (0000:05:00.0:region0+0x80e0, 0x0, 4)
vfio_region_write  (0000:05:00.0:region0+0x80e4, 0x0, 4)
vfio_region_write  (0000:05:00.0:region0+0x80e8, 0x0, 4)
vfio_region_write  (0000:05:00.0:region0+0x80ec, 0x0, 4)
vfio_region_write  (0000:05:00.0:region0+0x80f0, 0x0, 4)
vfio_region_write  (0000:05:00.0:region0+0x80f4, 0x0, 4)
vfio_region_write  (0000:05:00.0:region0+0x80f8, 0x0, 4)
vfio_region_write  (0000:05:00.0:region0+0x80fc, 0x0, 4)
vfio_region_write  (0000:05:00.0:region0+0x8100, 0x3f, 4)
vfio_region_write  (0000:05:00.0:region0+0x8104, 0x0, 4)
vfio_region_write  (0000:05:00.0:region0+0x8108, 0x7f, 4)
vfio_region_write  (0000:05:00.0:region0+0x810c, 0x7f, 4)
vfio_region_write  (0000:05:00.0:region0+0x8110, 0x7f, 4)
vfio_region_write  (0000:05:00.0:region0+0x8114, 0x7f, 4)
vfio_region_write  (0000:05:00.0:region0+0x8118, 0x0, 4)
vfio_region_write  (0000:05:00.0:region0+0x811c, 0x0, 4)
vfio_region_write  (0000:05:00.0:region0+0x8120, 0x0, 4)
vfio_region_write  (0000:05:00.0:region0+0x8124, 0x0, 4)
vfio_region_write  (0000:05:00.0:region0+0x8128, 0x0, 4)
vfio_region_write  (0000:05:00.0:region0+0x812c, 0x0, 4)
vfio_region_write  (0000:05:00.0:region0+0x8130, 0x0, 4)
vfio_region_write  (0000:05:00.0:region0+0x8134, 0x0, 4)
vfio_region_write  (0000:05:00.0:region0+0x8138, 0x0, 4)
vfio_region_write  (0000:05:00.0:region0+0x813c, 0x0, 4)
vfio_region_write  (0000:05:00.0:region0+0x8140, 0x0, 4)
vfio_region_write  (0000:05:00.0:region0+0x8144, 0x0, 4)
vfio_region_write  (0000:05:00.0:region0+0x8148, 0x0, 4)
vfio_region_write  (0000:05:00.0:region0+0x814c, 0x0, 4)
vfio_region_write  (0000:05:00.0:region0+0x8150, 0x0, 4)
vfio_region_write  (0000:05:00.0:region0+0x8154, 0x0, 4)
vfio_region_write  (0000:05:00.0:region0+0x8158, 0x0, 4)
vfio_region_write  (0000:05:00.0:region0+0x815c, 0x0, 4)
vfio_region_write  (0000:05:00.0:region0+0x8160, 0x0, 4)
vfio_region_write  (0000:05:00.0:region0+0x8164, 0x0, 4)
vfio_region_write  (0000:05:00.0:region0+0x8168, 0x0, 4)
vfio_region_write  (0000:05:00.0:region0+0x816c, 0x0, 4)
vfio_region_write  (0000:05:00.0:region0+0x8170, 0x0, 4)
vfio_region_write  (0000:05:00.0:region0+0x8174, 0x0, 4)
vfio_region_write  (0000:05:00.0:region0+0x8178, 0x0, 4)
vfio_region_write  (0000:05:00.0:region0+0x817c, 0x0, 4)
vfio_region_write  (0000:05:00.0:region0+0x8180, 0x0, 4)
vfio_region_write  (0000:05:00.0:region0+0x8184, 0x0, 4)
vfio_region_write  (0000:05:00.0:region0+0x8188, 0x0, 4)
vfio_region_write  (0000:05:00.0:region0+0x818c, 0x0, 4)
vfio_region_write  (0000:05:00.0:region0+0x8190, 0x0, 4)
vfio_region_write  (0000:05:00.0:region0+0x8194, 0x0, 4)
vfio_region_write  (0000:05:00.0:region0+0x8198, 0x0, 4)
vfio_region_write  (0000:05:00.0:region0+0x819c, 0x0, 4)
vfio_region_write  (0000:05:00.0:region0+0x81a0, 0x0, 4)
vfio_region_write  (0000:05:00.0:region0+0x81a4, 0x0, 4)
vfio_region_write  (0000:05:00.0:region0+0x81a8, 0x0, 4)
vfio_region_write  (0000:05:00.0:region0+0x81ac, 0x0, 4)
vfio_region_write  (0000:05:00.0:region0+0x81b0, 0x0, 4)
vfio_region_write  (0000:05:00.0:region0+0x81b4, 0x0, 4)
vfio_region_write  (0000:05:00.0:region0+0x81b8, 0x0, 4)
vfio_region_write  (0000:05:00.0:region0+0x81bc, 0x0, 4)
vfio_region_write  (0000:05:00.0:region0+0x81c0, 0x0, 4)
vfio_region_write  (0000:05:00.0:region0+0x81c4, 0x0, 4)
vfio_region_write  (0000:05:00.0:region0+0x81c8, 0x0, 4)
vfio_region_write  (0000:05:00.0:region0+0x81cc, 0x0, 4)
vfio_region_write  (0000:05:00.0:region0+0x81d0, 0x0, 4)
vfio_region_write  (0000:05:00.0:region0+0x81d4, 0x0, 4)
vfio_region_write  (0000:05:00.0:region0+0x81d8, 0x0, 4)
vfio_region_write  (0000:05:00.0:region0+0x81dc, 0x0, 4)
vfio_region_write  (0000:05:00.0:region0+0x81e0, 0x0, 4)
vfio_region_write  (0000:05:00.0:region0+0x81e4, 0x0, 4)
vfio_region_write  (0000:05:00.0:region0+0x81e8, 0x0, 4)
vfio_region_write  (0000:05:00.0:region0+0x81ec, 0x0, 4)
vfio_region_write  (0000:05:00.0:region0+0x81f0, 0x0, 4)
vfio_region_write  (0000:05:00.0:region0+0x81f4, 0x0, 4)
vfio_region_write  (0000:05:00.0:region0+0x81f8, 0x0, 4)
vfio_region_write  (0000:05:00.0:region0+0x81fc, 0x0, 4)
vfio_region_write  (0000:05:00.0:region0+0x8200, 0x0, 4)
vfio_region_write  (0000:05:00.0:region0+0x8204, 0x0, 4)
vfio_region_write  (0000:05:00.0:region0+0x8208, 0x0, 4)
vfio_region_write  (0000:05:00.0:region0+0x820c, 0x0, 4)
vfio_region_write  (0000:05:00.0:region0+0x8210, 0x0, 4)
vfio_region_write  (0000:05:00.0:region0+0x8214, 0x0, 4)
vfio_region_write  (0000:05:00.0:region0+0x8218, 0x0, 4)
vfio_region_write  (0000:05:00.0:region0+0x821c, 0x0, 4)
vfio_region_write  (0000:05:00.0:region0+0x8220, 0x0, 4)
vfio_region_write  (0000:05:00.0:region0+0x8224, 0x0, 4)
vfio_region_write  (0000:05:00.0:region0+0x8228, 0x0, 4)
vfio_region_write  (0000:05:00.0:region0+0x822c, 0x0, 4)
vfio_region_write  (0000:05:00.0:region0+0x8230, 0x0, 4)
vfio_region_write  (0000:05:00.0:region0+0x8234, 0x0, 4)
vfio_region_write  (0000:05:00.0:region0+0x8238, 0x0, 4)
vfio_region_write  (0000:05:00.0:region0+0x823c, 0x0, 4)
vfio_region_write  (0000:05:00.0:region0+0x8240, 0x0, 4)
vfio_region_write  (0000:05:00.0:region0+0x8244, 0x0, 4)
vfio_region_write  (0000:05:00.0:region0+0x8248, 0x0, 4)
vfio_region_write  (0000:05:00.0:region0+0x824c, 0x0, 4)
vfio_region_write  (0000:05:00.0:region0+0x8250, 0x0, 4)
vfio_region_write  (0000:05:00.0:region0+0x8254, 0x0, 4)
vfio_region_write  (0000:05:00.0:region0+0x8258, 0x0, 4)
vfio_region_write  (0000:05:00.0:region0+0x825c, 0x0, 4)
vfio_region_write  (0000:05:00.0:region0+0x8260, 0x0, 4)
vfio_region_write  (0000:05:00.0:region0+0x8264, 0x0, 4)
vfio_region_write  (0000:05:00.0:region0+0x8268, 0x0, 4)
vfio_region_write  (0000:05:00.0:region0+0x826c, 0x0, 4)
vfio_region_write  (0000:05:00.0:region0+0x8270, 0x0, 4)
vfio_region_write  (0000:05:00.0:region0+0x8274, 0x0, 4)
vfio_region_write  (0000:05:00.0:region0+0x8278, 0x0, 4)
vfio_region_write  (0000:05:00.0:region0+0x827c, 0x0, 4)
vfio_region_write  (0000:05:00.0:region0+0x8280, 0x0, 4)
vfio_region_write  (0000:05:00.0:region0+0x8284, 0x0, 4)
vfio_region_write  (0000:05:00.0:region0+0x8288, 0x0, 4)
vfio_region_write  (0000:05:00.0:region0+0x828c, 0x0, 4)
vfio_region_write  (0000:05:00.0:region0+0x8290, 0x0, 4)
vfio_region_write  (0000:05:00.0:region0+0x8294, 0x0, 4)
vfio_region_write  (0000:05:00.0:region0+0x8298, 0x0, 4)
vfio_region_write  (0000:05:00.0:region0+0x829c, 0x0, 4)
vfio_region_write  (0000:05:00.0:region0+0x82a0, 0x0, 4)
vfio_region_write  (0000:05:00.0:region0+0x82a4, 0x0, 4)
vfio_region_write  (0000:05:00.0:region0+0x82a8, 0x0, 4)
vfio_region_write  (0000:05:00.0:region0+0x82ac, 0x0, 4)
vfio_region_write  (0000:05:00.0:region0+0x82b0, 0x0, 4)
vfio_region_write  (0000:05:00.0:region0+0x82b4, 0x0, 4)
vfio_region_write  (0000:05:00.0:region0+0x82b8, 0x0, 4)
vfio_region_write  (0000:05:00.0:region0+0x82bc, 0x0, 4)
vfio_region_write  (0000:05:00.0:region0+0x82c0, 0x0, 4)
vfio_region_write  (0000:05:00.0:region0+0x82c4, 0x0, 4)
vfio_region_write  (0000:05:00.0:region0+0x82c8, 0x0, 4)
vfio_region_write  (0000:05:00.0:region0+0x82cc, 0x0, 4)
vfio_region_write  (0000:05:00.0:region0+0x82d0, 0x0, 4)
vfio_region_write  (0000:05:00.0:region0+0x82d4, 0x0, 4)
vfio_region_write  (0000:05:00.0:region0+0x82d8, 0x0, 4)
vfio_region_write  (0000:05:00.0:region0+0x82dc, 0x0, 4)
vfio_region_write  (0000:05:00.0:region0+0x82e0, 0x0, 4)
vfio_region_write  (0000:05:00.0:region0+0x82e4, 0x0, 4)
vfio_region_write  (0000:05:00.0:region0+0x82e8, 0x0, 4)
vfio_region_write  (0000:05:00.0:region0+0x82ec, 0x0, 4)
vfio_region_write  (0000:05:00.0:region0+0x82f0, 0x0, 4)
vfio_region_write  (0000:05:00.0:region0+0x82f4, 0x0, 4)
vfio_region_write  (0000:05:00.0:region0+0x82f8, 0x0, 4)
vfio_region_write  (0000:05:00.0:region0+0x82fc, 0x0, 4)
vfio_region_write  (0000:05:00.0:region0+0x8300, 0x0, 4)
vfio_region_write  (0000:05:00.0:region0+0x8304, 0x0, 4)
vfio_region_write  (0000:05:00.0:region0+0x8308, 0x3, 4)
vfio_region_write  (0000:05:00.0:region0+0x830c, 0x0, 4)
vfio_region_write  (0000:05:00.0:region0+0x8310, 0x0, 4)
vfio_region_write  (0000:05:00.0:region0+0x8314, 0x0, 4)
vfio_region_write  (0000:05:00.0:region0+0x8318, 0x0, 4)
vfio_region_write  (0000:05:00.0:region0+0x831c, 0x0, 4)
vfio_region_write  (0000:05:00.0:region0+0x8320, 0x0, 4)
vfio_region_write  (0000:05:00.0:region0+0x8324, 0x0, 4)
vfio_region_write  (0000:05:00.0:region0+0x8328, 0x0, 4)
vfio_region_write  (0000:05:00.0:region0+0x832c, 0x0, 4)
vfio_region_write  (0000:05:00.0:region0+0x8330, 0x0, 4)
vfio_region_write  (0000:05:00.0:region0+0x8334, 0x0, 4)
vfio_region_write  (0000:05:00.0:region0+0x8338, 0x0, 4)
vfio_region_write  (0000:05:00.0:region0+0x833c, 0x0, 4)
vfio_region_write  (0000:05:00.0:region0+0x8340, 0x0, 4)
vfio_region_write  (0000:05:00.0:region0+0x8344, 0x0, 4)
vfio_region_write  (0000:05:00.0:region0+0x8348, 0x0, 4)
vfio_region_write  (0000:05:00.0:region0+0x834c, 0x0, 4)
vfio_region_write  (0000:05:00.0:region0+0x8350, 0x0, 4)
vfio_region_write  (0000:05:00.0:region0+0x8354, 0x0, 4)
vfio_region_write  (0000:05:00.0:region0+0x8358, 0x0, 4)
vfio_region_write  (0000:05:00.0:region0+0x835c, 0x0, 4)
vfio_region_write  (0000:05:00.0:region0+0x8360, 0x0, 4)
vfio_region_write  (0000:05:00.0:region0+0x8364, 0x0, 4)
vfio_region_write  (0000:05:00.0:region0+0x8368, 0x0, 4)
vfio_region_write  (0000:05:00.0:region0+0x836c, 0x0, 4)
vfio_region_write  (0000:05:00.0:region0+0x8370, 0x0, 4)
vfio_region_write  (0000:05:00.0:region0+0x8374, 0x0, 4)
vfio_region_write  (0000:05:00.0:region0+0x8378, 0x0, 4)
vfio_region_write  (0000:05:00.0:region0+0x837c, 0x0, 4)
vfio_region_write  (0000:05:00.0:region0+0x8380, 0x0, 4)
vfio_region_write  (0000:05:00.0:region0+0x8384, 0x0, 4)
vfio_region_write  (0000:05:00.0:region0+0x8388, 0x0, 4)
vfio_region_write  (0000:05:00.0:region0+0x838c, 0x0, 4)
vfio_region_write  (0000:05:00.0:region0+0x8390, 0x0, 4)
vfio_region_write  (0000:05:00.0:region0+0x8394, 0x0, 4)
vfio_region_write  (0000:05:00.0:region0+0x8398, 0x0, 4)
vfio_region_write  (0000:05:00.0:region0+0x839c, 0x0, 4)
vfio_region_write  (0000:05:00.0:region0+0x83a0, 0x0, 4)
vfio_region_write  (0000:05:00.0:region0+0x83a4, 0x0, 4)
vfio_region_write  (0000:05:00.0:region0+0x83a8, 0x0, 4)
vfio_region_write  (0000:05:00.0:region0+0x83ac, 0x0, 4)
vfio_region_write  (0000:05:00.0:region0+0x83b0, 0x0, 4)
vfio_region_write  (0000:05:00.0:region0+0x83b4, 0x0, 4)
vfio_region_write  (0000:05:00.0:region0+0x83b8, 0x0, 4)
vfio_region_write  (0000:05:00.0:region0+0x83bc, 0x0, 4)
vfio_region_write  (0000:05:00.0:region0+0x83c0, 0x0, 4)
vfio_region_write  (0000:05:00.0:region0+0x83c4, 0x0, 4)
vfio_region_write  (0000:05:00.0:region0+0x83c8, 0x0, 4)
vfio_region_write  (0000:05:00.0:region0+0x83cc, 0x0, 4)
vfio_region_write  (0000:05:00.0:region0+0x83d0, 0x0, 4)
vfio_region_write  (0000:05:00.0:region0+0x83d4, 0x0, 4)
vfio_region_write  (0000:05:00.0:region0+0x83d8, 0x0, 4)
vfio_region_write  (0000:05:00.0:region0+0x83dc, 0x0, 4)
vfio_region_write  (0000:05:00.0:region0+0x83e0, 0x0, 4)
vfio_region_write  (0000:05:00.0:region0+0x83e4, 0x0, 4)
vfio_region_write  (0000:05:00.0:region0+0x83e8, 0x0, 4)
vfio_region_write  (0000:05:00.0:region0+0x83ec, 0x0, 4)
vfio_region_write  (0000:05:00.0:region0+0x83f0, 0x0, 4)
vfio_region_write  (0000:05:00.0:region0+0x83f4, 0x0, 4)
vfio_region_write  (0000:05:00.0:region0+0x83f8, 0x0, 4)
vfio_region_write  (0000:05:00.0:region0+0x83fc, 0x0, 4)
vfio_region_write  (0000:05:00.0:region0+0x8400, 0x0, 4)
vfio_region_write  (0000:05:00.0:region0+0x8404, 0x0, 4)
vfio_region_write  (0000:05:00.0:region0+0x8408, 0x0, 4)
vfio_region_write  (0000:05:00.0:region0+0x840c, 0x0, 4)
vfio_region_write  (0000:05:00.0:region0+0x8410, 0x0, 4)
vfio_region_write  (0000:05:00.0:region0+0x8414, 0x0, 4)
vfio_region_write  (0000:05:00.0:region0+0x8418, 0x0, 4)
vfio_region_write  (0000:05:00.0:region0+0x841c, 0x0, 4)
vfio_region_write  (0000:05:00.0:region0+0x8420, 0x0, 4)
vfio_region_write  (0000:05:00.0:region0+0x8424, 0x0, 4)
vfio_region_write  (0000:05:00.0:region0+0x8428, 0x0, 4)
vfio_region_write  (0000:05:00.0:region0+0x842c, 0x0, 4)
vfio_region_write  (0000:05:00.0:region0+0x408, 0x1, 4)
vfio_region_read   (0000:05:00.0:region0+0x100, 4) = 0x20000000
vfio_region_read   (0000:05:00.0:region0+0x8028, 4) = 0x0
vfio_region_write  (0000:05:00.0:region0+0x408, 0x2, 4)
vfio_region_write  (0000:05:00.0:region0+0x8020, 0x80800001, 4)
vfio_region_write  (0000:05:00.0:region0+0x8024, 0x660400, 4)
vfio_region_write  (0000:05:00.0:region0+0x8028, 0x0, 4)
vfio_region_write  (0000:05:00.0:region0+0x802c, 0x0, 4)
vfio_region_write  (0000:05:00.0:region0+0x8030, 0x4c0, 4)
vfio_region_write  (0000:05:00.0:region0+0x8034, 0x3f8, 4)
vfio_region_write  (0000:05:00.0:region0+0x8038, 0x0, 4)
vfio_region_write  (0000:05:00.0:region0+0x803c, 0x0, 4)
vfio_region_write  (0000:05:00.0:region0+0x8040, 0x0, 4)
vfio_region_write  (0000:05:00.0:region0+0x8044, 0x0, 4)
vfio_region_write  (0000:05:00.0:region0+0x8048, 0x0, 4)
vfio_region_write  (0000:05:00.0:region0+0x804c, 0x0, 4)
vfio_region_write  (0000:05:00.0:region0+0x8050, 0x0, 4)
vfio_region_write  (0000:05:00.0:region0+0x8054, 0x0, 4)
vfio_region_write  (0000:05:00.0:region0+0x8058, 0x0, 4)
vfio_region_write  (0000:05:00.0:region0+0x805c, 0x0, 4)
vfio_region_write  (0000:05:00.0:region0+0x8060, 0x0, 4)
vfio_region_write  (0000:05:00.0:region0+0x8064, 0x0, 4)
vfio_region_write  (0000:05:00.0:region0+0x8068, 0x0, 4)
vfio_region_write  (0000:05:00.0:region0+0x806c, 0x0, 4)
vfio_region_write  (0000:05:00.0:region0+0x8070, 0x0, 4)
vfio_region_write  (0000:05:00.0:region0+0x8074, 0x0, 4)
vfio_region_write  (0000:05:00.0:region0+0x8078, 0x0, 4)
vfio_region_write  (0000:05:00.0:region0+0x807c, 0x0, 4)
vfio_region_write  (0000:05:00.0:region0+0x8080, 0x0, 4)
vfio_region_write  (0000:05:00.0:region0+0x8084, 0x0, 4)
vfio_region_write  (0000:05:00.0:region0+0x8088, 0x0, 4)
vfio_region_write  (0000:05:00.0:region0+0x808c, 0x0, 4)
vfio_region_write  (0000:05:00.0:region0+0x8090, 0x0, 4)
vfio_region_write  (0000:05:00.0:region0+0x8094, 0x0, 4)
vfio_region_write  (0000:05:00.0:region0+0x8098, 0x0, 4)
vfio_region_write  (0000:05:00.0:region0+0x809c, 0x0, 4)
vfio_region_write  (0000:05:00.0:region0+0x80a0, 0x0, 4)
vfio_region_write  (0000:05:00.0:region0+0x80a4, 0x0, 4)
vfio_region_write  (0000:05:00.0:region0+0x80a8, 0x0, 4)
vfio_region_write  (0000:05:00.0:region0+0x80ac, 0x0, 4)
vfio_region_write  (0000:05:00.0:region0+0x80b0, 0x0, 4)
vfio_region_write  (0000:05:00.0:region0+0x80b4, 0x0, 4)
vfio_region_write  (0000:05:00.0:region0+0x80b8, 0x0, 4)
vfio_region_write  (0000:05:00.0:region0+0x80bc, 0x0, 4)
vfio_region_write  (0000:05:00.0:region0+0x80c0, 0x0, 4)
vfio_region_write  (0000:05:00.0:region0+0x80c4, 0x0, 4)
vfio_region_write  (0000:05:00.0:region0+0x80c8, 0x0, 4)
vfio_region_write  (0000:05:00.0:region0+0x80cc, 0x0, 4)
vfio_region_write  (0000:05:00.0:region0+0x80d0, 0x0, 4)
vfio_region_write  (0000:05:00.0:region0+0x80d4, 0x0, 4)
vfio_region_write  (0000:05:00.0:region0+0x80d8, 0x0, 4)
vfio_region_write  (0000:05:00.0:region0+0x80dc, 0x0, 4)
vfio_region_write  (0000:05:00.0:region0+0x80e0, 0x0, 4)
vfio_region_write  (0000:05:00.0:region0+0x80e4, 0x0, 4)
vfio_region_write  (0000:05:00.0:region0+0x80e8, 0x0, 4)
vfio_region_write  (0000:05:00.0:region0+0x80ec, 0x0, 4)
vfio_region_write  (0000:05:00.0:region0+0x80f0, 0x0, 4)
vfio_region_write  (0000:05:00.0:region0+0x80f4, 0x0, 4)
vfio_region_write  (0000:05:00.0:region0+0x80f8, 0x0, 4)
vfio_region_write  (0000:05:00.0:region0+0x80fc, 0x0, 4)
vfio_region_write  (0000:05:00.0:region0+0x8100, 0x0, 4)
vfio_region_write  (0000:05:00.0:region0+0x8104, 0x0, 4)
vfio_region_write  (0000:05:00.0:region0+0x8108, 0x0, 4)
vfio_region_write  (0000:05:00.0:region0+0x810c, 0x0, 4)
vfio_region_write  (0000:05:00.0:region0+0x8110, 0x0, 4)
vfio_region_write  (0000:05:00.0:region0+0x8114, 0x0, 4)
vfio_region_write  (0000:05:00.0:region0+0x8118, 0x0, 4)
vfio_region_write  (0000:05:00.0:region0+0x811c, 0x0, 4)
vfio_region_write  (0000:05:00.0:region0+0x8120, 0x0, 4)
vfio_region_write  (0000:05:00.0:region0+0x8124, 0x0, 4)
vfio_region_write  (0000:05:00.0:region0+0x8128, 0x0, 4)
vfio_region_write  (0000:05:00.0:region0+0x812c, 0x0, 4)
vfio_region_write  (0000:05:00.0:region0+0x8130, 0x0, 4)
vfio_region_write  (0000:05:00.0:region0+0x8134, 0x0, 4)
vfio_region_write  (0000:05:00.0:region0+0x8138, 0x0, 4)
vfio_region_write  (0000:05:00.0:region0+0x813c, 0x0, 4)
vfio_region_write  (0000:05:00.0:region0+0x8140, 0x0, 4)
vfio_region_write  (0000:05:00.0:region0+0x8144, 0x0, 4)
vfio_region_write  (0000:05:00.0:region0+0x8148, 0x0, 4)
vfio_region_write  (0000:05:00.0:region0+0x814c, 0x0, 4)
vfio_region_write  (0000:05:00.0:region0+0x8150, 0x0, 4)
vfio_region_write  (0000:05:00.0:region0+0x8154, 0x0, 4)
vfio_region_write  (0000:05:00.0:region0+0x8158, 0x0, 4)
vfio_region_write  (0000:05:00.0:region0+0x815c, 0x0, 4)
vfio_region_write  (0000:05:00.0:region0+0x8160, 0x0, 4)
vfio_region_write  (0000:05:00.0:region0+0x8164, 0x0, 4)
vfio_region_write  (0000:05:00.0:region0+0x8168, 0x0, 4)
vfio_region_write  (0000:05:00.0:region0+0x816c, 0x0, 4)
vfio_region_write  (0000:05:00.0:region0+0x8170, 0x0, 4)
vfio_region_write  (0000:05:00.0:region0+0x8174, 0x0, 4)
vfio_region_write  (0000:05:00.0:region0+0x8178, 0x0, 4)
vfio_region_write  (0000:05:00.0:region0+0x817c, 0x0, 4)
vfio_region_write  (0000:05:00.0:region0+0x8180, 0x0, 4)
vfio_region_write  (0000:05:00.0:region0+0x8184, 0x0, 4)
vfio_region_write  (0000:05:00.0:region0+0x8188, 0x0, 4)
vfio_region_write  (0000:05:00.0:region0+0x818c, 0x0, 4)
vfio_region_write  (0000:05:00.0:region0+0x8190, 0x0, 4)
vfio_region_write  (0000:05:00.0:region0+0x8194, 0x0, 4)
vfio_region_write  (0000:05:00.0:region0+0x8198, 0x0, 4)
vfio_region_write  (0000:05:00.0:region0+0x819c, 0x0, 4)
vfio_region_write  (0000:05:00.0:region0+0x81a0, 0x0, 4)
vfio_region_write  (0000:05:00.0:region0+0x81a4, 0x0, 4)
vfio_region_write  (0000:05:00.0:region0+0x81a8, 0x0, 4)
vfio_region_write  (0000:05:00.0:region0+0x81ac, 0x0, 4)
vfio_region_write  (0000:05:00.0:region0+0x81b0, 0x0, 4)
vfio_region_write  (0000:05:00.0:region0+0x81b4, 0x0, 4)
vfio_region_write  (0000:05:00.0:region0+0x81b8, 0x0, 4)
vfio_region_write  (0000:05:00.0:region0+0x81bc, 0x0, 4)
vfio_region_write  (0000:05:00.0:region0+0x81c0, 0x0, 4)
vfio_region_write  (0000:05:00.0:region0+0x81c4, 0x0, 4)
vfio_region_write  (0000:05:00.0:region0+0x81c8, 0x0, 4)
vfio_region_write  (0000:05:00.0:region0+0x81cc, 0x0, 4)
vfio_region_write  (0000:05:00.0:region0+0x81d0, 0x0, 4)
vfio_region_write  (0000:05:00.0:region0+0x81d4, 0x0, 4)
vfio_region_write  (0000:05:00.0:region0+0x81d8, 0x0, 4)
vfio_region_write  (0000:05:00.0:region0+0x81dc, 0x0, 4)
vfio_region_write  (0000:05:00.0:region0+0x81e0, 0x0, 4)
vfio_region_write  (0000:05:00.0:region0+0x81e4, 0x0, 4)
vfio_region_write  (0000:05:00.0:region0+0x81e8, 0x0, 4)
vfio_region_write  (0000:05:00.0:region0+0x81ec, 0x0, 4)
vfio_region_write  (0000:05:00.0:region0+0x81f0, 0x0, 4)
vfio_region_write  (0000:05:00.0:region0+0x81f4, 0x0, 4)
vfio_region_write  (0000:05:00.0:region0+0x81f8, 0x0, 4)
vfio_region_write  (0000:05:00.0:region0+0x81fc, 0x0, 4)
vfio_region_write  (0000:05:00.0:region0+0x8200, 0x0, 4)
vfio_region_write  (0000:05:00.0:region0+0x8204, 0x0, 4)
vfio_region_write  (0000:05:00.0:region0+0x8208, 0x0, 4)
vfio_region_write  (0000:05:00.0:region0+0x820c, 0x0, 4)
vfio_region_write  (0000:05:00.0:region0+0x8210, 0x0, 4)
vfio_region_write  (0000:05:00.0:region0+0x8214, 0x0, 4)
vfio_region_write  (0000:05:00.0:region0+0x8218, 0x0, 4)
vfio_region_write  (0000:05:00.0:region0+0x821c, 0x0, 4)
vfio_region_write  (0000:05:00.0:region0+0x8220, 0x0, 4)
vfio_region_write  (0000:05:00.0:region0+0x8224, 0x0, 4)
vfio_region_write  (0000:05:00.0:region0+0x8228, 0x0, 4)
vfio_region_write  (0000:05:00.0:region0+0x822c, 0x0, 4)
vfio_region_write  (0000:05:00.0:region0+0x8230, 0x0, 4)
vfio_region_write  (0000:05:00.0:region0+0x8234, 0x0, 4)
vfio_region_write  (0000:05:00.0:region0+0x8238, 0x0, 4)
vfio_region_write  (0000:05:00.0:region0+0x823c, 0x0, 4)
vfio_region_write  (0000:05:00.0:region0+0x8240, 0x0, 4)
vfio_region_write  (0000:05:00.0:region0+0x8244, 0x0, 4)
vfio_region_write  (0000:05:00.0:region0+0x8248, 0x0, 4)
vfio_region_write  (0000:05:00.0:region0+0x824c, 0x0, 4)
vfio_region_write  (0000:05:00.0:region0+0x8250, 0x0, 4)
vfio_region_write  (0000:05:00.0:region0+0x8254, 0x0, 4)
vfio_region_write  (0000:05:00.0:region0+0x8258, 0x0, 4)
vfio_region_write  (0000:05:00.0:region0+0x825c, 0x0, 4)
vfio_region_write  (0000:05:00.0:region0+0x8260, 0x0, 4)
vfio_region_write  (0000:05:00.0:region0+0x8264, 0x0, 4)
vfio_region_write  (0000:05:00.0:region0+0x8268, 0x0, 4)
vfio_region_write  (0000:05:00.0:region0+0x826c, 0x0, 4)
vfio_region_write  (0000:05:00.0:region0+0x8270, 0x0, 4)
vfio_region_write  (0000:05:00.0:region0+0x8274, 0x0, 4)
vfio_region_write  (0000:05:00.0:region0+0x8278, 0x0, 4)
vfio_region_write  (0000:05:00.0:region0+0x827c, 0x0, 4)
vfio_region_write  (0000:05:00.0:region0+0x8280, 0x0, 4)
vfio_region_write  (0000:05:00.0:region0+0x8284, 0x0, 4)
vfio_region_write  (0000:05:00.0:region0+0x8288, 0x0, 4)
vfio_region_write  (0000:05:00.0:region0+0x828c, 0x0, 4)
vfio_region_write  (0000:05:00.0:region0+0x8290, 0x0, 4)
vfio_region_write  (0000:05:00.0:region0+0x8294, 0x0, 4)
vfio_region_write  (0000:05:00.0:region0+0x8298, 0x0, 4)
vfio_region_write  (0000:05:00.0:region0+0x829c, 0x0, 4)
vfio_region_write  (0000:05:00.0:region0+0x82a0, 0x0, 4)
vfio_region_write  (0000:05:00.0:region0+0x82a4, 0x0, 4)
vfio_region_write  (0000:05:00.0:region0+0x82a8, 0x0, 4)
vfio_region_write  (0000:05:00.0:region0+0x82ac, 0x0, 4)
vfio_region_write  (0000:05:00.0:region0+0x82b0, 0x0, 4)
vfio_region_write  (0000:05:00.0:region0+0x82b4, 0x0, 4)
vfio_region_write  (0000:05:00.0:region0+0x82b8, 0x0, 4)
vfio_region_write  (0000:05:00.0:region0+0x82bc, 0x0, 4)
vfio_region_write  (0000:05:00.0:region0+0x82c0, 0x0, 4)
vfio_region_write  (0000:05:00.0:region0+0x82c4, 0x0, 4)
vfio_region_write  (0000:05:00.0:region0+0x82c8, 0x0, 4)
vfio_region_write  (0000:05:00.0:region0+0x82cc, 0x0, 4)
vfio_region_write  (0000:05:00.0:region0+0x82d0, 0x0, 4)
vfio_region_write  (0000:05:00.0:region0+0x82d4, 0x0, 4)
vfio_region_write  (0000:05:00.0:region0+0x82d8, 0x0, 4)
vfio_region_write  (0000:05:00.0:region0+0x82dc, 0x0, 4)
vfio_region_write  (0000:05:00.0:region0+0x82e0, 0x0, 4)
vfio_region_write  (0000:05:00.0:region0+0x82e4, 0x0, 4)
vfio_region_write  (0000:05:00.0:region0+0x82e8, 0x0, 4)
vfio_region_write  (0000:05:00.0:region0+0x82ec, 0x0, 4)
vfio_region_write  (0000:05:00.0:region0+0x82f0, 0x0, 4)
vfio_region_write  (0000:05:00.0:region0+0x82f4, 0x0, 4)
vfio_region_write  (0000:05:00.0:region0+0x82f8, 0x0, 4)
vfio_region_write  (0000:05:00.0:region0+0x82fc, 0x0, 4)
vfio_region_write  (0000:05:00.0:region0+0x8300, 0x0, 4)
vfio_region_write  (0000:05:00.0:region0+0x8304, 0x0, 4)
vfio_region_write  (0000:05:00.0:region0+0x8308, 0x0, 4)
vfio_region_write  (0000:05:00.0:region0+0x830c, 0x0, 4)
vfio_region_write  (0000:05:00.0:region0+0x8310, 0x0, 4)
vfio_region_write  (0000:05:00.0:region0+0x8314, 0x0, 4)
vfio_region_write  (0000:05:00.0:region0+0x8318, 0x0, 4)
vfio_region_write  (0000:05:00.0:region0+0x831c, 0x0, 4)
vfio_region_write  (0000:05:00.0:region0+0x8320, 0x0, 4)
vfio_region_write  (0000:05:00.0:region0+0x8324, 0x0, 4)
vfio_region_write  (0000:05:00.0:region0+0x8328, 0x0, 4)
vfio_region_write  (0000:05:00.0:region0+0x832c, 0x0, 4)
vfio_region_write  (0000:05:00.0:region0+0x8330, 0x0, 4)
vfio_region_write  (0000:05:00.0:region0+0x8334, 0x0, 4)
vfio_region_write  (0000:05:00.0:region0+0x8338, 0x0, 4)
vfio_region_write  (0000:05:00.0:region0+0x833c, 0x0, 4)
vfio_region_write  (0000:05:00.0:region0+0x8340, 0x0, 4)
vfio_region_write  (0000:05:00.0:region0+0x8344, 0x0, 4)
vfio_region_write  (0000:05:00.0:region0+0x8348, 0x0, 4)
vfio_region_write  (0000:05:00.0:region0+0x834c, 0x0, 4)
vfio_region_write  (0000:05:00.0:region0+0x8350, 0x0, 4)
vfio_region_write  (0000:05:00.0:region0+0x8354, 0x0, 4)
vfio_region_write  (0000:05:00.0:region0+0x8358, 0x0, 4)
vfio_region_write  (0000:05:00.0:region0+0x835c, 0x0, 4)
vfio_region_write  (0000:05:00.0:region0+0x8360, 0x0, 4)
vfio_region_write  (0000:05:00.0:region0+0x8364, 0x0, 4)
vfio_region_write  (0000:05:00.0:region0+0x8368, 0x0, 4)
vfio_region_write  (0000:05:00.0:region0+0x836c, 0x0, 4)
vfio_region_write  (0000:05:00.0:region0+0x8370, 0x0, 4)
vfio_region_write  (0000:05:00.0:region0+0x8374, 0x0, 4)
vfio_region_write  (0000:05:00.0:region0+0x8378, 0x0, 4)
vfio_region_write  (0000:05:00.0:region0+0x837c, 0x0, 4)
vfio_region_write  (0000:05:00.0:region0+0x8380, 0x0, 4)
vfio_region_write  (0000:05:00.0:region0+0x8384, 0x0, 4)
vfio_region_write  (0000:05:00.0:region0+0x8388, 0x0, 4)
vfio_region_write  (0000:05:00.0:region0+0x838c, 0x0, 4)
vfio_region_write  (0000:05:00.0:region0+0x8390, 0x0, 4)
vfio_region_write  (0000:05:00.0:region0+0x8394, 0x0, 4)
vfio_region_write  (0000:05:00.0:region0+0x8398, 0x0, 4)
vfio_region_write  (0000:05:00.0:region0+0x839c, 0x0, 4)
vfio_region_write  (0000:05:00.0:region0+0x83a0, 0x0, 4)
vfio_region_write  (0000:05:00.0:region0+0x83a4, 0x0, 4)
vfio_region_write  (0000:05:00.0:region0+0x83a8, 0x0, 4)
vfio_region_write  (0000:05:00.0:region0+0x83ac, 0x0, 4)
vfio_region_write  (0000:05:00.0:region0+0x83b0, 0x0, 4)
vfio_region_write  (0000:05:00.0:region0+0x83b4, 0x0, 4)
vfio_region_write  (0000:05:00.0:region0+0x83b8, 0x0, 4)
vfio_region_write  (0000:05:00.0:region0+0x83bc, 0x0, 4)
vfio_region_write  (0000:05:00.0:region0+0x83c0, 0x0, 4)
vfio_region_write  (0000:05:00.0:region0+0x83c4, 0x0, 4)
vfio_region_write  (0000:05:00.0:region0+0x83c8, 0x0, 4)
vfio_region_write  (0000:05:00.0:region0+0x83cc, 0x0, 4)
vfio_region_write  (0000:05:00.0:region0+0x83d0, 0x0, 4)
vfio_region_write  (0000:05:00.0:region0+0x83d4, 0x0, 4)
vfio_region_write  (0000:05:00.0:region0+0x83d8, 0x0, 4)
vfio_region_write  (0000:05:00.0:region0+0x83dc, 0x0, 4)
vfio_region_write  (0000:05:00.0:region0+0x83e0, 0x0, 4)
vfio_region_write  (0000:05:00.0:region0+0x83e4, 0x0, 4)
vfio_region_write  (0000:05:00.0:region0+0x83e8, 0x0, 4)
vfio_region_write  (0000:05:00.0:region0+0x83ec, 0x0, 4)
vfio_region_write  (0000:05:00.0:region0+0x83f0, 0x0, 4)
vfio_region_write  (0000:05:00.0:region0+0x83f4, 0x0, 4)
vfio_region_write  (0000:05:00.0:region0+0x83f8, 0x0, 4)
vfio_region_write  (0000:05:00.0:region0+0x83fc, 0x0, 4)
vfio_region_write  (0000:05:00.0:region0+0x8400, 0x0, 4)
vfio_region_write  (0000:05:00.0:region0+0x8404, 0x0, 4)
vfio_region_write  (0000:05:00.0:region0+0x8408, 0x0, 4)
vfio_region_write  (0000:05:00.0:region0+0x840c, 0x0, 4)
vfio_region_write  (0000:05:00.0:region0+0x8410, 0x0, 4)
vfio_region_write  (0000:05:00.0:region0+0x8414, 0x0, 4)
vfio_region_write  (0000:05:00.0:region0+0x8418, 0x0, 4)
vfio_region_write  (0000:05:00.0:region0+0x841c, 0x0, 4)
vfio_region_write  (0000:05:00.0:region0+0x8420, 0x0, 4)
vfio_region_write  (0000:05:00.0:region0+0x8424, 0x0, 4)
vfio_region_write  (0000:05:00.0:region0+0x8428, 0x0, 4)
vfio_region_write  (0000:05:00.0:region0+0x842c, 0x0, 4)
vfio_region_write  (0000:05:00.0:region0+0x408, 0x1, 4)
vfio_region_read   (0000:05:00.0:region0+0x100, 4) = 0x20000000
vfio_region_read   (0000:05:00.0:region0+0x8028, 4) = 0x0
vfio_region_write  (0000:05:00.0:region0+0x408, 0x2, 4)
vfio_region_write  (0000:05:00.0:region0+0x8020, 0x80800001, 4)
vfio_region_write  (0000:05:00.0:region0+0x8024, 0x670400, 4)
vfio_region_write  (0000:05:00.0:region0+0x8028, 0x0, 4)
vfio_region_write  (0000:05:00.0:region0+0x802c, 0x0, 4)
vfio_region_write  (0000:05:00.0:region0+0x8030, 0x8b8, 4)
vfio_region_write  (0000:05:00.0:region0+0x8034, 0x3f8, 4)
vfio_region_write  (0000:05:00.0:region0+0x8038, 0x0, 4)
vfio_region_write  (0000:05:00.0:region0+0x803c, 0x0, 4)
vfio_region_write  (0000:05:00.0:region0+0x8040, 0x0, 4)
vfio_region_write  (0000:05:00.0:region0+0x8044, 0x0, 4)
vfio_region_write  (0000:05:00.0:region0+0x8048, 0x0, 4)
vfio_region_write  (0000:05:00.0:region0+0x804c, 0x0, 4)
vfio_region_write  (0000:05:00.0:region0+0x8050, 0x0, 4)
vfio_region_write  (0000:05:00.0:region0+0x8054, 0x0, 4)
vfio_region_write  (0000:05:00.0:region0+0x8058, 0x0, 4)
vfio_region_write  (0000:05:00.0:region0+0x805c, 0x0, 4)
vfio_region_write  (0000:05:00.0:region0+0x8060, 0x0, 4)
vfio_region_write  (0000:05:00.0:region0+0x8064, 0x0, 4)
vfio_region_write  (0000:05:00.0:region0+0x8068, 0x0, 4)
vfio_region_write  (0000:05:00.0:region0+0x806c, 0x0, 4)
vfio_region_write  (0000:05:00.0:region0+0x8070, 0x0, 4)
vfio_region_write  (0000:05:00.0:region0+0x8074, 0x0, 4)
vfio_region_write  (0000:05:00.0:region0+0x8078, 0x0, 4)
vfio_region_write  (0000:05:00.0:region0+0x807c, 0x0, 4)
vfio_region_write  (0000:05:00.0:region0+0x8080, 0x0, 4)
vfio_region_write  (0000:05:00.0:region0+0x8084, 0x0, 4)
vfio_region_write  (0000:05:00.0:region0+0x8088, 0x0, 4)
vfio_region_write  (0000:05:00.0:region0+0x808c, 0x0, 4)
vfio_region_write  (0000:05:00.0:region0+0x8090, 0x0, 4)
vfio_region_write  (0000:05:00.0:region0+0x8094, 0x0, 4)
vfio_region_write  (0000:05:00.0:region0+0x8098, 0x0, 4)
vfio_region_write  (0000:05:00.0:region0+0x809c, 0x0, 4)
vfio_region_write  (0000:05:00.0:region0+0x80a0, 0x0, 4)
vfio_region_write  (0000:05:00.0:region0+0x80a4, 0x0, 4)
vfio_region_write  (0000:05:00.0:region0+0x80a8, 0x0, 4)
vfio_region_write  (0000:05:00.0:region0+0x80ac, 0x0, 4)
vfio_region_write  (0000:05:00.0:region0+0x80b0, 0x0, 4)
vfio_region_write  (0000:05:00.0:region0+0x80b4, 0x0, 4)
vfio_region_write  (0000:05:00.0:region0+0x80b8, 0x0, 4)
vfio_region_write  (0000:05:00.0:region0+0x80bc, 0x0, 4)
vfio_region_write  (0000:05:00.0:region0+0x80c0, 0x0, 4)
vfio_region_write  (0000:05:00.0:region0+0x80c4, 0x0, 4)
vfio_region_write  (0000:05:00.0:region0+0x80c8, 0x0, 4)
vfio_region_write  (0000:05:00.0:region0+0x80cc, 0x0, 4)
vfio_region_write  (0000:05:00.0:region0+0x80d0, 0x0, 4)
vfio_region_write  (0000:05:00.0:region0+0x80d4, 0x0, 4)
vfio_region_write  (0000:05:00.0:region0+0x80d8, 0x0, 4)
vfio_region_write  (0000:05:00.0:region0+0x80dc, 0x0, 4)
vfio_region_write  (0000:05:00.0:region0+0x80e0, 0x0, 4)
vfio_region_write  (0000:05:00.0:region0+0x80e4, 0x0, 4)
vfio_region_write  (0000:05:00.0:region0+0x80e8, 0x0, 4)
vfio_region_write  (0000:05:00.0:region0+0x80ec, 0x0, 4)
vfio_region_write  (0000:05:00.0:region0+0x80f0, 0x0, 4)
vfio_region_write  (0000:05:00.0:region0+0x80f4, 0x0, 4)
vfio_region_write  (0000:05:00.0:region0+0x80f8, 0x0, 4)
vfio_region_write  (0000:05:00.0:region0+0x80fc, 0x0, 4)
vfio_region_write  (0000:05:00.0:region0+0x8100, 0x0, 4)
vfio_region_write  (0000:05:00.0:region0+0x8104, 0x0, 4)
vfio_region_write  (0000:05:00.0:region0+0x8108, 0x0, 4)
vfio_region_write  (0000:05:00.0:region0+0x810c, 0x0, 4)
vfio_region_write  (0000:05:00.0:region0+0x8110, 0x0, 4)
vfio_region_write  (0000:05:00.0:region0+0x8114, 0x0, 4)
vfio_region_write  (0000:05:00.0:region0+0x8118, 0x0, 4)
vfio_region_write  (0000:05:00.0:region0+0x811c, 0x0, 4)
vfio_region_write  (0000:05:00.0:region0+0x8120, 0x0, 4)
vfio_region_write  (0000:05:00.0:region0+0x8124, 0x0, 4)
vfio_region_write  (0000:05:00.0:region0+0x8128, 0x0, 4)
vfio_region_write  (0000:05:00.0:region0+0x812c, 0x0, 4)
vfio_region_write  (0000:05:00.0:region0+0x8130, 0x0, 4)
vfio_region_write  (0000:05:00.0:region0+0x8134, 0x0, 4)
vfio_region_write  (0000:05:00.0:region0+0x8138, 0x0, 4)
vfio_region_write  (0000:05:00.0:region0+0x813c, 0x0, 4)
vfio_region_write  (0000:05:00.0:region0+0x8140, 0x0, 4)
vfio_region_write  (0000:05:00.0:region0+0x8144, 0x0, 4)
vfio_region_write  (0000:05:00.0:region0+0x8148, 0x0, 4)
vfio_region_write  (0000:05:00.0:region0+0x814c, 0x0, 4)
vfio_region_write  (0000:05:00.0:region0+0x8150, 0x0, 4)
vfio_region_write  (0000:05:00.0:region0+0x8154, 0x0, 4)
vfio_region_write  (0000:05:00.0:region0+0x8158, 0x0, 4)
vfio_region_write  (0000:05:00.0:region0+0x815c, 0x0, 4)
vfio_region_write  (0000:05:00.0:region0+0x8160, 0x0, 4)
vfio_region_write  (0000:05:00.0:region0+0x8164, 0x0, 4)
vfio_region_write  (0000:05:00.0:region0+0x8168, 0x0, 4)
vfio_region_write  (0000:05:00.0:region0+0x816c, 0x0, 4)
vfio_region_write  (0000:05:00.0:region0+0x8170, 0x0, 4)
vfio_region_write  (0000:05:00.0:region0+0x8174, 0x0, 4)
vfio_region_write  (0000:05:00.0:region0+0x8178, 0x0, 4)
vfio_region_write  (0000:05:00.0:region0+0x817c, 0x0, 4)
vfio_region_write  (0000:05:00.0:region0+0x8180, 0x0, 4)
vfio_region_write  (0000:05:00.0:region0+0x8184, 0x0, 4)
vfio_region_write  (0000:05:00.0:region0+0x8188, 0x0, 4)
vfio_region_write  (0000:05:00.0:region0+0x818c, 0x0, 4)
vfio_region_write  (0000:05:00.0:region0+0x8190, 0x0, 4)
vfio_region_write  (0000:05:00.0:region0+0x8194, 0x0, 4)
vfio_region_write  (0000:05:00.0:region0+0x8198, 0x0, 4)
vfio_region_write  (0000:05:00.0:region0+0x819c, 0x0, 4)
vfio_region_write  (0000:05:00.0:region0+0x81a0, 0x0, 4)
vfio_region_write  (0000:05:00.0:region0+0x81a4, 0x0, 4)
vfio_region_write  (0000:05:00.0:region0+0x81a8, 0x0, 4)
vfio_region_write  (0000:05:00.0:region0+0x81ac, 0x0, 4)
vfio_region_write  (0000:05:00.0:region0+0x81b0, 0x0, 4)
vfio_region_write  (0000:05:00.0:region0+0x81b4, 0x0, 4)
vfio_region_write  (0000:05:00.0:region0+0x81b8, 0x0, 4)
vfio_region_write  (0000:05:00.0:region0+0x81bc, 0x0, 4)
vfio_region_write  (0000:05:00.0:region0+0x81c0, 0x0, 4)
vfio_region_write  (0000:05:00.0:region0+0x81c4, 0x0, 4)
vfio_region_write  (0000:05:00.0:region0+0x81c8, 0x0, 4)
vfio_region_write  (0000:05:00.0:region0+0x81cc, 0x0, 4)
vfio_region_write  (0000:05:00.0:region0+0x81d0, 0x0, 4)
vfio_region_write  (0000:05:00.0:region0+0x81d4, 0x0, 4)
vfio_region_write  (0000:05:00.0:region0+0x81d8, 0x0, 4)
vfio_region_write  (0000:05:00.0:region0+0x81dc, 0x0, 4)
vfio_region_write  (0000:05:00.0:region0+0x81e0, 0x0, 4)
vfio_region_write  (0000:05:00.0:region0+0x81e4, 0x0, 4)
vfio_region_write  (0000:05:00.0:region0+0x81e8, 0x0, 4)
vfio_region_write  (0000:05:00.0:region0+0x81ec, 0x0, 4)
vfio_region_write  (0000:05:00.0:region0+0x81f0, 0x0, 4)
vfio_region_write  (0000:05:00.0:region0+0x81f4, 0x0, 4)
vfio_region_write  (0000:05:00.0:region0+0x81f8, 0x0, 4)
vfio_region_write  (0000:05:00.0:region0+0x81fc, 0x0, 4)
vfio_region_write  (0000:05:00.0:region0+0x8200, 0x0, 4)
vfio_region_write  (0000:05:00.0:region0+0x8204, 0x0, 4)
vfio_region_write  (0000:05:00.0:region0+0x8208, 0x0, 4)
vfio_region_write  (0000:05:00.0:region0+0x820c, 0x0, 4)
vfio_region_write  (0000:05:00.0:region0+0x8210, 0x0, 4)
vfio_region_write  (0000:05:00.0:region0+0x8214, 0x0, 4)
vfio_region_write  (0000:05:00.0:region0+0x8218, 0x0, 4)
vfio_region_write  (0000:05:00.0:region0+0x821c, 0x0, 4)
vfio_region_write  (0000:05:00.0:region0+0x8220, 0x0, 4)
vfio_region_write  (0000:05:00.0:region0+0x8224, 0x0, 4)
vfio_region_write  (0000:05:00.0:region0+0x8228, 0x0, 4)
vfio_region_write  (0000:05:00.0:region0+0x822c, 0x0, 4)
vfio_region_write  (0000:05:00.0:region0+0x8230, 0x0, 4)
vfio_region_write  (0000:05:00.0:region0+0x8234, 0x0, 4)
vfio_region_write  (0000:05:00.0:region0+0x8238, 0x0, 4)
vfio_region_write  (0000:05:00.0:region0+0x823c, 0x0, 4)
vfio_region_write  (0000:05:00.0:region0+0x8240, 0x0, 4)
vfio_region_write  (0000:05:00.0:region0+0x8244, 0x0, 4)
vfio_region_write  (0000:05:00.0:region0+0x8248, 0x0, 4)
vfio_region_write  (0000:05:00.0:region0+0x824c, 0x0, 4)
vfio_region_write  (0000:05:00.0:region0+0x8250, 0x0, 4)
vfio_region_write  (0000:05:00.0:region0+0x8254, 0x0, 4)
vfio_region_write  (0000:05:00.0:region0+0x8258, 0x0, 4)
vfio_region_write  (0000:05:00.0:region0+0x825c, 0x0, 4)
vfio_region_write  (0000:05:00.0:region0+0x8260, 0x0, 4)
vfio_region_write  (0000:05:00.0:region0+0x8264, 0x0, 4)
vfio_region_write  (0000:05:00.0:region0+0x8268, 0x0, 4)
vfio_region_write  (0000:05:00.0:region0+0x826c, 0x0, 4)
vfio_region_write  (0000:05:00.0:region0+0x8270, 0x0, 4)
vfio_region_write  (0000:05:00.0:region0+0x8274, 0x0, 4)
vfio_region_write  (0000:05:00.0:region0+0x8278, 0x0, 4)
vfio_region_write  (0000:05:00.0:region0+0x827c, 0x0, 4)
vfio_region_write  (0000:05:00.0:region0+0x8280, 0x0, 4)
vfio_region_write  (0000:05:00.0:region0+0x8284, 0x0, 4)
vfio_region_write  (0000:05:00.0:region0+0x8288, 0x0, 4)
vfio_region_write  (0000:05:00.0:region0+0x828c, 0x0, 4)
vfio_region_write  (0000:05:00.0:region0+0x8290, 0x0, 4)
vfio_region_write  (0000:05:00.0:region0+0x8294, 0x0, 4)
vfio_region_write  (0000:05:00.0:region0+0x8298, 0x0, 4)
vfio_region_write  (0000:05:00.0:region0+0x829c, 0x0, 4)
vfio_region_write  (0000:05:00.0:region0+0x82a0, 0x0, 4)
vfio_region_write  (0000:05:00.0:region0+0x82a4, 0x0, 4)
vfio_region_write  (0000:05:00.0:region0+0x82a8, 0x0, 4)
vfio_region_write  (0000:05:00.0:region0+0x82ac, 0x0, 4)
vfio_region_write  (0000:05:00.0:region0+0x82b0, 0x0, 4)
vfio_region_write  (0000:05:00.0:region0+0x82b4, 0x0, 4)
vfio_region_write  (0000:05:00.0:region0+0x82b8, 0x0, 4)
vfio_region_write  (0000:05:00.0:region0+0x82bc, 0x0, 4)
vfio_region_write  (0000:05:00.0:region0+0x82c0, 0x0, 4)
vfio_region_write  (0000:05:00.0:region0+0x82c4, 0x0, 4)
vfio_region_write  (0000:05:00.0:region0+0x82c8, 0x0, 4)
vfio_region_write  (0000:05:00.0:region0+0x82cc, 0x0, 4)
vfio_region_write  (0000:05:00.0:region0+0x82d0, 0x0, 4)
vfio_region_write  (0000:05:00.0:region0+0x82d4, 0x0, 4)
vfio_region_write  (0000:05:00.0:region0+0x82d8, 0x0, 4)
vfio_region_write  (0000:05:00.0:region0+0x82dc, 0x0, 4)
vfio_region_write  (0000:05:00.0:region0+0x82e0, 0x0, 4)
vfio_region_write  (0000:05:00.0:region0+0x82e4, 0x0, 4)
vfio_region_write  (0000:05:00.0:region0+0x82e8, 0x0, 4)
vfio_region_write  (0000:05:00.0:region0+0x82ec, 0x0, 4)
vfio_region_write  (0000:05:00.0:region0+0x82f0, 0x0, 4)
vfio_region_write  (0000:05:00.0:region0+0x82f4, 0x0, 4)
vfio_region_write  (0000:05:00.0:region0+0x82f8, 0x0, 4)
vfio_region_write  (0000:05:00.0:region0+0x82fc, 0x0, 4)
vfio_region_write  (0000:05:00.0:region0+0x8300, 0x0, 4)
vfio_region_write  (0000:05:00.0:region0+0x8304, 0x0, 4)
vfio_region_write  (0000:05:00.0:region0+0x8308, 0x0, 4)
vfio_region_write  (0000:05:00.0:region0+0x830c, 0x0, 4)
vfio_region_write  (0000:05:00.0:region0+0x8310, 0x0, 4)
vfio_region_write  (0000:05:00.0:region0+0x8314, 0x0, 4)
vfio_region_write  (0000:05:00.0:region0+0x8318, 0x0, 4)
vfio_region_write  (0000:05:00.0:region0+0x831c, 0x0, 4)
vfio_region_write  (0000:05:00.0:region0+0x8320, 0x0, 4)
vfio_region_write  (0000:05:00.0:region0+0x8324, 0x0, 4)
vfio_region_write  (0000:05:00.0:region0+0x8328, 0x0, 4)
vfio_region_write  (0000:05:00.0:region0+0x832c, 0x0, 4)
vfio_region_write  (0000:05:00.0:region0+0x8330, 0x0, 4)
vfio_region_write  (0000:05:00.0:region0+0x8334, 0x0, 4)
vfio_region_write  (0000:05:00.0:region0+0x8338, 0x0, 4)
vfio_region_write  (0000:05:00.0:region0+0x833c, 0x0, 4)
vfio_region_write  (0000:05:00.0:region0+0x8340, 0x0, 4)
vfio_region_write  (0000:05:00.0:region0+0x8344, 0x0, 4)
vfio_region_write  (0000:05:00.0:region0+0x8348, 0x0, 4)
vfio_region_write  (0000:05:00.0:region0+0x834c, 0x0, 4)
vfio_region_write  (0000:05:00.0:region0+0x8350, 0x0, 4)
vfio_region_write  (0000:05:00.0:region0+0x8354, 0x0, 4)
vfio_region_write  (0000:05:00.0:region0+0x8358, 0x0, 4)
vfio_region_write  (0000:05:00.0:region0+0x835c, 0x0, 4)
vfio_region_write  (0000:05:00.0:region0+0x8360, 0x0, 4)
vfio_region_write  (0000:05:00.0:region0+0x8364, 0x0, 4)
vfio_region_write  (0000:05:00.0:region0+0x8368, 0x0, 4)
vfio_region_write  (0000:05:00.0:region0+0x836c, 0x0, 4)
vfio_region_write  (0000:05:00.0:region0+0x8370, 0x0, 4)
vfio_region_write  (0000:05:00.0:region0+0x8374, 0x0, 4)
vfio_region_write  (0000:05:00.0:region0+0x8378, 0x0, 4)
vfio_region_write  (0000:05:00.0:region0+0x837c, 0x0, 4)
vfio_region_write  (0000:05:00.0:region0+0x8380, 0x0, 4)
vfio_region_write  (0000:05:00.0:region0+0x8384, 0x0, 4)
vfio_region_write  (0000:05:00.0:region0+0x8388, 0x0, 4)
vfio_region_write  (0000:05:00.0:region0+0x838c, 0x0, 4)
vfio_region_write  (0000:05:00.0:region0+0x8390, 0x0, 4)
vfio_region_write  (0000:05:00.0:region0+0x8394, 0x0, 4)
vfio_region_write  (0000:05:00.0:region0+0x8398, 0x0, 4)
vfio_region_write  (0000:05:00.0:region0+0x839c, 0x0, 4)
vfio_region_write  (0000:05:00.0:region0+0x83a0, 0x0, 4)
vfio_region_write  (0000:05:00.0:region0+0x83a4, 0x0, 4)
vfio_region_write  (0000:05:00.0:region0+0x83a8, 0x0, 4)
vfio_region_write  (0000:05:00.0:region0+0x83ac, 0x0, 4)
vfio_region_write  (0000:05:00.0:region0+0x83b0, 0x0, 4)
vfio_region_write  (0000:05:00.0:region0+0x83b4, 0x0, 4)
vfio_region_write  (0000:05:00.0:region0+0x83b8, 0x0, 4)
vfio_region_write  (0000:05:00.0:region0+0x83bc, 0x0, 4)
vfio_region_write  (0000:05:00.0:region0+0x83c0, 0x0, 4)
vfio_region_write  (0000:05:00.0:region0+0x83c4, 0x0, 4)
vfio_region_write  (0000:05:00.0:region0+0x83c8, 0x0, 4)
vfio_region_write  (0000:05:00.0:region0+0x83cc, 0x0, 4)
vfio_region_write  (0000:05:00.0:region0+0x83d0, 0x0, 4)
vfio_region_write  (0000:05:00.0:region0+0x83d4, 0x0, 4)
vfio_region_write  (0000:05:00.0:region0+0x83d8, 0x0, 4)
vfio_region_write  (0000:05:00.0:region0+0x83dc, 0x0, 4)
vfio_region_write  (0000:05:00.0:region0+0x83e0, 0x0, 4)
vfio_region_write  (0000:05:00.0:region0+0x83e4, 0x0, 4)
vfio_region_write  (0000:05:00.0:region0+0x83e8, 0x0, 4)
vfio_region_write  (0000:05:00.0:region0+0x83ec, 0x0, 4)
vfio_region_write  (0000:05:00.0:region0+0x83f0, 0x0, 4)
vfio_region_write  (0000:05:00.0:region0+0x83f4, 0x0, 4)
vfio_region_write  (0000:05:00.0:region0+0x83f8, 0x0, 4)
vfio_region_write  (0000:05:00.0:region0+0x83fc, 0x0, 4)
vfio_region_write  (0000:05:00.0:region0+0x8400, 0x0, 4)
vfio_region_write  (0000:05:00.0:region0+0x8404, 0x0, 4)
vfio_region_write  (0000:05:00.0:region0+0x8408, 0x0, 4)
vfio_region_write  (0000:05:00.0:region0+0x840c, 0x0, 4)
vfio_region_write  (0000:05:00.0:region0+0x8410, 0x0, 4)
vfio_region_write  (0000:05:00.0:region0+0x8414, 0x0, 4)
vfio_region_write  (0000:05:00.0:region0+0x8418, 0x0, 4)
vfio_region_write  (0000:05:00.0:region0+0x841c, 0x0, 4)
vfio_region_write  (0000:05:00.0:region0+0x8420, 0x0, 4)
vfio_region_write  (0000:05:00.0:region0+0x8424, 0x0, 4)
vfio_region_write  (0000:05:00.0:region0+0x8428, 0x0, 4)
vfio_region_write  (0000:05:00.0:region0+0x842c, 0x0, 4)
vfio_region_write  (0000:05:00.0:region0+0x408, 0x1, 4)
vfio_region_read   (0000:05:00.0:region0+0x100, 4) = 0x20000000
vfio_region_read   (0000:05:00.0:region0+0x8028, 4) = 0x0
vfio_region_write  (0000:05:00.0:region0+0x408, 0x2, 4)
vfio_region_write  (0000:05:00.0:region0+0x8020, 0x80800001, 4)
vfio_region_write  (0000:05:00.0:region0+0x8024, 0x680400, 4)
vfio_region_write  (0000:05:00.0:region0+0x8028, 0x0, 4)
vfio_region_write  (0000:05:00.0:region0+0x802c, 0x0, 4)
vfio_region_write  (0000:05:00.0:region0+0x8030, 0xcb0, 4)
vfio_region_write  (0000:05:00.0:region0+0x8034, 0x3f8, 4)
vfio_region_write  (0000:05:00.0:region0+0x8038, 0x0, 4)
vfio_region_write  (0000:05:00.0:region0+0x803c, 0x0, 4)
vfio_region_write  (0000:05:00.0:region0+0x8040, 0x0, 4)
vfio_region_write  (0000:05:00.0:region0+0x8044, 0x0, 4)
vfio_region_write  (0000:05:00.0:region0+0x8048, 0x0, 4)
vfio_region_write  (0000:05:00.0:region0+0x804c, 0x0, 4)
vfio_region_write  (0000:05:00.0:region0+0x8050, 0x0, 4)
vfio_region_write  (0000:05:00.0:region0+0x8054, 0x0, 4)
vfio_region_write  (0000:05:00.0:region0+0x8058, 0x0, 4)
vfio_region_write  (0000:05:00.0:region0+0x805c, 0x0, 4)
vfio_region_write  (0000:05:00.0:region0+0x8060, 0x0, 4)
vfio_region_write  (0000:05:00.0:region0+0x8064, 0x0, 4)
vfio_region_write  (0000:05:00.0:region0+0x8068, 0x0, 4)
vfio_region_write  (0000:05:00.0:region0+0x806c, 0x0, 4)
vfio_region_write  (0000:05:00.0:region0+0x8070, 0x0, 4)
vfio_region_write  (0000:05:00.0:region0+0x8074, 0x0, 4)
vfio_region_write  (0000:05:00.0:region0+0x8078, 0x0, 4)
vfio_region_write  (0000:05:00.0:region0+0x807c, 0x0, 4)
vfio_region_write  (0000:05:00.0:region0+0x8080, 0x0, 4)
vfio_region_write  (0000:05:00.0:region0+0x8084, 0x0, 4)
vfio_region_write  (0000:05:00.0:region0+0x8088, 0x0, 4)
vfio_region_write  (0000:05:00.0:region0+0x808c, 0x0, 4)
vfio_region_write  (0000:05:00.0:region0+0x8090, 0x0, 4)
vfio_region_write  (0000:05:00.0:region0+0x8094, 0x0, 4)
vfio_region_write  (0000:05:00.0:region0+0x8098, 0x0, 4)
vfio_region_write  (0000:05:00.0:region0+0x809c, 0x0, 4)
vfio_region_write  (0000:05:00.0:region0+0x80a0, 0x0, 4)
vfio_region_write  (0000:05:00.0:region0+0x80a4, 0x0, 4)
vfio_region_write  (0000:05:00.0:region0+0x80a8, 0x0, 4)
vfio_region_write  (0000:05:00.0:region0+0x80ac, 0x0, 4)
vfio_region_write  (0000:05:00.0:region0+0x80b0, 0x0, 4)
vfio_region_write  (0000:05:00.0:region0+0x80b4, 0x0, 4)
vfio_region_write  (0000:05:00.0:region0+0x80b8, 0x0, 4)
vfio_region_write  (0000:05:00.0:region0+0x80bc, 0x0, 4)
vfio_region_write  (0000:05:00.0:region0+0x80c0, 0x0, 4)
vfio_region_write  (0000:05:00.0:region0+0x80c4, 0x0, 4)
vfio_region_write  (0000:05:00.0:region0+0x80c8, 0x0, 4)
vfio_region_write  (0000:05:00.0:region0+0x80cc, 0x0, 4)
vfio_region_write  (0000:05:00.0:region0+0x80d0, 0x0, 4)
vfio_region_write  (0000:05:00.0:region0+0x80d4, 0x0, 4)
vfio_region_write  (0000:05:00.0:region0+0x80d8, 0x0, 4)
vfio_region_write  (0000:05:00.0:region0+0x80dc, 0x0, 4)
vfio_region_write  (0000:05:00.0:region0+0x80e0, 0x0, 4)
vfio_region_write  (0000:05:00.0:region0+0x80e4, 0x0, 4)
vfio_region_write  (0000:05:00.0:region0+0x80e8, 0x0, 4)
vfio_region_write  (0000:05:00.0:region0+0x80ec, 0x0, 4)
vfio_region_write  (0000:05:00.0:region0+0x80f0, 0x0, 4)
vfio_region_write  (0000:05:00.0:region0+0x80f4, 0x0, 4)
vfio_region_write  (0000:05:00.0:region0+0x80f8, 0x0, 4)
vfio_region_write  (0000:05:00.0:region0+0x80fc, 0x0, 4)
vfio_region_write  (0000:05:00.0:region0+0x8100, 0x0, 4)
vfio_region_write  (0000:05:00.0:region0+0x8104, 0x0, 4)
vfio_region_write  (0000:05:00.0:region0+0x8108, 0x0, 4)
vfio_region_write  (0000:05:00.0:region0+0x810c, 0x0, 4)
vfio_region_write  (0000:05:00.0:region0+0x8110, 0x0, 4)
vfio_region_write  (0000:05:00.0:region0+0x8114, 0x0, 4)
vfio_region_write  (0000:05:00.0:region0+0x8118, 0x0, 4)
vfio_region_write  (0000:05:00.0:region0+0x811c, 0x0, 4)
vfio_region_write  (0000:05:00.0:region0+0x8120, 0x0, 4)
vfio_region_write  (0000:05:00.0:region0+0x8124, 0x0, 4)
vfio_region_write  (0000:05:00.0:region0+0x8128, 0x0, 4)
vfio_region_write  (0000:05:00.0:region0+0x812c, 0x0, 4)
vfio_region_write  (0000:05:00.0:region0+0x8130, 0x0, 4)
vfio_region_write  (0000:05:00.0:region0+0x8134, 0x0, 4)
vfio_region_write  (0000:05:00.0:region0+0x8138, 0x0, 4)
vfio_region_write  (0000:05:00.0:region0+0x813c, 0x0, 4)
vfio_region_write  (0000:05:00.0:region0+0x8140, 0x0, 4)
vfio_region_write  (0000:05:00.0:region0+0x8144, 0x0, 4)
vfio_region_write  (0000:05:00.0:region0+0x8148, 0x0, 4)
vfio_region_write  (0000:05:00.0:region0+0x814c, 0x0, 4)
vfio_region_write  (0000:05:00.0:region0+0x8150, 0x0, 4)
vfio_region_write  (0000:05:00.0:region0+0x8154, 0x0, 4)
vfio_region_write  (0000:05:00.0:region0+0x8158, 0x0, 4)
vfio_region_write  (0000:05:00.0:region0+0x815c, 0x0, 4)
vfio_region_write  (0000:05:00.0:region0+0x8160, 0x0, 4)
vfio_region_write  (0000:05:00.0:region0+0x8164, 0x0, 4)
vfio_region_write  (0000:05:00.0:region0+0x8168, 0x0, 4)
vfio_region_write  (0000:05:00.0:region0+0x816c, 0x0, 4)
vfio_region_write  (0000:05:00.0:region0+0x8170, 0x0, 4)
vfio_region_write  (0000:05:00.0:region0+0x8174, 0x0, 4)
vfio_region_write  (0000:05:00.0:region0+0x8178, 0x0, 4)
vfio_region_write  (0000:05:00.0:region0+0x817c, 0x0, 4)
vfio_region_write  (0000:05:00.0:region0+0x8180, 0x0, 4)
vfio_region_write  (0000:05:00.0:region0+0x8184, 0x0, 4)
vfio_region_write  (0000:05:00.0:region0+0x8188, 0x0, 4)
vfio_region_write  (0000:05:00.0:region0+0x818c, 0x0, 4)
vfio_region_write  (0000:05:00.0:region0+0x8190, 0x0, 4)
vfio_region_write  (0000:05:00.0:region0+0x8194, 0x0, 4)
vfio_region_write  (0000:05:00.0:region0+0x8198, 0x0, 4)
vfio_region_write  (0000:05:00.0:region0+0x819c, 0x0, 4)
vfio_region_write  (0000:05:00.0:region0+0x81a0, 0x0, 4)
vfio_region_write  (0000:05:00.0:region0+0x81a4, 0x0, 4)
vfio_region_write  (0000:05:00.0:region0+0x81a8, 0x0, 4)
vfio_region_write  (0000:05:00.0:region0+0x81ac, 0x0, 4)
vfio_region_write  (0000:05:00.0:region0+0x81b0, 0x0, 4)
vfio_region_write  (0000:05:00.0:region0+0x81b4, 0x0, 4)
vfio_region_write  (0000:05:00.0:region0+0x81b8, 0x0, 4)
vfio_region_write  (0000:05:00.0:region0+0x81bc, 0x0, 4)
vfio_region_write  (0000:05:00.0:region0+0x81c0, 0x0, 4)
vfio_region_write  (0000:05:00.0:region0+0x81c4, 0x0, 4)
vfio_region_write  (0000:05:00.0:region0+0x81c8, 0x0, 4)
vfio_region_write  (0000:05:00.0:region0+0x81cc, 0x0, 4)
vfio_region_write  (0000:05:00.0:region0+0x81d0, 0x0, 4)
vfio_region_write  (0000:05:00.0:region0+0x81d4, 0x0, 4)
vfio_region_write  (0000:05:00.0:region0+0x81d8, 0x0, 4)
vfio_region_write  (0000:05:00.0:region0+0x81dc, 0x0, 4)
vfio_region_write  (0000:05:00.0:region0+0x81e0, 0x0, 4)
vfio_region_write  (0000:05:00.0:region0+0x81e4, 0x0, 4)
vfio_region_write  (0000:05:00.0:region0+0x81e8, 0x0, 4)
vfio_region_write  (0000:05:00.0:region0+0x81ec, 0x0, 4)
vfio_region_write  (0000:05:00.0:region0+0x81f0, 0x0, 4)
vfio_region_write  (0000:05:00.0:region0+0x81f4, 0x0, 4)
vfio_region_write  (0000:05:00.0:region0+0x81f8, 0x0, 4)
vfio_region_write  (0000:05:00.0:region0+0x81fc, 0x0, 4)
vfio_region_write  (0000:05:00.0:region0+0x8200, 0x0, 4)
vfio_region_write  (0000:05:00.0:region0+0x8204, 0x0, 4)
vfio_region_write  (0000:05:00.0:region0+0x8208, 0x0, 4)
vfio_region_write  (0000:05:00.0:region0+0x820c, 0x0, 4)
vfio_region_write  (0000:05:00.0:region0+0x8210, 0x0, 4)
vfio_region_write  (0000:05:00.0:region0+0x8214, 0x0, 4)
vfio_region_write  (0000:05:00.0:region0+0x8218, 0x0, 4)
vfio_region_write  (0000:05:00.0:region0+0x821c, 0x0, 4)
vfio_region_write  (0000:05:00.0:region0+0x8220, 0x0, 4)
vfio_region_write  (0000:05:00.0:region0+0x8224, 0x0, 4)
vfio_region_write  (0000:05:00.0:region0+0x8228, 0x0, 4)
vfio_region_write  (0000:05:00.0:region0+0x822c, 0x0, 4)
vfio_region_write  (0000:05:00.0:region0+0x8230, 0x0, 4)
vfio_region_write  (0000:05:00.0:region0+0x8234, 0x0, 4)
vfio_region_write  (0000:05:00.0:region0+0x8238, 0x0, 4)
vfio_region_write  (0000:05:00.0:region0+0x823c, 0x0, 4)
vfio_region_write  (0000:05:00.0:region0+0x8240, 0x0, 4)
vfio_region_write  (0000:05:00.0:region0+0x8244, 0x0, 4)
vfio_region_write  (0000:05:00.0:region0+0x8248, 0x0, 4)
vfio_region_write  (0000:05:00.0:region0+0x824c, 0x0, 4)
vfio_region_write  (0000:05:00.0:region0+0x8250, 0x0, 4)
vfio_region_write  (0000:05:00.0:region0+0x8254, 0x0, 4)
vfio_region_write  (0000:05:00.0:region0+0x8258, 0x0, 4)
vfio_region_write  (0000:05:00.0:region0+0x825c, 0x0, 4)
vfio_region_write  (0000:05:00.0:region0+0x8260, 0x0, 4)
vfio_region_write  (0000:05:00.0:region0+0x8264, 0x0, 4)
vfio_region_write  (0000:05:00.0:region0+0x8268, 0x0, 4)
vfio_region_write  (0000:05:00.0:region0+0x826c, 0x0, 4)
vfio_region_write  (0000:05:00.0:region0+0x8270, 0x0, 4)
vfio_region_write  (0000:05:00.0:region0+0x8274, 0x0, 4)
vfio_region_write  (0000:05:00.0:region0+0x8278, 0x0, 4)
vfio_region_write  (0000:05:00.0:region0+0x827c, 0x0, 4)
vfio_region_write  (0000:05:00.0:region0+0x8280, 0x0, 4)
vfio_region_write  (0000:05:00.0:region0+0x8284, 0x0, 4)
vfio_region_write  (0000:05:00.0:region0+0x8288, 0x0, 4)
vfio_region_write  (0000:05:00.0:region0+0x828c, 0x0, 4)
vfio_region_write  (0000:05:00.0:region0+0x8290, 0x0, 4)
vfio_region_write  (0000:05:00.0:region0+0x8294, 0x0, 4)
vfio_region_write  (0000:05:00.0:region0+0x8298, 0x0, 4)
vfio_region_write  (0000:05:00.0:region0+0x829c, 0x0, 4)
vfio_region_write  (0000:05:00.0:region0+0x82a0, 0x0, 4)
vfio_region_write  (0000:05:00.0:region0+0x82a4, 0x0, 4)
vfio_region_write  (0000:05:00.0:region0+0x82a8, 0x0, 4)
vfio_region_write  (0000:05:00.0:region0+0x82ac, 0x0, 4)
vfio_region_write  (0000:05:00.0:region0+0x82b0, 0x0, 4)
vfio_region_write  (0000:05:00.0:region0+0x82b4, 0x0, 4)
vfio_region_write  (0000:05:00.0:region0+0x82b8, 0x0, 4)
vfio_region_write  (0000:05:00.0:region0+0x82bc, 0x0, 4)
vfio_region_write  (0000:05:00.0:region0+0x82c0, 0x0, 4)
vfio_region_write  (0000:05:00.0:region0+0x82c4, 0x0, 4)
vfio_region_write  (0000:05:00.0:region0+0x82c8, 0x0, 4)
vfio_region_write  (0000:05:00.0:region0+0x82cc, 0x0, 4)
vfio_region_write  (0000:05:00.0:region0+0x82d0, 0x0, 4)
vfio_region_write  (0000:05:00.0:region0+0x82d4, 0x0, 4)
vfio_region_write  (0000:05:00.0:region0+0x82d8, 0x0, 4)
vfio_region_write  (0000:05:00.0:region0+0x82dc, 0x0, 4)
vfio_region_write  (0000:05:00.0:region0+0x82e0, 0x0, 4)
vfio_region_write  (0000:05:00.0:region0+0x82e4, 0x0, 4)
vfio_region_write  (0000:05:00.0:region0+0x82e8, 0x0, 4)
vfio_region_write  (0000:05:00.0:region0+0x82ec, 0x0, 4)
vfio_region_write  (0000:05:00.0:region0+0x82f0, 0x0, 4)
vfio_region_write  (0000:05:00.0:region0+0x82f4, 0x0, 4)
vfio_region_write  (0000:05:00.0:region0+0x82f8, 0x0, 4)
vfio_region_write  (0000:05:00.0:region0+0x82fc, 0x0, 4)
vfio_region_write  (0000:05:00.0:region0+0x8300, 0x0, 4)
vfio_region_write  (0000:05:00.0:region0+0x8304, 0x0, 4)
vfio_region_write  (0000:05:00.0:region0+0x8308, 0x0, 4)
vfio_region_write  (0000:05:00.0:region0+0x830c, 0x0, 4)
vfio_region_write  (0000:05:00.0:region0+0x8310, 0x0, 4)
vfio_region_write  (0000:05:00.0:region0+0x8314, 0x0, 4)
vfio_region_write  (0000:05:00.0:region0+0x8318, 0x0, 4)
vfio_region_write  (0000:05:00.0:region0+0x831c, 0x0, 4)
vfio_region_write  (0000:05:00.0:region0+0x8320, 0x0, 4)
vfio_region_write  (0000:05:00.0:region0+0x8324, 0x0, 4)
vfio_region_write  (0000:05:00.0:region0+0x8328, 0x0, 4)
vfio_region_write  (0000:05:00.0:region0+0x832c, 0x0, 4)
vfio_region_write  (0000:05:00.0:region0+0x8330, 0x0, 4)
vfio_region_write  (0000:05:00.0:region0+0x8334, 0x0, 4)
vfio_region_write  (0000:05:00.0:region0+0x8338, 0x0, 4)
vfio_region_write  (0000:05:00.0:region0+0x833c, 0x0, 4)
vfio_region_write  (0000:05:00.0:region0+0x8340, 0x0, 4)
vfio_region_write  (0000:05:00.0:region0+0x8344, 0x0, 4)
vfio_region_write  (0000:05:00.0:region0+0x8348, 0x0, 4)
vfio_region_write  (0000:05:00.0:region0+0x834c, 0x0, 4)
vfio_region_write  (0000:05:00.0:region0+0x8350, 0x0, 4)
vfio_region_write  (0000:05:00.0:region0+0x8354, 0x0, 4)
vfio_region_write  (0000:05:00.0:region0+0x8358, 0x0, 4)
vfio_region_write  (0000:05:00.0:region0+0x835c, 0x0, 4)
vfio_region_write  (0000:05:00.0:region0+0x8360, 0x0, 4)
vfio_region_write  (0000:05:00.0:region0+0x8364, 0x0, 4)
vfio_region_write  (0000:05:00.0:region0+0x8368, 0x0, 4)
vfio_region_write  (0000:05:00.0:region0+0x836c, 0x0, 4)
vfio_region_write  (0000:05:00.0:region0+0x8370, 0x0, 4)
vfio_region_write  (0000:05:00.0:region0+0x8374, 0x0, 4)
vfio_region_write  (0000:05:00.0:region0+0x8378, 0x0, 4)
vfio_region_write  (0000:05:00.0:region0+0x837c, 0x0, 4)
vfio_region_write  (0000:05:00.0:region0+0x8380, 0x0, 4)
vfio_region_write  (0000:05:00.0:region0+0x8384, 0x0, 4)
vfio_region_write  (0000:05:00.0:region0+0x8388, 0x0, 4)
vfio_region_write  (0000:05:00.0:region0+0x838c, 0x0, 4)
vfio_region_write  (0000:05:00.0:region0+0x8390, 0x0, 4)
vfio_region_write  (0000:05:00.0:region0+0x8394, 0x0, 4)
vfio_region_write  (0000:05:00.0:region0+0x8398, 0x0, 4)
vfio_region_write  (0000:05:00.0:region0+0x839c, 0x0, 4)
vfio_region_write  (0000:05:00.0:region0+0x83a0, 0x0, 4)
vfio_region_write  (0000:05:00.0:region0+0x83a4, 0x0, 4)
vfio_region_write  (0000:05:00.0:region0+0x83a8, 0x0, 4)
vfio_region_write  (0000:05:00.0:region0+0x83ac, 0x0, 4)
vfio_region_write  (0000:05:00.0:region0+0x83b0, 0x0, 4)
vfio_region_write  (0000:05:00.0:region0+0x83b4, 0x0, 4)
vfio_region_write  (0000:05:00.0:region0+0x83b8, 0x0, 4)
vfio_region_write  (0000:05:00.0:region0+0x83bc, 0x0, 4)
vfio_region_write  (0000:05:00.0:region0+0x83c0, 0x0, 4)
vfio_region_write  (0000:05:00.0:region0+0x83c4, 0x0, 4)
vfio_region_write  (0000:05:00.0:region0+0x83c8, 0x0, 4)
vfio_region_write  (0000:05:00.0:region0+0x83cc, 0x0, 4)
vfio_region_write  (0000:05:00.0:region0+0x83d0, 0x0, 4)
vfio_region_write  (0000:05:00.0:region0+0x83d4, 0x0, 4)
vfio_region_write  (0000:05:00.0:region0+0x83d8, 0x0, 4)
vfio_region_write  (0000:05:00.0:region0+0x83dc, 0x0, 4)
vfio_region_write  (0000:05:00.0:region0+0x83e0, 0x0, 4)
vfio_region_write  (0000:05:00.0:region0+0x83e4, 0x0, 4)
vfio_region_write  (0000:05:00.0:region0+0x83e8, 0x0, 4)
vfio_region_write  (0000:05:00.0:region0+0x83ec, 0x0, 4)
vfio_region_write  (0000:05:00.0:region0+0x83f0, 0x0, 4)
vfio_region_write  (0000:05:00.0:region0+0x83f4, 0x0, 4)
vfio_region_write  (0000:05:00.0:region0+0x83f8, 0x0, 4)
vfio_region_write  (0000:05:00.0:region0+0x83fc, 0x0, 4)
vfio_region_write  (0000:05:00.0:region0+0x8400, 0x0, 4)
vfio_region_write  (0000:05:00.0:region0+0x8404, 0x0, 4)
vfio_region_write  (0000:05:00.0:region0+0x8408, 0x0, 4)
vfio_region_write  (0000:05:00.0:region0+0x840c, 0x0, 4)
vfio_region_write  (0000:05:00.0:region0+0x8410, 0x0, 4)
vfio_region_write  (0000:05:00.0:region0+0x8414, 0x0, 4)
vfio_region_write  (0000:05:00.0:region0+0x8418, 0x0, 4)
vfio_region_write  (0000:05:00.0:region0+0x841c, 0x0, 4)
vfio_region_write  (0000:05:00.0:region0+0x8420, 0x0, 4)
vfio_region_write  (0000:05:00.0:region0+0x8424, 0x0, 4)
vfio_region_write  (0000:05:00.0:region0+0x8428, 0x0, 4)
vfio_region_write  (0000:05:00.0:region0+0x842c, 0x0, 4)
vfio_region_write  (0000:05:00.0:region0+0x408, 0x1, 4)
vfio_region_read   (0000:05:00.0:region0+0x100, 4) = 0x20000000
vfio_region_read   (0000:05:00.0:region0+0x8028, 4) = 0x0
vfio_region_write  (0000:05:00.0:region0+0x408, 0x2, 4)
vfio_region_write  (0000:05:00.0:region0+0x8020, 0x80800001, 4)
vfio_region_write  (0000:05:00.0:region0+0x8024, 0x690400, 4)
vfio_region_write  (0000:05:00.0:region0+0x8028, 0x0, 4)
vfio_region_write  (0000:05:00.0:region0+0x802c, 0x0, 4)
vfio_region_write  (0000:05:00.0:region0+0x8030, 0x10a8, 4)
vfio_region_write  (0000:05:00.0:region0+0x8034, 0x3f8, 4)
vfio_region_write  (0000:05:00.0:region0+0x8038, 0x0, 4)
vfio_region_write  (0000:05:00.0:region0+0x803c, 0x0, 4)
vfio_region_write  (0000:05:00.0:region0+0x8040, 0x0, 4)
vfio_region_write  (0000:05:00.0:region0+0x8044, 0x0, 4)
vfio_region_write  (0000:05:00.0:region0+0x8048, 0x0, 4)
vfio_region_write  (0000:05:00.0:region0+0x804c, 0x0, 4)
vfio_region_write  (0000:05:00.0:region0+0x8050, 0x0, 4)
vfio_region_write  (0000:05:00.0:region0+0x8054, 0x0, 4)
vfio_region_write  (0000:05:00.0:region0+0x8058, 0x0, 4)
vfio_region_write  (0000:05:00.0:region0+0x805c, 0x0, 4)
vfio_region_write  (0000:05:00.0:region0+0x8060, 0x0, 4)
vfio_region_write  (0000:05:00.0:region0+0x8064, 0x0, 4)
vfio_region_write  (0000:05:00.0:region0+0x8068, 0x0, 4)
vfio_region_write  (0000:05:00.0:region0+0x806c, 0x0, 4)
vfio_region_write  (0000:05:00.0:region0+0x8070, 0x0, 4)
vfio_region_write  (0000:05:00.0:region0+0x8074, 0x0, 4)
vfio_region_write  (0000:05:00.0:region0+0x8078, 0x0, 4)
vfio_region_write  (0000:05:00.0:region0+0x807c, 0x0, 4)
vfio_region_write  (0000:05:00.0:region0+0x8080, 0x0, 4)
vfio_region_write  (0000:05:00.0:region0+0x8084, 0x0, 4)
vfio_region_write  (0000:05:00.0:region0+0x8088, 0x0, 4)
vfio_region_write  (0000:05:00.0:region0+0x808c, 0x0, 4)
vfio_region_write  (0000:05:00.0:region0+0x8090, 0x0, 4)
vfio_region_write  (0000:05:00.0:region0+0x8094, 0x0, 4)
vfio_region_write  (0000:05:00.0:region0+0x8098, 0x0, 4)
vfio_region_write  (0000:05:00.0:region0+0x809c, 0x0, 4)
vfio_region_write  (0000:05:00.0:region0+0x80a0, 0x0, 4)
vfio_region_write  (0000:05:00.0:region0+0x80a4, 0x0, 4)
vfio_region_write  (0000:05:00.0:region0+0x80a8, 0x0, 4)
vfio_region_write  (0000:05:00.0:region0+0x80ac, 0x0, 4)
vfio_region_write  (0000:05:00.0:region0+0x80b0, 0x0, 4)
vfio_region_write  (0000:05:00.0:region0+0x80b4, 0x0, 4)
vfio_region_write  (0000:05:00.0:region0+0x80b8, 0x0, 4)
vfio_region_write  (0000:05:00.0:region0+0x80bc, 0x0, 4)
vfio_region_write  (0000:05:00.0:region0+0x80c0, 0x0, 4)
vfio_region_write  (0000:05:00.0:region0+0x80c4, 0x0, 4)
vfio_region_write  (0000:05:00.0:region0+0x80c8, 0x0, 4)
vfio_region_write  (0000:05:00.0:region0+0x80cc, 0x0, 4)
vfio_region_write  (0000:05:00.0:region0+0x80d0, 0x0, 4)
vfio_region_write  (0000:05:00.0:region0+0x80d4, 0x0, 4)
vfio_region_write  (0000:05:00.0:region0+0x80d8, 0x0, 4)
vfio_region_write  (0000:05:00.0:region0+0x80dc, 0x0, 4)
vfio_region_write  (0000:05:00.0:region0+0x80e0, 0x0, 4)
vfio_region_write  (0000:05:00.0:region0+0x80e4, 0x0, 4)
vfio_region_write  (0000:05:00.0:region0+0x80e8, 0x0, 4)
vfio_region_write  (0000:05:00.0:region0+0x80ec, 0x0, 4)
vfio_region_write  (0000:05:00.0:region0+0x80f0, 0x0, 4)
vfio_region_write  (0000:05:00.0:region0+0x80f4, 0x0, 4)
vfio_region_write  (0000:05:00.0:region0+0x80f8, 0x0, 4)
vfio_region_write  (0000:05:00.0:region0+0x80fc, 0x0, 4)
vfio_region_write  (0000:05:00.0:region0+0x8100, 0x0, 4)
vfio_region_write  (0000:05:00.0:region0+0x8104, 0x0, 4)
vfio_region_write  (0000:05:00.0:region0+0x8108, 0x0, 4)
vfio_region_write  (0000:05:00.0:region0+0x810c, 0x0, 4)
vfio_region_write  (0000:05:00.0:region0+0x8110, 0x0, 4)
vfio_region_write  (0000:05:00.0:region0+0x8114, 0x0, 4)
vfio_region_write  (0000:05:00.0:region0+0x8118, 0x0, 4)
vfio_region_write  (0000:05:00.0:region0+0x811c, 0x0, 4)
vfio_region_write  (0000:05:00.0:region0+0x8120, 0x0, 4)
vfio_region_write  (0000:05:00.0:region0+0x8124, 0x0, 4)
vfio_region_write  (0000:05:00.0:region0+0x8128, 0x0, 4)
vfio_region_write  (0000:05:00.0:region0+0x812c, 0x0, 4)
vfio_region_write  (0000:05:00.0:region0+0x8130, 0x0, 4)
vfio_region_write  (0000:05:00.0:region0+0x8134, 0x0, 4)
vfio_region_write  (0000:05:00.0:region0+0x8138, 0x0, 4)
vfio_region_write  (0000:05:00.0:region0+0x813c, 0x0, 4)
vfio_region_write  (0000:05:00.0:region0+0x8140, 0x0, 4)
vfio_region_write  (0000:05:00.0:region0+0x8144, 0x0, 4)
vfio_region_write  (0000:05:00.0:region0+0x8148, 0x0, 4)
vfio_region_write  (0000:05:00.0:region0+0x814c, 0x0, 4)
vfio_region_write  (0000:05:00.0:region0+0x8150, 0x0, 4)
vfio_region_write  (0000:05:00.0:region0+0x8154, 0x0, 4)
vfio_region_write  (0000:05:00.0:region0+0x8158, 0x0, 4)
vfio_region_write  (0000:05:00.0:region0+0x815c, 0x0, 4)
vfio_region_write  (0000:05:00.0:region0+0x8160, 0x0, 4)
vfio_region_write  (0000:05:00.0:region0+0x8164, 0x0, 4)
vfio_region_write  (0000:05:00.0:region0+0x8168, 0x0, 4)
vfio_region_write  (0000:05:00.0:region0+0x816c, 0x0, 4)
vfio_region_write  (0000:05:00.0:region0+0x8170, 0x0, 4)
vfio_region_write  (0000:05:00.0:region0+0x8174, 0x0, 4)
vfio_region_write  (0000:05:00.0:region0+0x8178, 0x0, 4)
vfio_region_write  (0000:05:00.0:region0+0x817c, 0x0, 4)
vfio_region_write  (0000:05:00.0:region0+0x8180, 0x0, 4)
vfio_region_write  (0000:05:00.0:region0+0x8184, 0x0, 4)
vfio_region_write  (0000:05:00.0:region0+0x8188, 0x0, 4)
vfio_region_write  (0000:05:00.0:region0+0x818c, 0x0, 4)
vfio_region_write  (0000:05:00.0:region0+0x8190, 0x0, 4)
vfio_region_write  (0000:05:00.0:region0+0x8194, 0x0, 4)
vfio_region_write  (0000:05:00.0:region0+0x8198, 0x0, 4)
vfio_region_write  (0000:05:00.0:region0+0x819c, 0x0, 4)
vfio_region_write  (0000:05:00.0:region0+0x81a0, 0x0, 4)
vfio_region_write  (0000:05:00.0:region0+0x81a4, 0x0, 4)
vfio_region_write  (0000:05:00.0:region0+0x81a8, 0x0, 4)
vfio_region_write  (0000:05:00.0:region0+0x81ac, 0x0, 4)
vfio_region_write  (0000:05:00.0:region0+0x81b0, 0x0, 4)
vfio_region_write  (0000:05:00.0:region0+0x81b4, 0x0, 4)
vfio_region_write  (0000:05:00.0:region0+0x81b8, 0x0, 4)
vfio_region_write  (0000:05:00.0:region0+0x81bc, 0x0, 4)
vfio_region_write  (0000:05:00.0:region0+0x81c0, 0x0, 4)
vfio_region_write  (0000:05:00.0:region0+0x81c4, 0x0, 4)
vfio_region_write  (0000:05:00.0:region0+0x81c8, 0x0, 4)
vfio_region_write  (0000:05:00.0:region0+0x81cc, 0x0, 4)
vfio_region_write  (0000:05:00.0:region0+0x81d0, 0x0, 4)
vfio_region_write  (0000:05:00.0:region0+0x81d4, 0x0, 4)
vfio_region_write  (0000:05:00.0:region0+0x81d8, 0x0, 4)
vfio_region_write  (0000:05:00.0:region0+0x81dc, 0x0, 4)
vfio_region_write  (0000:05:00.0:region0+0x81e0, 0x0, 4)
vfio_region_write  (0000:05:00.0:region0+0x81e4, 0x0, 4)
vfio_region_write  (0000:05:00.0:region0+0x81e8, 0x0, 4)
vfio_region_write  (0000:05:00.0:region0+0x81ec, 0x0, 4)
vfio_region_write  (0000:05:00.0:region0+0x81f0, 0x0, 4)
vfio_region_write  (0000:05:00.0:region0+0x81f4, 0x0, 4)
vfio_region_write  (0000:05:00.0:region0+0x81f8, 0x0, 4)
vfio_region_write  (0000:05:00.0:region0+0x81fc, 0x0, 4)
vfio_region_write  (0000:05:00.0:region0+0x8200, 0x0, 4)
vfio_region_write  (0000:05:00.0:region0+0x8204, 0x0, 4)
vfio_region_write  (0000:05:00.0:region0+0x8208, 0x0, 4)
vfio_region_write  (0000:05:00.0:region0+0x820c, 0x0, 4)
vfio_region_write  (0000:05:00.0:region0+0x8210, 0x0, 4)
vfio_region_write  (0000:05:00.0:region0+0x8214, 0x0, 4)
vfio_region_write  (0000:05:00.0:region0+0x8218, 0x0, 4)
vfio_region_write  (0000:05:00.0:region0+0x821c, 0x0, 4)
vfio_region_write  (0000:05:00.0:region0+0x8220, 0x0, 4)
vfio_region_write  (0000:05:00.0:region0+0x8224, 0x0, 4)
vfio_region_write  (0000:05:00.0:region0+0x8228, 0x0, 4)
vfio_region_write  (0000:05:00.0:region0+0x822c, 0x0, 4)
vfio_region_write  (0000:05:00.0:region0+0x8230, 0x0, 4)
vfio_region_write  (0000:05:00.0:region0+0x8234, 0x0, 4)
vfio_region_write  (0000:05:00.0:region0+0x8238, 0x0, 4)
vfio_region_write  (0000:05:00.0:region0+0x823c, 0x0, 4)
vfio_region_write  (0000:05:00.0:region0+0x8240, 0x0, 4)
vfio_region_write  (0000:05:00.0:region0+0x8244, 0x0, 4)
vfio_region_write  (0000:05:00.0:region0+0x8248, 0x0, 4)
vfio_region_write  (0000:05:00.0:region0+0x824c, 0x0, 4)
vfio_region_write  (0000:05:00.0:region0+0x8250, 0x0, 4)
vfio_region_write  (0000:05:00.0:region0+0x8254, 0x0, 4)
vfio_region_write  (0000:05:00.0:region0+0x8258, 0x0, 4)
vfio_region_write  (0000:05:00.0:region0+0x825c, 0x0, 4)
vfio_region_write  (0000:05:00.0:region0+0x8260, 0x0, 4)
vfio_region_write  (0000:05:00.0:region0+0x8264, 0x0, 4)
vfio_region_write  (0000:05:00.0:region0+0x8268, 0x0, 4)
vfio_region_write  (0000:05:00.0:region0+0x826c, 0x0, 4)
vfio_region_write  (0000:05:00.0:region0+0x8270, 0x0, 4)
vfio_region_write  (0000:05:00.0:region0+0x8274, 0x0, 4)
vfio_region_write  (0000:05:00.0:region0+0x8278, 0x0, 4)
vfio_region_write  (0000:05:00.0:region0+0x827c, 0x0, 4)
vfio_region_write  (0000:05:00.0:region0+0x8280, 0x0, 4)
vfio_region_write  (0000:05:00.0:region0+0x8284, 0x0, 4)
vfio_region_write  (0000:05:00.0:region0+0x8288, 0x0, 4)
vfio_region_write  (0000:05:00.0:region0+0x828c, 0x0, 4)
vfio_region_write  (0000:05:00.0:region0+0x8290, 0x0, 4)
vfio_region_write  (0000:05:00.0:region0+0x8294, 0x0, 4)
vfio_region_write  (0000:05:00.0:region0+0x8298, 0x0, 4)
vfio_region_write  (0000:05:00.0:region0+0x829c, 0x0, 4)
vfio_region_write  (0000:05:00.0:region0+0x82a0, 0x0, 4)
vfio_region_write  (0000:05:00.0:region0+0x82a4, 0x0, 4)
vfio_region_write  (0000:05:00.0:region0+0x82a8, 0x0, 4)
vfio_region_write  (0000:05:00.0:region0+0x82ac, 0x0, 4)
vfio_region_write  (0000:05:00.0:region0+0x82b0, 0x0, 4)
vfio_region_write  (0000:05:00.0:region0+0x82b4, 0x0, 4)
vfio_region_write  (0000:05:00.0:region0+0x82b8, 0x0, 4)
vfio_region_write  (0000:05:00.0:region0+0x82bc, 0x0, 4)
vfio_region_write  (0000:05:00.0:region0+0x82c0, 0x0, 4)
vfio_region_write  (0000:05:00.0:region0+0x82c4, 0x0, 4)
vfio_region_write  (0000:05:00.0:region0+0x82c8, 0x0, 4)
vfio_region_write  (0000:05:00.0:region0+0x82cc, 0x0, 4)
vfio_region_write  (0000:05:00.0:region0+0x82d0, 0x0, 4)
vfio_region_write  (0000:05:00.0:region0+0x82d4, 0x0, 4)
vfio_region_write  (0000:05:00.0:region0+0x82d8, 0x0, 4)
vfio_region_write  (0000:05:00.0:region0+0x82dc, 0x0, 4)
vfio_region_write  (0000:05:00.0:region0+0x82e0, 0x0, 4)
vfio_region_write  (0000:05:00.0:region0+0x82e4, 0x0, 4)
vfio_region_write  (0000:05:00.0:region0+0x82e8, 0x0, 4)
vfio_region_write  (0000:05:00.0:region0+0x82ec, 0x0, 4)
vfio_region_write  (0000:05:00.0:region0+0x82f0, 0x0, 4)
vfio_region_write  (0000:05:00.0:region0+0x82f4, 0x0, 4)
vfio_region_write  (0000:05:00.0:region0+0x82f8, 0x0, 4)
vfio_region_write  (0000:05:00.0:region0+0x82fc, 0x0, 4)
vfio_region_write  (0000:05:00.0:region0+0x8300, 0x0, 4)
vfio_region_write  (0000:05:00.0:region0+0x8304, 0x0, 4)
vfio_region_write  (0000:05:00.0:region0+0x8308, 0x0, 4)
vfio_region_write  (0000:05:00.0:region0+0x830c, 0x0, 4)
vfio_region_write  (0000:05:00.0:region0+0x8310, 0x0, 4)
vfio_region_write  (0000:05:00.0:region0+0x8314, 0x0, 4)
vfio_region_write  (0000:05:00.0:region0+0x8318, 0x0, 4)
vfio_region_write  (0000:05:00.0:region0+0x831c, 0x0, 4)
vfio_region_write  (0000:05:00.0:region0+0x8320, 0x0, 4)
vfio_region_write  (0000:05:00.0:region0+0x8324, 0x0, 4)
vfio_region_write  (0000:05:00.0:region0+0x8328, 0x0, 4)
vfio_region_write  (0000:05:00.0:region0+0x832c, 0x0, 4)
vfio_region_write  (0000:05:00.0:region0+0x8330, 0x0, 4)
vfio_region_write  (0000:05:00.0:region0+0x8334, 0x0, 4)
vfio_region_write  (0000:05:00.0:region0+0x8338, 0x0, 4)
vfio_region_write  (0000:05:00.0:region0+0x833c, 0x0, 4)
vfio_region_write  (0000:05:00.0:region0+0x8340, 0x0, 4)
vfio_region_write  (0000:05:00.0:region0+0x8344, 0x0, 4)
vfio_region_write  (0000:05:00.0:region0+0x8348, 0x0, 4)
vfio_region_write  (0000:05:00.0:region0+0x834c, 0x0, 4)
vfio_region_write  (0000:05:00.0:region0+0x8350, 0x0, 4)
vfio_region_write  (0000:05:00.0:region0+0x8354, 0x0, 4)
vfio_region_write  (0000:05:00.0:region0+0x8358, 0x0, 4)
vfio_region_write  (0000:05:00.0:region0+0x835c, 0x0, 4)
vfio_region_write  (0000:05:00.0:region0+0x8360, 0x0, 4)
vfio_region_write  (0000:05:00.0:region0+0x8364, 0x0, 4)
vfio_region_write  (0000:05:00.0:region0+0x8368, 0x0, 4)
vfio_region_write  (0000:05:00.0:region0+0x836c, 0x0, 4)
vfio_region_write  (0000:05:00.0:region0+0x8370, 0x0, 4)
vfio_region_write  (0000:05:00.0:region0+0x8374, 0x0, 4)
vfio_region_write  (0000:05:00.0:region0+0x8378, 0x0, 4)
vfio_region_write  (0000:05:00.0:region0+0x837c, 0x0, 4)
vfio_region_write  (0000:05:00.0:region0+0x8380, 0x0, 4)
vfio_region_write  (0000:05:00.0:region0+0x8384, 0x0, 4)
vfio_region_write  (0000:05:00.0:region0+0x8388, 0x0, 4)
vfio_region_write  (0000:05:00.0:region0+0x838c, 0x0, 4)
vfio_region_write  (0000:05:00.0:region0+0x8390, 0x0, 4)
vfio_region_write  (0000:05:00.0:region0+0x8394, 0x0, 4)
vfio_region_write  (0000:05:00.0:region0+0x8398, 0x0, 4)
vfio_region_write  (0000:05:00.0:region0+0x839c, 0x0, 4)
vfio_region_write  (0000:05:00.0:region0+0x83a0, 0x0, 4)
vfio_region_write  (0000:05:00.0:region0+0x83a4, 0x0, 4)
vfio_region_write  (0000:05:00.0:region0+0x83a8, 0x0, 4)
vfio_region_write  (0000:05:00.0:region0+0x83ac, 0x0, 4)
vfio_region_write  (0000:05:00.0:region0+0x83b0, 0x0, 4)
vfio_region_write  (0000:05:00.0:region0+0x83b4, 0x0, 4)
vfio_region_write  (0000:05:00.0:region0+0x83b8, 0x0, 4)
vfio_region_write  (0000:05:00.0:region0+0x83bc, 0x0, 4)
vfio_region_write  (0000:05:00.0:region0+0x83c0, 0x0, 4)
vfio_region_write  (0000:05:00.0:region0+0x83c4, 0x0, 4)
vfio_region_write  (0000:05:00.0:region0+0x83c8, 0x0, 4)
vfio_region_write  (0000:05:00.0:region0+0x83cc, 0x0, 4)
vfio_region_write  (0000:05:00.0:region0+0x83d0, 0x0, 4)
vfio_region_write  (0000:05:00.0:region0+0x83d4, 0x0, 4)
vfio_region_write  (0000:05:00.0:region0+0x83d8, 0x0, 4)
vfio_region_write  (0000:05:00.0:region0+0x83dc, 0x0, 4)
vfio_region_write  (0000:05:00.0:region0+0x83e0, 0x0, 4)
vfio_region_write  (0000:05:00.0:region0+0x83e4, 0x0, 4)
vfio_region_write  (0000:05:00.0:region0+0x83e8, 0x0, 4)
vfio_region_write  (0000:05:00.0:region0+0x83ec, 0x0, 4)
vfio_region_write  (0000:05:00.0:region0+0x83f0, 0x0, 4)
vfio_region_write  (0000:05:00.0:region0+0x83f4, 0x0, 4)
vfio_region_write  (0000:05:00.0:region0+0x83f8, 0x0, 4)
vfio_region_write  (0000:05:00.0:region0+0x83fc, 0x0, 4)
vfio_region_write  (0000:05:00.0:region0+0x8400, 0x0, 4)
vfio_region_write  (0000:05:00.0:region0+0x8404, 0x0, 4)
vfio_region_write  (0000:05:00.0:region0+0x8408, 0x0, 4)
vfio_region_write  (0000:05:00.0:region0+0x840c, 0x0, 4)
vfio_region_write  (0000:05:00.0:region0+0x8410, 0x0, 4)
vfio_region_write  (0000:05:00.0:region0+0x8414, 0x0, 4)
vfio_region_write  (0000:05:00.0:region0+0x8418, 0x0, 4)
vfio_region_write  (0000:05:00.0:region0+0x841c, 0x0, 4)
vfio_region_write  (0000:05:00.0:region0+0x8420, 0x0, 4)
vfio_region_write  (0000:05:00.0:region0+0x8424, 0x0, 4)
vfio_region_write  (0000:05:00.0:region0+0x8428, 0x0, 4)
vfio_region_write  (0000:05:00.0:region0+0x842c, 0x0, 4)
vfio_region_write  (0000:05:00.0:region0+0x408, 0x1, 4)
vfio_region_read   (0000:05:00.0:region0+0x100, 4) = 0x20000000
vfio_region_read   (0000:05:00.0:region0+0x8028, 4) = 0x0
vfio_region_write  (0000:05:00.0:region0+0x408, 0x2, 4)
vfio_region_write  (0000:05:00.0:region0+0x8020, 0x80800001, 4)
vfio_region_write  (0000:05:00.0:region0+0x8024, 0x6a0400, 4)
vfio_region_write  (0000:05:00.0:region0+0x8028, 0x0, 4)
vfio_region_write  (0000:05:00.0:region0+0x802c, 0x0, 4)
vfio_region_write  (0000:05:00.0:region0+0x8030, 0x14a0, 4)
vfio_region_write  (0000:05:00.0:region0+0x8034, 0x3f8, 4)
vfio_region_write  (0000:05:00.0:region0+0x8038, 0x0, 4)
vfio_region_write  (0000:05:00.0:region0+0x803c, 0x0, 4)
vfio_region_write  (0000:05:00.0:region0+0x8040, 0x0, 4)
vfio_region_write  (0000:05:00.0:region0+0x8044, 0x0, 4)
vfio_region_write  (0000:05:00.0:region0+0x8048, 0x0, 4)
vfio_region_write  (0000:05:00.0:region0+0x804c, 0x0, 4)
vfio_region_write  (0000:05:00.0:region0+0x8050, 0x0, 4)
vfio_region_write  (0000:05:00.0:region0+0x8054, 0x0, 4)
vfio_region_write  (0000:05:00.0:region0+0x8058, 0x0, 4)
vfio_region_write  (0000:05:00.0:region0+0x805c, 0x0, 4)
vfio_region_write  (0000:05:00.0:region0+0x8060, 0x0, 4)
vfio_region_write  (0000:05:00.0:region0+0x8064, 0x0, 4)
vfio_region_write  (0000:05:00.0:region0+0x8068, 0x0, 4)
vfio_region_write  (0000:05:00.0:region0+0x806c, 0x0, 4)
vfio_region_write  (0000:05:00.0:region0+0x8070, 0x0, 4)
vfio_region_write  (0000:05:00.0:region0+0x8074, 0x0, 4)
vfio_region_write  (0000:05:00.0:region0+0x8078, 0x0, 4)
vfio_region_write  (0000:05:00.0:region0+0x807c, 0x0, 4)
vfio_region_write  (0000:05:00.0:region0+0x8080, 0x0, 4)
vfio_region_write  (0000:05:00.0:region0+0x8084, 0x0, 4)
vfio_region_write  (0000:05:00.0:region0+0x8088, 0x0, 4)
vfio_region_write  (0000:05:00.0:region0+0x808c, 0x0, 4)
vfio_region_write  (0000:05:00.0:region0+0x8090, 0x0, 4)
vfio_region_write  (0000:05:00.0:region0+0x8094, 0x0, 4)
vfio_region_write  (0000:05:00.0:region0+0x8098, 0x0, 4)
vfio_region_write  (0000:05:00.0:region0+0x809c, 0x0, 4)
vfio_region_write  (0000:05:00.0:region0+0x80a0, 0x0, 4)
vfio_region_write  (0000:05:00.0:region0+0x80a4, 0x0, 4)
vfio_region_write  (0000:05:00.0:region0+0x80a8, 0x0, 4)
vfio_region_write  (0000:05:00.0:region0+0x80ac, 0x0, 4)
vfio_region_write  (0000:05:00.0:region0+0x80b0, 0x0, 4)
vfio_region_write  (0000:05:00.0:region0+0x80b4, 0x0, 4)
vfio_region_write  (0000:05:00.0:region0+0x80b8, 0x0, 4)
vfio_region_write  (0000:05:00.0:region0+0x80bc, 0x0, 4)
vfio_region_write  (0000:05:00.0:region0+0x80c0, 0x0, 4)
vfio_region_write  (0000:05:00.0:region0+0x80c4, 0x0, 4)
vfio_region_write  (0000:05:00.0:region0+0x80c8, 0x0, 4)
vfio_region_write  (0000:05:00.0:region0+0x80cc, 0x0, 4)
vfio_region_write  (0000:05:00.0:region0+0x80d0, 0x0, 4)
vfio_region_write  (0000:05:00.0:region0+0x80d4, 0x0, 4)
vfio_region_write  (0000:05:00.0:region0+0x80d8, 0x0, 4)
vfio_region_write  (0000:05:00.0:region0+0x80dc, 0x0, 4)
vfio_region_write  (0000:05:00.0:region0+0x80e0, 0x0, 4)
vfio_region_write  (0000:05:00.0:region0+0x80e4, 0x0, 4)
vfio_region_write  (0000:05:00.0:region0+0x80e8, 0x0, 4)
vfio_region_write  (0000:05:00.0:region0+0x80ec, 0x0, 4)
vfio_region_write  (0000:05:00.0:region0+0x80f0, 0x0, 4)
vfio_region_write  (0000:05:00.0:region0+0x80f4, 0x0, 4)
vfio_region_write  (0000:05:00.0:region0+0x80f8, 0x0, 4)
vfio_region_write  (0000:05:00.0:region0+0x80fc, 0x0, 4)
vfio_region_write  (0000:05:00.0:region0+0x8100, 0x0, 4)
vfio_region_write  (0000:05:00.0:region0+0x8104, 0x0, 4)
vfio_region_write  (0000:05:00.0:region0+0x8108, 0x0, 4)
vfio_region_write  (0000:05:00.0:region0+0x810c, 0x0, 4)
vfio_region_write  (0000:05:00.0:region0+0x8110, 0x0, 4)
vfio_region_write  (0000:05:00.0:region0+0x8114, 0x0, 4)
vfio_region_write  (0000:05:00.0:region0+0x8118, 0x0, 4)
vfio_region_write  (0000:05:00.0:region0+0x811c, 0x0, 4)
vfio_region_write  (0000:05:00.0:region0+0x8120, 0x0, 4)
vfio_region_write  (0000:05:00.0:region0+0x8124, 0x0, 4)
vfio_region_write  (0000:05:00.0:region0+0x8128, 0x0, 4)
vfio_region_write  (0000:05:00.0:region0+0x812c, 0x0, 4)
vfio_region_write  (0000:05:00.0:region0+0x8130, 0x0, 4)
vfio_region_write  (0000:05:00.0:region0+0x8134, 0x0, 4)
vfio_region_write  (0000:05:00.0:region0+0x8138, 0x0, 4)
vfio_region_write  (0000:05:00.0:region0+0x813c, 0x0, 4)
vfio_region_write  (0000:05:00.0:region0+0x8140, 0x0, 4)
vfio_region_write  (0000:05:00.0:region0+0x8144, 0x0, 4)
vfio_region_write  (0000:05:00.0:region0+0x8148, 0x0, 4)
vfio_region_write  (0000:05:00.0:region0+0x814c, 0x0, 4)
vfio_region_write  (0000:05:00.0:region0+0x8150, 0x0, 4)
vfio_region_write  (0000:05:00.0:region0+0x8154, 0x0, 4)
vfio_region_write  (0000:05:00.0:region0+0x8158, 0x0, 4)
vfio_region_write  (0000:05:00.0:region0+0x815c, 0x0, 4)
vfio_region_write  (0000:05:00.0:region0+0x8160, 0x0, 4)
vfio_region_write  (0000:05:00.0:region0+0x8164, 0x0, 4)
vfio_region_write  (0000:05:00.0:region0+0x8168, 0x0, 4)
vfio_region_write  (0000:05:00.0:region0+0x816c, 0x0, 4)
vfio_region_write  (0000:05:00.0:region0+0x8170, 0x0, 4)
vfio_region_write  (0000:05:00.0:region0+0x8174, 0x0, 4)
vfio_region_write  (0000:05:00.0:region0+0x8178, 0x0, 4)
vfio_region_write  (0000:05:00.0:region0+0x817c, 0x0, 4)
vfio_region_write  (0000:05:00.0:region0+0x8180, 0x0, 4)
vfio_region_write  (0000:05:00.0:region0+0x8184, 0x0, 4)
vfio_region_write  (0000:05:00.0:region0+0x8188, 0x0, 4)
vfio_region_write  (0000:05:00.0:region0+0x818c, 0x0, 4)
vfio_region_write  (0000:05:00.0:region0+0x8190, 0x0, 4)
vfio_region_write  (0000:05:00.0:region0+0x8194, 0x0, 4)
vfio_region_write  (0000:05:00.0:region0+0x8198, 0x0, 4)
vfio_region_write  (0000:05:00.0:region0+0x819c, 0x0, 4)
vfio_region_write  (0000:05:00.0:region0+0x81a0, 0x0, 4)
vfio_region_write  (0000:05:00.0:region0+0x81a4, 0x0, 4)
vfio_region_write  (0000:05:00.0:region0+0x81a8, 0x0, 4)
vfio_region_write  (0000:05:00.0:region0+0x81ac, 0x0, 4)
vfio_region_write  (0000:05:00.0:region0+0x81b0, 0x0, 4)
vfio_region_write  (0000:05:00.0:region0+0x81b4, 0x0, 4)
vfio_region_write  (0000:05:00.0:region0+0x81b8, 0x0, 4)
vfio_region_write  (0000:05:00.0:region0+0x81bc, 0x0, 4)
vfio_region_write  (0000:05:00.0:region0+0x81c0, 0x0, 4)
vfio_region_write  (0000:05:00.0:region0+0x81c4, 0x0, 4)
vfio_region_write  (0000:05:00.0:region0+0x81c8, 0x0, 4)
vfio_region_write  (0000:05:00.0:region0+0x81cc, 0x0, 4)
vfio_region_write  (0000:05:00.0:region0+0x81d0, 0x0, 4)
vfio_region_write  (0000:05:00.0:region0+0x81d4, 0x0, 4)
vfio_region_write  (0000:05:00.0:region0+0x81d8, 0x0, 4)
vfio_region_write  (0000:05:00.0:region0+0x81dc, 0x0, 4)
vfio_region_write  (0000:05:00.0:region0+0x81e0, 0x0, 4)
vfio_region_write  (0000:05:00.0:region0+0x81e4, 0x0, 4)
vfio_region_write  (0000:05:00.0:region0+0x81e8, 0x0, 4)
vfio_region_write  (0000:05:00.0:region0+0x81ec, 0x0, 4)
vfio_region_write  (0000:05:00.0:region0+0x81f0, 0x0, 4)
vfio_region_write  (0000:05:00.0:region0+0x81f4, 0x0, 4)
vfio_region_write  (0000:05:00.0:region0+0x81f8, 0x0, 4)
vfio_region_write  (0000:05:00.0:region0+0x81fc, 0x0, 4)
vfio_region_write  (0000:05:00.0:region0+0x8200, 0x0, 4)
vfio_region_write  (0000:05:00.0:region0+0x8204, 0x0, 4)
vfio_region_write  (0000:05:00.0:region0+0x8208, 0x0, 4)
vfio_region_write  (0000:05:00.0:region0+0x820c, 0x0, 4)
vfio_region_write  (0000:05:00.0:region0+0x8210, 0x0, 4)
vfio_region_write  (0000:05:00.0:region0+0x8214, 0x0, 4)
vfio_region_write  (0000:05:00.0:region0+0x8218, 0x0, 4)
vfio_region_write  (0000:05:00.0:region0+0x821c, 0x0, 4)
vfio_region_write  (0000:05:00.0:region0+0x8220, 0x0, 4)
vfio_region_write  (0000:05:00.0:region0+0x8224, 0x0, 4)
vfio_region_write  (0000:05:00.0:region0+0x8228, 0x0, 4)
vfio_region_write  (0000:05:00.0:region0+0x822c, 0x0, 4)
vfio_region_write  (0000:05:00.0:region0+0x8230, 0x0, 4)
vfio_region_write  (0000:05:00.0:region0+0x8234, 0x0, 4)
vfio_region_write  (0000:05:00.0:region0+0x8238, 0x0, 4)
vfio_region_write  (0000:05:00.0:region0+0x823c, 0x0, 4)
vfio_region_write  (0000:05:00.0:region0+0x8240, 0x0, 4)
vfio_region_write  (0000:05:00.0:region0+0x8244, 0x0, 4)
vfio_region_write  (0000:05:00.0:region0+0x8248, 0x0, 4)
vfio_region_write  (0000:05:00.0:region0+0x824c, 0x0, 4)
vfio_region_write  (0000:05:00.0:region0+0x8250, 0x0, 4)
vfio_region_write  (0000:05:00.0:region0+0x8254, 0x0, 4)
vfio_region_write  (0000:05:00.0:region0+0x8258, 0x0, 4)
vfio_region_write  (0000:05:00.0:region0+0x825c, 0x0, 4)
vfio_region_write  (0000:05:00.0:region0+0x8260, 0x0, 4)
vfio_region_write  (0000:05:00.0:region0+0x8264, 0x0, 4)
vfio_region_write  (0000:05:00.0:region0+0x8268, 0x0, 4)
vfio_region_write  (0000:05:00.0:region0+0x826c, 0x0, 4)
vfio_region_write  (0000:05:00.0:region0+0x8270, 0x0, 4)
vfio_region_write  (0000:05:00.0:region0+0x8274, 0x0, 4)
vfio_region_write  (0000:05:00.0:region0+0x8278, 0x0, 4)
vfio_region_write  (0000:05:00.0:region0+0x827c, 0x0, 4)
vfio_region_write  (0000:05:00.0:region0+0x8280, 0x0, 4)
vfio_region_write  (0000:05:00.0:region0+0x8284, 0x0, 4)
vfio_region_write  (0000:05:00.0:region0+0x8288, 0x0, 4)
vfio_region_write  (0000:05:00.0:region0+0x828c, 0x0, 4)
vfio_region_write  (0000:05:00.0:region0+0x8290, 0x0, 4)
vfio_region_write  (0000:05:00.0:region0+0x8294, 0x0, 4)
vfio_region_write  (0000:05:00.0:region0+0x8298, 0x0, 4)
vfio_region_write  (0000:05:00.0:region0+0x829c, 0x0, 4)
vfio_region_write  (0000:05:00.0:region0+0x82a0, 0x0, 4)
vfio_region_write  (0000:05:00.0:region0+0x82a4, 0x0, 4)
vfio_region_write  (0000:05:00.0:region0+0x82a8, 0x0, 4)
vfio_region_write  (0000:05:00.0:region0+0x82ac, 0x0, 4)
vfio_region_write  (0000:05:00.0:region0+0x82b0, 0x0, 4)
vfio_region_write  (0000:05:00.0:region0+0x82b4, 0x0, 4)
vfio_region_write  (0000:05:00.0:region0+0x82b8, 0x0, 4)
vfio_region_write  (0000:05:00.0:region0+0x82bc, 0x0, 4)
vfio_region_write  (0000:05:00.0:region0+0x82c0, 0x0, 4)
vfio_region_write  (0000:05:00.0:region0+0x82c4, 0x0, 4)
vfio_region_write  (0000:05:00.0:region0+0x82c8, 0x0, 4)
vfio_region_write  (0000:05:00.0:region0+0x82cc, 0x0, 4)
vfio_region_write  (0000:05:00.0:region0+0x82d0, 0x0, 4)
vfio_region_write  (0000:05:00.0:region0+0x82d4, 0x0, 4)
vfio_region_write  (0000:05:00.0:region0+0x82d8, 0x0, 4)
vfio_region_write  (0000:05:00.0:region0+0x82dc, 0x0, 4)
vfio_region_write  (0000:05:00.0:region0+0x82e0, 0x0, 4)
vfio_region_write  (0000:05:00.0:region0+0x82e4, 0x0, 4)
vfio_region_write  (0000:05:00.0:region0+0x82e8, 0x0, 4)
vfio_region_write  (0000:05:00.0:region0+0x82ec, 0x0, 4)
vfio_region_write  (0000:05:00.0:region0+0x82f0, 0x0, 4)
vfio_region_write  (0000:05:00.0:region0+0x82f4, 0x0, 4)
vfio_region_write  (0000:05:00.0:region0+0x82f8, 0x0, 4)
vfio_region_write  (0000:05:00.0:region0+0x82fc, 0x0, 4)
vfio_region_write  (0000:05:00.0:region0+0x8300, 0x0, 4)
vfio_region_write  (0000:05:00.0:region0+0x8304, 0x0, 4)
vfio_region_write  (0000:05:00.0:region0+0x8308, 0x0, 4)
vfio_region_write  (0000:05:00.0:region0+0x830c, 0x0, 4)
vfio_region_write  (0000:05:00.0:region0+0x8310, 0x0, 4)
vfio_region_write  (0000:05:00.0:region0+0x8314, 0x0, 4)
vfio_region_write  (0000:05:00.0:region0+0x8318, 0x0, 4)
vfio_region_write  (0000:05:00.0:region0+0x831c, 0x0, 4)
vfio_region_write  (0000:05:00.0:region0+0x8320, 0x0, 4)
vfio_region_write  (0000:05:00.0:region0+0x8324, 0x0, 4)
vfio_region_write  (0000:05:00.0:region0+0x8328, 0x0, 4)
vfio_region_write  (0000:05:00.0:region0+0x832c, 0x0, 4)
vfio_region_write  (0000:05:00.0:region0+0x8330, 0x0, 4)
vfio_region_write  (0000:05:00.0:region0+0x8334, 0x0, 4)
vfio_region_write  (0000:05:00.0:region0+0x8338, 0x0, 4)
vfio_region_write  (0000:05:00.0:region0+0x833c, 0x0, 4)
vfio_region_write  (0000:05:00.0:region0+0x8340, 0x0, 4)
vfio_region_write  (0000:05:00.0:region0+0x8344, 0x0, 4)
vfio_region_write  (0000:05:00.0:region0+0x8348, 0x0, 4)
vfio_region_write  (0000:05:00.0:region0+0x834c, 0x0, 4)
vfio_region_write  (0000:05:00.0:region0+0x8350, 0x0, 4)
vfio_region_write  (0000:05:00.0:region0+0x8354, 0x0, 4)
vfio_region_write  (0000:05:00.0:region0+0x8358, 0x0, 4)
vfio_region_write  (0000:05:00.0:region0+0x835c, 0x0, 4)
vfio_region_write  (0000:05:00.0:region0+0x8360, 0x0, 4)
vfio_region_write  (0000:05:00.0:region0+0x8364, 0x0, 4)
vfio_region_write  (0000:05:00.0:region0+0x8368, 0x0, 4)
vfio_region_write  (0000:05:00.0:region0+0x836c, 0x0, 4)
vfio_region_write  (0000:05:00.0:region0+0x8370, 0x0, 4)
vfio_region_write  (0000:05:00.0:region0+0x8374, 0x0, 4)
vfio_region_write  (0000:05:00.0:region0+0x8378, 0x0, 4)
vfio_region_write  (0000:05:00.0:region0+0x837c, 0x0, 4)
vfio_region_write  (0000:05:00.0:region0+0x8380, 0x0, 4)
vfio_region_write  (0000:05:00.0:region0+0x8384, 0x0, 4)
vfio_region_write  (0000:05:00.0:region0+0x8388, 0x0, 4)
vfio_region_write  (0000:05:00.0:region0+0x838c, 0x0, 4)
vfio_region_write  (0000:05:00.0:region0+0x8390, 0x0, 4)
vfio_region_write  (0000:05:00.0:region0+0x8394, 0x0, 4)
vfio_region_write  (0000:05:00.0:region0+0x8398, 0x0, 4)
vfio_region_write  (0000:05:00.0:region0+0x839c, 0x0, 4)
vfio_region_write  (0000:05:00.0:region0+0x83a0, 0x0, 4)
vfio_region_write  (0000:05:00.0:region0+0x83a4, 0x0, 4)
vfio_region_write  (0000:05:00.0:region0+0x83a8, 0x0, 4)
vfio_region_write  (0000:05:00.0:region0+0x83ac, 0x0, 4)
vfio_region_write  (0000:05:00.0:region0+0x83b0, 0x0, 4)
vfio_region_write  (0000:05:00.0:region0+0x83b4, 0x0, 4)
vfio_region_write  (0000:05:00.0:region0+0x83b8, 0x0, 4)
vfio_region_write  (0000:05:00.0:region0+0x83bc, 0x0, 4)
vfio_region_write  (0000:05:00.0:region0+0x83c0, 0x0, 4)
vfio_region_write  (0000:05:00.0:region0+0x83c4, 0x0, 4)
vfio_region_write  (0000:05:00.0:region0+0x83c8, 0x0, 4)
vfio_region_write  (0000:05:00.0:region0+0x83cc, 0x0, 4)
vfio_region_write  (0000:05:00.0:region0+0x83d0, 0x0, 4)
vfio_region_write  (0000:05:00.0:region0+0x83d4, 0x0, 4)
vfio_region_write  (0000:05:00.0:region0+0x83d8, 0x0, 4)
vfio_region_write  (0000:05:00.0:region0+0x83dc, 0x0, 4)
vfio_region_write  (0000:05:00.0:region0+0x83e0, 0x0, 4)
vfio_region_write  (0000:05:00.0:region0+0x83e4, 0x0, 4)
vfio_region_write  (0000:05:00.0:region0+0x83e8, 0x0, 4)
vfio_region_write  (0000:05:00.0:region0+0x83ec, 0x0, 4)
vfio_region_write  (0000:05:00.0:region0+0x83f0, 0x0, 4)
vfio_region_write  (0000:05:00.0:region0+0x83f4, 0x0, 4)
vfio_region_write  (0000:05:00.0:region0+0x83f8, 0x0, 4)
vfio_region_write  (0000:05:00.0:region0+0x83fc, 0x0, 4)
vfio_region_write  (0000:05:00.0:region0+0x8400, 0x0, 4)
vfio_region_write  (0000:05:00.0:region0+0x8404, 0x0, 4)
vfio_region_write  (0000:05:00.0:region0+0x8408, 0x0, 4)
vfio_region_write  (0000:05:00.0:region0+0x840c, 0x0, 4)
vfio_region_write  (0000:05:00.0:region0+0x8410, 0x0, 4)
vfio_region_write  (0000:05:00.0:region0+0x8414, 0x0, 4)
vfio_region_write  (0000:05:00.0:region0+0x8418, 0x0, 4)
vfio_region_write  (0000:05:00.0:region0+0x841c, 0x0, 4)
vfio_region_write  (0000:05:00.0:region0+0x8420, 0x0, 4)
vfio_region_write  (0000:05:00.0:region0+0x8424, 0x0, 4)
vfio_region_write  (0000:05:00.0:region0+0x8428, 0x0, 4)
vfio_region_write  (0000:05:00.0:region0+0x842c, 0x0, 4)
vfio_region_write  (0000:05:00.0:region0+0x408, 0x1, 4)
vfio_region_read   (0000:05:00.0:region0+0x100, 4) = 0x20000000
vfio_region_read   (0000:05:00.0:region0+0x8028, 4) = 0x0
vfio_region_write  (0000:05:00.0:region0+0x408, 0x2, 4)
vfio_region_write  (0000:05:00.0:region0+0x8020, 0x80800001, 4)
vfio_region_write  (0000:05:00.0:region0+0x8024, 0x6b0400, 4)
vfio_region_write  (0000:05:00.0:region0+0x8028, 0x0, 4)
vfio_region_write  (0000:05:00.0:region0+0x802c, 0x0, 4)
vfio_region_write  (0000:05:00.0:region0+0x8030, 0x1898, 4)
vfio_region_write  (0000:05:00.0:region0+0x8034, 0x3f8, 4)
vfio_region_write  (0000:05:00.0:region0+0x8038, 0x0, 4)
vfio_region_write  (0000:05:00.0:region0+0x803c, 0x0, 4)
vfio_region_write  (0000:05:00.0:region0+0x8040, 0x0, 4)
vfio_region_write  (0000:05:00.0:region0+0x8044, 0x0, 4)
vfio_region_write  (0000:05:00.0:region0+0x8048, 0x0, 4)
vfio_region_write  (0000:05:00.0:region0+0x804c, 0x0, 4)
vfio_region_write  (0000:05:00.0:region0+0x8050, 0x0, 4)
vfio_region_write  (0000:05:00.0:region0+0x8054, 0x0, 4)
vfio_region_write  (0000:05:00.0:region0+0x8058, 0x0, 4)
vfio_region_write  (0000:05:00.0:region0+0x805c, 0x0, 4)
vfio_region_write  (0000:05:00.0:region0+0x8060, 0x0, 4)
vfio_region_write  (0000:05:00.0:region0+0x8064, 0x0, 4)
vfio_region_write  (0000:05:00.0:region0+0x8068, 0x0, 4)
vfio_region_write  (0000:05:00.0:region0+0x806c, 0x0, 4)
vfio_region_write  (0000:05:00.0:region0+0x8070, 0x0, 4)
vfio_region_write  (0000:05:00.0:region0+0x8074, 0x0, 4)
vfio_region_write  (0000:05:00.0:region0+0x8078, 0x0, 4)
vfio_region_write  (0000:05:00.0:region0+0x807c, 0x0, 4)
vfio_region_write  (0000:05:00.0:region0+0x8080, 0x0, 4)
vfio_region_write  (0000:05:00.0:region0+0x8084, 0x0, 4)
vfio_region_write  (0000:05:00.0:region0+0x8088, 0x0, 4)
vfio_region_write  (0000:05:00.0:region0+0x808c, 0x0, 4)
vfio_region_write  (0000:05:00.0:region0+0x8090, 0x0, 4)
vfio_region_write  (0000:05:00.0:region0+0x8094, 0x0, 4)
vfio_region_write  (0000:05:00.0:region0+0x8098, 0x0, 4)
vfio_region_write  (0000:05:00.0:region0+0x809c, 0x0, 4)
vfio_region_write  (0000:05:00.0:region0+0x80a0, 0x0, 4)
vfio_region_write  (0000:05:00.0:region0+0x80a4, 0x0, 4)
vfio_region_write  (0000:05:00.0:region0+0x80a8, 0x0, 4)
vfio_region_write  (0000:05:00.0:region0+0x80ac, 0x0, 4)
vfio_region_write  (0000:05:00.0:region0+0x80b0, 0x0, 4)
vfio_region_write  (0000:05:00.0:region0+0x80b4, 0x0, 4)
vfio_region_write  (0000:05:00.0:region0+0x80b8, 0x0, 4)
vfio_region_write  (0000:05:00.0:region0+0x80bc, 0x0, 4)
vfio_region_write  (0000:05:00.0:region0+0x80c0, 0x0, 4)
vfio_region_write  (0000:05:00.0:region0+0x80c4, 0x0, 4)
vfio_region_write  (0000:05:00.0:region0+0x80c8, 0x0, 4)
vfio_region_write  (0000:05:00.0:region0+0x80cc, 0x0, 4)
vfio_region_write  (0000:05:00.0:region0+0x80d0, 0x0, 4)
vfio_region_write  (0000:05:00.0:region0+0x80d4, 0x0, 4)
vfio_region_write  (0000:05:00.0:region0+0x80d8, 0x0, 4)
vfio_region_write  (0000:05:00.0:region0+0x80dc, 0x0, 4)
vfio_region_write  (0000:05:00.0:region0+0x80e0, 0x0, 4)
vfio_region_write  (0000:05:00.0:region0+0x80e4, 0x0, 4)
vfio_region_write  (0000:05:00.0:region0+0x80e8, 0x0, 4)
vfio_region_write  (0000:05:00.0:region0+0x80ec, 0x0, 4)
vfio_region_write  (0000:05:00.0:region0+0x80f0, 0x0, 4)
vfio_region_write  (0000:05:00.0:region0+0x80f4, 0x0, 4)
vfio_region_write  (0000:05:00.0:region0+0x80f8, 0x0, 4)
vfio_region_write  (0000:05:00.0:region0+0x80fc, 0x0, 4)
vfio_region_write  (0000:05:00.0:region0+0x8100, 0x0, 4)
vfio_region_write  (0000:05:00.0:region0+0x8104, 0x0, 4)
vfio_region_write  (0000:05:00.0:region0+0x8108, 0x0, 4)
vfio_region_write  (0000:05:00.0:region0+0x810c, 0x0, 4)
vfio_region_write  (0000:05:00.0:region0+0x8110, 0x0, 4)
vfio_region_write  (0000:05:00.0:region0+0x8114, 0x0, 4)
vfio_region_write  (0000:05:00.0:region0+0x8118, 0x0, 4)
vfio_region_write  (0000:05:00.0:region0+0x811c, 0x0, 4)
vfio_region_write  (0000:05:00.0:region0+0x8120, 0x0, 4)
vfio_region_write  (0000:05:00.0:region0+0x8124, 0x0, 4)
vfio_region_write  (0000:05:00.0:region0+0x8128, 0x0, 4)
vfio_region_write  (0000:05:00.0:region0+0x812c, 0x0, 4)
vfio_region_write  (0000:05:00.0:region0+0x8130, 0x0, 4)
vfio_region_write  (0000:05:00.0:region0+0x8134, 0x0, 4)
vfio_region_write  (0000:05:00.0:region0+0x8138, 0x0, 4)
vfio_region_write  (0000:05:00.0:region0+0x813c, 0x0, 4)
vfio_region_write  (0000:05:00.0:region0+0x8140, 0x0, 4)
vfio_region_write  (0000:05:00.0:region0+0x8144, 0x0, 4)
vfio_region_write  (0000:05:00.0:region0+0x8148, 0x0, 4)
vfio_region_write  (0000:05:00.0:region0+0x814c, 0x0, 4)
vfio_region_write  (0000:05:00.0:region0+0x8150, 0x0, 4)
vfio_region_write  (0000:05:00.0:region0+0x8154, 0x0, 4)
vfio_region_write  (0000:05:00.0:region0+0x8158, 0x0, 4)
vfio_region_write  (0000:05:00.0:region0+0x815c, 0x0, 4)
vfio_region_write  (0000:05:00.0:region0+0x8160, 0x0, 4)
vfio_region_write  (0000:05:00.0:region0+0x8164, 0x0, 4)
vfio_region_write  (0000:05:00.0:region0+0x8168, 0x0, 4)
vfio_region_write  (0000:05:00.0:region0+0x816c, 0x0, 4)
vfio_region_write  (0000:05:00.0:region0+0x8170, 0x0, 4)
vfio_region_write  (0000:05:00.0:region0+0x8174, 0x3c0002, 4)
vfio_region_write  (0000:05:00.0:region0+0x8178, 0x0, 4)
vfio_region_write  (0000:05:00.0:region0+0x817c, 0x0, 4)
vfio_region_write  (0000:05:00.0:region0+0x8180, 0x0, 4)
vfio_region_write  (0000:05:00.0:region0+0x8184, 0x0, 4)
vfio_region_write  (0000:05:00.0:region0+0x8188, 0x0, 4)
vfio_region_write  (0000:05:00.0:region0+0x818c, 0x0, 4)
vfio_region_write  (0000:05:00.0:region0+0x8190, 0x0, 4)
vfio_region_write  (0000:05:00.0:region0+0x8194, 0x0, 4)
vfio_region_write  (0000:05:00.0:region0+0x8198, 0x0, 4)
vfio_region_write  (0000:05:00.0:region0+0x819c, 0x0, 4)
vfio_region_write  (0000:05:00.0:region0+0x81a0, 0x0, 4)
vfio_region_write  (0000:05:00.0:region0+0x81a4, 0x0, 4)
vfio_region_write  (0000:05:00.0:region0+0x81a8, 0x0, 4)
vfio_region_write  (0000:05:00.0:region0+0x81ac, 0x0, 4)
vfio_region_write  (0000:05:00.0:region0+0x81b0, 0x0, 4)
vfio_region_write  (0000:05:00.0:region0+0x81b4, 0x0, 4)
vfio_region_write  (0000:05:00.0:region0+0x81b8, 0x0, 4)
vfio_region_write  (0000:05:00.0:region0+0x81bc, 0x0, 4)
vfio_region_write  (0000:05:00.0:region0+0x81c0, 0x0, 4)
vfio_region_write  (0000:05:00.0:region0+0x81c4, 0x0, 4)
vfio_region_write  (0000:05:00.0:region0+0x81c8, 0x0, 4)
vfio_region_write  (0000:05:00.0:region0+0x81cc, 0x0, 4)
vfio_region_write  (0000:05:00.0:region0+0x81d0, 0x0, 4)
vfio_region_write  (0000:05:00.0:region0+0x81d4, 0x0, 4)
vfio_region_write  (0000:05:00.0:region0+0x81d8, 0x0, 4)
vfio_region_write  (0000:05:00.0:region0+0x81dc, 0x0, 4)
vfio_region_write  (0000:05:00.0:region0+0x81e0, 0x0, 4)
vfio_region_write  (0000:05:00.0:region0+0x81e4, 0x0, 4)
vfio_region_write  (0000:05:00.0:region0+0x81e8, 0xcdb0c699, 4)
vfio_region_write  (0000:05:00.0:region0+0x81ec, 0x0, 4)
vfio_region_write  (0000:05:00.0:region0+0x81f0, 0x0, 4)
vfio_region_write  (0000:05:00.0:region0+0x81f4, 0x0, 4)
vfio_region_write  (0000:05:00.0:region0+0x81f8, 0x0, 4)
vfio_region_write  (0000:05:00.0:region0+0x81fc, 0x0, 4)
vfio_region_write  (0000:05:00.0:region0+0x8200, 0x0, 4)
vfio_region_write  (0000:05:00.0:region0+0x8204, 0x0, 4)
vfio_region_write  (0000:05:00.0:region0+0x8208, 0x0, 4)
vfio_region_write  (0000:05:00.0:region0+0x820c, 0x0, 4)
vfio_region_write  (0000:05:00.0:region0+0x8210, 0x0, 4)
vfio_region_write  (0000:05:00.0:region0+0x8214, 0x0, 4)
vfio_region_write  (0000:05:00.0:region0+0x8218, 0x0, 4)
vfio_region_write  (0000:05:00.0:region0+0x821c, 0x0, 4)
vfio_region_write  (0000:05:00.0:region0+0x8220, 0x0, 4)
vfio_region_write  (0000:05:00.0:region0+0x8224, 0x0, 4)
vfio_region_write  (0000:05:00.0:region0+0x8228, 0x0, 4)
vfio_region_write  (0000:05:00.0:region0+0x822c, 0x0, 4)
vfio_region_write  (0000:05:00.0:region0+0x8230, 0x0, 4)
vfio_region_write  (0000:05:00.0:region0+0x8234, 0x0, 4)
vfio_region_write  (0000:05:00.0:region0+0x8238, 0x0, 4)
vfio_region_write  (0000:05:00.0:region0+0x823c, 0x0, 4)
vfio_region_write  (0000:05:00.0:region0+0x8240, 0x0, 4)
vfio_region_write  (0000:05:00.0:region0+0x8244, 0x0, 4)
vfio_region_write  (0000:05:00.0:region0+0x8248, 0x0, 4)
vfio_region_write  (0000:05:00.0:region0+0x824c, 0x0, 4)
vfio_region_write  (0000:05:00.0:region0+0x8250, 0x0, 4)
vfio_region_write  (0000:05:00.0:region0+0x8254, 0x0, 4)
vfio_region_write  (0000:05:00.0:region0+0x8258, 0x0, 4)
vfio_region_write  (0000:05:00.0:region0+0x825c, 0x0, 4)
vfio_region_write  (0000:05:00.0:region0+0x8260, 0x0, 4)
vfio_region_write  (0000:05:00.0:region0+0x8264, 0x0, 4)
vfio_region_write  (0000:05:00.0:region0+0x8268, 0x0, 4)
vfio_region_write  (0000:05:00.0:region0+0x826c, 0x0, 4)
vfio_region_write  (0000:05:00.0:region0+0x8270, 0x0, 4)
vfio_region_write  (0000:05:00.0:region0+0x8274, 0x0, 4)
vfio_region_write  (0000:05:00.0:region0+0x8278, 0x0, 4)
vfio_region_write  (0000:05:00.0:region0+0x827c, 0x0, 4)
vfio_region_write  (0000:05:00.0:region0+0x8280, 0x0, 4)
vfio_region_write  (0000:05:00.0:region0+0x8284, 0x0, 4)
vfio_region_write  (0000:05:00.0:region0+0x8288, 0x0, 4)
vfio_region_write  (0000:05:00.0:region0+0x828c, 0x0, 4)
vfio_region_write  (0000:05:00.0:region0+0x8290, 0x0, 4)
vfio_region_write  (0000:05:00.0:region0+0x8294, 0x0, 4)
vfio_region_write  (0000:05:00.0:region0+0x8298, 0x0, 4)
vfio_region_write  (0000:05:00.0:region0+0x829c, 0x0, 4)
vfio_region_write  (0000:05:00.0:region0+0x82a0, 0x0, 4)
vfio_region_write  (0000:05:00.0:region0+0x82a4, 0x0, 4)
vfio_region_write  (0000:05:00.0:region0+0x82a8, 0x0, 4)
vfio_region_write  (0000:05:00.0:region0+0x82ac, 0x0, 4)
vfio_region_write  (0000:05:00.0:region0+0x82b0, 0x0, 4)
vfio_region_write  (0000:05:00.0:region0+0x82b4, 0x0, 4)
vfio_region_write  (0000:05:00.0:region0+0x82b8, 0x0, 4)
vfio_region_write  (0000:05:00.0:region0+0x82bc, 0x0, 4)
vfio_region_write  (0000:05:00.0:region0+0x82c0, 0x0, 4)
vfio_region_write  (0000:05:00.0:region0+0x82c4, 0x0, 4)
vfio_region_write  (0000:05:00.0:region0+0x82c8, 0x0, 4)
vfio_region_write  (0000:05:00.0:region0+0x82cc, 0x0, 4)
vfio_region_write  (0000:05:00.0:region0+0x82d0, 0x0, 4)
vfio_region_write  (0000:05:00.0:region0+0x82d4, 0x0, 4)
vfio_region_write  (0000:05:00.0:region0+0x82d8, 0x0, 4)
vfio_region_write  (0000:05:00.0:region0+0x82dc, 0x0, 4)
vfio_region_write  (0000:05:00.0:region0+0x82e0, 0x0, 4)
vfio_region_write  (0000:05:00.0:region0+0x82e4, 0x0, 4)
vfio_region_write  (0000:05:00.0:region0+0x82e8, 0x0, 4)
vfio_region_write  (0000:05:00.0:region0+0x82ec, 0x0, 4)
vfio_region_write  (0000:05:00.0:region0+0x82f0, 0x0, 4)
vfio_region_write  (0000:05:00.0:region0+0x82f4, 0x0, 4)
vfio_region_write  (0000:05:00.0:region0+0x82f8, 0x0, 4)
vfio_region_write  (0000:05:00.0:region0+0x82fc, 0x0, 4)
vfio_region_write  (0000:05:00.0:region0+0x8300, 0x0, 4)
vfio_region_write  (0000:05:00.0:region0+0x8304, 0x0, 4)
vfio_region_write  (0000:05:00.0:region0+0x8308, 0x0, 4)
vfio_region_write  (0000:05:00.0:region0+0x830c, 0x0, 4)
vfio_region_write  (0000:05:00.0:region0+0x8310, 0x0, 4)
vfio_region_write  (0000:05:00.0:region0+0x8314, 0x0, 4)
vfio_region_write  (0000:05:00.0:region0+0x8318, 0x0, 4)
vfio_region_write  (0000:05:00.0:region0+0x831c, 0x0, 4)
vfio_region_write  (0000:05:00.0:region0+0x8320, 0x0, 4)
vfio_region_write  (0000:05:00.0:region0+0x8324, 0x0, 4)
vfio_region_write  (0000:05:00.0:region0+0x8328, 0x0, 4)
vfio_region_write  (0000:05:00.0:region0+0x832c, 0x0, 4)
vfio_region_write  (0000:05:00.0:region0+0x8330, 0x0, 4)
vfio_region_write  (0000:05:00.0:region0+0x8334, 0x0, 4)
vfio_region_write  (0000:05:00.0:region0+0x8338, 0x0, 4)
vfio_region_write  (0000:05:00.0:region0+0x833c, 0x0, 4)
vfio_region_write  (0000:05:00.0:region0+0x8340, 0x0, 4)
vfio_region_write  (0000:05:00.0:region0+0x8344, 0x0, 4)
vfio_region_write  (0000:05:00.0:region0+0x8348, 0x0, 4)
vfio_region_write  (0000:05:00.0:region0+0x834c, 0x0, 4)
vfio_region_write  (0000:05:00.0:region0+0x8350, 0x0, 4)
vfio_region_write  (0000:05:00.0:region0+0x8354, 0x0, 4)
vfio_region_write  (0000:05:00.0:region0+0x8358, 0x0, 4)
vfio_region_write  (0000:05:00.0:region0+0x835c, 0x0, 4)
vfio_region_write  (0000:05:00.0:region0+0x8360, 0x0, 4)
vfio_region_write  (0000:05:00.0:region0+0x8364, 0x0, 4)
vfio_region_write  (0000:05:00.0:region0+0x8368, 0x0, 4)
vfio_region_write  (0000:05:00.0:region0+0x836c, 0x0, 4)
vfio_region_write  (0000:05:00.0:region0+0x8370, 0x0, 4)
vfio_region_write  (0000:05:00.0:region0+0x8374, 0x0, 4)
vfio_region_write  (0000:05:00.0:region0+0x8378, 0x0, 4)
vfio_region_write  (0000:05:00.0:region0+0x837c, 0x0, 4)
vfio_region_write  (0000:05:00.0:region0+0x8380, 0x0, 4)
vfio_region_write  (0000:05:00.0:region0+0x8384, 0x0, 4)
vfio_region_write  (0000:05:00.0:region0+0x8388, 0x0, 4)
vfio_region_write  (0000:05:00.0:region0+0x838c, 0x0, 4)
vfio_region_write  (0000:05:00.0:region0+0x8390, 0x0, 4)
vfio_region_write  (0000:05:00.0:region0+0x8394, 0x0, 4)
vfio_region_write  (0000:05:00.0:region0+0x8398, 0x0, 4)
vfio_region_write  (0000:05:00.0:region0+0x839c, 0x0, 4)
vfio_region_write  (0000:05:00.0:region0+0x83a0, 0x0, 4)
vfio_region_write  (0000:05:00.0:region0+0x83a4, 0x0, 4)
vfio_region_write  (0000:05:00.0:region0+0x83a8, 0x0, 4)
vfio_region_write  (0000:05:00.0:region0+0x83ac, 0x0, 4)
vfio_region_write  (0000:05:00.0:region0+0x83b0, 0x0, 4)
vfio_region_write  (0000:05:00.0:region0+0x83b4, 0x0, 4)
vfio_region_write  (0000:05:00.0:region0+0x83b8, 0x0, 4)
vfio_region_write  (0000:05:00.0:region0+0x83bc, 0x0, 4)
vfio_region_write  (0000:05:00.0:region0+0x83c0, 0x0, 4)
vfio_region_write  (0000:05:00.0:region0+0x83c4, 0x0, 4)
vfio_region_write  (0000:05:00.0:region0+0x83c8, 0x0, 4)
vfio_region_write  (0000:05:00.0:region0+0x83cc, 0x0, 4)
vfio_region_write  (0000:05:00.0:region0+0x83d0, 0x0, 4)
vfio_region_write  (0000:05:00.0:region0+0x83d4, 0x0, 4)
vfio_region_write  (0000:05:00.0:region0+0x83d8, 0x0, 4)
vfio_region_write  (0000:05:00.0:region0+0x83dc, 0x0, 4)
vfio_region_write  (0000:05:00.0:region0+0x83e0, 0x0, 4)
vfio_region_write  (0000:05:00.0:region0+0x83e4, 0x0, 4)
vfio_region_write  (0000:05:00.0:region0+0x83e8, 0x0, 4)
vfio_region_write  (0000:05:00.0:region0+0x83ec, 0x0, 4)
vfio_region_write  (0000:05:00.0:region0+0x83f0, 0x0, 4)
vfio_region_write  (0000:05:00.0:region0+0x83f4, 0x0, 4)
vfio_region_write  (0000:05:00.0:region0+0x83f8, 0x0, 4)
vfio_region_write  (0000:05:00.0:region0+0x83fc, 0x0, 4)
vfio_region_write  (0000:05:00.0:region0+0x8400, 0x0, 4)
vfio_region_write  (0000:05:00.0:region0+0x8404, 0x0, 4)
vfio_region_write  (0000:05:00.0:region0+0x8408, 0x0, 4)
vfio_region_write  (0000:05:00.0:region0+0x840c, 0x0, 4)
vfio_region_write  (0000:05:00.0:region0+0x8410, 0x0, 4)
vfio_region_write  (0000:05:00.0:region0+0x8414, 0x0, 4)
vfio_region_write  (0000:05:00.0:region0+0x8418, 0x0, 4)
vfio_region_write  (0000:05:00.0:region0+0x841c, 0x0, 4)
vfio_region_write  (0000:05:00.0:region0+0x8420, 0x0, 4)
vfio_region_write  (0000:05:00.0:region0+0x8424, 0x0, 4)
vfio_region_write  (0000:05:00.0:region0+0x8428, 0x0, 4)
vfio_region_write  (0000:05:00.0:region0+0x842c, 0x0, 4)
vfio_region_write  (0000:05:00.0:region0+0x408, 0x1, 4)
vfio_region_read   (0000:05:00.0:region0+0x100, 4) = 0x20000000
vfio_region_read   (0000:05:00.0:region0+0x8028, 4) = 0x0
vfio_region_write  (0000:05:00.0:region0+0x408, 0x2, 4)
vfio_region_write  (0000:05:00.0:region0+0x8020, 0x80800001, 4)
vfio_region_write  (0000:05:00.0:region0+0x8024, 0x6c0400, 4)
vfio_region_write  (0000:05:00.0:region0+0x8028, 0x0, 4)
vfio_region_write  (0000:05:00.0:region0+0x802c, 0x0, 4)
vfio_region_write  (0000:05:00.0:region0+0x8030, 0x1c90, 4)
vfio_region_write  (0000:05:00.0:region0+0x8034, 0x3f8, 4)
vfio_region_write  (0000:05:00.0:region0+0x8038, 0x0, 4)
vfio_region_write  (0000:05:00.0:region0+0x803c, 0x0, 4)
vfio_region_write  (0000:05:00.0:region0+0x8040, 0x0, 4)
vfio_region_write  (0000:05:00.0:region0+0x8044, 0x0, 4)
vfio_region_write  (0000:05:00.0:region0+0x8048, 0x0, 4)
vfio_region_write  (0000:05:00.0:region0+0x804c, 0x0, 4)
vfio_region_write  (0000:05:00.0:region0+0x8050, 0x0, 4)
vfio_region_write  (0000:05:00.0:region0+0x8054, 0x0, 4)
vfio_region_write  (0000:05:00.0:region0+0x8058, 0x0, 4)
vfio_region_write  (0000:05:00.0:region0+0x805c, 0x0, 4)
vfio_region_write  (0000:05:00.0:region0+0x8060, 0x0, 4)
vfio_region_write  (0000:05:00.0:region0+0x8064, 0x0, 4)
vfio_region_write  (0000:05:00.0:region0+0x8068, 0x0, 4)
vfio_region_write  (0000:05:00.0:region0+0x806c, 0x0, 4)
vfio_region_write  (0000:05:00.0:region0+0x8070, 0x0, 4)
vfio_region_write  (0000:05:00.0:region0+0x8074, 0x0, 4)
vfio_region_write  (0000:05:00.0:region0+0x8078, 0x0, 4)
vfio_region_write  (0000:05:00.0:region0+0x807c, 0x0, 4)
vfio_region_write  (0000:05:00.0:region0+0x8080, 0x0, 4)
vfio_region_write  (0000:05:00.0:region0+0x8084, 0x0, 4)
vfio_region_write  (0000:05:00.0:region0+0x8088, 0x0, 4)
vfio_region_write  (0000:05:00.0:region0+0x808c, 0x0, 4)
vfio_region_write  (0000:05:00.0:region0+0x8090, 0x0, 4)
vfio_region_write  (0000:05:00.0:region0+0x8094, 0x0, 4)
vfio_region_write  (0000:05:00.0:region0+0x8098, 0x0, 4)
vfio_region_write  (0000:05:00.0:region0+0x809c, 0x0, 4)
vfio_region_write  (0000:05:00.0:region0+0x80a0, 0x0, 4)
vfio_region_write  (0000:05:00.0:region0+0x80a4, 0x0, 4)
vfio_region_write  (0000:05:00.0:region0+0x80a8, 0x0, 4)
vfio_region_write  (0000:05:00.0:region0+0x80ac, 0x0, 4)
vfio_region_write  (0000:05:00.0:region0+0x80b0, 0x0, 4)
vfio_region_write  (0000:05:00.0:region0+0x80b4, 0x0, 4)
vfio_region_write  (0000:05:00.0:region0+0x80b8, 0x0, 4)
vfio_region_write  (0000:05:00.0:region0+0x80bc, 0x0, 4)
vfio_region_write  (0000:05:00.0:region0+0x80c0, 0x0, 4)
vfio_region_write  (0000:05:00.0:region0+0x80c4, 0x0, 4)
vfio_region_write  (0000:05:00.0:region0+0x80c8, 0x0, 4)
vfio_region_write  (0000:05:00.0:region0+0x80cc, 0x0, 4)
vfio_region_write  (0000:05:00.0:region0+0x80d0, 0x0, 4)
vfio_region_write  (0000:05:00.0:region0+0x80d4, 0x0, 4)
vfio_region_write  (0000:05:00.0:region0+0x80d8, 0x0, 4)
vfio_region_write  (0000:05:00.0:region0+0x80dc, 0x0, 4)
vfio_region_write  (0000:05:00.0:region0+0x80e0, 0x0, 4)
vfio_region_write  (0000:05:00.0:region0+0x80e4, 0x0, 4)
vfio_region_write  (0000:05:00.0:region0+0x80e8, 0x0, 4)
vfio_region_write  (0000:05:00.0:region0+0x80ec, 0x0, 4)
vfio_region_write  (0000:05:00.0:region0+0x80f0, 0x0, 4)
vfio_region_write  (0000:05:00.0:region0+0x80f4, 0x0, 4)
vfio_region_write  (0000:05:00.0:region0+0x80f8, 0x0, 4)
vfio_region_write  (0000:05:00.0:region0+0x80fc, 0x0, 4)
vfio_region_write  (0000:05:00.0:region0+0x8100, 0x0, 4)
vfio_region_write  (0000:05:00.0:region0+0x8104, 0x0, 4)
vfio_region_write  (0000:05:00.0:region0+0x8108, 0x0, 4)
vfio_region_write  (0000:05:00.0:region0+0x810c, 0x0, 4)
vfio_region_write  (0000:05:00.0:region0+0x8110, 0x0, 4)
vfio_region_write  (0000:05:00.0:region0+0x8114, 0x0, 4)
vfio_region_write  (0000:05:00.0:region0+0x8118, 0x0, 4)
vfio_region_write  (0000:05:00.0:region0+0x811c, 0x0, 4)
vfio_region_write  (0000:05:00.0:region0+0x8120, 0x0, 4)
vfio_region_write  (0000:05:00.0:region0+0x8124, 0x0, 4)
vfio_region_write  (0000:05:00.0:region0+0x8128, 0x0, 4)
vfio_region_write  (0000:05:00.0:region0+0x812c, 0x0, 4)
vfio_region_write  (0000:05:00.0:region0+0x8130, 0x0, 4)
vfio_region_write  (0000:05:00.0:region0+0x8134, 0x0, 4)
vfio_region_write  (0000:05:00.0:region0+0x8138, 0x0, 4)
vfio_region_write  (0000:05:00.0:region0+0x813c, 0x0, 4)
vfio_region_write  (0000:05:00.0:region0+0x8140, 0x0, 4)
vfio_region_write  (0000:05:00.0:region0+0x8144, 0x0, 4)
vfio_region_write  (0000:05:00.0:region0+0x8148, 0x0, 4)
vfio_region_write  (0000:05:00.0:region0+0x814c, 0x0, 4)
vfio_region_write  (0000:05:00.0:region0+0x8150, 0x0, 4)
vfio_region_write  (0000:05:00.0:region0+0x8154, 0x0, 4)
vfio_region_write  (0000:05:00.0:region0+0x8158, 0x0, 4)
vfio_region_write  (0000:05:00.0:region0+0x815c, 0x0, 4)
vfio_region_write  (0000:05:00.0:region0+0x8160, 0x0, 4)
vfio_region_write  (0000:05:00.0:region0+0x8164, 0x0, 4)
vfio_region_write  (0000:05:00.0:region0+0x8168, 0x0, 4)
vfio_region_write  (0000:05:00.0:region0+0x816c, 0x0, 4)
vfio_region_write  (0000:05:00.0:region0+0x8170, 0x0, 4)
vfio_region_write  (0000:05:00.0:region0+0x8174, 0x0, 4)
vfio_region_write  (0000:05:00.0:region0+0x8178, 0x0, 4)
vfio_region_write  (0000:05:00.0:region0+0x817c, 0x0, 4)
vfio_region_write  (0000:05:00.0:region0+0x8180, 0x0, 4)
vfio_region_write  (0000:05:00.0:region0+0x8184, 0x0, 4)
vfio_region_write  (0000:05:00.0:region0+0x8188, 0x0, 4)
vfio_region_write  (0000:05:00.0:region0+0x818c, 0x0, 4)
vfio_region_write  (0000:05:00.0:region0+0x8190, 0x0, 4)
vfio_region_write  (0000:05:00.0:region0+0x8194, 0x0, 4)
vfio_region_write  (0000:05:00.0:region0+0x8198, 0x0, 4)
vfio_region_write  (0000:05:00.0:region0+0x819c, 0x0, 4)
vfio_region_write  (0000:05:00.0:region0+0x81a0, 0x0, 4)
vfio_region_write  (0000:05:00.0:region0+0x81a4, 0x0, 4)
vfio_region_write  (0000:05:00.0:region0+0x81a8, 0x0, 4)
vfio_region_write  (0000:05:00.0:region0+0x81ac, 0x0, 4)
vfio_region_write  (0000:05:00.0:region0+0x81b0, 0x0, 4)
vfio_region_write  (0000:05:00.0:region0+0x81b4, 0x0, 4)
vfio_region_write  (0000:05:00.0:region0+0x81b8, 0x0, 4)
vfio_region_write  (0000:05:00.0:region0+0x81bc, 0x0, 4)
vfio_region_write  (0000:05:00.0:region0+0x81c0, 0x0, 4)
vfio_region_write  (0000:05:00.0:region0+0x81c4, 0x0, 4)
vfio_region_write  (0000:05:00.0:region0+0x81c8, 0x0, 4)
vfio_region_write  (0000:05:00.0:region0+0x81cc, 0x0, 4)
vfio_region_write  (0000:05:00.0:region0+0x81d0, 0x0, 4)
vfio_region_write  (0000:05:00.0:region0+0x81d4, 0x0, 4)
vfio_region_write  (0000:05:00.0:region0+0x81d8, 0x0, 4)
vfio_region_write  (0000:05:00.0:region0+0x81dc, 0x0, 4)
vfio_region_write  (0000:05:00.0:region0+0x81e0, 0x0, 4)
vfio_region_write  (0000:05:00.0:region0+0x81e4, 0x0, 4)
vfio_region_write  (0000:05:00.0:region0+0x81e8, 0x0, 4)
vfio_region_write  (0000:05:00.0:region0+0x81ec, 0x0, 4)
vfio_region_write  (0000:05:00.0:region0+0x81f0, 0x0, 4)
vfio_region_write  (0000:05:00.0:region0+0x81f4, 0x0, 4)
vfio_region_write  (0000:05:00.0:region0+0x81f8, 0x0, 4)
vfio_region_write  (0000:05:00.0:region0+0x81fc, 0x0, 4)
vfio_region_write  (0000:05:00.0:region0+0x8200, 0x0, 4)
vfio_region_write  (0000:05:00.0:region0+0x8204, 0x0, 4)
vfio_region_write  (0000:05:00.0:region0+0x8208, 0x0, 4)
vfio_region_write  (0000:05:00.0:region0+0x820c, 0x0, 4)
vfio_region_write  (0000:05:00.0:region0+0x8210, 0x0, 4)
vfio_region_write  (0000:05:00.0:region0+0x8214, 0x0, 4)
vfio_region_write  (0000:05:00.0:region0+0x8218, 0x0, 4)
vfio_region_write  (0000:05:00.0:region0+0x821c, 0x0, 4)
vfio_region_write  (0000:05:00.0:region0+0x8220, 0x0, 4)
vfio_region_write  (0000:05:00.0:region0+0x8224, 0x0, 4)
vfio_region_write  (0000:05:00.0:region0+0x8228, 0x0, 4)
vfio_region_write  (0000:05:00.0:region0+0x822c, 0x0, 4)
vfio_region_write  (0000:05:00.0:region0+0x8230, 0x0, 4)
vfio_region_write  (0000:05:00.0:region0+0x8234, 0x0, 4)
vfio_region_write  (0000:05:00.0:region0+0x8238, 0x0, 4)
vfio_region_write  (0000:05:00.0:region0+0x823c, 0x0, 4)
vfio_region_write  (0000:05:00.0:region0+0x8240, 0x0, 4)
vfio_region_write  (0000:05:00.0:region0+0x8244, 0x0, 4)
vfio_region_write  (0000:05:00.0:region0+0x8248, 0x0, 4)
vfio_region_write  (0000:05:00.0:region0+0x824c, 0x0, 4)
vfio_region_write  (0000:05:00.0:region0+0x8250, 0x0, 4)
vfio_region_write  (0000:05:00.0:region0+0x8254, 0x0, 4)
vfio_region_write  (0000:05:00.0:region0+0x8258, 0x0, 4)
vfio_region_write  (0000:05:00.0:region0+0x825c, 0x0, 4)
vfio_region_write  (0000:05:00.0:region0+0x8260, 0x0, 4)
vfio_region_write  (0000:05:00.0:region0+0x8264, 0x0, 4)
vfio_region_write  (0000:05:00.0:region0+0x8268, 0x0, 4)
vfio_region_write  (0000:05:00.0:region0+0x826c, 0x0, 4)
vfio_region_write  (0000:05:00.0:region0+0x8270, 0x0, 4)
vfio_region_write  (0000:05:00.0:region0+0x8274, 0x0, 4)
vfio_region_write  (0000:05:00.0:region0+0x8278, 0x0, 4)
vfio_region_write  (0000:05:00.0:region0+0x827c, 0x0, 4)
vfio_region_write  (0000:05:00.0:region0+0x8280, 0x0, 4)
vfio_region_write  (0000:05:00.0:region0+0x8284, 0x0, 4)
vfio_region_write  (0000:05:00.0:region0+0x8288, 0x0, 4)
vfio_region_write  (0000:05:00.0:region0+0x828c, 0x0, 4)
vfio_region_write  (0000:05:00.0:region0+0x8290, 0x0, 4)
vfio_region_write  (0000:05:00.0:region0+0x8294, 0x0, 4)
vfio_region_write  (0000:05:00.0:region0+0x8298, 0x0, 4)
vfio_region_write  (0000:05:00.0:region0+0x829c, 0x0, 4)
vfio_region_write  (0000:05:00.0:region0+0x82a0, 0x0, 4)
vfio_region_write  (0000:05:00.0:region0+0x82a4, 0x0, 4)
vfio_region_write  (0000:05:00.0:region0+0x82a8, 0x0, 4)
vfio_region_write  (0000:05:00.0:region0+0x82ac, 0x0, 4)
vfio_region_write  (0000:05:00.0:region0+0x82b0, 0x0, 4)
vfio_region_write  (0000:05:00.0:region0+0x82b4, 0x0, 4)
vfio_region_write  (0000:05:00.0:region0+0x82b8, 0x0, 4)
vfio_region_write  (0000:05:00.0:region0+0x82bc, 0x0, 4)
vfio_region_write  (0000:05:00.0:region0+0x82c0, 0x0, 4)
vfio_region_write  (0000:05:00.0:region0+0x82c4, 0x0, 4)
vfio_region_write  (0000:05:00.0:region0+0x82c8, 0x0, 4)
vfio_region_write  (0000:05:00.0:region0+0x82cc, 0x0, 4)
vfio_region_write  (0000:05:00.0:region0+0x82d0, 0x0, 4)
vfio_region_write  (0000:05:00.0:region0+0x82d4, 0x0, 4)
vfio_region_write  (0000:05:00.0:region0+0x82d8, 0x0, 4)
vfio_region_write  (0000:05:00.0:region0+0x82dc, 0x0, 4)
vfio_region_write  (0000:05:00.0:region0+0x82e0, 0x0, 4)
vfio_region_write  (0000:05:00.0:region0+0x82e4, 0x0, 4)
vfio_region_write  (0000:05:00.0:region0+0x82e8, 0x0, 4)
vfio_region_write  (0000:05:00.0:region0+0x82ec, 0x0, 4)
vfio_region_write  (0000:05:00.0:region0+0x82f0, 0x0, 4)
vfio_region_write  (0000:05:00.0:region0+0x82f4, 0x0, 4)
vfio_region_write  (0000:05:00.0:region0+0x82f8, 0x0, 4)
vfio_region_write  (0000:05:00.0:region0+0x82fc, 0x0, 4)
vfio_region_write  (0000:05:00.0:region0+0x8300, 0x0, 4)
vfio_region_write  (0000:05:00.0:region0+0x8304, 0x0, 4)
vfio_region_write  (0000:05:00.0:region0+0x8308, 0x0, 4)
vfio_region_write  (0000:05:00.0:region0+0x830c, 0x0, 4)
vfio_region_write  (0000:05:00.0:region0+0x8310, 0x0, 4)
vfio_region_write  (0000:05:00.0:region0+0x8314, 0x0, 4)
vfio_region_write  (0000:05:00.0:region0+0x8318, 0x0, 4)
vfio_region_write  (0000:05:00.0:region0+0x831c, 0x0, 4)
vfio_region_write  (0000:05:00.0:region0+0x8320, 0x0, 4)
vfio_region_write  (0000:05:00.0:region0+0x8324, 0x0, 4)
vfio_region_write  (0000:05:00.0:region0+0x8328, 0x0, 4)
vfio_region_write  (0000:05:00.0:region0+0x832c, 0x0, 4)
vfio_region_write  (0000:05:00.0:region0+0x8330, 0x0, 4)
vfio_region_write  (0000:05:00.0:region0+0x8334, 0x0, 4)
vfio_region_write  (0000:05:00.0:region0+0x8338, 0x0, 4)
vfio_region_write  (0000:05:00.0:region0+0x833c, 0x0, 4)
vfio_region_write  (0000:05:00.0:region0+0x8340, 0x0, 4)
vfio_region_write  (0000:05:00.0:region0+0x8344, 0x0, 4)
vfio_region_write  (0000:05:00.0:region0+0x8348, 0x0, 4)
vfio_region_write  (0000:05:00.0:region0+0x834c, 0x0, 4)
vfio_region_write  (0000:05:00.0:region0+0x8350, 0x0, 4)
vfio_region_write  (0000:05:00.0:region0+0x8354, 0x0, 4)
vfio_region_write  (0000:05:00.0:region0+0x8358, 0x0, 4)
vfio_region_write  (0000:05:00.0:region0+0x835c, 0x0, 4)
vfio_region_write  (0000:05:00.0:region0+0x8360, 0x0, 4)
vfio_region_write  (0000:05:00.0:region0+0x8364, 0x0, 4)
vfio_region_write  (0000:05:00.0:region0+0x8368, 0x0, 4)
vfio_region_write  (0000:05:00.0:region0+0x836c, 0x0, 4)
vfio_region_write  (0000:05:00.0:region0+0x8370, 0x0, 4)
vfio_region_write  (0000:05:00.0:region0+0x8374, 0x0, 4)
vfio_region_write  (0000:05:00.0:region0+0x8378, 0x0, 4)
vfio_region_write  (0000:05:00.0:region0+0x837c, 0x0, 4)
vfio_region_write  (0000:05:00.0:region0+0x8380, 0x0, 4)
vfio_region_write  (0000:05:00.0:region0+0x8384, 0x0, 4)
vfio_region_write  (0000:05:00.0:region0+0x8388, 0x0, 4)
vfio_region_write  (0000:05:00.0:region0+0x838c, 0x0, 4)
vfio_region_write  (0000:05:00.0:region0+0x8390, 0x0, 4)
vfio_region_write  (0000:05:00.0:region0+0x8394, 0x0, 4)
vfio_region_write  (0000:05:00.0:region0+0x8398, 0x0, 4)
vfio_region_write  (0000:05:00.0:region0+0x839c, 0x0, 4)
vfio_region_write  (0000:05:00.0:region0+0x83a0, 0x0, 4)
vfio_region_write  (0000:05:00.0:region0+0x83a4, 0x0, 4)
vfio_region_write  (0000:05:00.0:region0+0x83a8, 0x0, 4)
vfio_region_write  (0000:05:00.0:region0+0x83ac, 0x0, 4)
vfio_region_write  (0000:05:00.0:region0+0x83b0, 0x0, 4)
vfio_region_write  (0000:05:00.0:region0+0x83b4, 0x0, 4)
vfio_region_write  (0000:05:00.0:region0+0x83b8, 0x0, 4)
vfio_region_write  (0000:05:00.0:region0+0x83bc, 0x0, 4)
vfio_region_write  (0000:05:00.0:region0+0x83c0, 0x0, 4)
vfio_region_write  (0000:05:00.0:region0+0x83c4, 0x0, 4)
vfio_region_write  (0000:05:00.0:region0+0x83c8, 0x0, 4)
vfio_region_write  (0000:05:00.0:region0+0x83cc, 0x0, 4)
vfio_region_write  (0000:05:00.0:region0+0x83d0, 0x0, 4)
vfio_region_write  (0000:05:00.0:region0+0x83d4, 0x0, 4)
vfio_region_write  (0000:05:00.0:region0+0x83d8, 0x0, 4)
vfio_region_write  (0000:05:00.0:region0+0x83dc, 0x0, 4)
vfio_region_write  (0000:05:00.0:region0+0x83e0, 0x0, 4)
vfio_region_write  (0000:05:00.0:region0+0x83e4, 0x0, 4)
vfio_region_write  (0000:05:00.0:region0+0x83e8, 0x0, 4)
vfio_region_write  (0000:05:00.0:region0+0x83ec, 0x0, 4)
vfio_region_write  (0000:05:00.0:region0+0x83f0, 0x0, 4)
vfio_region_write  (0000:05:00.0:region0+0x83f4, 0x0, 4)
vfio_region_write  (0000:05:00.0:region0+0x83f8, 0x0, 4)
vfio_region_write  (0000:05:00.0:region0+0x83fc, 0x0, 4)
vfio_region_write  (0000:05:00.0:region0+0x8400, 0x0, 4)
vfio_region_write  (0000:05:00.0:region0+0x8404, 0x0, 4)
vfio_region_write  (0000:05:00.0:region0+0x8408, 0x0, 4)
vfio_region_write  (0000:05:00.0:region0+0x840c, 0x0, 4)
vfio_region_write  (0000:05:00.0:region0+0x8410, 0x0, 4)
vfio_region_write  (0000:05:00.0:region0+0x8414, 0x0, 4)
vfio_region_write  (0000:05:00.0:region0+0x8418, 0x0, 4)
vfio_region_write  (0000:05:00.0:region0+0x841c, 0x0, 4)
vfio_region_write  (0000:05:00.0:region0+0x8420, 0x0, 4)
vfio_region_write  (0000:05:00.0:region0+0x8424, 0x0, 4)
vfio_region_write  (0000:05:00.0:region0+0x8428, 0x0, 4)
vfio_region_write  (0000:05:00.0:region0+0x842c, 0x0, 4)
vfio_region_write  (0000:05:00.0:region0+0x408, 0x1, 4)
vfio_region_read   (0000:05:00.0:region0+0x100, 4) = 0x20000000
vfio_region_read   (0000:05:00.0:region0+0x8028, 4) = 0x0
vfio_region_write  (0000:05:00.0:region0+0x408, 0x2, 4)
vfio_region_write  (0000:05:00.0:region0+0x8020, 0x80800001, 4)
vfio_region_write  (0000:05:00.0:region0+0x8024, 0x6d0048, 4)
vfio_region_write  (0000:05:00.0:region0+0x8028, 0x0, 4)
vfio_region_write  (0000:05:00.0:region0+0x802c, 0x0, 4)
vfio_region_write  (0000:05:00.0:region0+0x8030, 0x2088, 4)
vfio_region_write  (0000:05:00.0:region0+0x8034, 0x40, 4)
vfio_region_write  (0000:05:00.0:region0+0x8038, 0x0, 4)
vfio_region_write  (0000:05:00.0:region0+0x803c, 0x0, 4)
vfio_region_write  (0000:05:00.0:region0+0x8040, 0x0, 4)
vfio_region_write  (0000:05:00.0:region0+0x8044, 0x0, 4)
vfio_region_write  (0000:05:00.0:region0+0x8048, 0x0, 4)
vfio_region_write  (0000:05:00.0:region0+0x804c, 0x0, 4)
vfio_region_write  (0000:05:00.0:region0+0x8050, 0x0, 4)
vfio_region_write  (0000:05:00.0:region0+0x8054, 0x0, 4)
vfio_region_write  (0000:05:00.0:region0+0x8058, 0x0, 4)
vfio_region_write  (0000:05:00.0:region0+0x805c, 0x0, 4)
vfio_region_write  (0000:05:00.0:region0+0x8060, 0x0, 4)
vfio_region_write  (0000:05:00.0:region0+0x8064, 0x0, 4)
vfio_region_write  (0000:05:00.0:region0+0x8068, 0x0, 4)
vfio_region_write  (0000:05:00.0:region0+0x806c, 0x0, 4)
vfio_region_write  (0000:05:00.0:region0+0x8070, 0x0, 4)
vfio_region_write  (0000:05:00.0:region0+0x8074, 0x0, 4)
vfio_region_write  (0000:05:00.0:region0+0x408, 0x1, 4)
vfio_region_read   (0000:05:00.0:region0+0x100, 4) = 0x20000000
vfio_region_read   (0000:05:00.0:region0+0x8028, 4) = 0x0
vfio_region_write  (0000:05:00.0:region0+0x408, 0x2, 4)
vfio_region_write  (0000:05:00.0:region0+0x8020, 0x80800002, 4)
vfio_region_write  (0000:05:00.0:region0+0x8024, 0x6e0004, 4)
vfio_region_write  (0000:05:00.0:region0+0x8028, 0x0, 4)
vfio_region_write  (0000:05:00.0:region0+0x802c, 0x0, 4)
vfio_region_write  (0000:05:00.0:region0+0x8030, 0x5, 4)
vfio_region_write  (0000:05:00.0:region0+0x408, 0x1, 4)
vfio_region_read   (0000:05:00.0:region0+0x100, 4) = 0x20000000
vfio_region_read   (0000:05:00.0:region0+0x8028, 4) = 0x0
vfio_region_write  (0000:05:00.0:region0+0x408, 0x2, 4)
vfio_region_write  (0000:05:00.0:region0+0x8020, 0x80002002, 4)
vfio_region_write  (0000:05:00.0:region0+0x8024, 0x6f003e, 4)
vfio_region_write  (0000:05:00.0:region0+0x8028, 0x0, 4)
vfio_region_write  (0000:05:00.0:region0+0x802c, 0x0, 4)
vfio_region_write  (0000:05:00.0:region0+0x8030, 0x20000000, 4)
vfio_region_write  (0000:05:00.0:region0+0x8034, 0x20002000, 4)
vfio_region_write  (0000:05:00.0:region0+0x8038, 0x20002000, 4)
vfio_region_write  (0000:05:00.0:region0+0x803c, 0x20002000, 4)
vfio_region_write  (0000:05:00.0:region0+0x8040, 0x20002000, 4)
vfio_region_write  (0000:05:00.0:region0+0x8044, 0x20002000, 4)
vfio_region_write  (0000:05:00.0:region0+0x8048, 0x20002000, 4)
vfio_region_write  (0000:05:00.0:region0+0x804c, 0x20002000, 4)
vfio_region_write  (0000:05:00.0:region0+0x8050, 0x20002000, 4)
vfio_region_write  (0000:05:00.0:region0+0x8054, 0x20002000, 4)
vfio_region_write  (0000:05:00.0:region0+0x8058, 0x20002000, 4)
vfio_region_write  (0000:05:00.0:region0+0x805c, 0x20002000, 4)
vfio_region_write  (0000:05:00.0:region0+0x8060, 0x20002000, 4)
vfio_region_write  (0000:05:00.0:region0+0x8064, 0x20002000, 4)
vfio_region_write  (0000:05:00.0:region0+0x8068, 0x20002000, 4)
vfio_region_write  (0000:05:00.0:region0+0x806c, 0x2000, 4)
vfio_region_write  (0000:05:00.0:region0+0x408, 0x1, 4)
vfio_region_read   (0000:05:00.0:region0+0x100, 4) = 0x20000000
vfio_region_read   (0000:05:00.0:region0+0x8028, 4) = 0x0
vfio_region_write  (0000:05:00.0:region0+0x408, 0x2, 4)
vfio_region_write  (0000:05:00.0:region0+0x8020, 0x80002002, 4)
vfio_region_write  (0000:05:00.0:region0+0x8024, 0x70003e, 4)
vfio_region_write  (0000:05:00.0:region0+0x8028, 0x0, 4)
vfio_region_write  (0000:05:00.0:region0+0x802c, 0x0, 4)
vfio_region_write  (0000:05:00.0:region0+0x8030, 0x20000001, 4)
vfio_region_write  (0000:05:00.0:region0+0x8034, 0x20002000, 4)
vfio_region_write  (0000:05:00.0:region0+0x8038, 0x20002000, 4)
vfio_region_write  (0000:05:00.0:region0+0x803c, 0x20002000, 4)
vfio_region_write  (0000:05:00.0:region0+0x8040, 0x20002000, 4)
vfio_region_write  (0000:05:00.0:region0+0x8044, 0x20002000, 4)
vfio_region_write  (0000:05:00.0:region0+0x8048, 0x20002000, 4)
vfio_region_write  (0000:05:00.0:region0+0x804c, 0x20002000, 4)
vfio_region_write  (0000:05:00.0:region0+0x8050, 0x20002000, 4)
vfio_region_write  (0000:05:00.0:region0+0x8054, 0x20002000, 4)
vfio_region_write  (0000:05:00.0:region0+0x8058, 0x20002000, 4)
vfio_region_write  (0000:05:00.0:region0+0x805c, 0x20002000, 4)
vfio_region_write  (0000:05:00.0:region0+0x8060, 0x20002000, 4)
vfio_region_write  (0000:05:00.0:region0+0x8064, 0x20002000, 4)
vfio_region_write  (0000:05:00.0:region0+0x8068, 0x20002000, 4)
vfio_region_write  (0000:05:00.0:region0+0x806c, 0x2000, 4)
vfio_region_write  (0000:05:00.0:region0+0x408, 0x1, 4)
vfio_region_read   (0000:05:00.0:region0+0x100, 4) = 0x20000000
vfio_region_read   (0000:05:00.0:region0+0x8028, 4) = 0x0
vfio_region_write  (0000:05:00.0:region0+0x408, 0x2, 4)
vfio_region_write  (0000:05:00.0:region0+0x8020, 0x80002002, 4)
vfio_region_write  (0000:05:00.0:region0+0x8024, 0x71003e, 4)
vfio_region_write  (0000:05:00.0:region0+0x8028, 0x0, 4)
vfio_region_write  (0000:05:00.0:region0+0x802c, 0x0, 4)
vfio_region_write  (0000:05:00.0:region0+0x8030, 0x20000002, 4)
vfio_region_write  (0000:05:00.0:region0+0x8034, 0x20002000, 4)
vfio_region_write  (0000:05:00.0:region0+0x8038, 0x20002000, 4)
vfio_region_write  (0000:05:00.0:region0+0x803c, 0x20002000, 4)
vfio_region_write  (0000:05:00.0:region0+0x8040, 0x20002000, 4)
vfio_region_write  (0000:05:00.0:region0+0x8044, 0x20002000, 4)
vfio_region_write  (0000:05:00.0:region0+0x8048, 0x20002000, 4)
vfio_region_write  (0000:05:00.0:region0+0x804c, 0x20002000, 4)
vfio_region_write  (0000:05:00.0:region0+0x8050, 0x20002000, 4)
vfio_region_write  (0000:05:00.0:region0+0x8054, 0x20002000, 4)
vfio_region_write  (0000:05:00.0:region0+0x8058, 0x20002000, 4)
vfio_region_write  (0000:05:00.0:region0+0x805c, 0x20002000, 4)
vfio_region_write  (0000:05:00.0:region0+0x8060, 0x20002000, 4)
vfio_region_write  (0000:05:00.0:region0+0x8064, 0x20002000, 4)
vfio_region_write  (0000:05:00.0:region0+0x8068, 0x20002000, 4)
vfio_region_write  (0000:05:00.0:region0+0x806c, 0x2000, 4)
vfio_region_write  (0000:05:00.0:region0+0x408, 0x1, 4)
vfio_region_read   (0000:05:00.0:region0+0x100, 4) = 0x20000000
vfio_region_read   (0000:05:00.0:region0+0x8028, 4) = 0x0
vfio_region_write  (0000:05:00.0:region0+0x408, 0x2, 4)
vfio_region_write  (0000:05:00.0:region0+0x8020, 0x80002002, 4)
vfio_region_write  (0000:05:00.0:region0+0x8024, 0x72003e, 4)
vfio_region_write  (0000:05:00.0:region0+0x8028, 0x0, 4)
vfio_region_write  (0000:05:00.0:region0+0x802c, 0x0, 4)
vfio_region_write  (0000:05:00.0:region0+0x8030, 0x20000003, 4)
vfio_region_write  (0000:05:00.0:region0+0x8034, 0x20002000, 4)
vfio_region_write  (0000:05:00.0:region0+0x8038, 0x20002000, 4)
vfio_region_write  (0000:05:00.0:region0+0x803c, 0x20002000, 4)
vfio_region_write  (0000:05:00.0:region0+0x8040, 0x20002000, 4)
vfio_region_write  (0000:05:00.0:region0+0x8044, 0x20002000, 4)
vfio_region_write  (0000:05:00.0:region0+0x8048, 0x20002000, 4)
vfio_region_write  (0000:05:00.0:region0+0x804c, 0x20002000, 4)
vfio_region_write  (0000:05:00.0:region0+0x8050, 0x20002000, 4)
vfio_region_write  (0000:05:00.0:region0+0x8054, 0x20002000, 4)
vfio_region_write  (0000:05:00.0:region0+0x8058, 0x20002000, 4)
vfio_region_write  (0000:05:00.0:region0+0x805c, 0x20002000, 4)
vfio_region_write  (0000:05:00.0:region0+0x8060, 0x20002000, 4)
vfio_region_write  (0000:05:00.0:region0+0x8064, 0x20002000, 4)
vfio_region_write  (0000:05:00.0:region0+0x8068, 0x20002000, 4)
vfio_region_write  (0000:05:00.0:region0+0x806c, 0x2000, 4)
vfio_region_write  (0000:05:00.0:region0+0x408, 0x1, 4)
vfio_region_read   (0000:05:00.0:region0+0x100, 4) = 0x20000000
vfio_region_read   (0000:05:00.0:region0+0x8028, 4) = 0x0
vfio_region_write  (0000:05:00.0:region0+0x408, 0x2, 4)
vfio_region_write  (0000:05:00.0:region0+0x8020, 0x80002002, 4)
vfio_region_write  (0000:05:00.0:region0+0x8024, 0x73003e, 4)
vfio_region_write  (0000:05:00.0:region0+0x8028, 0x0, 4)
vfio_region_write  (0000:05:00.0:region0+0x802c, 0x0, 4)
vfio_region_write  (0000:05:00.0:region0+0x8030, 0x20000004, 4)
vfio_region_write  (0000:05:00.0:region0+0x8034, 0x20002000, 4)
vfio_region_write  (0000:05:00.0:region0+0x8038, 0x20002000, 4)
vfio_region_write  (0000:05:00.0:region0+0x803c, 0x20002000, 4)
vfio_region_write  (0000:05:00.0:region0+0x8040, 0x20002000, 4)
vfio_region_write  (0000:05:00.0:region0+0x8044, 0x20002000, 4)
vfio_region_write  (0000:05:00.0:region0+0x8048, 0x20002000, 4)
vfio_region_write  (0000:05:00.0:region0+0x804c, 0x20002000, 4)
vfio_region_write  (0000:05:00.0:region0+0x8050, 0x20002000, 4)
vfio_region_write  (0000:05:00.0:region0+0x8054, 0x20002000, 4)
vfio_region_write  (0000:05:00.0:region0+0x8058, 0x20002000, 4)
vfio_region_write  (0000:05:00.0:region0+0x805c, 0x20002000, 4)
vfio_region_write  (0000:05:00.0:region0+0x8060, 0x20002000, 4)
vfio_region_write  (0000:05:00.0:region0+0x8064, 0x20002000, 4)
vfio_region_write  (0000:05:00.0:region0+0x8068, 0x20002000, 4)
vfio_region_write  (0000:05:00.0:region0+0x806c, 0x2000, 4)
vfio_region_write  (0000:05:00.0:region0+0x408, 0x1, 4)
vfio_region_read   (0000:05:00.0:region0+0x100, 4) = 0x20000000
vfio_region_read   (0000:05:00.0:region0+0x8028, 4) = 0x0
vfio_region_write  (0000:05:00.0:region0+0x408, 0x2, 4)
vfio_region_write  (0000:05:00.0:region0+0x8020, 0x80002002, 4)
vfio_region_write  (0000:05:00.0:region0+0x8024, 0x74003e, 4)
vfio_region_write  (0000:05:00.0:region0+0x8028, 0x0, 4)
vfio_region_write  (0000:05:00.0:region0+0x802c, 0x0, 4)
vfio_region_write  (0000:05:00.0:region0+0x8030, 0x20000005, 4)
vfio_region_write  (0000:05:00.0:region0+0x8034, 0x20002000, 4)
vfio_region_write  (0000:05:00.0:region0+0x8038, 0x20002000, 4)
vfio_region_write  (0000:05:00.0:region0+0x803c, 0x20002000, 4)
vfio_region_write  (0000:05:00.0:region0+0x8040, 0x20002000, 4)
vfio_region_write  (0000:05:00.0:region0+0x8044, 0x20002000, 4)
vfio_region_write  (0000:05:00.0:region0+0x8048, 0x20002000, 4)
vfio_region_write  (0000:05:00.0:region0+0x804c, 0x20002000, 4)
vfio_region_write  (0000:05:00.0:region0+0x8050, 0x20002000, 4)
vfio_region_write  (0000:05:00.0:region0+0x8054, 0x20002000, 4)
vfio_region_write  (0000:05:00.0:region0+0x8058, 0x20002000, 4)
vfio_region_write  (0000:05:00.0:region0+0x805c, 0x20002000, 4)
vfio_region_write  (0000:05:00.0:region0+0x8060, 0x20002000, 4)
vfio_region_write  (0000:05:00.0:region0+0x8064, 0x20002000, 4)
vfio_region_write  (0000:05:00.0:region0+0x8068, 0x20002000, 4)
vfio_region_write  (0000:05:00.0:region0+0x806c, 0x2000, 4)
vfio_region_write  (0000:05:00.0:region0+0x408, 0x1, 4)
vfio_region_read   (0000:05:00.0:region0+0x100, 4) = 0x20000000
vfio_region_read   (0000:05:00.0:region0+0x8028, 4) = 0x0
vfio_region_write  (0000:05:00.0:region0+0x408, 0x2, 4)
vfio_region_write  (0000:05:00.0:region0+0x8020, 0x80002002, 4)
vfio_region_write  (0000:05:00.0:region0+0x8024, 0x75003e, 4)
vfio_region_write  (0000:05:00.0:region0+0x8028, 0x0, 4)
vfio_region_write  (0000:05:00.0:region0+0x802c, 0x0, 4)
vfio_region_write  (0000:05:00.0:region0+0x8030, 0x20000006, 4)
vfio_region_write  (0000:05:00.0:region0+0x8034, 0x20002000, 4)
vfio_region_write  (0000:05:00.0:region0+0x8038, 0x20002000, 4)
vfio_region_write  (0000:05:00.0:region0+0x803c, 0x20002000, 4)
vfio_region_write  (0000:05:00.0:region0+0x8040, 0x20002000, 4)
vfio_region_write  (0000:05:00.0:region0+0x8044, 0x20002000, 4)
vfio_region_write  (0000:05:00.0:region0+0x8048, 0x20002000, 4)
vfio_region_write  (0000:05:00.0:region0+0x804c, 0x20002000, 4)
vfio_region_write  (0000:05:00.0:region0+0x8050, 0x20002000, 4)
vfio_region_write  (0000:05:00.0:region0+0x8054, 0x20002000, 4)
vfio_region_write  (0000:05:00.0:region0+0x8058, 0x20002000, 4)
vfio_region_write  (0000:05:00.0:region0+0x805c, 0x20002000, 4)
vfio_region_write  (0000:05:00.0:region0+0x8060, 0x20002000, 4)
vfio_region_write  (0000:05:00.0:region0+0x8064, 0x20002000, 4)
vfio_region_write  (0000:05:00.0:region0+0x8068, 0x20002000, 4)
vfio_region_write  (0000:05:00.0:region0+0x806c, 0x2000, 4)
vfio_region_write  (0000:05:00.0:region0+0x408, 0x1, 4)
vfio_region_read   (0000:05:00.0:region0+0x100, 4) = 0x20000000
vfio_region_read   (0000:05:00.0:region0+0x8028, 4) = 0x0
vfio_region_write  (0000:05:00.0:region0+0x408, 0x2, 4)
vfio_region_write  (0000:05:00.0:region0+0x8020, 0x80002002, 4)
vfio_region_write  (0000:05:00.0:region0+0x8024, 0x76003e, 4)
vfio_region_write  (0000:05:00.0:region0+0x8028, 0x0, 4)
vfio_region_write  (0000:05:00.0:region0+0x802c, 0x0, 4)
vfio_region_write  (0000:05:00.0:region0+0x8030, 0x20000007, 4)
vfio_region_write  (0000:05:00.0:region0+0x8034, 0x20002000, 4)
vfio_region_write  (0000:05:00.0:region0+0x8038, 0x20002000, 4)
vfio_region_write  (0000:05:00.0:region0+0x803c, 0x20002000, 4)
vfio_region_write  (0000:05:00.0:region0+0x8040, 0x20002000, 4)
vfio_region_write  (0000:05:00.0:region0+0x8044, 0x20002000, 4)
vfio_region_write  (0000:05:00.0:region0+0x8048, 0x20002000, 4)
vfio_region_write  (0000:05:00.0:region0+0x804c, 0x20002000, 4)
vfio_region_write  (0000:05:00.0:region0+0x8050, 0x20002000, 4)
vfio_region_write  (0000:05:00.0:region0+0x8054, 0x20002000, 4)
vfio_region_write  (0000:05:00.0:region0+0x8058, 0x20002000, 4)
vfio_region_write  (0000:05:00.0:region0+0x805c, 0x20002000, 4)
vfio_region_write  (0000:05:00.0:region0+0x8060, 0x20002000, 4)
vfio_region_write  (0000:05:00.0:region0+0x8064, 0x20002000, 4)
vfio_region_write  (0000:05:00.0:region0+0x8068, 0x20002000, 4)
vfio_region_write  (0000:05:00.0:region0+0x806c, 0x2000, 4)
vfio_region_write  (0000:05:00.0:region0+0x408, 0x1, 4)
vfio_region_read   (0000:05:00.0:region0+0x100, 4) = 0x20000000
vfio_region_read   (0000:05:00.0:region0+0x8028, 4) = 0x0
vfio_region_write  (0000:05:00.0:region0+0x408, 0x2, 4)
vfio_region_write  (0000:05:00.0:region0+0x8020, 0x80002002, 4)
vfio_region_write  (0000:05:00.0:region0+0x8024, 0x77003e, 4)
vfio_region_write  (0000:05:00.0:region0+0x8028, 0x0, 4)
vfio_region_write  (0000:05:00.0:region0+0x802c, 0x0, 4)
vfio_region_write  (0000:05:00.0:region0+0x8030, 0x20000008, 4)
vfio_region_write  (0000:05:00.0:region0+0x8034, 0x20002000, 4)
vfio_region_write  (0000:05:00.0:region0+0x8038, 0x20002000, 4)
vfio_region_write  (0000:05:00.0:region0+0x803c, 0x20002000, 4)
vfio_region_write  (0000:05:00.0:region0+0x8040, 0x20002000, 4)
vfio_region_write  (0000:05:00.0:region0+0x8044, 0x20002000, 4)
vfio_region_write  (0000:05:00.0:region0+0x8048, 0x20002000, 4)
vfio_region_write  (0000:05:00.0:region0+0x804c, 0x20002000, 4)
vfio_region_write  (0000:05:00.0:region0+0x8050, 0x20002000, 4)
vfio_region_write  (0000:05:00.0:region0+0x8054, 0x20002000, 4)
vfio_region_write  (0000:05:00.0:region0+0x8058, 0x20002000, 4)
vfio_region_write  (0000:05:00.0:region0+0x805c, 0x20002000, 4)
vfio_region_write  (0000:05:00.0:region0+0x8060, 0x20002000, 4)
vfio_region_write  (0000:05:00.0:region0+0x8064, 0x20002000, 4)
vfio_region_write  (0000:05:00.0:region0+0x8068, 0x20002000, 4)
vfio_region_write  (0000:05:00.0:region0+0x806c, 0x2000, 4)
vfio_region_write  (0000:05:00.0:region0+0x408, 0x1, 4)
vfio_region_read   (0000:05:00.0:region0+0x100, 4) = 0x20000000
vfio_region_read   (0000:05:00.0:region0+0x8028, 4) = 0x0
vfio_region_write  (0000:05:00.0:region0+0x408, 0x2, 4)
vfio_region_write  (0000:05:00.0:region0+0x8020, 0x80002002, 4)
vfio_region_write  (0000:05:00.0:region0+0x8024, 0x78003e, 4)
vfio_region_write  (0000:05:00.0:region0+0x8028, 0x0, 4)
vfio_region_write  (0000:05:00.0:region0+0x802c, 0x0, 4)
vfio_region_write  (0000:05:00.0:region0+0x8030, 0x20000009, 4)
vfio_region_write  (0000:05:00.0:region0+0x8034, 0x20002000, 4)
vfio_region_write  (0000:05:00.0:region0+0x8038, 0x20002000, 4)
vfio_region_write  (0000:05:00.0:region0+0x803c, 0x20002000, 4)
vfio_region_write  (0000:05:00.0:region0+0x8040, 0x20002000, 4)
vfio_region_write  (0000:05:00.0:region0+0x8044, 0x20002000, 4)
vfio_region_write  (0000:05:00.0:region0+0x8048, 0x20002000, 4)
vfio_region_write  (0000:05:00.0:region0+0x804c, 0x20002000, 4)
vfio_region_write  (0000:05:00.0:region0+0x8050, 0x20002000, 4)
vfio_region_write  (0000:05:00.0:region0+0x8054, 0x20002000, 4)
vfio_region_write  (0000:05:00.0:region0+0x8058, 0x20002000, 4)
vfio_region_write  (0000:05:00.0:region0+0x805c, 0x20002000, 4)
vfio_region_write  (0000:05:00.0:region0+0x8060, 0x20002000, 4)
vfio_region_write  (0000:05:00.0:region0+0x8064, 0x20002000, 4)
vfio_region_write  (0000:05:00.0:region0+0x8068, 0x20002000, 4)
vfio_region_write  (0000:05:00.0:region0+0x806c, 0x2000, 4)
vfio_region_write  (0000:05:00.0:region0+0x408, 0x1, 4)
vfio_region_read   (0000:05:00.0:region0+0x100, 4) = 0x20000000
vfio_region_read   (0000:05:00.0:region0+0x8028, 4) = 0x0
vfio_region_write  (0000:05:00.0:region0+0x408, 0x2, 4)
vfio_region_write  (0000:05:00.0:region0+0x8020, 0x80002002, 4)
vfio_region_write  (0000:05:00.0:region0+0x8024, 0x79003e, 4)
vfio_region_write  (0000:05:00.0:region0+0x8028, 0x0, 4)
vfio_region_write  (0000:05:00.0:region0+0x802c, 0x0, 4)
vfio_region_write  (0000:05:00.0:region0+0x8030, 0x2000000a, 4)
vfio_region_write  (0000:05:00.0:region0+0x8034, 0x20002000, 4)
vfio_region_write  (0000:05:00.0:region0+0x8038, 0x20002000, 4)
vfio_region_write  (0000:05:00.0:region0+0x803c, 0x20002000, 4)
vfio_region_write  (0000:05:00.0:region0+0x8040, 0x20002000, 4)
vfio_region_write  (0000:05:00.0:region0+0x8044, 0x20002000, 4)
vfio_region_write  (0000:05:00.0:region0+0x8048, 0x20002000, 4)
vfio_region_write  (0000:05:00.0:region0+0x804c, 0x20002000, 4)
vfio_region_write  (0000:05:00.0:region0+0x8050, 0x20002000, 4)
vfio_region_write  (0000:05:00.0:region0+0x8054, 0x20002000, 4)
vfio_region_write  (0000:05:00.0:region0+0x8058, 0x20002000, 4)
vfio_region_write  (0000:05:00.0:region0+0x805c, 0x20002000, 4)
vfio_region_write  (0000:05:00.0:region0+0x8060, 0x20002000, 4)
vfio_region_write  (0000:05:00.0:region0+0x8064, 0x20002000, 4)
vfio_region_write  (0000:05:00.0:region0+0x8068, 0x20002000, 4)
vfio_region_write  (0000:05:00.0:region0+0x806c, 0x2000, 4)
vfio_region_write  (0000:05:00.0:region0+0x408, 0x1, 4)
vfio_region_read   (0000:05:00.0:region0+0x100, 4) = 0x20000000
vfio_region_read   (0000:05:00.0:region0+0x8028, 4) = 0x0
vfio_region_write  (0000:05:00.0:region0+0x408, 0x2, 4)
vfio_region_write  (0000:05:00.0:region0+0x8020, 0x80002002, 4)
vfio_region_write  (0000:05:00.0:region0+0x8024, 0x7a003e, 4)
vfio_region_write  (0000:05:00.0:region0+0x8028, 0x0, 4)
vfio_region_write  (0000:05:00.0:region0+0x802c, 0x0, 4)
vfio_region_write  (0000:05:00.0:region0+0x8030, 0x2000000b, 4)
vfio_region_write  (0000:05:00.0:region0+0x8034, 0x20002000, 4)
vfio_region_write  (0000:05:00.0:region0+0x8038, 0x20002000, 4)
vfio_region_write  (0000:05:00.0:region0+0x803c, 0x20002000, 4)
vfio_region_write  (0000:05:00.0:region0+0x8040, 0x20002000, 4)
vfio_region_write  (0000:05:00.0:region0+0x8044, 0x20002000, 4)
vfio_region_write  (0000:05:00.0:region0+0x8048, 0x20002000, 4)
vfio_region_write  (0000:05:00.0:region0+0x804c, 0x20002000, 4)
vfio_region_write  (0000:05:00.0:region0+0x8050, 0x20002000, 4)
vfio_region_write  (0000:05:00.0:region0+0x8054, 0x20002000, 4)
vfio_region_write  (0000:05:00.0:region0+0x8058, 0x20002000, 4)
vfio_region_write  (0000:05:00.0:region0+0x805c, 0x20002000, 4)
vfio_region_write  (0000:05:00.0:region0+0x8060, 0x20002000, 4)
vfio_region_write  (0000:05:00.0:region0+0x8064, 0x20002000, 4)
vfio_region_write  (0000:05:00.0:region0+0x8068, 0x20002000, 4)
vfio_region_write  (0000:05:00.0:region0+0x806c, 0x2000, 4)
vfio_region_write  (0000:05:00.0:region0+0x408, 0x1, 4)
vfio_region_read   (0000:05:00.0:region0+0x100, 4) = 0x20000000
vfio_region_read   (0000:05:00.0:region0+0x8028, 4) = 0x0
vfio_region_write  (0000:05:00.0:region0+0x408, 0x2, 4)
vfio_region_write  (0000:05:00.0:region0+0x8020, 0x80002002, 4)
vfio_region_write  (0000:05:00.0:region0+0x8024, 0x7b003e, 4)
vfio_region_write  (0000:05:00.0:region0+0x8028, 0x0, 4)
vfio_region_write  (0000:05:00.0:region0+0x802c, 0x0, 4)
vfio_region_write  (0000:05:00.0:region0+0x8030, 0x2000000c, 4)
vfio_region_write  (0000:05:00.0:region0+0x8034, 0x20002000, 4)
vfio_region_write  (0000:05:00.0:region0+0x8038, 0x20002000, 4)
vfio_region_write  (0000:05:00.0:region0+0x803c, 0x20002000, 4)
vfio_region_write  (0000:05:00.0:region0+0x8040, 0x20002000, 4)
vfio_region_write  (0000:05:00.0:region0+0x8044, 0x20002000, 4)
vfio_region_write  (0000:05:00.0:region0+0x8048, 0x20002000, 4)
vfio_region_write  (0000:05:00.0:region0+0x804c, 0x20002000, 4)
vfio_region_write  (0000:05:00.0:region0+0x8050, 0x20002000, 4)
vfio_region_write  (0000:05:00.0:region0+0x8054, 0x20002000, 4)
vfio_region_write  (0000:05:00.0:region0+0x8058, 0x20002000, 4)
vfio_region_write  (0000:05:00.0:region0+0x805c, 0x20002000, 4)
vfio_region_write  (0000:05:00.0:region0+0x8060, 0x20002000, 4)
vfio_region_write  (0000:05:00.0:region0+0x8064, 0x20002000, 4)
vfio_region_write  (0000:05:00.0:region0+0x8068, 0x20002000, 4)
vfio_region_write  (0000:05:00.0:region0+0x806c, 0x2000, 4)
vfio_region_write  (0000:05:00.0:region0+0x408, 0x1, 4)
vfio_region_read   (0000:05:00.0:region0+0x100, 4) = 0x20000000
vfio_region_read   (0000:05:00.0:region0+0x8028, 4) = 0x0
vfio_region_write  (0000:05:00.0:region0+0x408, 0x2, 4)
vfio_region_write  (0000:05:00.0:region0+0x8020, 0x80002002, 4)
vfio_region_write  (0000:05:00.0:region0+0x8024, 0x7c003e, 4)
vfio_region_write  (0000:05:00.0:region0+0x8028, 0x0, 4)
vfio_region_write  (0000:05:00.0:region0+0x802c, 0x0, 4)
vfio_region_write  (0000:05:00.0:region0+0x8030, 0x2000000d, 4)
vfio_region_write  (0000:05:00.0:region0+0x8034, 0x20002000, 4)
vfio_region_write  (0000:05:00.0:region0+0x8038, 0x20002000, 4)
vfio_region_write  (0000:05:00.0:region0+0x803c, 0x20002000, 4)
vfio_region_write  (0000:05:00.0:region0+0x8040, 0x20002000, 4)
vfio_region_write  (0000:05:00.0:region0+0x8044, 0x20002000, 4)
vfio_region_write  (0000:05:00.0:region0+0x8048, 0x20002000, 4)
vfio_region_write  (0000:05:00.0:region0+0x804c, 0x20002000, 4)
vfio_region_write  (0000:05:00.0:region0+0x8050, 0x20002000, 4)
vfio_region_write  (0000:05:00.0:region0+0x8054, 0x20002000, 4)
vfio_region_write  (0000:05:00.0:region0+0x8058, 0x20002000, 4)
vfio_region_write  (0000:05:00.0:region0+0x805c, 0x20002000, 4)
vfio_region_write  (0000:05:00.0:region0+0x8060, 0x20002000, 4)
vfio_region_write  (0000:05:00.0:region0+0x8064, 0x20002000, 4)
vfio_region_write  (0000:05:00.0:region0+0x8068, 0x20002000, 4)
vfio_region_write  (0000:05:00.0:region0+0x806c, 0x2000, 4)
vfio_region_write  (0000:05:00.0:region0+0x408, 0x1, 4)
vfio_region_read   (0000:05:00.0:region0+0x100, 4) = 0x20000000
vfio_region_read   (0000:05:00.0:region0+0x8028, 4) = 0x0
vfio_region_write  (0000:05:00.0:region0+0x408, 0x2, 4)
vfio_region_write  (0000:05:00.0:region0+0x8020, 0x80002002, 4)
vfio_region_write  (0000:05:00.0:region0+0x8024, 0x7d003e, 4)
vfio_region_write  (0000:05:00.0:region0+0x8028, 0x0, 4)
vfio_region_write  (0000:05:00.0:region0+0x802c, 0x0, 4)
vfio_region_write  (0000:05:00.0:region0+0x8030, 0x2000000e, 4)
vfio_region_write  (0000:05:00.0:region0+0x8034, 0x20002000, 4)
vfio_region_write  (0000:05:00.0:region0+0x8038, 0x20002000, 4)
vfio_region_write  (0000:05:00.0:region0+0x803c, 0x20002000, 4)
vfio_region_write  (0000:05:00.0:region0+0x8040, 0x20002000, 4)
vfio_region_write  (0000:05:00.0:region0+0x8044, 0x20002000, 4)
vfio_region_write  (0000:05:00.0:region0+0x8048, 0x20002000, 4)
vfio_region_write  (0000:05:00.0:region0+0x804c, 0x20002000, 4)
vfio_region_write  (0000:05:00.0:region0+0x8050, 0x20002000, 4)
vfio_region_write  (0000:05:00.0:region0+0x8054, 0x20002000, 4)
vfio_region_write  (0000:05:00.0:region0+0x8058, 0x20002000, 4)
vfio_region_write  (0000:05:00.0:region0+0x805c, 0x20002000, 4)
vfio_region_write  (0000:05:00.0:region0+0x8060, 0x20002000, 4)
vfio_region_write  (0000:05:00.0:region0+0x8064, 0x20002000, 4)
vfio_region_write  (0000:05:00.0:region0+0x8068, 0x20002000, 4)
vfio_region_write  (0000:05:00.0:region0+0x806c, 0x2000, 4)
vfio_region_write  (0000:05:00.0:region0+0x408, 0x1, 4)
vfio_region_read   (0000:05:00.0:region0+0x100, 4) = 0x20000000
vfio_region_read   (0000:05:00.0:region0+0x8028, 4) = 0x0
vfio_region_write  (0000:05:00.0:region0+0x408, 0x2, 4)
vfio_region_write  (0000:05:00.0:region0+0x8020, 0x80002002, 4)
vfio_region_write  (0000:05:00.0:region0+0x8024, 0x7e003e, 4)
vfio_region_write  (0000:05:00.0:region0+0x8028, 0x0, 4)
vfio_region_write  (0000:05:00.0:region0+0x802c, 0x0, 4)
vfio_region_write  (0000:05:00.0:region0+0x8030, 0x2000000f, 4)
vfio_region_write  (0000:05:00.0:region0+0x8034, 0x20002000, 4)
vfio_region_write  (0000:05:00.0:region0+0x8038, 0x20002000, 4)
vfio_region_write  (0000:05:00.0:region0+0x803c, 0x20002000, 4)
vfio_region_write  (0000:05:00.0:region0+0x8040, 0x20002000, 4)
vfio_region_write  (0000:05:00.0:region0+0x8044, 0x20002000, 4)
vfio_region_write  (0000:05:00.0:region0+0x8048, 0x20002000, 4)
vfio_region_write  (0000:05:00.0:region0+0x804c, 0x20002000, 4)
vfio_region_write  (0000:05:00.0:region0+0x8050, 0x20002000, 4)
vfio_region_write  (0000:05:00.0:region0+0x8054, 0x20002000, 4)
vfio_region_write  (0000:05:00.0:region0+0x8058, 0x20002000, 4)
vfio_region_write  (0000:05:00.0:region0+0x805c, 0x20002000, 4)
vfio_region_write  (0000:05:00.0:region0+0x8060, 0x20002000, 4)
vfio_region_write  (0000:05:00.0:region0+0x8064, 0x20002000, 4)
vfio_region_write  (0000:05:00.0:region0+0x8068, 0x20002000, 4)
vfio_region_write  (0000:05:00.0:region0+0x806c, 0x2000, 4)
vfio_region_write  (0000:05:00.0:region0+0x408, 0x1, 4)
vfio_region_read   (0000:05:00.0:region0+0x100, 4) = 0x20000000
vfio_region_read   (0000:05:00.0:region0+0x8028, 4) = 0x0
vfio_region_write  (0000:05:00.0:region0+0x408, 0x2, 4)
vfio_region_write  (0000:05:00.0:region0+0x8020, 0x80003002, 4)
vfio_region_write  (0000:05:00.0:region0+0x8024, 0x7f0104, 4)
vfio_region_write  (0000:05:00.0:region0+0x8028, 0x0, 4)
vfio_region_write  (0000:05:00.0:region0+0x802c, 0x0, 4)
vfio_region_write  (0000:05:00.0:region0+0x8030, 0x0, 4)
vfio_region_write  (0000:05:00.0:region0+0x8034, 0x400600, 4)
vfio_region_write  (0000:05:00.0:region0+0x8038, 0x402601, 4)
vfio_region_write  (0000:05:00.0:region0+0x803c, 0x186602, 4)
vfio_region_write  (0000:05:00.0:region0+0x8040, 0x187603, 4)
vfio_region_write  (0000:05:00.0:region0+0x8044, 0x200606, 4)
vfio_region_write  (0000:05:00.0:region0+0x8048, 0x201607, 4)
vfio_region_write  (0000:05:00.0:region0+0x804c, 0x202608, 4)
vfio_region_write  (0000:05:00.0:region0+0x8050, 0x203609, 4)
vfio_region_write  (0000:05:00.0:region0+0x8054, 0x20460a, 4)
vfio_region_write  (0000:05:00.0:region0+0x8058, 0x20560b, 4)
vfio_region_write  (0000:05:00.0:region0+0x805c, 0x20660c, 4)
vfio_region_write  (0000:05:00.0:region0+0x8060, 0x20760d, 4)
vfio_region_write  (0000:05:00.0:region0+0x8064, 0x300400, 4)
vfio_region_write  (0000:05:00.0:region0+0x8068, 0x301401, 4)
vfio_region_write  (0000:05:00.0:region0+0x806c, 0x600402, 4)
vfio_region_write  (0000:05:00.0:region0+0x8070, 0x601403, 4)
vfio_region_write  (0000:05:00.0:region0+0x8074, 0x600604, 4)
vfio_region_write  (0000:05:00.0:region0+0x8078, 0x601605, 4)
vfio_region_write  (0000:05:00.0:region0+0x807c, 0x300, 4)
vfio_region_write  (0000:05:00.0:region0+0x8080, 0x301, 4)
vfio_region_write  (0000:05:00.0:region0+0x8084, 0x302, 4)
vfio_region_write  (0000:05:00.0:region0+0x8088, 0x303, 4)
vfio_region_write  (0000:05:00.0:region0+0x808c, 0x304, 4)
vfio_region_write  (0000:05:00.0:region0+0x8090, 0x305, 4)
vfio_region_write  (0000:05:00.0:region0+0x8094, 0x306, 4)
vfio_region_write  (0000:05:00.0:region0+0x8098, 0x307, 4)
vfio_region_write  (0000:05:00.0:region0+0x809c, 0x308, 4)
vfio_region_write  (0000:05:00.0:region0+0x80a0, 0x309, 4)
vfio_region_write  (0000:05:00.0:region0+0x80a4, 0x30a, 4)
vfio_region_write  (0000:05:00.0:region0+0x80a8, 0x30b, 4)
vfio_region_write  (0000:05:00.0:region0+0x80ac, 0x30c, 4)
vfio_region_write  (0000:05:00.0:region0+0x80b0, 0x30d, 4)
vfio_region_write  (0000:05:00.0:region0+0x80b4, 0x30e, 4)
vfio_region_write  (0000:05:00.0:region0+0x80b8, 0x30f, 4)
vfio_region_write  (0000:05:00.0:region0+0x80bc, 0x310, 4)
vfio_region_write  (0000:05:00.0:region0+0x80c0, 0x311, 4)
vfio_region_write  (0000:05:00.0:region0+0x80c4, 0x312, 4)
vfio_region_write  (0000:05:00.0:region0+0x80c8, 0x313, 4)
vfio_region_write  (0000:05:00.0:region0+0x80cc, 0x314, 4)
vfio_region_write  (0000:05:00.0:region0+0x80d0, 0x315, 4)
vfio_region_write  (0000:05:00.0:region0+0x80d4, 0x316, 4)
vfio_region_write  (0000:05:00.0:region0+0x80d8, 0x317, 4)
vfio_region_write  (0000:05:00.0:region0+0x80dc, 0x318, 4)
vfio_region_write  (0000:05:00.0:region0+0x80e0, 0x319, 4)
vfio_region_write  (0000:05:00.0:region0+0x80e4, 0x31a, 4)
vfio_region_write  (0000:05:00.0:region0+0x80e8, 0x31b, 4)
vfio_region_write  (0000:05:00.0:region0+0x80ec, 0x31c, 4)
vfio_region_write  (0000:05:00.0:region0+0x80f0, 0x31d, 4)
vfio_region_write  (0000:05:00.0:region0+0x80f4, 0x0, 4)
vfio_region_write  (0000:05:00.0:region0+0x80f8, 0x0, 4)
vfio_region_write  (0000:05:00.0:region0+0x80fc, 0x0, 4)
vfio_region_write  (0000:05:00.0:region0+0x8100, 0x0, 4)
vfio_region_write  (0000:05:00.0:region0+0x8104, 0x0, 4)
vfio_region_write  (0000:05:00.0:region0+0x8108, 0x0, 4)
vfio_region_write  (0000:05:00.0:region0+0x810c, 0x0, 4)
vfio_region_write  (0000:05:00.0:region0+0x8110, 0x0, 4)
vfio_region_write  (0000:05:00.0:region0+0x8114, 0x0, 4)
vfio_region_write  (0000:05:00.0:region0+0x8118, 0x0, 4)
vfio_region_write  (0000:05:00.0:region0+0x811c, 0x0, 4)
vfio_region_write  (0000:05:00.0:region0+0x8120, 0x0, 4)
vfio_region_write  (0000:05:00.0:region0+0x8124, 0x0, 4)
vfio_region_write  (0000:05:00.0:region0+0x8128, 0x0, 4)
vfio_region_write  (0000:05:00.0:region0+0x812c, 0x0, 4)
vfio_region_write  (0000:05:00.0:region0+0x8130, 0x0, 4)
vfio_region_write  (0000:05:00.0:region0+0x408, 0x1, 4)
vfio_region_read   (0000:05:00.0:region0+0x100, 4) = 0x20000000
vfio_region_read   (0000:05:00.0:region0+0x8028, 4) = 0x0
vfio_region_write  (0000:05:00.0:region0+0x408, 0x2, 4)
vfio_region_write  (0000:05:00.0:region0+0x8020, 0x80003002, 4)
vfio_region_write  (0000:05:00.0:region0+0x8024, 0x8000f4, 4)
vfio_region_write  (0000:05:00.0:region0+0x8028, 0x0, 4)
vfio_region_write  (0000:05:00.0:region0+0x802c, 0x0, 4)
vfio_region_write  (0000:05:00.0:region0+0x8030, 0x10000, 4)
vfio_region_write  (0000:05:00.0:region0+0x8034, 0x400600, 4)
vfio_region_write  (0000:05:00.0:region0+0x8038, 0x402601, 4)
vfio_region_write  (0000:05:00.0:region0+0x803c, 0x186602, 4)
vfio_region_write  (0000:05:00.0:region0+0x8040, 0x187603, 4)
vfio_region_write  (0000:05:00.0:region0+0x8044, 0x200606, 4)
vfio_region_write  (0000:05:00.0:region0+0x8048, 0x201607, 4)
vfio_region_write  (0000:05:00.0:region0+0x804c, 0x202608, 4)
vfio_region_write  (0000:05:00.0:region0+0x8050, 0x203609, 4)
vfio_region_write  (0000:05:00.0:region0+0x8054, 0x300400, 4)
vfio_region_write  (0000:05:00.0:region0+0x8058, 0x301401, 4)
vfio_region_write  (0000:05:00.0:region0+0x805c, 0x600402, 4)
vfio_region_write  (0000:05:00.0:region0+0x8060, 0x601403, 4)
vfio_region_write  (0000:05:00.0:region0+0x8064, 0x600604, 4)
vfio_region_write  (0000:05:00.0:region0+0x8068, 0x601605, 4)
vfio_region_write  (0000:05:00.0:region0+0x806c, 0x300, 4)
vfio_region_write  (0000:05:00.0:region0+0x8070, 0x301, 4)
vfio_region_write  (0000:05:00.0:region0+0x8074, 0x302, 4)
vfio_region_write  (0000:05:00.0:region0+0x8078, 0x303, 4)
vfio_region_write  (0000:05:00.0:region0+0x807c, 0x304, 4)
vfio_region_write  (0000:05:00.0:region0+0x8080, 0x305, 4)
vfio_region_write  (0000:05:00.0:region0+0x8084, 0x306, 4)
vfio_region_write  (0000:05:00.0:region0+0x8088, 0x307, 4)
vfio_region_write  (0000:05:00.0:region0+0x808c, 0x308, 4)
vfio_region_write  (0000:05:00.0:region0+0x8090, 0x309, 4)
vfio_region_write  (0000:05:00.0:region0+0x8094, 0x30a, 4)
vfio_region_write  (0000:05:00.0:region0+0x8098, 0x30b, 4)
vfio_region_write  (0000:05:00.0:region0+0x809c, 0x30c, 4)
vfio_region_write  (0000:05:00.0:region0+0x80a0, 0x30d, 4)
vfio_region_write  (0000:05:00.0:region0+0x80a4, 0x30e, 4)
vfio_region_write  (0000:05:00.0:region0+0x80a8, 0x30f, 4)
vfio_region_write  (0000:05:00.0:region0+0x80ac, 0x310, 4)
vfio_region_write  (0000:05:00.0:region0+0x80b0, 0x311, 4)
vfio_region_write  (0000:05:00.0:region0+0x80b4, 0x312, 4)
vfio_region_write  (0000:05:00.0:region0+0x80b8, 0x313, 4)
vfio_region_write  (0000:05:00.0:region0+0x80bc, 0x314, 4)
vfio_region_write  (0000:05:00.0:region0+0x80c0, 0x315, 4)
vfio_region_write  (0000:05:00.0:region0+0x80c4, 0x316, 4)
vfio_region_write  (0000:05:00.0:region0+0x80c8, 0x317, 4)
vfio_region_write  (0000:05:00.0:region0+0x80cc, 0x318, 4)
vfio_region_write  (0000:05:00.0:region0+0x80d0, 0x319, 4)
vfio_region_write  (0000:05:00.0:region0+0x80d4, 0x31a, 4)
vfio_region_write  (0000:05:00.0:region0+0x80d8, 0x31b, 4)
vfio_region_write  (0000:05:00.0:region0+0x80dc, 0x31c, 4)
vfio_region_write  (0000:05:00.0:region0+0x80e0, 0x31d, 4)
vfio_region_write  (0000:05:00.0:region0+0x80e4, 0x0, 4)
vfio_region_write  (0000:05:00.0:region0+0x80e8, 0x0, 4)
vfio_region_write  (0000:05:00.0:region0+0x80ec, 0x0, 4)
vfio_region_write  (0000:05:00.0:region0+0x80f0, 0x0, 4)
vfio_region_write  (0000:05:00.0:region0+0x80f4, 0x0, 4)
vfio_region_write  (0000:05:00.0:region0+0x80f8, 0x0, 4)
vfio_region_write  (0000:05:00.0:region0+0x80fc, 0x0, 4)
vfio_region_write  (0000:05:00.0:region0+0x8100, 0x0, 4)
vfio_region_write  (0000:05:00.0:region0+0x8104, 0x0, 4)
vfio_region_write  (0000:05:00.0:region0+0x8108, 0x0, 4)
vfio_region_write  (0000:05:00.0:region0+0x810c, 0x0, 4)
vfio_region_write  (0000:05:00.0:region0+0x8110, 0x0, 4)
vfio_region_write  (0000:05:00.0:region0+0x8114, 0x0, 4)
vfio_region_write  (0000:05:00.0:region0+0x8118, 0x0, 4)
vfio_region_write  (0000:05:00.0:region0+0x811c, 0x0, 4)
vfio_region_write  (0000:05:00.0:region0+0x8120, 0x0, 4)
vfio_region_write  (0000:05:00.0:region0+0x408, 0x1, 4)
vfio_region_read   (0000:05:00.0:region0+0x100, 4) = 0x20000000
vfio_region_read   (0000:05:00.0:region0+0x8028, 4) = 0x0
vfio_region_write  (0000:05:00.0:region0+0x408, 0x2, 4)
vfio_region_write  (0000:05:00.0:region0+0x8020, 0x80003002, 4)
vfio_region_write  (0000:05:00.0:region0+0x8024, 0x8100ec, 4)
vfio_region_write  (0000:05:00.0:region0+0x8028, 0x0, 4)
vfio_region_write  (0000:05:00.0:region0+0x802c, 0x0, 4)
vfio_region_write  (0000:05:00.0:region0+0x8030, 0x20000, 4)
vfio_region_write  (0000:05:00.0:region0+0x8034, 0x400600, 4)
vfio_region_write  (0000:05:00.0:region0+0x8038, 0x402601, 4)
vfio_region_write  (0000:05:00.0:region0+0x803c, 0x602, 4)
vfio_region_write  (0000:05:00.0:region0+0x8040, 0x603, 4)
vfio_region_write  (0000:05:00.0:region0+0x8044, 0x200606, 4)
vfio_region_write  (0000:05:00.0:region0+0x8048, 0x201607, 4)
vfio_region_write  (0000:05:00.0:region0+0x804c, 0x300400, 4)
vfio_region_write  (0000:05:00.0:region0+0x8050, 0x301401, 4)
vfio_region_write  (0000:05:00.0:region0+0x8054, 0x600402, 4)
vfio_region_write  (0000:05:00.0:region0+0x8058, 0x601403, 4)
vfio_region_write  (0000:05:00.0:region0+0x805c, 0x600604, 4)
vfio_region_write  (0000:05:00.0:region0+0x8060, 0x601605, 4)
vfio_region_write  (0000:05:00.0:region0+0x8064, 0x300, 4)
vfio_region_write  (0000:05:00.0:region0+0x8068, 0x301, 4)
vfio_region_write  (0000:05:00.0:region0+0x806c, 0x302, 4)
vfio_region_write  (0000:05:00.0:region0+0x8070, 0x303, 4)
vfio_region_write  (0000:05:00.0:region0+0x8074, 0x304, 4)
vfio_region_write  (0000:05:00.0:region0+0x8078, 0x305, 4)
vfio_region_write  (0000:05:00.0:region0+0x807c, 0x306, 4)
vfio_region_write  (0000:05:00.0:region0+0x8080, 0x307, 4)
vfio_region_write  (0000:05:00.0:region0+0x8084, 0x308, 4)
vfio_region_write  (0000:05:00.0:region0+0x8088, 0x309, 4)
vfio_region_write  (0000:05:00.0:region0+0x808c, 0x30a, 4)
vfio_region_write  (0000:05:00.0:region0+0x8090, 0x30b, 4)
vfio_region_write  (0000:05:00.0:region0+0x8094, 0x30c, 4)
vfio_region_write  (0000:05:00.0:region0+0x8098, 0x30d, 4)
vfio_region_write  (0000:05:00.0:region0+0x809c, 0x30e, 4)
vfio_region_write  (0000:05:00.0:region0+0x80a0, 0x30f, 4)
vfio_region_write  (0000:05:00.0:region0+0x80a4, 0x310, 4)
vfio_region_write  (0000:05:00.0:region0+0x80a8, 0x311, 4)
vfio_region_write  (0000:05:00.0:region0+0x80ac, 0x312, 4)
vfio_region_write  (0000:05:00.0:region0+0x80b0, 0x313, 4)
vfio_region_write  (0000:05:00.0:region0+0x80b4, 0x314, 4)
vfio_region_write  (0000:05:00.0:region0+0x80b8, 0x315, 4)
vfio_region_write  (0000:05:00.0:region0+0x80bc, 0x316, 4)
vfio_region_write  (0000:05:00.0:region0+0x80c0, 0x317, 4)
vfio_region_write  (0000:05:00.0:region0+0x80c4, 0x318, 4)
vfio_region_write  (0000:05:00.0:region0+0x80c8, 0x319, 4)
vfio_region_write  (0000:05:00.0:region0+0x80cc, 0x31a, 4)
vfio_region_write  (0000:05:00.0:region0+0x80d0, 0x31b, 4)
vfio_region_write  (0000:05:00.0:region0+0x80d4, 0x31c, 4)
vfio_region_write  (0000:05:00.0:region0+0x80d8, 0x31d, 4)
vfio_region_write  (0000:05:00.0:region0+0x80dc, 0x0, 4)
vfio_region_write  (0000:05:00.0:region0+0x80e0, 0x0, 4)
vfio_region_write  (0000:05:00.0:region0+0x80e4, 0x0, 4)
vfio_region_write  (0000:05:00.0:region0+0x80e8, 0x0, 4)
vfio_region_write  (0000:05:00.0:region0+0x80ec, 0x0, 4)
vfio_region_write  (0000:05:00.0:region0+0x80f0, 0x0, 4)
vfio_region_write  (0000:05:00.0:region0+0x80f4, 0x0, 4)
vfio_region_write  (0000:05:00.0:region0+0x80f8, 0x0, 4)
vfio_region_write  (0000:05:00.0:region0+0x80fc, 0x0, 4)
vfio_region_write  (0000:05:00.0:region0+0x8100, 0x0, 4)
vfio_region_write  (0000:05:00.0:region0+0x8104, 0x0, 4)
vfio_region_write  (0000:05:00.0:region0+0x8108, 0x0, 4)
vfio_region_write  (0000:05:00.0:region0+0x810c, 0x0, 4)
vfio_region_write  (0000:05:00.0:region0+0x8110, 0x0, 4)
vfio_region_write  (0000:05:00.0:region0+0x8114, 0x0, 4)
vfio_region_write  (0000:05:00.0:region0+0x8118, 0x0, 4)
vfio_region_write  (0000:05:00.0:region0+0x408, 0x1, 4)
vfio_region_read   (0000:05:00.0:region0+0x100, 4) = 0x20000000
vfio_region_read   (0000:05:00.0:region0+0x8028, 4) = 0x0
vfio_region_write  (0000:05:00.0:region0+0x408, 0x2, 4)
vfio_region_write  (0000:05:00.0:region0+0x8020, 0x80000002, 4)
vfio_region_write  (0000:05:00.0:region0+0x8024, 0x820000, 4)
vfio_region_write  (0000:05:00.0:region0+0x8028, 0x0, 4)
vfio_region_write  (0000:05:00.0:region0+0x802c, 0x0, 4)
vfio_region_write  (0000:05:00.0:region0+0x408, 0x1, 4)
vfio_region_read   (0000:05:00.0:region0+0x100, 4) = 0x20000000
vfio_region_read   (0000:05:00.0:region0+0x8028, 4) = 0x0
vfio_region_write  (0000:05:00.0:region0+0x408, 0x2, 4)
vfio_region_write  (0000:05:00.0:region0+0x8020, 0x80000001, 4)
vfio_region_write  (0000:05:00.0:region0+0x8024, 0x830002, 4)
vfio_region_write  (0000:05:00.0:region0+0x8028, 0x0, 4)
vfio_region_write  (0000:05:00.0:region0+0x802c, 0x0, 4)
vfio_region_write  (0000:05:00.0:region0+0x8030, 0x1, 4)
vfio_region_write  (0000:05:00.0:region0+0x408, 0x1, 4)
vfio_region_read   (0000:05:00.0:region0+0x100, 4) = 0x20000000
vfio_region_read   (0000:05:00.0:region0+0x8028, 4) = 0x0
vfio_region_write  (0000:05:00.0:region0+0x408, 0x2, 4)
vfio_region_write  (0000:05:00.0:region0+0x8020, 0x80000001, 4)
vfio_region_write  (0000:05:00.0:region0+0x8024, 0x840002, 4)
vfio_region_write  (0000:05:00.0:region0+0x8028, 0x0, 4)
vfio_region_write  (0000:05:00.0:region0+0x802c, 0x0, 4)
vfio_region_write  (0000:05:00.0:region0+0x8030, 0x2, 4)
vfio_region_write  (0000:05:00.0:region0+0x408, 0x1, 4)
vfio_region_read   (0000:05:00.0:region0+0x100, 4) = 0x20000000
vfio_region_read   (0000:05:00.0:region0+0x8028, 4) = 0x0
vfio_region_write  (0000:05:00.0:region0+0x408, 0x2, 4)
vfio_region_write  (0000:05:00.0:region0+0x8020, 0x80000001, 4)
vfio_region_write  (0000:05:00.0:region0+0x8024, 0x850002, 4)
vfio_region_write  (0000:05:00.0:region0+0x8028, 0x0, 4)
vfio_region_write  (0000:05:00.0:region0+0x802c, 0x0, 4)
vfio_region_write  (0000:05:00.0:region0+0x8030, 0x3, 4)
vfio_region_write  (0000:05:00.0:region0+0x408, 0x1, 4)
vfio_region_read   (0000:05:00.0:region0+0x100, 4) = 0x20000000
vfio_region_read   (0000:05:00.0:region0+0x8028, 4) = 0x0
vfio_region_write  (0000:05:00.0:region0+0x408, 0x2, 4)
vfio_region_write  (0000:05:00.0:region0+0x8020, 0x80000001, 4)
vfio_region_write  (0000:05:00.0:region0+0x8024, 0x860002, 4)
vfio_region_write  (0000:05:00.0:region0+0x8028, 0x0, 4)
vfio_region_write  (0000:05:00.0:region0+0x802c, 0x0, 4)
vfio_region_write  (0000:05:00.0:region0+0x8030, 0x4, 4)
vfio_region_write  (0000:05:00.0:region0+0x408, 0x1, 4)
vfio_region_read   (0000:05:00.0:region0+0x100, 4) = 0x20000000
vfio_region_read   (0000:05:00.0:region0+0x8028, 4) = 0x0
vfio_region_write  (0000:05:00.0:region0+0x408, 0x2, 4)
vfio_region_write  (0000:05:00.0:region0+0x8020, 0x80000001, 4)
vfio_region_write  (0000:05:00.0:region0+0x8024, 0x870002, 4)
vfio_region_write  (0000:05:00.0:region0+0x8028, 0x0, 4)
vfio_region_write  (0000:05:00.0:region0+0x802c, 0x0, 4)
vfio_region_write  (0000:05:00.0:region0+0x8030, 0x5, 4)
vfio_region_write  (0000:05:00.0:region0+0x408, 0x1, 4)
vfio_region_read   (0000:05:00.0:region0+0x100, 4) = 0x20000000
vfio_region_read   (0000:05:00.0:region0+0x8028, 4) = 0x0
vfio_region_write  (0000:05:00.0:region0+0x408, 0x2, 4)
vfio_region_write  (0000:05:00.0:region0+0x8020, 0x80000001, 4)
vfio_region_write  (0000:05:00.0:region0+0x8024, 0x880002, 4)
vfio_region_write  (0000:05:00.0:region0+0x8028, 0x0, 4)
vfio_region_write  (0000:05:00.0:region0+0x802c, 0x0, 4)
vfio_region_write  (0000:05:00.0:region0+0x8030, 0x6, 4)
vfio_region_write  (0000:05:00.0:region0+0x408, 0x1, 4)
vfio_region_read   (0000:05:00.0:region0+0x100, 4) = 0x20000000
vfio_region_read   (0000:05:00.0:region0+0x8028, 4) = 0x0
vfio_region_write  (0000:05:00.0:region0+0x408, 0x2, 4)
vfio_region_write  (0000:05:00.0:region0+0x8020, 0x80000001, 4)
vfio_region_write  (0000:05:00.0:region0+0x8024, 0x890002, 4)
vfio_region_write  (0000:05:00.0:region0+0x8028, 0x0, 4)
vfio_region_write  (0000:05:00.0:region0+0x802c, 0x0, 4)
vfio_region_write  (0000:05:00.0:region0+0x8030, 0x7, 4)
vfio_region_write  (0000:05:00.0:region0+0x408, 0x1, 4)
vfio_region_read   (0000:05:00.0:region0+0x100, 4) = 0x20000000
vfio_region_read   (0000:05:00.0:region0+0x8028, 4) = 0x0
vfio_region_write  (0000:05:00.0:region0+0x408, 0x2, 4)
vfio_region_write  (0000:05:00.0:region0+0x8020, 0x80000001, 4)
vfio_region_write  (0000:05:00.0:region0+0x8024, 0x8a0002, 4)
vfio_region_write  (0000:05:00.0:region0+0x8028, 0x0, 4)
vfio_region_write  (0000:05:00.0:region0+0x802c, 0x0, 4)
vfio_region_write  (0000:05:00.0:region0+0x8030, 0x8, 4)
vfio_region_write  (0000:05:00.0:region0+0x408, 0x1, 4)
vfio_region_read   (0000:05:00.0:region0+0x100, 4) = 0x20000000
vfio_region_read   (0000:05:00.0:region0+0x8028, 4) = 0x0
vfio_region_write  (0000:05:00.0:region0+0x408, 0x2, 4)
vfio_region_write  (0000:05:00.0:region0+0x8020, 0x80000002, 4)
vfio_region_write  (0000:05:00.0:region0+0x8024, 0x8b0000, 4)
vfio_region_write  (0000:05:00.0:region0+0x8028, 0x0, 4)
vfio_region_write  (0000:05:00.0:region0+0x802c, 0x0, 4)
vfio_region_write  (0000:05:00.0:region0+0x408, 0x1, 4)
vfio_region_read   (0000:05:00.0:region0+0x100, 4) = 0x20000000
vfio_region_read   (0000:05:00.0:region0+0x8028, 4) = 0x0
vfio_region_write  (0000:05:00.0:region0+0x408, 0x2, 4)
vfio_region_write  (0000:05:00.0:region0+0x8020, 0x80003000, 4)
vfio_region_write  (0000:05:00.0:region0+0x8024, 0x8c0000, 4)
vfio_region_write  (0000:05:00.0:region0+0x8028, 0x0, 4)
vfio_region_write  (0000:05:00.0:region0+0x802c, 0x0, 4)
vfio_region_write  (0000:05:00.0:region0+0x408, 0x1, 4)
vfio_region_read   (0000:05:00.0:region0+0x100, 4) = 0x20000000
vfio_region_read   (0000:05:00.0:region0+0x8028, 4) = 0x0
vfio_region_write  (0000:05:00.0:region0+0x408, 0x2, 4)
vfio_region_write  (0000:05:00.0:region0+0x8020, 0x80002000, 4)
vfio_region_write  (0000:05:00.0:region0+0x8024, 0x8d0000, 4)
vfio_region_write  (0000:05:00.0:region0+0x8028, 0x0, 4)
vfio_region_write  (0000:05:00.0:region0+0x802c, 0x0, 4)
vfio_region_write  (0000:05:00.0:region0+0x408, 0x1, 4)
vfio_region_read   (0000:05:00.0:region0+0x100, 4) = 0x20000000
vfio_region_read   (0000:05:00.0:region0+0x8028, 4) = 0x0
vfio_region_write  (0000:05:00.0:region0+0x408, 0x2, 4)
vfio_region_write  (0000:05:00.0:region0+0x8020, 0x80001000, 4)
vfio_region_write  (0000:05:00.0:region0+0x8024, 0x8e0000, 4)
vfio_region_write  (0000:05:00.0:region0+0x8028, 0x0, 4)
vfio_region_write  (0000:05:00.0:region0+0x802c, 0x0, 4)
vfio_region_write  (0000:05:00.0:region0+0x408, 0x1, 4)
vfio_region_read   (0000:05:00.0:region0+0x100, 4) = 0x20000000
vfio_region_read   (0000:05:00.0:region0+0x8028, 4) = 0x0
vfio_region_write  (0000:05:00.0:region0+0x408, 0x2, 4)
vfio_region_write  (0000:05:00.0:region0+0x8020, 0x80004000, 4)
vfio_region_write  (0000:05:00.0:region0+0x8024, 0x8f0000, 4)
vfio_region_write  (0000:05:00.0:region0+0x8028, 0x0, 4)
vfio_region_write  (0000:05:00.0:region0+0x802c, 0x0, 4)
vfio_region_write  (0000:05:00.0:region0+0x408, 0x1, 4)
vfio_region_read   (0000:05:00.0:region0+0x100, 4) = 0x20000000
vfio_region_read   (0000:05:00.0:region0+0x8028, 4) = 0x0
vfio_region_write  (0000:05:00.0:region0+0x408, 0x2, 4)
vfio_region_write  (0000:05:00.0:region0+0x8020, 0x80004001, 4)
vfio_region_write  (0000:05:00.0:region0+0x8024, 0x900004, 4)
vfio_region_write  (0000:05:00.0:region0+0x8028, 0x0, 4)
vfio_region_write  (0000:05:00.0:region0+0x802c, 0x0, 4)
vfio_region_write  (0000:05:00.0:region0+0x8030, 0x0, 4)
vfio_region_write  (0000:05:00.0:region0+0x408, 0x1, 4)
vfio_region_read   (0000:05:00.0:region0+0x100, 4) = 0x20000000
vfio_region_read   (0000:05:00.0:region0+0x8028, 4) = 0x0
vfio_region_write  (0000:05:00.0:region0+0x408, 0x2, 4)
vfio_region_write  (0000:05:00.0:region0+0x8020, 0x80004001, 4)
vfio_region_write  (0000:05:00.0:region0+0x8024, 0x910004, 4)
vfio_region_write  (0000:05:00.0:region0+0x8028, 0x0, 4)
vfio_region_write  (0000:05:00.0:region0+0x802c, 0x0, 4)
vfio_region_write  (0000:05:00.0:region0+0x8030, 0x1, 4)
vfio_region_write  (0000:05:00.0:region0+0x408, 0x1, 4)
vfio_region_read   (0000:05:00.0:region0+0x100, 4) = 0x20000000
vfio_region_read   (0000:05:00.0:region0+0x8028, 4) = 0x0
vfio_region_write  (0000:05:00.0:region0+0x408, 0x2, 4)
vfio_region_write  (0000:05:00.0:region0+0x8020, 0x80004001, 4)
vfio_region_write  (0000:05:00.0:region0+0x8024, 0x920004, 4)
vfio_region_write  (0000:05:00.0:region0+0x8028, 0x0, 4)
vfio_region_write  (0000:05:00.0:region0+0x802c, 0x0, 4)
vfio_region_write  (0000:05:00.0:region0+0x8030, 0x2, 4)
vfio_region_write  (0000:05:00.0:region0+0x408, 0x1, 4)
vfio_region_read   (0000:05:00.0:region0+0x100, 4) = 0x20000000
vfio_region_read   (0000:05:00.0:region0+0x8028, 4) = 0x0
vfio_region_write  (0000:05:00.0:region0+0x408, 0x2, 4)
vfio_region_write  (0000:05:00.0:region0+0x8020, 0x80004001, 4)
vfio_region_write  (0000:05:00.0:region0+0x8024, 0x930004, 4)
vfio_region_write  (0000:05:00.0:region0+0x8028, 0x0, 4)
vfio_region_write  (0000:05:00.0:region0+0x802c, 0x0, 4)
vfio_region_write  (0000:05:00.0:region0+0x8030, 0x3, 4)
vfio_region_write  (0000:05:00.0:region0+0x408, 0x1, 4)
vfio_region_read   (0000:05:00.0:region0+0x100, 4) = 0x20000000
vfio_region_read   (0000:05:00.0:region0+0x8028, 4) = 0x0
vfio_region_write  (0000:05:00.0:region0+0x408, 0x2, 4)
vfio_region_write  (0000:05:00.0:region0+0x8020, 0x80004001, 4)
vfio_region_write  (0000:05:00.0:region0+0x8024, 0x940004, 4)
vfio_region_write  (0000:05:00.0:region0+0x8028, 0x0, 4)
vfio_region_write  (0000:05:00.0:region0+0x802c, 0x0, 4)
vfio_region_write  (0000:05:00.0:region0+0x8030, 0x4, 4)
vfio_region_write  (0000:05:00.0:region0+0x408, 0x1, 4)
vfio_region_read   (0000:05:00.0:region0+0x100, 4) = 0x20000000
vfio_region_read   (0000:05:00.0:region0+0x8028, 4) = 0x0
vfio_region_write  (0000:05:00.0:region0+0x408, 0x2, 4)
vfio_region_write  (0000:05:00.0:region0+0x8020, 0x80004001, 4)
vfio_region_write  (0000:05:00.0:region0+0x8024, 0x950004, 4)
vfio_region_write  (0000:05:00.0:region0+0x8028, 0x0, 4)
vfio_region_write  (0000:05:00.0:region0+0x802c, 0x0, 4)
vfio_region_write  (0000:05:00.0:region0+0x8030, 0x5, 4)
vfio_region_write  (0000:05:00.0:region0+0x408, 0x1, 4)
vfio_region_read   (0000:05:00.0:region0+0x100, 4) = 0x20000000
vfio_region_read   (0000:05:00.0:region0+0x8028, 4) = 0x0
vfio_region_write  (0000:05:00.0:region0+0x408, 0x2, 4)
vfio_region_write  (0000:05:00.0:region0+0x8020, 0x80006004, 4)
vfio_region_write  (0000:05:00.0:region0+0x8024, 0x960000, 4)
vfio_region_write  (0000:05:00.0:region0+0x8028, 0x0, 4)
vfio_region_write  (0000:05:00.0:region0+0x802c, 0x0, 4)
vfio_region_write  (0000:05:00.0:region0+0x408, 0x1, 4)
vfio_region_read   (0000:05:00.0:region0+0x100, 4) = 0x20000000
vfio_region_read   (0000:05:00.0:region0+0x8028, 4) = 0x0
vfio_region_write  (0000:05:00.0:region0+0x408, 0x2, 4)
vfio_region_write  (0000:05:00.0:region0+0x8020, 0x80006002, 4)
vfio_region_write  (0000:05:00.0:region0+0x8024, 0x970000, 4)
vfio_region_write  (0000:05:00.0:region0+0x8028, 0x0, 4)
vfio_region_write  (0000:05:00.0:region0+0x802c, 0x0, 4)
vfio_region_write  (0000:05:00.0:region0+0x408, 0x1, 4)
vfio_region_read   (0000:05:00.0:region0+0x100, 4) = 0x20000000
vfio_region_read   (0000:05:00.0:region0+0x8028, 4) = 0x0
vfio_region_write  (0000:05:00.0:region0+0x408, 0x2, 4)
vfio_region_write  (0000:05:00.0:region0+0x8020, 0x80006005, 4)
vfio_region_write  (0000:05:00.0:region0+0x8024, 0x980000, 4)
vfio_region_write  (0000:05:00.0:region0+0x8028, 0x0, 4)
vfio_region_write  (0000:05:00.0:region0+0x802c, 0x0, 4)
vfio_region_write  (0000:05:00.0:region0+0x408, 0x1, 4)
vfio_region_read   (0000:05:00.0:region0+0x100, 4) = 0x20000000
vfio_region_read   (0000:05:00.0:region0+0x8028, 4) = 0x0
vfio_region_write  (0000:05:00.0:region0+0x408, 0x2, 4)
vfio_region_write  (0000:05:00.0:region0+0x8020, 0x80800000, 4)
vfio_region_write  (0000:05:00.0:region0+0x8024, 0x990008, 4)
vfio_region_write  (0000:05:00.0:region0+0x8028, 0x0, 4)
vfio_region_write  (0000:05:00.0:region0+0x802c, 0x0, 4)
vfio_region_write  (0000:05:00.0:region0+0x8030, 0x18, 4)
vfio_region_write  (0000:05:00.0:region0+0x8034, 0x5c, 4)
vfio_region_write  (0000:05:00.0:region0+0x408, 0x1, 4)
vfio_region_read   (0000:05:00.0:region0+0x100, 4) = 0x20000000
vfio_region_read   (0000:05:00.0:region0+0x8028, 4) = 0x0
vfio_region_write  (0000:05:00.0:region0+0x408, 0x2, 4)
vfio_region_write  (0000:05:00.0:region0+0x8020, 0x80800001, 4)
vfio_region_write  (0000:05:00.0:region0+0x8024, 0x9a0009, 4)
vfio_region_write  (0000:05:00.0:region0+0x8028, 0x0, 4)
vfio_region_write  (0000:05:00.0:region0+0x802c, 0x0, 4)
vfio_region_write  (0000:05:00.0:region0+0x8030, 0x48, 4)
vfio_region_write  (0000:05:00.0:region0+0x8034, 0x1, 4)
vfio_region_write  (0000:05:00.0:region0+0x8038, 0x3, 4)
vfio_region_write  (0000:05:00.0:region0+0x408, 0x1, 4)
vfio_region_read   (0000:05:00.0:region0+0x100, 4) = 0x20000000
vfio_region_read   (0000:05:00.0:region0+0x8028, 4) = 0x0
vfio_region_write  (0000:05:00.0:region0+0x408, 0x2, 4)
vfio_region_write  (0000:05:00.0:region0+0x8020, 0x80800002, 4)
vfio_region_write  (0000:05:00.0:region0+0x8024, 0x9b0004, 4)
vfio_region_write  (0000:05:00.0:region0+0x8028, 0x0, 4)
vfio_region_write  (0000:05:00.0:region0+0x802c, 0x0, 4)
vfio_region_write  (0000:05:00.0:region0+0x8030, 0x3, 4)
vfio_region_write  (0000:05:00.0:region0+0x408, 0x1, 4)
vfio_region_read   (0000:05:00.0:region0+0x100, 4) = 0x20000000
vfio_region_read   (0000:05:00.0:region0+0x8028, 4) = 0x0
vfio_region_write  (0000:05:00.0:region0+0x408, 0x2, 4)
vfio_region_write  (0000:05:00.0:region0+0x8020, 0x80800001, 4)
vfio_region_write  (0000:05:00.0:region0+0x8024, 0x9c0009, 4)
vfio_region_write  (0000:05:00.0:region0+0x8028, 0x0, 4)
vfio_region_write  (0000:05:00.0:region0+0x802c, 0x0, 4)
vfio_region_write  (0000:05:00.0:region0+0x8030, 0x49, 4)
vfio_region_write  (0000:05:00.0:region0+0x8034, 0x1, 4)
vfio_region_write  (0000:05:00.0:region0+0x8038, 0xc, 4)
vfio_region_write  (0000:05:00.0:region0+0x408, 0x1, 4)
vfio_region_read   (0000:05:00.0:region0+0x100, 4) = 0x20000000
vfio_region_read   (0000:05:00.0:region0+0x8028, 4) = 0x0
vfio_region_write  (0000:05:00.0:region0+0x408, 0x2, 4)
vfio_region_write  (0000:05:00.0:region0+0x8020, 0x80800002, 4)
vfio_region_write  (0000:05:00.0:region0+0x8024, 0x9d0004, 4)
vfio_region_write  (0000:05:00.0:region0+0x8028, 0x0, 4)
vfio_region_write  (0000:05:00.0:region0+0x802c, 0x0, 4)
vfio_region_write  (0000:05:00.0:region0+0x8030, 0x3, 4)
vfio_region_write  (0000:05:00.0:region0+0x408, 0x1, 4)
vfio_region_read   (0000:05:00.0:region0+0x100, 4) = 0x20000000
vfio_region_read   (0000:05:00.0:region0+0x8028, 4) = 0x0
vfio_region_write  (0000:05:00.0:region0+0x408, 0x2, 4)
vfio_region_write  (0000:05:00.0:region0+0x8020, 0x80800001, 4)
vfio_region_write  (0000:05:00.0:region0+0x8024, 0x9e0009, 4)
vfio_region_write  (0000:05:00.0:region0+0x8028, 0x0, 4)
vfio_region_write  (0000:05:00.0:region0+0x802c, 0x0, 4)
vfio_region_write  (0000:05:00.0:region0+0x8030, 0x70, 4)
vfio_region_write  (0000:05:00.0:region0+0x8034, 0x1, 4)
vfio_region_write  (0000:05:00.0:region0+0x8038, 0x14, 4)
vfio_region_write  (0000:05:00.0:region0+0x408, 0x1, 4)
vfio_region_read   (0000:05:00.0:region0+0x100, 4) = 0x20000000
vfio_region_read   (0000:05:00.0:region0+0x8028, 4) = 0x0
vfio_region_write  (0000:05:00.0:region0+0x408, 0x2, 4)
vfio_region_write  (0000:05:00.0:region0+0x8020, 0x80800002, 4)
vfio_region_write  (0000:05:00.0:region0+0x8024, 0x9f0004, 4)
vfio_region_write  (0000:05:00.0:region0+0x8028, 0x0, 4)
vfio_region_write  (0000:05:00.0:region0+0x802c, 0x0, 4)
vfio_region_write  (0000:05:00.0:region0+0x8030, 0x2, 4)
vfio_region_write  (0000:05:00.0:region0+0x408, 0x1, 4)
vfio_region_read   (0000:05:00.0:region0+0x100, 4) = 0x20000000
vfio_region_read   (0000:05:00.0:region0+0x8028, 4) = 0x0
vfio_region_write  (0000:05:00.0:region0+0x408, 0x2, 4)
vfio_region_write  (0000:05:00.0:region0+0x8020, 0x80800001, 4)
vfio_region_write  (0000:05:00.0:region0+0x8024, 0xa00009, 4)
vfio_region_write  (0000:05:00.0:region0+0x8028, 0x0, 4)
vfio_region_write  (0000:05:00.0:region0+0x802c, 0x0, 4)
vfio_region_write  (0000:05:00.0:region0+0x8030, 0xae, 4)
vfio_region_write  (0000:05:00.0:region0+0x8034, 0x1, 4)
vfio_region_write  (0000:05:00.0:region0+0x8038, 0x1, 4)
vfio_region_write  (0000:05:00.0:region0+0x408, 0x1, 4)
vfio_region_read   (0000:05:00.0:region0+0x100, 4) = 0x20000000
vfio_region_read   (0000:05:00.0:region0+0x8028, 4) = 0x0
vfio_region_write  (0000:05:00.0:region0+0x408, 0x2, 4)
vfio_region_write  (0000:05:00.0:region0+0x8020, 0x80800002, 4)
vfio_region_write  (0000:05:00.0:region0+0x8024, 0xa10004, 4)
vfio_region_write  (0000:05:00.0:region0+0x8028, 0x0, 4)
vfio_region_write  (0000:05:00.0:region0+0x802c, 0x0, 4)
vfio_region_write  (0000:05:00.0:region0+0x8030, 0x7, 4)
vfio_region_write  (0000:05:00.0:region0+0x408, 0x1, 4)
vfio_region_read   (0000:05:00.0:region0+0x100, 4) = 0x20000000
vfio_region_read   (0000:05:00.0:region0+0x8028, 4) = 0x0
vfio_region_write  (0000:05:00.0:region0+0x408, 0x2, 4)
vfio_region_write  (0000:05:00.0:region0+0x8020, 0x80800001, 4)
vfio_region_write  (0000:05:00.0:region0+0x8024, 0xa20009, 4)
vfio_region_write  (0000:05:00.0:region0+0x8028, 0x0, 4)
vfio_region_write  (0000:05:00.0:region0+0x802c, 0x0, 4)
vfio_region_write  (0000:05:00.0:region0+0x8030, 0xa6, 4)
vfio_region_write  (0000:05:00.0:region0+0x8034, 0x1, 4)
vfio_region_write  (0000:05:00.0:region0+0x8038, 0x2, 4)
vfio_region_write  (0000:05:00.0:region0+0x408, 0x1, 4)
vfio_region_read   (0000:05:00.0:region0+0x100, 4) = 0x20000000
vfio_region_read   (0000:05:00.0:region0+0x8028, 4) = 0x0
vfio_region_write  (0000:05:00.0:region0+0x408, 0x2, 4)
vfio_region_write  (0000:05:00.0:region0+0x8020, 0x80800002, 4)
vfio_region_write  (0000:05:00.0:region0+0x8024, 0xa30004, 4)
vfio_region_write  (0000:05:00.0:region0+0x8028, 0x0, 4)
vfio_region_write  (0000:05:00.0:region0+0x802c, 0x0, 4)
vfio_region_write  (0000:05:00.0:region0+0x8030, 0x6, 4)
vfio_region_write  (0000:05:00.0:region0+0x408, 0x1, 4)
vfio_region_read   (0000:05:00.0:region0+0x100, 4) = 0x20000000
vfio_region_read   (0000:05:00.0:region0+0x8028, 4) = 0x0
vfio_region_write  (0000:05:00.0:region0+0x408, 0x2, 4)
vfio_region_write  (0000:05:00.0:region0+0x8020, 0x80800001, 4)
vfio_region_write  (0000:05:00.0:region0+0x8024, 0xa40009, 4)
vfio_region_write  (0000:05:00.0:region0+0x8028, 0x0, 4)
vfio_region_write  (0000:05:00.0:region0+0x802c, 0x0, 4)
vfio_region_write  (0000:05:00.0:region0+0x8030, 0xa7, 4)
vfio_region_write  (0000:05:00.0:region0+0x8034, 0x1, 4)
vfio_region_write  (0000:05:00.0:region0+0x8038, 0x1, 4)
vfio_region_write  (0000:05:00.0:region0+0x408, 0x1, 4)
vfio_region_read   (0000:05:00.0:region0+0x100, 4) = 0x20000000
vfio_region_read   (0000:05:00.0:region0+0x8028, 4) = 0x0
vfio_region_write  (0000:05:00.0:region0+0x408, 0x2, 4)
vfio_region_write  (0000:05:00.0:region0+0x8020, 0x80800002, 4)
vfio_region_write  (0000:05:00.0:region0+0x8024, 0xa50004, 4)
vfio_region_write  (0000:05:00.0:region0+0x8028, 0x0, 4)
vfio_region_write  (0000:05:00.0:region0+0x802c, 0x0, 4)
vfio_region_write  (0000:05:00.0:region0+0x8030, 0x6, 4)
vfio_region_write  (0000:05:00.0:region0+0x408, 0x1, 4)
vfio_region_read   (0000:05:00.0:region0+0x100, 4) = 0x20000000
vfio_region_read   (0000:05:00.0:region0+0x8028, 4) = 0x0
