-trace 'enable=vfio_region_*' \
2026-06-26T17:11:34.642419Z vfio_region_setup Device 0000:09:00.0, region 0 "0000:09:00.0 BAR 0", flags: 0x7, offset: 0x0, size: 0x10000
2026-06-26T17:11:34.642459Z vfio_region_setup Device 0000:09:00.0, region 1 "0000:09:00.0 BAR 1", flags: 0x0, offset: 0x10000000000, size: 0x0
2026-06-26T17:11:34.642463Z vfio_region_setup Device 0000:09:00.0, region 2 "0000:09:00.0 BAR 2", flags: 0x0, offset: 0x20000000000, size: 0x0
2026-06-26T17:11:34.642467Z vfio_region_setup Device 0000:09:00.0, region 3 "0000:09:00.0 BAR 3", flags: 0x0, offset: 0x30000000000, size: 0x0
2026-06-26T17:11:34.642470Z vfio_region_setup Device 0000:09:00.0, region 4 "0000:09:00.0 BAR 4", flags: 0x0, offset: 0x40000000000, size: 0x0
2026-06-26T17:11:34.642473Z vfio_region_setup Device 0000:09:00.0, region 5 "0000:09:00.0 BAR 5", flags: 0x0, offset: 0x50000000000, size: 0x0
2026-06-26T17:11:43.827913Z vfio_region_read  (0000:09:00.0:region0+0x8000, 4) = 0x4061973
2026-06-26T17:11:43.827944Z vfio_region_read  (0000:09:00.0:region0+0x4, 4) = 0x80
2026-06-26T17:11:43.827961Z vfio_region_read  (0000:09:00.0:region0+0x8, 4) = 0x2000
2026-06-26T17:11:43.827978Z vfio_region_read  (0000:09:00.0:region0+0x0, 4) = 0x32003fd
2026-06-26T17:11:43.827995Z vfio_region_read  (0000:09:00.0:region0+0x14, 4) = 0x1234
2026-06-26T17:11:43.828012Z vfio_region_read  (0000:09:00.0:region0+0x10, 4) = 0x5678abcd
2026-06-26T17:11:43.837840Z vfio_region_read  (0000:09:00.0:region0+0x514, 4) = 0x847
2026-06-26T17:11:43.837860Z vfio_region_write  (0000:09:00.0:region0+0x510, 0x8, 4)
2026-06-26T17:11:43.837877Z vfio_region_read  (0000:09:00.0:region0+0x58c, 4) = 0x0
2026-06-26T17:11:43.837896Z vfio_region_write  (0000:09:00.0:region0+0x500, 0x8, 4)
2026-06-26T17:11:43.838022Z vfio_region_write  (0000:09:00.0:region0+0x104, 0xf000003f, 4)
2026-06-26T17:11:43.838044Z vfio_region_write  (0000:09:00.0:region0+0x410, 0x6d3ee000, 4)
2026-06-26T17:11:43.838056Z vfio_region_write  (0000:09:00.0:region0+0x414, 0x2, 4)
2026-06-26T17:11:43.841275Z vfio_region_read  (0000:09:00.0:region0+0x100, 4) = 0x20000000
2026-06-26T17:11:43.841295Z vfio_region_read  (0000:09:00.0:region0+0x300, 4) = 0x0
2026-06-26T17:11:43.841312Z vfio_region_read  (0000:09:00.0:region0+0x200, 4) = 0x0
2026-06-26T17:11:43.841330Z vfio_region_read  (0000:09:00.0:region0+0x400, 4) = 0x1
2026-06-26T17:11:43.841348Z vfio_region_read  (0000:09:00.0:region0+0x500, 4) = 0xff0000
2026-06-26T17:11:43.849206Z vfio_region_read  (0000:09:00.0:region0+0x58c, 4) = 0x0
2026-06-26T17:11:43.849226Z vfio_region_read  (0000:09:00.0:region0+0x8000, 4) = 0x4061973
2026-06-26T17:11:43.849294Z vfio_region_read  (0000:09:00.0:region0+0x8004, 4) = 0x18101966
2026-06-26T17:11:43.849363Z vfio_region_read  (0000:09:00.0:region0+0x8008, 4) = 0x1
2026-06-26T17:11:43.849435Z vfio_region_read  (0000:09:00.0:region0+0x800c, 4) = 0x1
2026-06-26T17:11:43.849504Z vfio_region_read  (0000:09:00.0:region0+0x8010, 4) = 0x400
2026-06-26T17:11:43.849574Z vfio_region_read  (0000:09:00.0:region0+0x8014, 4) = 0x410
2026-06-26T17:11:43.849642Z vfio_region_read  (0000:09:00.0:region0+0x8018, 4) = 0x20
2026-06-26T17:11:43.849712Z vfio_region_read  (0000:09:00.0:region0+0x801c, 4) = 0x0
2026-06-26T17:11:43.849786Z vfio_region_write  (0000:09:00.0:region0+0x8020, 0x80800005, 4)
2026-06-26T17:11:43.849800Z vfio_region_write  (0000:09:00.0:region0+0x8024, 0x8, 4)
2026-06-26T17:11:43.849812Z vfio_region_write  (0000:09:00.0:region0+0x8028, 0x0, 4)
2026-06-26T17:11:43.849845Z vfio_region_write  (0000:09:00.0:region0+0x802c, 0x0, 4)
2026-06-26T17:11:43.849859Z vfio_region_write  (0000:09:00.0:region0+0x8030, 0x0, 4)
2026-06-26T17:11:43.849872Z vfio_region_write  (0000:09:00.0:region0+0x8034, 0x8, 4)
2026-06-26T17:11:43.849887Z vfio_region_write  (0000:09:00.0:region0+0x408, 0x1, 4)
2026-06-26T17:11:43.849929Z vfio_region_read  (0000:09:00.0:region0+0x100, 4) = 0x20000000
2026-06-26T17:11:43.849948Z vfio_region_read  (0000:09:00.0:region0+0x300, 4) = 0x0
2026-06-26T17:11:43.849967Z vfio_region_read  (0000:09:00.0:region0+0x200, 4) = 0x0
2026-06-26T17:11:43.849985Z vfio_region_read  (0000:09:00.0:region0+0x400, 4) = 0x3
2026-06-26T17:11:43.850003Z vfio_region_read  (0000:09:00.0:region0+0x500, 4) = 0xff0000
2026-06-26T17:11:43.850031Z vfio_region_read  (0000:09:00.0:region0+0x100, 4) = 0x0
2026-06-26T17:11:43.850049Z vfio_region_read  (0000:09:00.0:region0+0x300, 4) = 0x0
2026-06-26T17:11:43.850068Z vfio_region_read  (0000:09:00.0:region0+0x200, 4) = 0x0
2026-06-26T17:11:43.850086Z vfio_region_read  (0000:09:00.0:region0+0x400, 4) = 0x0
2026-06-26T17:11:43.850104Z vfio_region_read  (0000:09:00.0:region0+0x500, 4) = 0xff0000
2026-06-26T17:11:43.850127Z vfio_region_write  (0000:09:00.0:region0+0x408, 0x2, 4)
2026-06-26T17:11:43.850220Z vfio_region_write  (0000:09:00.0:region0+0x8020, 0x80007001, 4)
2026-06-26T17:11:43.850234Z vfio_region_write  (0000:09:00.0:region0+0x8024, 0x10001, 4)
2026-06-26T17:11:43.850247Z vfio_region_write  (0000:09:00.0:region0+0x8028, 0x0, 4)
2026-06-26T17:11:43.850259Z vfio_region_write  (0000:09:00.0:region0+0x802c, 0x0, 4)
2026-06-26T17:11:43.850274Z vfio_region_write  (0000:09:00.0:region0+0x8030, 0x0, 4)
2026-06-26T17:11:43.850287Z vfio_region_write  (0000:09:00.0:region0+0x408, 0x1, 4)
2026-06-26T17:11:43.850327Z vfio_region_read  (0000:09:00.0:region0+0x100, 4) = 0x20000000
2026-06-26T17:11:43.850346Z vfio_region_read  (0000:09:00.0:region0+0x300, 4) = 0x0
2026-06-26T17:11:43.850365Z vfio_region_read  (0000:09:00.0:region0+0x200, 4) = 0x0
2026-06-26T17:11:43.850383Z vfio_region_read  (0000:09:00.0:region0+0x400, 4) = 0x3
2026-06-26T17:11:43.850401Z vfio_region_read  (0000:09:00.0:region0+0x500, 4) = 0xff0000
2026-06-26T17:11:43.850428Z vfio_region_read  (0000:09:00.0:region0+0x100, 4) = 0x0
2026-06-26T17:11:43.850447Z vfio_region_read  (0000:09:00.0:region0+0x300, 4) = 0x0
2026-06-26T17:11:43.850465Z vfio_region_read  (0000:09:00.0:region0+0x200, 4) = 0x0
2026-06-26T17:11:43.850483Z vfio_region_read  (0000:09:00.0:region0+0x400, 4) = 0x0
2026-06-26T17:11:43.850501Z vfio_region_read  (0000:09:00.0:region0+0x500, 4) = 0xff0000
2026-06-26T17:11:43.850522Z vfio_region_write  (0000:09:00.0:region0+0x408, 0x2, 4)
2026-06-26T17:11:43.850547Z vfio_region_write  (0000:09:00.0:region0+0x8020, 0x80007001, 4)
2026-06-26T17:11:43.850561Z vfio_region_write  (0000:09:00.0:region0+0x8024, 0x20001, 4)
2026-06-26T17:11:43.850574Z vfio_region_write  (0000:09:00.0:region0+0x8028, 0x0, 4)
2026-06-26T17:11:43.850586Z vfio_region_write  (0000:09:00.0:region0+0x802c, 0x0, 4)
2026-06-26T17:11:43.850600Z vfio_region_write  (0000:09:00.0:region0+0x8030, 0x1, 4)
2026-06-26T17:11:43.850613Z vfio_region_write  (0000:09:00.0:region0+0x408, 0x1, 4)
2026-06-26T17:11:43.850653Z vfio_region_read  (0000:09:00.0:region0+0x100, 4) = 0x20000000
2026-06-26T17:11:43.850673Z vfio_region_read  (0000:09:00.0:region0+0x300, 4) = 0x0
2026-06-26T17:11:43.850691Z vfio_region_read  (0000:09:00.0:region0+0x200, 4) = 0x0
2026-06-26T17:11:43.850709Z vfio_region_read  (0000:09:00.0:region0+0x400, 4) = 0x3
2026-06-26T17:11:43.850727Z vfio_region_read  (0000:09:00.0:region0+0x500, 4) = 0xff0000
2026-06-26T17:11:43.850754Z vfio_region_read  (0000:09:00.0:region0+0x100, 4) = 0x0
2026-06-26T17:11:43.850773Z vfio_region_read  (0000:09:00.0:region0+0x300, 4) = 0x0
2026-06-26T17:11:43.850791Z vfio_region_read  (0000:09:00.0:region0+0x200, 4) = 0x0
2026-06-26T17:11:43.850809Z vfio_region_read  (0000:09:00.0:region0+0x400, 4) = 0x0
2026-06-26T17:11:43.850833Z vfio_region_read  (0000:09:00.0:region0+0x500, 4) = 0xff0000
2026-06-26T17:11:43.851289Z vfio_region_write  (0000:09:00.0:region0+0x408, 0x2, 4)
2026-06-26T17:11:43.851305Z vfio_region_write  (0000:09:00.0:region0+0x8020, 0x80007001, 4)
2026-06-26T17:11:43.851318Z vfio_region_write  (0000:09:00.0:region0+0x8024, 0x30001, 4)
2026-06-26T17:11:43.851331Z vfio_region_write  (0000:09:00.0:region0+0x8028, 0x0, 4)
2026-06-26T17:11:43.851344Z vfio_region_write  (0000:09:00.0:region0+0x802c, 0x0, 4)
2026-06-26T17:11:43.851357Z vfio_region_write  (0000:09:00.0:region0+0x8030, 0x2, 4)
2026-06-26T17:11:43.851370Z vfio_region_write  (0000:09:00.0:region0+0x408, 0x1, 4)
2026-06-26T17:11:43.851411Z vfio_region_read  (0000:09:00.0:region0+0x100, 4) = 0x20000000
2026-06-26T17:11:43.851431Z vfio_region_read  (0000:09:00.0:region0+0x300, 4) = 0x0
2026-06-26T17:11:43.851449Z vfio_region_read  (0000:09:00.0:region0+0x200, 4) = 0x0
2026-06-26T17:11:43.851467Z vfio_region_read  (0000:09:00.0:region0+0x400, 4) = 0x3
2026-06-26T17:11:43.851485Z vfio_region_read  (0000:09:00.0:region0+0x500, 4) = 0xff0000
2026-06-26T17:11:43.851517Z vfio_region_read  (0000:09:00.0:region0+0x100, 4) = 0x0
2026-06-26T17:11:43.851535Z vfio_region_read  (0000:09:00.0:region0+0x300, 4) = 0x0
2026-06-26T17:11:43.851553Z vfio_region_read  (0000:09:00.0:region0+0x200, 4) = 0x0
2026-06-26T17:11:43.851571Z vfio_region_read  (0000:09:00.0:region0+0x400, 4) = 0x0
2026-06-26T17:11:43.851589Z vfio_region_read  (0000:09:00.0:region0+0x500, 4) = 0xff0000
2026-06-26T17:11:43.857901Z vfio_region_write  (0000:09:00.0:region0+0x408, 0x2, 4)
2026-06-26T17:11:43.858266Z vfio_region_write  (0000:09:00.0:region0+0x8020, 0x80000002, 4)
2026-06-26T17:11:43.858281Z vfio_region_write  (0000:09:00.0:region0+0x8024, 0x40000, 4)
2026-06-26T17:11:43.858294Z vfio_region_write  (0000:09:00.0:region0+0x8028, 0x0, 4)
2026-06-26T17:11:43.858308Z vfio_region_write  (0000:09:00.0:region0+0x802c, 0x0, 4)
2026-06-26T17:11:43.858320Z vfio_region_write  (0000:09:00.0:region0+0x408, 0x1, 4)
2026-06-26T17:11:43.858361Z vfio_region_read  (0000:09:00.0:region0+0x100, 4) = 0x20000000
2026-06-26T17:11:43.858380Z vfio_region_read  (0000:09:00.0:region0+0x300, 4) = 0x0
2026-06-26T17:11:43.858398Z vfio_region_read  (0000:09:00.0:region0+0x200, 4) = 0x0
2026-06-26T17:11:43.858416Z vfio_region_read  (0000:09:00.0:region0+0x400, 4) = 0x3
2026-06-26T17:11:43.858434Z vfio_region_read  (0000:09:00.0:region0+0x500, 4) = 0xff0000
2026-06-26T17:11:43.858461Z vfio_region_read  (0000:09:00.0:region0+0x100, 4) = 0x0
2026-06-26T17:11:43.858479Z vfio_region_read  (0000:09:00.0:region0+0x300, 4) = 0x0
2026-06-26T17:11:43.858497Z vfio_region_read  (0000:09:00.0:region0+0x200, 4) = 0x0
2026-06-26T17:11:43.858515Z vfio_region_read  (0000:09:00.0:region0+0x400, 4) = 0x0
2026-06-26T17:11:43.858533Z vfio_region_read  (0000:09:00.0:region0+0x500, 4) = 0xff0000
2026-06-26T17:11:43.858552Z vfio_region_write  (0000:09:00.0:region0+0x408, 0x2, 4)
2026-06-26T17:11:43.858570Z vfio_region_write  (0000:09:00.0:region0+0x8020, 0x80006002, 4)
2026-06-26T17:11:43.858583Z vfio_region_write  (0000:09:00.0:region0+0x8024, 0x50000, 4)
2026-06-26T17:11:43.858596Z vfio_region_write  (0000:09:00.0:region0+0x8028, 0x0, 4)
2026-06-26T17:11:43.858608Z vfio_region_write  (0000:09:00.0:region0+0x802c, 0x0, 4)
2026-06-26T17:11:43.858621Z vfio_region_write  (0000:09:00.0:region0+0x408, 0x1, 4)
2026-06-26T17:11:43.858659Z vfio_region_read  (0000:09:00.0:region0+0x100, 4) = 0x20000000
2026-06-26T17:11:43.858678Z vfio_region_read  (0000:09:00.0:region0+0x300, 4) = 0x0
2026-06-26T17:11:43.858696Z vfio_region_read  (0000:09:00.0:region0+0x200, 4) = 0x0
2026-06-26T17:11:43.858714Z vfio_region_read  (0000:09:00.0:region0+0x400, 4) = 0x3
2026-06-26T17:11:43.858732Z vfio_region_read  (0000:09:00.0:region0+0x500, 4) = 0xff0000
2026-06-26T17:11:43.858759Z vfio_region_read  (0000:09:00.0:region0+0x100, 4) = 0x0
2026-06-26T17:11:43.858777Z vfio_region_read  (0000:09:00.0:region0+0x300, 4) = 0x0
2026-06-26T17:11:43.858795Z vfio_region_read  (0000:09:00.0:region0+0x200, 4) = 0x0
2026-06-26T17:11:43.858813Z vfio_region_read  (0000:09:00.0:region0+0x400, 4) = 0x0
2026-06-26T17:11:43.858838Z vfio_region_read  (0000:09:00.0:region0+0x500, 4) = 0xff0000
2026-06-26T17:11:43.858858Z vfio_region_write  (0000:09:00.0:region0+0x408, 0x2, 4)
2026-06-26T17:11:43.858873Z vfio_region_write  (0000:09:00.0:region0+0x8020, 0x80006000, 4)
2026-06-26T17:11:43.858887Z vfio_region_write  (0000:09:00.0:region0+0x8024, 0x60000, 4)
2026-06-26T17:11:43.858899Z vfio_region_write  (0000:09:00.0:region0+0x8028, 0x0, 4)
2026-06-26T17:11:43.858911Z vfio_region_write  (0000:09:00.0:region0+0x802c, 0x0, 4)
2026-06-26T17:11:43.858924Z vfio_region_write  (0000:09:00.0:region0+0x408, 0x1, 4)
2026-06-26T17:11:43.858961Z vfio_region_read  (0000:09:00.0:region0+0x100, 4) = 0x20000000
2026-06-26T17:11:43.858980Z vfio_region_read  (0000:09:00.0:region0+0x300, 4) = 0x0
2026-06-26T17:11:43.858998Z vfio_region_read  (0000:09:00.0:region0+0x200, 4) = 0x0
2026-06-26T17:11:43.859016Z vfio_region_read  (0000:09:00.0:region0+0x400, 4) = 0x3
2026-06-26T17:11:43.859034Z vfio_region_read  (0000:09:00.0:region0+0x500, 4) = 0xff0000
2026-06-26T17:11:43.859061Z vfio_region_read  (0000:09:00.0:region0+0x100, 4) = 0x0
2026-06-26T17:11:43.859079Z vfio_region_read  (0000:09:00.0:region0+0x300, 4) = 0x0
2026-06-26T17:11:43.859097Z vfio_region_read  (0000:09:00.0:region0+0x200, 4) = 0x0
2026-06-26T17:11:43.859115Z vfio_region_read  (0000:09:00.0:region0+0x400, 4) = 0x0
2026-06-26T17:11:43.859133Z vfio_region_read  (0000:09:00.0:region0+0x500, 4) = 0xff0000
2026-06-26T17:11:43.859152Z vfio_region_write  (0000:09:00.0:region0+0x408, 0x2, 4)
2026-06-26T17:11:43.859167Z vfio_region_write  (0000:09:00.0:region0+0x8020, 0x80005000, 4)
2026-06-26T17:11:43.859180Z vfio_region_write  (0000:09:00.0:region0+0x8024, 0x70002, 4)
2026-06-26T17:11:43.859193Z vfio_region_write  (0000:09:00.0:region0+0x8028, 0x0, 4)
2026-06-26T17:11:43.859206Z vfio_region_write  (0000:09:00.0:region0+0x802c, 0x0, 4)
2026-06-26T17:11:43.859219Z vfio_region_write  (0000:09:00.0:region0+0x8030, 0x3, 4)
2026-06-26T17:11:43.859232Z vfio_region_write  (0000:09:00.0:region0+0x408, 0x1, 4)
2026-06-26T17:11:43.859272Z vfio_region_read  (0000:09:00.0:region0+0x100, 4) = 0x20000000
2026-06-26T17:11:43.859291Z vfio_region_read  (0000:09:00.0:region0+0x300, 4) = 0x0
2026-06-26T17:11:43.859309Z vfio_region_read  (0000:09:00.0:region0+0x200, 4) = 0x0
2026-06-26T17:11:43.859327Z vfio_region_read  (0000:09:00.0:region0+0x400, 4) = 0x3
2026-06-26T17:11:43.859345Z vfio_region_read  (0000:09:00.0:region0+0x500, 4) = 0xff0000
2026-06-26T17:11:43.859372Z vfio_region_read  (0000:09:00.0:region0+0x100, 4) = 0x0
2026-06-26T17:11:43.859390Z vfio_region_read  (0000:09:00.0:region0+0x300, 4) = 0x0
2026-06-26T17:11:43.859408Z vfio_region_read  (0000:09:00.0:region0+0x200, 4) = 0x0
2026-06-26T17:11:43.859426Z vfio_region_read  (0000:09:00.0:region0+0x400, 4) = 0x0
2026-06-26T17:11:43.859444Z vfio_region_read  (0000:09:00.0:region0+0x500, 4) = 0xff0000
2026-06-26T17:11:43.859463Z vfio_region_write  (0000:09:00.0:region0+0x408, 0x2, 4)
2026-06-26T17:11:43.859478Z vfio_region_write  (0000:09:00.0:region0+0x8020, 0x80005000, 4)
2026-06-26T17:11:43.859491Z vfio_region_write  (0000:09:00.0:region0+0x8024, 0x80002, 4)
2026-06-26T17:11:43.859504Z vfio_region_write  (0000:09:00.0:region0+0x8028, 0x0, 4)
2026-06-26T17:11:43.859517Z vfio_region_write  (0000:09:00.0:region0+0x802c, 0x0, 4)
2026-06-26T17:11:43.859529Z vfio_region_write  (0000:09:00.0:region0+0x8030, 0x5, 4)
2026-06-26T17:11:43.859543Z vfio_region_write  (0000:09:00.0:region0+0x408, 0x1, 4)
2026-06-26T17:11:43.859583Z vfio_region_read  (0000:09:00.0:region0+0x100, 4) = 0x20000000
2026-06-26T17:11:43.859602Z vfio_region_read  (0000:09:00.0:region0+0x300, 4) = 0x0
2026-06-26T17:11:43.859620Z vfio_region_read  (0000:09:00.0:region0+0x200, 4) = 0x0
2026-06-26T17:11:43.859638Z vfio_region_read  (0000:09:00.0:region0+0x400, 4) = 0x3
2026-06-26T17:11:43.859656Z vfio_region_read  (0000:09:00.0:region0+0x500, 4) = 0xff0000
2026-06-26T17:11:43.859682Z vfio_region_read  (0000:09:00.0:region0+0x100, 4) = 0x0
2026-06-26T17:11:43.859701Z vfio_region_read  (0000:09:00.0:region0+0x300, 4) = 0x0
2026-06-26T17:11:43.859719Z vfio_region_read  (0000:09:00.0:region0+0x200, 4) = 0x0
2026-06-26T17:11:43.859737Z vfio_region_read  (0000:09:00.0:region0+0x400, 4) = 0x0
2026-06-26T17:11:43.859755Z vfio_region_read  (0000:09:00.0:region0+0x500, 4) = 0xff0000
2026-06-26T17:11:43.859774Z vfio_region_write  (0000:09:00.0:region0+0x408, 0x2, 4)
2026-06-26T17:11:43.859789Z vfio_region_write  (0000:09:00.0:region0+0x8020, 0x80005000, 4)
2026-06-26T17:11:43.859802Z vfio_region_write  (0000:09:00.0:region0+0x8024, 0x90002, 4)
2026-06-26T17:11:43.859815Z vfio_region_write  (0000:09:00.0:region0+0x8028, 0x0, 4)
2026-06-26T17:11:43.859835Z vfio_region_write  (0000:09:00.0:region0+0x802c, 0x0, 4)
2026-06-26T17:11:43.859848Z vfio_region_write  (0000:09:00.0:region0+0x8030, 0x6, 4)
2026-06-26T17:11:43.859861Z vfio_region_write  (0000:09:00.0:region0+0x408, 0x1, 4)
2026-06-26T17:11:43.859901Z vfio_region_read  (0000:09:00.0:region0+0x100, 4) = 0x20000000
2026-06-26T17:11:43.859920Z vfio_region_read  (0000:09:00.0:region0+0x300, 4) = 0x0
2026-06-26T17:11:43.859938Z vfio_region_read  (0000:09:00.0:region0+0x200, 4) = 0x0
2026-06-26T17:11:43.859956Z vfio_region_read  (0000:09:00.0:region0+0x400, 4) = 0x3
2026-06-26T17:11:43.859974Z vfio_region_read  (0000:09:00.0:region0+0x500, 4) = 0xff0000
2026-06-26T17:11:43.860001Z vfio_region_read  (0000:09:00.0:region0+0x100, 4) = 0x0
2026-06-26T17:11:43.860020Z vfio_region_read  (0000:09:00.0:region0+0x300, 4) = 0x0
2026-06-26T17:11:43.860038Z vfio_region_read  (0000:09:00.0:region0+0x200, 4) = 0x0
2026-06-26T17:11:43.860056Z vfio_region_read  (0000:09:00.0:region0+0x400, 4) = 0x0
2026-06-26T17:11:43.860074Z vfio_region_read  (0000:09:00.0:region0+0x500, 4) = 0xff0000
2026-06-26T17:11:43.860093Z vfio_region_write  (0000:09:00.0:region0+0x408, 0x2, 4)
2026-06-26T17:11:43.860108Z vfio_region_write  (0000:09:00.0:region0+0x8020, 0x80006001, 4)
2026-06-26T17:11:43.860121Z vfio_region_write  (0000:09:00.0:region0+0x8024, 0xa0000, 4)
2026-06-26T17:11:43.860134Z vfio_region_write  (0000:09:00.0:region0+0x8028, 0x0, 4)
2026-06-26T17:11:43.860147Z vfio_region_write  (0000:09:00.0:region0+0x802c, 0x0, 4)
2026-06-26T17:11:43.860160Z vfio_region_write  (0000:09:00.0:region0+0x408, 0x1, 4)
2026-06-26T17:11:43.860199Z vfio_region_read  (0000:09:00.0:region0+0x100, 4) = 0x20000000
2026-06-26T17:11:43.860218Z vfio_region_read  (0000:09:00.0:region0+0x300, 4) = 0x0
2026-06-26T17:11:43.860237Z vfio_region_read  (0000:09:00.0:region0+0x200, 4) = 0x0
2026-06-26T17:11:43.860255Z vfio_region_read  (0000:09:00.0:region0+0x400, 4) = 0x3
2026-06-26T17:11:43.860273Z vfio_region_read  (0000:09:00.0:region0+0x500, 4) = 0xff0000
2026-06-26T17:11:43.860300Z vfio_region_read  (0000:09:00.0:region0+0x100, 4) = 0x0
2026-06-26T17:11:43.860318Z vfio_region_read  (0000:09:00.0:region0+0x300, 4) = 0x0
2026-06-26T17:11:43.860336Z vfio_region_read  (0000:09:00.0:region0+0x200, 4) = 0x0
2026-06-26T17:11:43.860354Z vfio_region_read  (0000:09:00.0:region0+0x400, 4) = 0x0
2026-06-26T17:11:43.860372Z vfio_region_read  (0000:09:00.0:region0+0x500, 4) = 0xff0000
2026-06-26T17:11:43.860391Z vfio_region_write  (0000:09:00.0:region0+0x408, 0x2, 4)
2026-06-26T17:11:43.860406Z vfio_region_write  (0000:09:00.0:region0+0x8020, 0x80800005, 4)
2026-06-26T17:11:43.860420Z vfio_region_write  (0000:09:00.0:region0+0x8024, 0xb0008, 4)
2026-06-26T17:11:43.860433Z vfio_region_write  (0000:09:00.0:region0+0x8028, 0x0, 4)
2026-06-26T17:11:43.860446Z vfio_region_write  (0000:09:00.0:region0+0x802c, 0x0, 4)
2026-06-26T17:11:43.860458Z vfio_region_write  (0000:09:00.0:region0+0x8030, 0x0, 4)
2026-06-26T17:11:43.860471Z vfio_region_write  (0000:09:00.0:region0+0x8034, 0xc, 4)
2026-06-26T17:11:43.860484Z vfio_region_write  (0000:09:00.0:region0+0x408, 0x1, 4)
2026-06-26T17:11:43.860524Z vfio_region_read  (0000:09:00.0:region0+0x100, 4) = 0x20000000
2026-06-26T17:11:43.860543Z vfio_region_read  (0000:09:00.0:region0+0x300, 4) = 0x0
2026-06-26T17:11:43.860561Z vfio_region_read  (0000:09:00.0:region0+0x200, 4) = 0x0
2026-06-26T17:11:43.860579Z vfio_region_read  (0000:09:00.0:region0+0x400, 4) = 0x3
2026-06-26T17:11:43.860597Z vfio_region_read  (0000:09:00.0:region0+0x500, 4) = 0xff0000
2026-06-26T17:11:43.860624Z vfio_region_read  (0000:09:00.0:region0+0x100, 4) = 0x0
2026-06-26T17:11:43.860643Z vfio_region_read  (0000:09:00.0:region0+0x300, 4) = 0x0
2026-06-26T17:11:43.860661Z vfio_region_read  (0000:09:00.0:region0+0x200, 4) = 0x0
2026-06-26T17:11:43.860679Z vfio_region_read  (0000:09:00.0:region0+0x400, 4) = 0x0
2026-06-26T17:11:43.860697Z vfio_region_read  (0000:09:00.0:region0+0x500, 4) = 0xff0000
2026-06-26T17:11:43.860716Z vfio_region_write  (0000:09:00.0:region0+0x408, 0x2, 4)
2026-06-26T17:11:43.860731Z vfio_region_write  (0000:09:00.0:region0+0x8020, 0x80007000, 4)
2026-06-26T17:11:43.860744Z vfio_region_write  (0000:09:00.0:region0+0x8024, 0xc0000, 4)
2026-06-26T17:11:43.860757Z vfio_region_write  (0000:09:00.0:region0+0x8028, 0x0, 4)
2026-06-26T17:11:43.860770Z vfio_region_write  (0000:09:00.0:region0+0x802c, 0x0, 4)
2026-06-26T17:11:43.860783Z vfio_region_write  (0000:09:00.0:region0+0x408, 0x1, 4)
2026-06-26T17:11:43.860827Z vfio_region_read  (0000:09:00.0:region0+0x100, 4) = 0x20000000
2026-06-26T17:11:43.860847Z vfio_region_read  (0000:09:00.0:region0+0x300, 4) = 0x0
2026-06-26T17:11:43.860865Z vfio_region_read  (0000:09:00.0:region0+0x200, 4) = 0x0
2026-06-26T17:11:43.860883Z vfio_region_read  (0000:09:00.0:region0+0x400, 4) = 0x3
2026-06-26T17:11:43.860901Z vfio_region_read  (0000:09:00.0:region0+0x500, 4) = 0xff0000
2026-06-26T17:11:43.860928Z vfio_region_read  (0000:09:00.0:region0+0x100, 4) = 0x0
2026-06-26T17:11:43.860947Z vfio_region_read  (0000:09:00.0:region0+0x300, 4) = 0x0
2026-06-26T17:11:43.860965Z vfio_region_read  (0000:09:00.0:region0+0x200, 4) = 0x0
2026-06-26T17:11:43.860983Z vfio_region_read  (0000:09:00.0:region0+0x400, 4) = 0x0
2026-06-26T17:11:43.861001Z vfio_region_read  (0000:09:00.0:region0+0x500, 4) = 0xff0000
2026-06-26T17:11:43.861020Z vfio_region_write  (0000:09:00.0:region0+0x408, 0x2, 4)
2026-06-26T17:11:43.861036Z vfio_region_write  (0000:09:00.0:region0+0x8020, 0x80007002, 4)
2026-06-26T17:11:43.861049Z vfio_region_write  (0000:09:00.0:region0+0x8024, 0xd0006, 4)
2026-06-26T17:11:43.861062Z vfio_region_write  (0000:09:00.0:region0+0x8028, 0x0, 4)
2026-06-26T17:11:43.861075Z vfio_region_write  (0000:09:00.0:region0+0x802c, 0x0, 4)
2026-06-26T17:11:43.861088Z vfio_region_write  (0000:09:00.0:region0+0x8030, 0x0, 4)
2026-06-26T17:11:43.861100Z vfio_region_write  (0000:09:00.0:region0+0x8034, 0x1fe50004, 4)
2026-06-26T17:11:43.861113Z vfio_region_write  (0000:09:00.0:region0+0x408, 0x1, 4)
2026-06-26T17:11:43.861154Z vfio_region_read  (0000:09:00.0:region0+0x100, 4) = 0x20000000
2026-06-26T17:11:43.861173Z vfio_region_read  (0000:09:00.0:region0+0x300, 4) = 0x0
2026-06-26T17:11:43.861191Z vfio_region_read  (0000:09:00.0:region0+0x200, 4) = 0x0
2026-06-26T17:11:43.861209Z vfio_region_read  (0000:09:00.0:region0+0x400, 4) = 0x3
2026-06-26T17:11:43.861227Z vfio_region_read  (0000:09:00.0:region0+0x500, 4) = 0xff0000
2026-06-26T17:11:43.861254Z vfio_region_read  (0000:09:00.0:region0+0x100, 4) = 0x0
2026-06-26T17:11:43.861273Z vfio_region_read  (0000:09:00.0:region0+0x300, 4) = 0x0
2026-06-26T17:11:43.861291Z vfio_region_read  (0000:09:00.0:region0+0x200, 4) = 0x0
2026-06-26T17:11:43.861309Z vfio_region_read  (0000:09:00.0:region0+0x400, 4) = 0x0
2026-06-26T17:11:43.861327Z vfio_region_read  (0000:09:00.0:region0+0x500, 4) = 0xff0000
2026-06-26T17:11:43.861349Z vfio_region_write  (0000:09:00.0:region0+0x408, 0x2, 4)
2026-06-26T17:11:43.861364Z vfio_region_write  (0000:09:00.0:region0+0x8020, 0x80005000, 4)
2026-06-26T17:11:43.861377Z vfio_region_write  (0000:09:00.0:region0+0x8024, 0xe0002, 4)
2026-06-26T17:11:43.861391Z vfio_region_write  (0000:09:00.0:region0+0x8028, 0x0, 4)
2026-06-26T17:11:43.861404Z vfio_region_write  (0000:09:00.0:region0+0x802c, 0x0, 4)
2026-06-26T17:11:43.861417Z vfio_region_write  (0000:09:00.0:region0+0x8030, 0x2b, 4)
2026-06-26T17:11:43.861430Z vfio_region_write  (0000:09:00.0:region0+0x408, 0x1, 4)
2026-06-26T17:11:43.861470Z vfio_region_read  (0000:09:00.0:region0+0x100, 4) = 0x20000000
2026-06-26T17:11:43.861489Z vfio_region_read  (0000:09:00.0:region0+0x300, 4) = 0x0
2026-06-26T17:11:43.861508Z vfio_region_read  (0000:09:00.0:region0+0x200, 4) = 0x0
2026-06-26T17:11:43.861526Z vfio_region_read  (0000:09:00.0:region0+0x400, 4) = 0x3
2026-06-26T17:11:43.861544Z vfio_region_read  (0000:09:00.0:region0+0x500, 4) = 0xff0000
2026-06-26T17:11:43.861571Z vfio_region_read  (0000:09:00.0:region0+0x100, 4) = 0x0
2026-06-26T17:11:43.861589Z vfio_region_read  (0000:09:00.0:region0+0x300, 4) = 0x0
2026-06-26T17:11:43.861607Z vfio_region_read  (0000:09:00.0:region0+0x200, 4) = 0x0
2026-06-26T17:11:43.861626Z vfio_region_read  (0000:09:00.0:region0+0x400, 4) = 0x0
2026-06-26T17:11:43.861644Z vfio_region_read  (0000:09:00.0:region0+0x500, 4) = 0xff0000
2026-06-26T17:11:43.861663Z vfio_region_write  (0000:09:00.0:region0+0x408, 0x2, 4)
2026-06-26T17:11:43.861678Z vfio_region_write  (0000:09:00.0:region0+0x8020, 0x80005000, 4)
2026-06-26T17:11:43.861691Z vfio_region_write  (0000:09:00.0:region0+0x8024, 0xf0002, 4)
2026-06-26T17:11:43.861704Z vfio_region_write  (0000:09:00.0:region0+0x8028, 0x0, 4)
2026-06-26T17:11:43.861717Z vfio_region_write  (0000:09:00.0:region0+0x802c, 0x0, 4)
2026-06-26T17:11:43.861730Z vfio_region_write  (0000:09:00.0:region0+0x8030, 0x2c, 4)
2026-06-26T17:11:43.861743Z vfio_region_write  (0000:09:00.0:region0+0x408, 0x1, 4)
2026-06-26T17:11:43.861784Z vfio_region_read  (0000:09:00.0:region0+0x100, 4) = 0x20000000
2026-06-26T17:11:43.861803Z vfio_region_read  (0000:09:00.0:region0+0x300, 4) = 0x0
2026-06-26T17:11:43.861827Z vfio_region_read  (0000:09:00.0:region0+0x200, 4) = 0x0
2026-06-26T17:11:43.861846Z vfio_region_read  (0000:09:00.0:region0+0x400, 4) = 0x3
2026-06-26T17:11:43.861864Z vfio_region_read  (0000:09:00.0:region0+0x500, 4) = 0xff0000
2026-06-26T17:11:43.861891Z vfio_region_read  (0000:09:00.0:region0+0x100, 4) = 0x0
2026-06-26T17:11:43.861910Z vfio_region_read  (0000:09:00.0:region0+0x300, 4) = 0x0
2026-06-26T17:11:43.861928Z vfio_region_read  (0000:09:00.0:region0+0x200, 4) = 0x0
2026-06-26T17:11:43.861946Z vfio_region_read  (0000:09:00.0:region0+0x400, 4) = 0x0
2026-06-26T17:11:43.861964Z vfio_region_read  (0000:09:00.0:region0+0x500, 4) = 0xff0000
2026-06-26T17:11:43.861984Z vfio_region_write  (0000:09:00.0:region0+0x408, 0x2, 4)
2026-06-26T17:11:43.861999Z vfio_region_write  (0000:09:00.0:region0+0x8020, 0x80005000, 4)
2026-06-26T17:11:43.862012Z vfio_region_write  (0000:09:00.0:region0+0x8024, 0x100002, 4)
2026-06-26T17:11:43.862025Z vfio_region_write  (0000:09:00.0:region0+0x8028, 0x0, 4)
2026-06-26T17:11:43.862038Z vfio_region_write  (0000:09:00.0:region0+0x802c, 0x0, 4)
2026-06-26T17:11:43.862051Z vfio_region_write  (0000:09:00.0:region0+0x8030, 0x2d, 4)
2026-06-26T17:11:43.862064Z vfio_region_write  (0000:09:00.0:region0+0x408, 0x1, 4)
2026-06-26T17:11:43.862104Z vfio_region_read  (0000:09:00.0:region0+0x100, 4) = 0x20000000
2026-06-26T17:11:43.862123Z vfio_region_read  (0000:09:00.0:region0+0x300, 4) = 0x0
2026-06-26T17:11:43.862142Z vfio_region_read  (0000:09:00.0:region0+0x200, 4) = 0x0
2026-06-26T17:11:43.862160Z vfio_region_read  (0000:09:00.0:region0+0x400, 4) = 0x3
2026-06-26T17:11:43.862178Z vfio_region_read  (0000:09:00.0:region0+0x500, 4) = 0xff0000
2026-06-26T17:11:43.862205Z vfio_region_read  (0000:09:00.0:region0+0x100, 4) = 0x0
2026-06-26T17:11:43.862223Z vfio_region_read  (0000:09:00.0:region0+0x300, 4) = 0x0
2026-06-26T17:11:43.862241Z vfio_region_read  (0000:09:00.0:region0+0x200, 4) = 0x0
2026-06-26T17:11:43.862260Z vfio_region_read  (0000:09:00.0:region0+0x400, 4) = 0x0
2026-06-26T17:11:43.862278Z vfio_region_read  (0000:09:00.0:region0+0x500, 4) = 0xff0000
2026-06-26T17:11:43.862297Z vfio_region_write  (0000:09:00.0:region0+0x408, 0x2, 4)
2026-06-26T17:11:43.862312Z vfio_region_write  (0000:09:00.0:region0+0x8020, 0x80005000, 4)
2026-06-26T17:11:43.862327Z vfio_region_write  (0000:09:00.0:region0+0x8024, 0x110002, 4)
2026-06-26T17:11:43.862340Z vfio_region_write  (0000:09:00.0:region0+0x8028, 0x0, 4)
2026-06-26T17:11:43.862352Z vfio_region_write  (0000:09:00.0:region0+0x802c, 0x0, 4)
2026-06-26T17:11:43.862364Z vfio_region_write  (0000:09:00.0:region0+0x8030, 0x2e, 4)
2026-06-26T17:11:43.862377Z vfio_region_write  (0000:09:00.0:region0+0x408, 0x1, 4)
2026-06-26T17:11:43.862417Z vfio_region_read  (0000:09:00.0:region0+0x100, 4) = 0x20000000
2026-06-26T17:11:43.862436Z vfio_region_read  (0000:09:00.0:region0+0x300, 4) = 0x0
2026-06-26T17:11:43.862453Z vfio_region_read  (0000:09:00.0:region0+0x200, 4) = 0x0
2026-06-26T17:11:43.862471Z vfio_region_read  (0000:09:00.0:region0+0x400, 4) = 0x3
2026-06-26T17:11:43.862489Z vfio_region_read  (0000:09:00.0:region0+0x500, 4) = 0xff0000
2026-06-26T17:11:43.862516Z vfio_region_read  (0000:09:00.0:region0+0x100, 4) = 0x0
2026-06-26T17:11:43.862535Z vfio_region_read  (0000:09:00.0:region0+0x300, 4) = 0x0
2026-06-26T17:11:43.862553Z vfio_region_read  (0000:09:00.0:region0+0x200, 4) = 0x0
2026-06-26T17:11:43.862571Z vfio_region_read  (0000:09:00.0:region0+0x400, 4) = 0x0
2026-06-26T17:11:43.862589Z vfio_region_read  (0000:09:00.0:region0+0x500, 4) = 0xff0000
2026-06-26T17:11:43.862608Z vfio_region_write  (0000:09:00.0:region0+0x408, 0x2, 4)
2026-06-26T17:11:43.862623Z vfio_region_write  (0000:09:00.0:region0+0x8020, 0x80007003, 4)
2026-06-26T17:11:43.862636Z vfio_region_write  (0000:09:00.0:region0+0x8024, 0x120006, 4)
2026-06-26T17:11:43.862648Z vfio_region_write  (0000:09:00.0:region0+0x8028, 0x0, 4)
2026-06-26T17:11:43.862661Z vfio_region_write  (0000:09:00.0:region0+0x802c, 0x0, 4)
2026-06-26T17:11:43.862673Z vfio_region_write  (0000:09:00.0:region0+0x8030, 0x0, 4)
2026-06-26T17:11:43.862688Z vfio_region_write  (0000:09:00.0:region0+0x8034, 0x1fe5000e, 4)
2026-06-26T17:11:43.862700Z vfio_region_write  (0000:09:00.0:region0+0x408, 0x1, 4)
2026-06-26T17:11:43.862742Z vfio_region_read  (0000:09:00.0:region0+0x100, 4) = 0x20000000
2026-06-26T17:11:43.862761Z vfio_region_read  (0000:09:00.0:region0+0x300, 4) = 0x0
2026-06-26T17:11:43.862779Z vfio_region_read  (0000:09:00.0:region0+0x200, 4) = 0x0
2026-06-26T17:11:43.862797Z vfio_region_read  (0000:09:00.0:region0+0x400, 4) = 0x1
2026-06-26T17:11:43.862815Z vfio_region_read  (0000:09:00.0:region0+0x500, 4) = 0xff0000
2026-06-26T17:11:43.862849Z vfio_region_read  (0000:09:00.0:region0+0x100, 4) = 0x20000000
2026-06-26T17:11:43.862868Z vfio_region_read  (0000:09:00.0:region0+0x300, 4) = 0x0
2026-06-26T17:11:43.862885Z vfio_region_read  (0000:09:00.0:region0+0x200, 4) = 0x0
2026-06-26T17:11:43.862904Z vfio_region_read  (0000:09:00.0:region0+0x400, 4) = 0x2
2026-06-26T17:11:43.862921Z vfio_region_read  (0000:09:00.0:region0+0x500, 4) = 0xff0000
2026-06-26T17:11:43.862941Z vfio_region_write  (0000:09:00.0:region0+0x408, 0x2, 4)
2026-06-26T17:11:43.862956Z vfio_region_write  (0000:09:00.0:region0+0x8020, 0x80005000, 4)
2026-06-26T17:11:43.862969Z vfio_region_write  (0000:09:00.0:region0+0x8024, 0x130002, 4)
2026-06-26T17:11:43.862982Z vfio_region_write  (0000:09:00.0:region0+0x8028, 0x0, 4)
2026-06-26T17:11:43.862994Z vfio_region_write  (0000:09:00.0:region0+0x802c, 0x0, 4)
2026-06-26T17:11:43.863006Z vfio_region_write  (0000:09:00.0:region0+0x8030, 0xd, 4)
2026-06-26T17:11:43.863019Z vfio_region_write  (0000:09:00.0:region0+0x408, 0x1, 4)
2026-06-26T17:11:43.863059Z vfio_region_read  (0000:09:00.0:region0+0x100, 4) = 0x20000000
2026-06-26T17:11:43.863078Z vfio_region_read  (0000:09:00.0:region0+0x300, 4) = 0x0
2026-06-26T17:11:43.863096Z vfio_region_read  (0000:09:00.0:region0+0x200, 4) = 0x0
2026-06-26T17:11:43.863114Z vfio_region_read  (0000:09:00.0:region0+0x400, 4) = 0x3
2026-06-26T17:11:43.863133Z vfio_region_read  (0000:09:00.0:region0+0x500, 4) = 0xff0000
2026-06-26T17:11:43.863160Z vfio_region_read  (0000:09:00.0:region0+0x100, 4) = 0x0
2026-06-26T17:11:43.863178Z vfio_region_read  (0000:09:00.0:region0+0x300, 4) = 0x0
2026-06-26T17:11:43.863196Z vfio_region_read  (0000:09:00.0:region0+0x200, 4) = 0x0
2026-06-26T17:11:43.863215Z vfio_region_read  (0000:09:00.0:region0+0x400, 4) = 0x0
2026-06-26T17:11:43.863233Z vfio_region_read  (0000:09:00.0:region0+0x500, 4) = 0xff0000
2026-06-26T17:11:43.863252Z vfio_region_write  (0000:09:00.0:region0+0x408, 0x2, 4)
2026-06-26T17:11:43.863267Z vfio_region_write  (0000:09:00.0:region0+0x8020, 0x80005000, 4)
2026-06-26T17:11:43.863281Z vfio_region_write  (0000:09:00.0:region0+0x8024, 0x140002, 4)
2026-06-26T17:11:43.863293Z vfio_region_write  (0000:09:00.0:region0+0x8028, 0x0, 4)
2026-06-26T17:11:43.863306Z vfio_region_write  (0000:09:00.0:region0+0x802c, 0x0, 4)
2026-06-26T17:11:43.863319Z vfio_region_write  (0000:09:00.0:region0+0x8030, 0xe, 4)
2026-06-26T17:11:43.863332Z vfio_region_write  (0000:09:00.0:region0+0x408, 0x1, 4)
2026-06-26T17:11:43.863372Z vfio_region_read  (0000:09:00.0:region0+0x100, 4) = 0x20000000
2026-06-26T17:11:43.863391Z vfio_region_read  (0000:09:00.0:region0+0x300, 4) = 0x0
2026-06-26T17:11:43.863409Z vfio_region_read  (0000:09:00.0:region0+0x200, 4) = 0x0
2026-06-26T17:11:43.863428Z vfio_region_read  (0000:09:00.0:region0+0x400, 4) = 0x3
2026-06-26T17:11:43.863446Z vfio_region_read  (0000:09:00.0:region0+0x500, 4) = 0xff0000
2026-06-26T17:11:43.863473Z vfio_region_read  (0000:09:00.0:region0+0x100, 4) = 0x0
2026-06-26T17:11:43.863491Z vfio_region_read  (0000:09:00.0:region0+0x300, 4) = 0x0
2026-06-26T17:11:43.863509Z vfio_region_read  (0000:09:00.0:region0+0x200, 4) = 0x0
2026-06-26T17:11:43.863528Z vfio_region_read  (0000:09:00.0:region0+0x400, 4) = 0x0
2026-06-26T17:11:43.863546Z vfio_region_read  (0000:09:00.0:region0+0x500, 4) = 0xff0000
2026-06-26T17:11:43.863565Z vfio_region_write  (0000:09:00.0:region0+0x408, 0x2, 4)
2026-06-26T17:11:43.863580Z vfio_region_write  (0000:09:00.0:region0+0x8020, 0x80005000, 4)
2026-06-26T17:11:43.863594Z vfio_region_write  (0000:09:00.0:region0+0x8024, 0x150002, 4)
2026-06-26T17:11:43.863606Z vfio_region_write  (0000:09:00.0:region0+0x8028, 0x0, 4)
2026-06-26T17:11:43.863619Z vfio_region_write  (0000:09:00.0:region0+0x802c, 0x0, 4)
2026-06-26T17:11:43.863631Z vfio_region_write  (0000:09:00.0:region0+0x8030, 0x15, 4)
2026-06-26T17:11:43.863645Z vfio_region_write  (0000:09:00.0:region0+0x408, 0x1, 4)
2026-06-26T17:11:43.863685Z vfio_region_read  (0000:09:00.0:region0+0x100, 4) = 0x20000000
2026-06-26T17:11:43.863704Z vfio_region_read  (0000:09:00.0:region0+0x300, 4) = 0x0
2026-06-26T17:11:43.863723Z vfio_region_read  (0000:09:00.0:region0+0x200, 4) = 0x0
2026-06-26T17:11:43.863741Z vfio_region_read  (0000:09:00.0:region0+0x400, 4) = 0x3
2026-06-26T17:11:43.863759Z vfio_region_read  (0000:09:00.0:region0+0x500, 4) = 0xff0000
2026-06-26T17:11:43.863786Z vfio_region_read  (0000:09:00.0:region0+0x100, 4) = 0x0
2026-06-26T17:11:43.863805Z vfio_region_read  (0000:09:00.0:region0+0x300, 4) = 0x0
2026-06-26T17:11:43.863833Z vfio_region_read  (0000:09:00.0:region0+0x200, 4) = 0x0
2026-06-26T17:11:43.863852Z vfio_region_read  (0000:09:00.0:region0+0x400, 4) = 0x0
2026-06-26T17:11:43.863870Z vfio_region_read  (0000:09:00.0:region0+0x500, 4) = 0xff0000
2026-06-26T17:11:43.863889Z vfio_region_write  (0000:09:00.0:region0+0x408, 0x2, 4)
2026-06-26T17:11:43.863904Z vfio_region_write  (0000:09:00.0:region0+0x8020, 0x80005000, 4)
2026-06-26T17:11:43.863918Z vfio_region_write  (0000:09:00.0:region0+0x8024, 0x160002, 4)
2026-06-26T17:11:43.863931Z vfio_region_write  (0000:09:00.0:region0+0x8028, 0x0, 4)
2026-06-26T17:11:43.863944Z vfio_region_write  (0000:09:00.0:region0+0x802c, 0x0, 4)
2026-06-26T17:11:43.863957Z vfio_region_write  (0000:09:00.0:region0+0x8030, 0x16, 4)
2026-06-26T17:11:43.863970Z vfio_region_write  (0000:09:00.0:region0+0x408, 0x1, 4)
2026-06-26T17:11:43.864010Z vfio_region_read  (0000:09:00.0:region0+0x100, 4) = 0x20000000
2026-06-26T17:11:43.864029Z vfio_region_read  (0000:09:00.0:region0+0x300, 4) = 0x0
2026-06-26T17:11:43.864048Z vfio_region_read  (0000:09:00.0:region0+0x200, 4) = 0x0
2026-06-26T17:11:43.864066Z vfio_region_read  (0000:09:00.0:region0+0x400, 4) = 0x3
2026-06-26T17:11:43.864084Z vfio_region_read  (0000:09:00.0:region0+0x500, 4) = 0xff0000
2026-06-26T17:11:43.864111Z vfio_region_read  (0000:09:00.0:region0+0x100, 4) = 0x0
2026-06-26T17:11:43.864129Z vfio_region_read  (0000:09:00.0:region0+0x300, 4) = 0x0
2026-06-26T17:11:43.864147Z vfio_region_read  (0000:09:00.0:region0+0x200, 4) = 0x0
2026-06-26T17:11:43.864166Z vfio_region_read  (0000:09:00.0:region0+0x400, 4) = 0x0
2026-06-26T17:11:43.864184Z vfio_region_read  (0000:09:00.0:region0+0x500, 4) = 0xff0000
2026-06-26T17:11:43.864203Z vfio_region_write  (0000:09:00.0:region0+0x408, 0x2, 4)
2026-06-26T17:11:43.864218Z vfio_region_write  (0000:09:00.0:region0+0x8020, 0x80005000, 4)
2026-06-26T17:11:43.864231Z vfio_region_write  (0000:09:00.0:region0+0x8024, 0x170002, 4)
2026-06-26T17:11:43.864244Z vfio_region_write  (0000:09:00.0:region0+0x8028, 0x0, 4)
2026-06-26T17:11:43.864258Z vfio_region_write  (0000:09:00.0:region0+0x802c, 0x0, 4)
2026-06-26T17:11:43.864272Z vfio_region_write  (0000:09:00.0:region0+0x8030, 0x27, 4)
2026-06-26T17:11:43.864286Z vfio_region_write  (0000:09:00.0:region0+0x408, 0x1, 4)
2026-06-26T17:11:43.864326Z vfio_region_read  (0000:09:00.0:region0+0x100, 4) = 0x20000000
2026-06-26T17:11:43.864345Z vfio_region_read  (0000:09:00.0:region0+0x300, 4) = 0x0
2026-06-26T17:11:43.864364Z vfio_region_read  (0000:09:00.0:region0+0x200, 4) = 0x0
2026-06-26T17:11:43.864382Z vfio_region_read  (0000:09:00.0:region0+0x400, 4) = 0x3
2026-06-26T17:11:43.864400Z vfio_region_read  (0000:09:00.0:region0+0x500, 4) = 0xff0000
2026-06-26T17:11:43.864427Z vfio_region_read  (0000:09:00.0:region0+0x100, 4) = 0x0
2026-06-26T17:11:43.864445Z vfio_region_read  (0000:09:00.0:region0+0x300, 4) = 0x0
2026-06-26T17:11:43.864463Z vfio_region_read  (0000:09:00.0:region0+0x200, 4) = 0x0
2026-06-26T17:11:43.864482Z vfio_region_read  (0000:09:00.0:region0+0x400, 4) = 0x0
2026-06-26T17:11:43.864500Z vfio_region_read  (0000:09:00.0:region0+0x500, 4) = 0xff0000
2026-06-26T17:11:43.864519Z vfio_region_write  (0000:09:00.0:region0+0x408, 0x2, 4)
2026-06-26T17:11:43.864534Z vfio_region_write  (0000:09:00.0:region0+0x8020, 0x80005000, 4)
2026-06-26T17:11:43.864547Z vfio_region_write  (0000:09:00.0:region0+0x8024, 0x180002, 4)
2026-06-26T17:11:43.864560Z vfio_region_write  (0000:09:00.0:region0+0x8028, 0x0, 4)
2026-06-26T17:11:43.864573Z vfio_region_write  (0000:09:00.0:region0+0x802c, 0x0, 4)
2026-06-26T17:11:43.864586Z vfio_region_write  (0000:09:00.0:region0+0x8030, 0x28, 4)
2026-06-26T17:11:43.864598Z vfio_region_write  (0000:09:00.0:region0+0x408, 0x1, 4)
2026-06-26T17:11:43.864638Z vfio_region_read  (0000:09:00.0:region0+0x100, 4) = 0x20000000
2026-06-26T17:11:43.864657Z vfio_region_read  (0000:09:00.0:region0+0x300, 4) = 0x0
2026-06-26T17:11:43.864676Z vfio_region_read  (0000:09:00.0:region0+0x200, 4) = 0x0
2026-06-26T17:11:43.864694Z vfio_region_read  (0000:09:00.0:region0+0x400, 4) = 0x3
2026-06-26T17:11:43.864712Z vfio_region_read  (0000:09:00.0:region0+0x500, 4) = 0xff0000
2026-06-26T17:11:43.864739Z vfio_region_read  (0000:09:00.0:region0+0x100, 4) = 0x0
2026-06-26T17:11:43.864757Z vfio_region_read  (0000:09:00.0:region0+0x300, 4) = 0x0
2026-06-26T17:11:43.864775Z vfio_region_read  (0000:09:00.0:region0+0x200, 4) = 0x0
2026-06-26T17:11:43.864793Z vfio_region_read  (0000:09:00.0:region0+0x400, 4) = 0x0
2026-06-26T17:11:43.864812Z vfio_region_read  (0000:09:00.0:region0+0x500, 4) = 0xff0000
2026-06-26T17:11:43.864839Z vfio_region_write  (0000:09:00.0:region0+0x408, 0x2, 4)
2026-06-26T17:11:43.864854Z vfio_region_write  (0000:09:00.0:region0+0x8020, 0x80005000, 4)
2026-06-26T17:11:43.864868Z vfio_region_write  (0000:09:00.0:region0+0x8024, 0x190002, 4)
2026-06-26T17:11:43.864880Z vfio_region_write  (0000:09:00.0:region0+0x8028, 0x0, 4)
2026-06-26T17:11:43.864893Z vfio_region_write  (0000:09:00.0:region0+0x802c, 0x0, 4)
2026-06-26T17:11:43.864906Z vfio_region_write  (0000:09:00.0:region0+0x8030, 0x17, 4)
2026-06-26T17:11:43.864921Z vfio_region_write  (0000:09:00.0:region0+0x408, 0x1, 4)
2026-06-26T17:11:43.864961Z vfio_region_read  (0000:09:00.0:region0+0x100, 4) = 0x20000000
2026-06-26T17:11:43.864979Z vfio_region_read  (0000:09:00.0:region0+0x300, 4) = 0x0
2026-06-26T17:11:43.864998Z vfio_region_read  (0000:09:00.0:region0+0x200, 4) = 0x0
2026-06-26T17:11:43.865016Z vfio_region_read  (0000:09:00.0:region0+0x400, 4) = 0x3
2026-06-26T17:11:43.865034Z vfio_region_read  (0000:09:00.0:region0+0x500, 4) = 0xff0000
2026-06-26T17:11:43.865061Z vfio_region_read  (0000:09:00.0:region0+0x100, 4) = 0x0
2026-06-26T17:11:43.865080Z vfio_region_read  (0000:09:00.0:region0+0x300, 4) = 0x0
2026-06-26T17:11:43.865098Z vfio_region_read  (0000:09:00.0:region0+0x200, 4) = 0x0
2026-06-26T17:11:43.865116Z vfio_region_read  (0000:09:00.0:region0+0x400, 4) = 0x0
2026-06-26T17:11:43.865134Z vfio_region_read  (0000:09:00.0:region0+0x500, 4) = 0xff0000
2026-06-26T17:11:43.865153Z vfio_region_write  (0000:09:00.0:region0+0x408, 0x2, 4)
2026-06-26T17:11:43.865168Z vfio_region_write  (0000:09:00.0:region0+0x8020, 0x80005000, 4)
2026-06-26T17:11:43.865182Z vfio_region_write  (0000:09:00.0:region0+0x8024, 0x1a0002, 4)
2026-06-26T17:11:43.865195Z vfio_region_write  (0000:09:00.0:region0+0x8028, 0x0, 4)
2026-06-26T17:11:43.865207Z vfio_region_write  (0000:09:00.0:region0+0x802c, 0x0, 4)
2026-06-26T17:11:43.865220Z vfio_region_write  (0000:09:00.0:region0+0x8030, 0x18, 4)
2026-06-26T17:11:43.865235Z vfio_region_write  (0000:09:00.0:region0+0x408, 0x1, 4)
2026-06-26T17:11:43.865275Z vfio_region_read  (0000:09:00.0:region0+0x100, 4) = 0x20000000
2026-06-26T17:11:43.865294Z vfio_region_read  (0000:09:00.0:region0+0x300, 4) = 0x0
2026-06-26T17:11:43.865313Z vfio_region_read  (0000:09:00.0:region0+0x200, 4) = 0x0
2026-06-26T17:11:43.865331Z vfio_region_read  (0000:09:00.0:region0+0x400, 4) = 0x3
2026-06-26T17:11:43.865349Z vfio_region_read  (0000:09:00.0:region0+0x500, 4) = 0xff0000
2026-06-26T17:11:43.865376Z vfio_region_read  (0000:09:00.0:region0+0x100, 4) = 0x0
2026-06-26T17:11:43.865394Z vfio_region_read  (0000:09:00.0:region0+0x300, 4) = 0x0
2026-06-26T17:11:43.865412Z vfio_region_read  (0000:09:00.0:region0+0x200, 4) = 0x0
2026-06-26T17:11:43.865430Z vfio_region_read  (0000:09:00.0:region0+0x400, 4) = 0x0
2026-06-26T17:11:43.865449Z vfio_region_read  (0000:09:00.0:region0+0x500, 4) = 0xff0000
2026-06-26T17:11:43.865468Z vfio_region_write  (0000:09:00.0:region0+0x408, 0x2, 4)
2026-06-26T17:11:43.865483Z vfio_region_write  (0000:09:00.0:region0+0x8020, 0x80005000, 4)
2026-06-26T17:11:43.865496Z vfio_region_write  (0000:09:00.0:region0+0x8024, 0x1b0002, 4)
2026-06-26T17:11:43.865508Z vfio_region_write  (0000:09:00.0:region0+0x8028, 0x0, 4)
2026-06-26T17:11:43.865522Z vfio_region_write  (0000:09:00.0:region0+0x802c, 0x0, 4)
2026-06-26T17:11:43.865537Z vfio_region_write  (0000:09:00.0:region0+0x8030, 0x19, 4)
2026-06-26T17:11:43.865550Z vfio_region_write  (0000:09:00.0:region0+0x408, 0x1, 4)
2026-06-26T17:11:43.865590Z vfio_region_read  (0000:09:00.0:region0+0x100, 4) = 0x20000000
2026-06-26T17:11:43.865609Z vfio_region_read  (0000:09:00.0:region0+0x300, 4) = 0x0
2026-06-26T17:11:43.865628Z vfio_region_read  (0000:09:00.0:region0+0x200, 4) = 0x0
2026-06-26T17:11:43.865646Z vfio_region_read  (0000:09:00.0:region0+0x400, 4) = 0x3
2026-06-26T17:11:43.865664Z vfio_region_read  (0000:09:00.0:region0+0x500, 4) = 0xff0000
2026-06-26T17:11:43.865691Z vfio_region_read  (0000:09:00.0:region0+0x100, 4) = 0x0
2026-06-26T17:11:43.865709Z vfio_region_read  (0000:09:00.0:region0+0x300, 4) = 0x0
2026-06-26T17:11:43.865728Z vfio_region_read  (0000:09:00.0:region0+0x200, 4) = 0x0
2026-06-26T17:11:43.865746Z vfio_region_read  (0000:09:00.0:region0+0x400, 4) = 0x0
2026-06-26T17:11:43.865764Z vfio_region_read  (0000:09:00.0:region0+0x500, 4) = 0xff0000
2026-06-26T17:11:43.865783Z vfio_region_write  (0000:09:00.0:region0+0x408, 0x2, 4)
2026-06-26T17:11:43.865798Z vfio_region_write  (0000:09:00.0:region0+0x8020, 0x80005000, 4)
2026-06-26T17:11:43.865812Z vfio_region_write  (0000:09:00.0:region0+0x8024, 0x1c0002, 4)
2026-06-26T17:11:43.865831Z vfio_region_write  (0000:09:00.0:region0+0x8028, 0x0, 4)
2026-06-26T17:11:43.865845Z vfio_region_write  (0000:09:00.0:region0+0x802c, 0x0, 4)
2026-06-26T17:11:43.865858Z vfio_region_write  (0000:09:00.0:region0+0x8030, 0x1a, 4)
2026-06-26T17:11:43.865872Z vfio_region_write  (0000:09:00.0:region0+0x408, 0x1, 4)
2026-06-26T17:11:43.865912Z vfio_region_read  (0000:09:00.0:region0+0x100, 4) = 0x20000000
2026-06-26T17:11:43.865931Z vfio_region_read  (0000:09:00.0:region0+0x300, 4) = 0x0
2026-06-26T17:11:43.865949Z vfio_region_read  (0000:09:00.0:region0+0x200, 4) = 0x0
2026-06-26T17:11:43.865968Z vfio_region_read  (0000:09:00.0:region0+0x400, 4) = 0x3
2026-06-26T17:11:43.865986Z vfio_region_read  (0000:09:00.0:region0+0x500, 4) = 0xff0000
2026-06-26T17:11:43.866012Z vfio_region_read  (0000:09:00.0:region0+0x100, 4) = 0x0
2026-06-26T17:11:43.866031Z vfio_region_read  (0000:09:00.0:region0+0x300, 4) = 0x0
2026-06-26T17:11:43.866049Z vfio_region_read  (0000:09:00.0:region0+0x200, 4) = 0x0
2026-06-26T17:11:43.866067Z vfio_region_read  (0000:09:00.0:region0+0x400, 4) = 0x0
2026-06-26T17:11:43.866086Z vfio_region_read  (0000:09:00.0:region0+0x500, 4) = 0xff0000
2026-06-26T17:11:43.866105Z vfio_region_write  (0000:09:00.0:region0+0x408, 0x2, 4)
2026-06-26T17:11:43.866120Z vfio_region_write  (0000:09:00.0:region0+0x8020, 0x80005000, 4)
2026-06-26T17:11:43.866134Z vfio_region_write  (0000:09:00.0:region0+0x8024, 0x1d0002, 4)
2026-06-26T17:11:43.866148Z vfio_region_write  (0000:09:00.0:region0+0x8028, 0x0, 4)
2026-06-26T17:11:43.866236Z vfio_region_write  (0000:09:00.0:region0+0x802c, 0x0, 4)
2026-06-26T17:11:43.866250Z vfio_region_write  (0000:09:00.0:region0+0x8030, 0x1b, 4)
2026-06-26T17:11:43.866263Z vfio_region_write  (0000:09:00.0:region0+0x408, 0x1, 4)
2026-06-26T17:11:43.866304Z vfio_region_read  (0000:09:00.0:region0+0x100, 4) = 0x20000000
2026-06-26T17:11:43.866323Z vfio_region_read  (0000:09:00.0:region0+0x300, 4) = 0x0
2026-06-26T17:11:43.866341Z vfio_region_read  (0000:09:00.0:region0+0x200, 4) = 0x0
2026-06-26T17:11:43.866360Z vfio_region_read  (0000:09:00.0:region0+0x400, 4) = 0x3
2026-06-26T17:11:43.866378Z vfio_region_read  (0000:09:00.0:region0+0x500, 4) = 0xff0000
2026-06-26T17:11:43.866405Z vfio_region_read  (0000:09:00.0:region0+0x100, 4) = 0x0
2026-06-26T17:11:43.866423Z vfio_region_read  (0000:09:00.0:region0+0x300, 4) = 0x0
2026-06-26T17:11:43.866442Z vfio_region_read  (0000:09:00.0:region0+0x200, 4) = 0x0
2026-06-26T17:11:43.866460Z vfio_region_read  (0000:09:00.0:region0+0x400, 4) = 0x0
2026-06-26T17:11:43.866478Z vfio_region_read  (0000:09:00.0:region0+0x500, 4) = 0xff0000
2026-06-26T17:11:43.866497Z vfio_region_write  (0000:09:00.0:region0+0x408, 0x2, 4)
2026-06-26T17:11:43.866513Z vfio_region_write  (0000:09:00.0:region0+0x8020, 0x80005000, 4)
2026-06-26T17:11:43.866526Z vfio_region_write  (0000:09:00.0:region0+0x8024, 0x1e0002, 4)
2026-06-26T17:11:43.866539Z vfio_region_write  (0000:09:00.0:region0+0x8028, 0x0, 4)
2026-06-26T17:11:43.866553Z vfio_region_write  (0000:09:00.0:region0+0x802c, 0x0, 4)
2026-06-26T17:11:43.866566Z vfio_region_write  (0000:09:00.0:region0+0x8030, 0x1c, 4)
2026-06-26T17:11:43.866579Z vfio_region_write  (0000:09:00.0:region0+0x408, 0x1, 4)
2026-06-26T17:11:43.866620Z vfio_region_read  (0000:09:00.0:region0+0x100, 4) = 0x20000000
2026-06-26T17:11:43.866639Z vfio_region_read  (0000:09:00.0:region0+0x300, 4) = 0x0
2026-06-26T17:11:43.866657Z vfio_region_read  (0000:09:00.0:region0+0x200, 4) = 0x0
2026-06-26T17:11:43.866676Z vfio_region_read  (0000:09:00.0:region0+0x400, 4) = 0x3
2026-06-26T17:11:43.866694Z vfio_region_read  (0000:09:00.0:region0+0x500, 4) = 0xff0000
2026-06-26T17:11:43.866721Z vfio_region_read  (0000:09:00.0:region0+0x100, 4) = 0x0
2026-06-26T17:11:43.866739Z vfio_region_read  (0000:09:00.0:region0+0x300, 4) = 0x0
2026-06-26T17:11:43.866757Z vfio_region_read  (0000:09:00.0:region0+0x200, 4) = 0x0
2026-06-26T17:11:43.866776Z vfio_region_read  (0000:09:00.0:region0+0x400, 4) = 0x0
2026-06-26T17:11:43.866794Z vfio_region_read  (0000:09:00.0:region0+0x500, 4) = 0xff0000
2026-06-26T17:11:43.866813Z vfio_region_write  (0000:09:00.0:region0+0x408, 0x2, 4)
2026-06-26T17:11:43.866833Z vfio_region_write  (0000:09:00.0:region0+0x8020, 0x80005000, 4)
2026-06-26T17:11:43.866847Z vfio_region_write  (0000:09:00.0:region0+0x8024, 0x1f0002, 4)
2026-06-26T17:11:43.866860Z vfio_region_write  (0000:09:00.0:region0+0x8028, 0x0, 4)
2026-06-26T17:11:43.866874Z vfio_region_write  (0000:09:00.0:region0+0x802c, 0x0, 4)
2026-06-26T17:11:43.866887Z vfio_region_write  (0000:09:00.0:region0+0x8030, 0x1d, 4)
2026-06-26T17:11:43.866900Z vfio_region_write  (0000:09:00.0:region0+0x408, 0x1, 4)
2026-06-26T17:11:43.866941Z vfio_region_read  (0000:09:00.0:region0+0x100, 4) = 0x20000000
2026-06-26T17:11:43.866960Z vfio_region_read  (0000:09:00.0:region0+0x300, 4) = 0x0
2026-06-26T17:11:43.866979Z vfio_region_read  (0000:09:00.0:region0+0x200, 4) = 0x0
2026-06-26T17:11:43.866997Z vfio_region_read  (0000:09:00.0:region0+0x400, 4) = 0x3
2026-06-26T17:11:43.867015Z vfio_region_read  (0000:09:00.0:region0+0x500, 4) = 0xff0000
2026-06-26T17:11:43.867042Z vfio_region_read  (0000:09:00.0:region0+0x100, 4) = 0x0
2026-06-26T17:11:43.867061Z vfio_region_read  (0000:09:00.0:region0+0x300, 4) = 0x0
2026-06-26T17:11:43.867079Z vfio_region_read  (0000:09:00.0:region0+0x200, 4) = 0x0
2026-06-26T17:11:43.867097Z vfio_region_read  (0000:09:00.0:region0+0x400, 4) = 0x0
2026-06-26T17:11:43.867115Z vfio_region_read  (0000:09:00.0:region0+0x500, 4) = 0xff0000
2026-06-26T17:11:43.867134Z vfio_region_write  (0000:09:00.0:region0+0x408, 0x2, 4)
2026-06-26T17:11:43.867149Z vfio_region_write  (0000:09:00.0:region0+0x8020, 0x80005000, 4)
2026-06-26T17:11:43.867163Z vfio_region_write  (0000:09:00.0:region0+0x8024, 0x200002, 4)
2026-06-26T17:11:43.867176Z vfio_region_write  (0000:09:00.0:region0+0x8028, 0x0, 4)
2026-06-26T17:11:43.867189Z vfio_region_write  (0000:09:00.0:region0+0x802c, 0x0, 4)
2026-06-26T17:11:43.867202Z vfio_region_write  (0000:09:00.0:region0+0x8030, 0x1e, 4)
2026-06-26T17:11:43.867215Z vfio_region_write  (0000:09:00.0:region0+0x408, 0x1, 4)
2026-06-26T17:11:43.867253Z vfio_region_read  (0000:09:00.0:region0+0x100, 4) = 0x20000000
2026-06-26T17:11:43.867272Z vfio_region_read  (0000:09:00.0:region0+0x300, 4) = 0x0
2026-06-26T17:11:43.867290Z vfio_region_read  (0000:09:00.0:region0+0x200, 4) = 0x0
2026-06-26T17:11:43.867308Z vfio_region_read  (0000:09:00.0:region0+0x400, 4) = 0x1
2026-06-26T17:11:43.867327Z vfio_region_read  (0000:09:00.0:region0+0x500, 4) = 0xff0000
2026-06-26T17:11:43.867399Z vfio_region_read  (0000:09:00.0:region0+0x100, 4) = 0x20000000
2026-06-26T17:11:43.867418Z vfio_region_read  (0000:09:00.0:region0+0x300, 4) = 0x0
2026-06-26T17:11:43.867436Z vfio_region_read  (0000:09:00.0:region0+0x200, 4) = 0x0
2026-06-26T17:11:43.867454Z vfio_region_read  (0000:09:00.0:region0+0x400, 4) = 0x2
2026-06-26T17:11:43.867472Z vfio_region_read  (0000:09:00.0:region0+0x500, 4) = 0xff0000
2026-06-26T17:11:43.867491Z vfio_region_write  (0000:09:00.0:region0+0x408, 0x2, 4)
2026-06-26T17:11:43.867577Z vfio_region_write  (0000:09:00.0:region0+0x8020, 0x80000002, 4)
2026-06-26T17:11:43.867592Z vfio_region_write  (0000:09:00.0:region0+0x8024, 0x210000, 4)
2026-06-26T17:11:43.867605Z vfio_region_write  (0000:09:00.0:region0+0x8028, 0x0, 4)
2026-06-26T17:11:43.867618Z vfio_region_write  (0000:09:00.0:region0+0x802c, 0x0, 4)
2026-06-26T17:11:43.867632Z vfio_region_write  (0000:09:00.0:region0+0x408, 0x1, 4)
2026-06-26T17:11:43.867674Z vfio_region_read  (0000:09:00.0:region0+0x100, 4) = 0x20000000
2026-06-26T17:11:43.867693Z vfio_region_read  (0000:09:00.0:region0+0x300, 4) = 0x0
2026-06-26T17:11:43.867711Z vfio_region_read  (0000:09:00.0:region0+0x200, 4) = 0x0
2026-06-26T17:11:43.867730Z vfio_region_read  (0000:09:00.0:region0+0x400, 4) = 0x3
2026-06-26T17:11:43.867748Z vfio_region_read  (0000:09:00.0:region0+0x500, 4) = 0xff0000
2026-06-26T17:11:43.867775Z vfio_region_read  (0000:09:00.0:region0+0x100, 4) = 0x0
2026-06-26T17:11:43.867794Z vfio_region_read  (0000:09:00.0:region0+0x300, 4) = 0x0
2026-06-26T17:11:43.867812Z vfio_region_read  (0000:09:00.0:region0+0x200, 4) = 0x0
2026-06-26T17:11:43.867839Z vfio_region_read  (0000:09:00.0:region0+0x400, 4) = 0x0
2026-06-26T17:11:43.867857Z vfio_region_read  (0000:09:00.0:region0+0x500, 4) = 0xff0000
2026-06-26T17:11:43.867877Z vfio_region_write  (0000:09:00.0:region0+0x408, 0x2, 4)
2026-06-26T17:11:43.867892Z vfio_region_write  (0000:09:00.0:region0+0x8020, 0x80006002, 4)
2026-06-26T17:11:43.867906Z vfio_region_write  (0000:09:00.0:region0+0x8024, 0x220000, 4)
2026-06-26T17:11:43.867919Z vfio_region_write  (0000:09:00.0:region0+0x8028, 0x0, 4)
2026-06-26T17:11:43.867932Z vfio_region_write  (0000:09:00.0:region0+0x802c, 0x0, 4)
2026-06-26T17:11:43.867945Z vfio_region_write  (0000:09:00.0:region0+0x408, 0x1, 4)
2026-06-26T17:11:43.867984Z vfio_region_read  (0000:09:00.0:region0+0x100, 4) = 0x20000000
2026-06-26T17:11:43.868003Z vfio_region_read  (0000:09:00.0:region0+0x300, 4) = 0x0
2026-06-26T17:11:43.868022Z vfio_region_read  (0000:09:00.0:region0+0x200, 4) = 0x0
2026-06-26T17:11:43.868040Z vfio_region_read  (0000:09:00.0:region0+0x400, 4) = 0x3
2026-06-26T17:11:43.868058Z vfio_region_read  (0000:09:00.0:region0+0x500, 4) = 0xff0000
2026-06-26T17:11:43.868085Z vfio_region_read  (0000:09:00.0:region0+0x100, 4) = 0x0
2026-06-26T17:11:43.868104Z vfio_region_read  (0000:09:00.0:region0+0x300, 4) = 0x0
2026-06-26T17:11:43.868122Z vfio_region_read  (0000:09:00.0:region0+0x200, 4) = 0x0
2026-06-26T17:11:43.868140Z vfio_region_read  (0000:09:00.0:region0+0x400, 4) = 0x0
2026-06-26T17:11:43.868158Z vfio_region_read  (0000:09:00.0:region0+0x500, 4) = 0xff0000
2026-06-26T17:11:43.868178Z vfio_region_write  (0000:09:00.0:region0+0x408, 0x2, 4)
2026-06-26T17:11:43.868193Z vfio_region_write  (0000:09:00.0:region0+0x8020, 0x80006000, 4)
2026-06-26T17:11:43.868206Z vfio_region_write  (0000:09:00.0:region0+0x8024, 0x230000, 4)
2026-06-26T17:11:43.868219Z vfio_region_write  (0000:09:00.0:region0+0x8028, 0x0, 4)
2026-06-26T17:11:43.868232Z vfio_region_write  (0000:09:00.0:region0+0x802c, 0x0, 4)
2026-06-26T17:11:43.868246Z vfio_region_write  (0000:09:00.0:region0+0x408, 0x1, 4)
2026-06-26T17:11:43.868284Z vfio_region_read  (0000:09:00.0:region0+0x100, 4) = 0x20000000
2026-06-26T17:11:43.868303Z vfio_region_read  (0000:09:00.0:region0+0x300, 4) = 0x0
2026-06-26T17:11:43.868322Z vfio_region_read  (0000:09:00.0:region0+0x200, 4) = 0x0
2026-06-26T17:11:43.868340Z vfio_region_read  (0000:09:00.0:region0+0x400, 4) = 0x3
2026-06-26T17:11:43.868358Z vfio_region_read  (0000:09:00.0:region0+0x500, 4) = 0xff0000
2026-06-26T17:11:43.868385Z vfio_region_read  (0000:09:00.0:region0+0x100, 4) = 0x0
2026-06-26T17:11:43.868404Z vfio_region_read  (0000:09:00.0:region0+0x300, 4) = 0x0
2026-06-26T17:11:43.868422Z vfio_region_read  (0000:09:00.0:region0+0x200, 4) = 0x0
2026-06-26T17:11:43.868440Z vfio_region_read  (0000:09:00.0:region0+0x400, 4) = 0x0
2026-06-26T17:11:43.868459Z vfio_region_read  (0000:09:00.0:region0+0x500, 4) = 0xff0000
2026-06-26T17:11:43.868478Z vfio_region_write  (0000:09:00.0:region0+0x408, 0x2, 4)
2026-06-26T17:11:43.868493Z vfio_region_write  (0000:09:00.0:region0+0x8020, 0x80005000, 4)
2026-06-26T17:11:43.868507Z vfio_region_write  (0000:09:00.0:region0+0x8024, 0x240002, 4)
2026-06-26T17:11:43.868520Z vfio_region_write  (0000:09:00.0:region0+0x8028, 0x0, 4)
2026-06-26T17:11:43.868534Z vfio_region_write  (0000:09:00.0:region0+0x802c, 0x0, 4)
2026-06-26T17:11:43.868547Z vfio_region_write  (0000:09:00.0:region0+0x8030, 0x3, 4)
2026-06-26T17:11:43.868560Z vfio_region_write  (0000:09:00.0:region0+0x408, 0x1, 4)
2026-06-26T17:11:43.868600Z vfio_region_read  (0000:09:00.0:region0+0x100, 4) = 0x20000000
2026-06-26T17:11:43.868619Z vfio_region_read  (0000:09:00.0:region0+0x300, 4) = 0x0
2026-06-26T17:11:43.868637Z vfio_region_read  (0000:09:00.0:region0+0x200, 4) = 0x0
2026-06-26T17:11:43.868655Z vfio_region_read  (0000:09:00.0:region0+0x400, 4) = 0x3
2026-06-26T17:11:43.868673Z vfio_region_read  (0000:09:00.0:region0+0x500, 4) = 0xff0000
2026-06-26T17:11:43.868701Z vfio_region_read  (0000:09:00.0:region0+0x100, 4) = 0x0
2026-06-26T17:11:43.868719Z vfio_region_read  (0000:09:00.0:region0+0x300, 4) = 0x0
2026-06-26T17:11:43.868737Z vfio_region_read  (0000:09:00.0:region0+0x200, 4) = 0x0
2026-06-26T17:11:43.868756Z vfio_region_read  (0000:09:00.0:region0+0x400, 4) = 0x0
2026-06-26T17:11:43.868774Z vfio_region_read  (0000:09:00.0:region0+0x500, 4) = 0xff0000
2026-06-26T17:11:43.868793Z vfio_region_write  (0000:09:00.0:region0+0x408, 0x2, 4)
2026-06-26T17:11:43.868808Z vfio_region_write  (0000:09:00.0:region0+0x8020, 0x80005000, 4)
2026-06-26T17:11:43.868828Z vfio_region_write  (0000:09:00.0:region0+0x8024, 0x250002, 4)
2026-06-26T17:11:43.868842Z vfio_region_write  (0000:09:00.0:region0+0x8028, 0x0, 4)
2026-06-26T17:11:43.868855Z vfio_region_write  (0000:09:00.0:region0+0x802c, 0x0, 4)
2026-06-26T17:11:43.868869Z vfio_region_write  (0000:09:00.0:region0+0x8030, 0x5, 4)
2026-06-26T17:11:43.868882Z vfio_region_write  (0000:09:00.0:region0+0x408, 0x1, 4)
2026-06-26T17:11:43.868922Z vfio_region_read  (0000:09:00.0:region0+0x100, 4) = 0x20000000
2026-06-26T17:11:43.868941Z vfio_region_read  (0000:09:00.0:region0+0x300, 4) = 0x0
2026-06-26T17:11:43.868960Z vfio_region_read  (0000:09:00.0:region0+0x200, 4) = 0x0
2026-06-26T17:11:43.868978Z vfio_region_read  (0000:09:00.0:region0+0x400, 4) = 0x3
2026-06-26T17:11:43.868996Z vfio_region_read  (0000:09:00.0:region0+0x500, 4) = 0xff0000
2026-06-26T17:11:43.869023Z vfio_region_read  (0000:09:00.0:region0+0x100, 4) = 0x0
2026-06-26T17:11:43.869042Z vfio_region_read  (0000:09:00.0:region0+0x300, 4) = 0x0
2026-06-26T17:11:43.869060Z vfio_region_read  (0000:09:00.0:region0+0x200, 4) = 0x0
2026-06-26T17:11:43.869078Z vfio_region_read  (0000:09:00.0:region0+0x400, 4) = 0x0
2026-06-26T17:11:43.869096Z vfio_region_read  (0000:09:00.0:region0+0x500, 4) = 0xff0000
2026-06-26T17:11:43.869116Z vfio_region_write  (0000:09:00.0:region0+0x408, 0x2, 4)
2026-06-26T17:11:43.869131Z vfio_region_write  (0000:09:00.0:region0+0x8020, 0x80005000, 4)
2026-06-26T17:11:43.869144Z vfio_region_write  (0000:09:00.0:region0+0x8024, 0x260002, 4)
2026-06-26T17:11:43.869157Z vfio_region_write  (0000:09:00.0:region0+0x8028, 0x0, 4)
2026-06-26T17:11:43.869171Z vfio_region_write  (0000:09:00.0:region0+0x802c, 0x0, 4)
2026-06-26T17:11:43.869185Z vfio_region_write  (0000:09:00.0:region0+0x8030, 0x6, 4)
2026-06-26T17:11:43.869199Z vfio_region_write  (0000:09:00.0:region0+0x408, 0x1, 4)
2026-06-26T17:11:43.869240Z vfio_region_read  (0000:09:00.0:region0+0x100, 4) = 0x20000000
2026-06-26T17:11:43.869259Z vfio_region_read  (0000:09:00.0:region0+0x300, 4) = 0x0
2026-06-26T17:11:43.869277Z vfio_region_read  (0000:09:00.0:region0+0x200, 4) = 0x0
2026-06-26T17:11:43.869295Z vfio_region_read  (0000:09:00.0:region0+0x400, 4) = 0x3
2026-06-26T17:11:43.869313Z vfio_region_read  (0000:09:00.0:region0+0x500, 4) = 0xff0000
2026-06-26T17:11:43.869340Z vfio_region_read  (0000:09:00.0:region0+0x100, 4) = 0x0
2026-06-26T17:11:43.869359Z vfio_region_read  (0000:09:00.0:region0+0x300, 4) = 0x0
2026-06-26T17:11:43.869377Z vfio_region_read  (0000:09:00.0:region0+0x200, 4) = 0x0
2026-06-26T17:11:43.869395Z vfio_region_read  (0000:09:00.0:region0+0x400, 4) = 0x0
2026-06-26T17:11:43.869413Z vfio_region_read  (0000:09:00.0:region0+0x500, 4) = 0xff0000
2026-06-26T17:11:43.869433Z vfio_region_write  (0000:09:00.0:region0+0x408, 0x2, 4)
2026-06-26T17:11:43.869448Z vfio_region_write  (0000:09:00.0:region0+0x8020, 0x80006001, 4)
2026-06-26T17:11:43.869461Z vfio_region_write  (0000:09:00.0:region0+0x8024, 0x270000, 4)
2026-06-26T17:11:43.869474Z vfio_region_write  (0000:09:00.0:region0+0x8028, 0x0, 4)
2026-06-26T17:11:43.869487Z vfio_region_write  (0000:09:00.0:region0+0x802c, 0x0, 4)
2026-06-26T17:11:43.869500Z vfio_region_write  (0000:09:00.0:region0+0x408, 0x1, 4)
2026-06-26T17:11:43.869539Z vfio_region_read  (0000:09:00.0:region0+0x100, 4) = 0x20000000
2026-06-26T17:11:43.869558Z vfio_region_read  (0000:09:00.0:region0+0x300, 4) = 0x0
2026-06-26T17:11:43.869577Z vfio_region_read  (0000:09:00.0:region0+0x200, 4) = 0x0
2026-06-26T17:11:43.869595Z vfio_region_read  (0000:09:00.0:region0+0x400, 4) = 0x3
2026-06-26T17:11:43.869613Z vfio_region_read  (0000:09:00.0:region0+0x500, 4) = 0xff0000
2026-06-26T17:11:43.869640Z vfio_region_read  (0000:09:00.0:region0+0x100, 4) = 0x0
2026-06-26T17:11:43.869659Z vfio_region_read  (0000:09:00.0:region0+0x300, 4) = 0x0
2026-06-26T17:11:43.869677Z vfio_region_read  (0000:09:00.0:region0+0x200, 4) = 0x0
2026-06-26T17:11:43.869695Z vfio_region_read  (0000:09:00.0:region0+0x400, 4) = 0x0
2026-06-26T17:11:43.869713Z vfio_region_read  (0000:09:00.0:region0+0x500, 4) = 0xff0000
2026-06-26T17:11:43.869732Z vfio_region_write  (0000:09:00.0:region0+0x408, 0x2, 4)
2026-06-26T17:11:43.869747Z vfio_region_write  (0000:09:00.0:region0+0x8020, 0x80800005, 4)
2026-06-26T17:11:43.869761Z vfio_region_write  (0000:09:00.0:region0+0x8024, 0x280008, 4)
2026-06-26T17:11:43.869774Z vfio_region_write  (0000:09:00.0:region0+0x8028, 0x0, 4)
2026-06-26T17:11:43.869787Z vfio_region_write  (0000:09:00.0:region0+0x802c, 0x0, 4)
2026-06-26T17:11:43.869800Z vfio_region_write  (0000:09:00.0:region0+0x8030, 0x0, 4)
2026-06-26T17:11:43.869814Z vfio_region_write  (0000:09:00.0:region0+0x8034, 0xc, 4)
2026-06-26T17:11:43.869834Z vfio_region_write  (0000:09:00.0:region0+0x408, 0x1, 4)
2026-06-26T17:11:43.869875Z vfio_region_read  (0000:09:00.0:region0+0x100, 4) = 0x20000000
2026-06-26T17:11:43.869894Z vfio_region_read  (0000:09:00.0:region0+0x300, 4) = 0x0
2026-06-26T17:11:43.869913Z vfio_region_read  (0000:09:00.0:region0+0x200, 4) = 0x0
2026-06-26T17:11:43.869931Z vfio_region_read  (0000:09:00.0:region0+0x400, 4) = 0x3
2026-06-26T17:11:43.869949Z vfio_region_read  (0000:09:00.0:region0+0x500, 4) = 0xff0000
2026-06-26T17:11:43.869976Z vfio_region_read  (0000:09:00.0:region0+0x100, 4) = 0x0
2026-06-26T17:11:43.869995Z vfio_region_read  (0000:09:00.0:region0+0x300, 4) = 0x0
2026-06-26T17:11:43.870013Z vfio_region_read  (0000:09:00.0:region0+0x200, 4) = 0x0
2026-06-26T17:11:43.870031Z vfio_region_read  (0000:09:00.0:region0+0x400, 4) = 0x0
2026-06-26T17:11:43.870049Z vfio_region_read  (0000:09:00.0:region0+0x500, 4) = 0xff0000
2026-06-26T17:11:43.870069Z vfio_region_write  (0000:09:00.0:region0+0x408, 0x2, 4)
2026-06-26T17:11:43.870084Z vfio_region_write  (0000:09:00.0:region0+0x8020, 0x80007000, 4)
2026-06-26T17:11:43.870098Z vfio_region_write  (0000:09:00.0:region0+0x8024, 0x290000, 4)
2026-06-26T17:11:43.870111Z vfio_region_write  (0000:09:00.0:region0+0x8028, 0x0, 4)
2026-06-26T17:11:43.870124Z vfio_region_write  (0000:09:00.0:region0+0x802c, 0x0, 4)
2026-06-26T17:11:43.870137Z vfio_region_write  (0000:09:00.0:region0+0x408, 0x1, 4)
2026-06-26T17:11:43.870175Z vfio_region_read  (0000:09:00.0:region0+0x100, 4) = 0x20000000
2026-06-26T17:11:43.870194Z vfio_region_read  (0000:09:00.0:region0+0x300, 4) = 0x0
2026-06-26T17:11:43.870212Z vfio_region_read  (0000:09:00.0:region0+0x200, 4) = 0x0
2026-06-26T17:11:43.870231Z vfio_region_read  (0000:09:00.0:region0+0x400, 4) = 0x3
2026-06-26T17:11:43.870249Z vfio_region_read  (0000:09:00.0:region0+0x500, 4) = 0xff0000
2026-06-26T17:11:43.870276Z vfio_region_read  (0000:09:00.0:region0+0x100, 4) = 0x0
2026-06-26T17:11:43.870295Z vfio_region_read  (0000:09:00.0:region0+0x300, 4) = 0x0
2026-06-26T17:11:43.870313Z vfio_region_read  (0000:09:00.0:region0+0x200, 4) = 0x0
2026-06-26T17:11:43.870331Z vfio_region_read  (0000:09:00.0:region0+0x400, 4) = 0x0
2026-06-26T17:11:43.870349Z vfio_region_read  (0000:09:00.0:region0+0x500, 4) = 0xff0000
2026-06-26T17:11:43.870369Z vfio_region_write  (0000:09:00.0:region0+0x408, 0x2, 4)
2026-06-26T17:11:43.870385Z vfio_region_write  (0000:09:00.0:region0+0x8020, 0x80007002, 4)
2026-06-26T17:11:43.870398Z vfio_region_write  (0000:09:00.0:region0+0x8024, 0x2a0006, 4)
2026-06-26T17:11:43.870412Z vfio_region_write  (0000:09:00.0:region0+0x8028, 0x0, 4)
2026-06-26T17:11:43.870425Z vfio_region_write  (0000:09:00.0:region0+0x802c, 0x0, 4)
2026-06-26T17:11:43.870439Z vfio_region_write  (0000:09:00.0:region0+0x8030, 0x0, 4)
2026-06-26T17:11:43.870452Z vfio_region_write  (0000:09:00.0:region0+0x8034, 0x670b0004, 4)
2026-06-26T17:11:43.870465Z vfio_region_write  (0000:09:00.0:region0+0x408, 0x1, 4)
2026-06-26T17:11:43.870506Z vfio_region_read  (0000:09:00.0:region0+0x100, 4) = 0x20000000
2026-06-26T17:11:43.870525Z vfio_region_read  (0000:09:00.0:region0+0x300, 4) = 0x0
2026-06-26T17:11:43.870543Z vfio_region_read  (0000:09:00.0:region0+0x200, 4) = 0x0
2026-06-26T17:11:43.870562Z vfio_region_read  (0000:09:00.0:region0+0x400, 4) = 0x3
2026-06-26T17:11:43.870580Z vfio_region_read  (0000:09:00.0:region0+0x500, 4) = 0xff0000
2026-06-26T17:11:43.870607Z vfio_region_read  (0000:09:00.0:region0+0x100, 4) = 0x0
2026-06-26T17:11:43.870626Z vfio_region_read  (0000:09:00.0:region0+0x300, 4) = 0x0
2026-06-26T17:11:43.870644Z vfio_region_read  (0000:09:00.0:region0+0x200, 4) = 0x0
2026-06-26T17:11:43.870662Z vfio_region_read  (0000:09:00.0:region0+0x400, 4) = 0x0
2026-06-26T17:11:43.870680Z vfio_region_read  (0000:09:00.0:region0+0x500, 4) = 0xff0000
2026-06-26T17:11:43.870700Z vfio_region_write  (0000:09:00.0:region0+0x408, 0x2, 4)
2026-06-26T17:11:43.870715Z vfio_region_write  (0000:09:00.0:region0+0x8020, 0x80005000, 4)
2026-06-26T17:11:43.870728Z vfio_region_write  (0000:09:00.0:region0+0x8024, 0x2b0002, 4)
2026-06-26T17:11:43.870741Z vfio_region_write  (0000:09:00.0:region0+0x8028, 0x0, 4)
2026-06-26T17:11:43.870754Z vfio_region_write  (0000:09:00.0:region0+0x802c, 0x0, 4)
2026-06-26T17:11:43.870767Z vfio_region_write  (0000:09:00.0:region0+0x8030, 0x2b, 4)
2026-06-26T17:11:43.870782Z vfio_region_write  (0000:09:00.0:region0+0x408, 0x1, 4)
2026-06-26T17:11:43.870830Z vfio_region_read  (0000:09:00.0:region0+0x100, 4) = 0x20000000
2026-06-26T17:11:43.870849Z vfio_region_read  (0000:09:00.0:region0+0x300, 4) = 0x0
2026-06-26T17:11:43.870868Z vfio_region_read  (0000:09:00.0:region0+0x200, 4) = 0x0
2026-06-26T17:11:43.870886Z vfio_region_read  (0000:09:00.0:region0+0x400, 4) = 0x3
2026-06-26T17:11:43.870904Z vfio_region_read  (0000:09:00.0:region0+0x500, 4) = 0xff0000
2026-06-26T17:11:43.870932Z vfio_region_read  (0000:09:00.0:region0+0x100, 4) = 0x0
2026-06-26T17:11:43.870950Z vfio_region_read  (0000:09:00.0:region0+0x300, 4) = 0x0
2026-06-26T17:11:43.870969Z vfio_region_read  (0000:09:00.0:region0+0x200, 4) = 0x0
2026-06-26T17:11:43.870987Z vfio_region_read  (0000:09:00.0:region0+0x400, 4) = 0x0
2026-06-26T17:11:43.871005Z vfio_region_read  (0000:09:00.0:region0+0x500, 4) = 0xff0000
2026-06-26T17:11:43.871024Z vfio_region_write  (0000:09:00.0:region0+0x408, 0x2, 4)
2026-06-26T17:11:43.871040Z vfio_region_write  (0000:09:00.0:region0+0x8020, 0x80005000, 4)
2026-06-26T17:11:43.871053Z vfio_region_write  (0000:09:00.0:region0+0x8024, 0x2c0002, 4)
2026-06-26T17:11:43.871066Z vfio_region_write  (0000:09:00.0:region0+0x8028, 0x0, 4)
2026-06-26T17:11:43.871078Z vfio_region_write  (0000:09:00.0:region0+0x802c, 0x0, 4)
2026-06-26T17:11:43.871091Z vfio_region_write  (0000:09:00.0:region0+0x8030, 0x2c, 4)
2026-06-26T17:11:43.871104Z vfio_region_write  (0000:09:00.0:region0+0x408, 0x1, 4)
2026-06-26T17:11:43.871145Z vfio_region_read  (0000:09:00.0:region0+0x100, 4) = 0x20000000
2026-06-26T17:11:43.871164Z vfio_region_read  (0000:09:00.0:region0+0x300, 4) = 0x0
2026-06-26T17:11:43.871182Z vfio_region_read  (0000:09:00.0:region0+0x200, 4) = 0x0
2026-06-26T17:11:43.871200Z vfio_region_read  (0000:09:00.0:region0+0x400, 4) = 0x3
2026-06-26T17:11:43.871218Z vfio_region_read  (0000:09:00.0:region0+0x500, 4) = 0xff0000
2026-06-26T17:11:43.871245Z vfio_region_read  (0000:09:00.0:region0+0x100, 4) = 0x0
2026-06-26T17:11:43.871263Z vfio_region_read  (0000:09:00.0:region0+0x300, 4) = 0x0
2026-06-26T17:11:43.871282Z vfio_region_read  (0000:09:00.0:region0+0x200, 4) = 0x0
2026-06-26T17:11:43.871300Z vfio_region_read  (0000:09:00.0:region0+0x400, 4) = 0x0
2026-06-26T17:11:43.871318Z vfio_region_read  (0000:09:00.0:region0+0x500, 4) = 0xff0000
2026-06-26T17:11:43.871337Z vfio_region_write  (0000:09:00.0:region0+0x408, 0x2, 4)
2026-06-26T17:11:43.871352Z vfio_region_write  (0000:09:00.0:region0+0x8020, 0x80005000, 4)
2026-06-26T17:11:43.871366Z vfio_region_write  (0000:09:00.0:region0+0x8024, 0x2d0002, 4)
2026-06-26T17:11:43.871379Z vfio_region_write  (0000:09:00.0:region0+0x8028, 0x0, 4)
2026-06-26T17:11:43.871392Z vfio_region_write  (0000:09:00.0:region0+0x802c, 0x0, 4)
2026-06-26T17:11:43.871405Z vfio_region_write  (0000:09:00.0:region0+0x8030, 0x2d, 4)
2026-06-26T17:11:43.871417Z vfio_region_write  (0000:09:00.0:region0+0x408, 0x1, 4)
2026-06-26T17:11:43.871458Z vfio_region_read  (0000:09:00.0:region0+0x100, 4) = 0x20000000
2026-06-26T17:11:43.871477Z vfio_region_read  (0000:09:00.0:region0+0x300, 4) = 0x0
2026-06-26T17:11:43.871495Z vfio_region_read  (0000:09:00.0:region0+0x200, 4) = 0x0
2026-06-26T17:11:43.871514Z vfio_region_read  (0000:09:00.0:region0+0x400, 4) = 0x3
2026-06-26T17:11:43.871532Z vfio_region_read  (0000:09:00.0:region0+0x500, 4) = 0xff0000
2026-06-26T17:11:43.871559Z vfio_region_read  (0000:09:00.0:region0+0x100, 4) = 0x0
2026-06-26T17:11:43.871577Z vfio_region_read  (0000:09:00.0:region0+0x300, 4) = 0x0
2026-06-26T17:11:43.871596Z vfio_region_read  (0000:09:00.0:region0+0x200, 4) = 0x0
2026-06-26T17:11:43.871614Z vfio_region_read  (0000:09:00.0:region0+0x400, 4) = 0x0
2026-06-26T17:11:43.871632Z vfio_region_read  (0000:09:00.0:region0+0x500, 4) = 0xff0000
2026-06-26T17:11:43.871651Z vfio_region_write  (0000:09:00.0:region0+0x408, 0x2, 4)
2026-06-26T17:11:43.871666Z vfio_region_write  (0000:09:00.0:region0+0x8020, 0x80005000, 4)
2026-06-26T17:11:43.871680Z vfio_region_write  (0000:09:00.0:region0+0x8024, 0x2e0002, 4)
2026-06-26T17:11:43.871693Z vfio_region_write  (0000:09:00.0:region0+0x8028, 0x0, 4)
2026-06-26T17:11:43.871707Z vfio_region_write  (0000:09:00.0:region0+0x802c, 0x0, 4)
2026-06-26T17:11:43.871720Z vfio_region_write  (0000:09:00.0:region0+0x8030, 0x2e, 4)
2026-06-26T17:11:43.871733Z vfio_region_write  (0000:09:00.0:region0+0x408, 0x1, 4)
2026-06-26T17:11:43.871772Z vfio_region_read  (0000:09:00.0:region0+0x100, 4) = 0x20000000
2026-06-26T17:11:43.871791Z vfio_region_read  (0000:09:00.0:region0+0x300, 4) = 0x0
2026-06-26T17:11:43.871810Z vfio_region_read  (0000:09:00.0:region0+0x200, 4) = 0x0
2026-06-26T17:11:43.871833Z vfio_region_read  (0000:09:00.0:region0+0x400, 4) = 0x3
2026-06-26T17:11:43.871851Z vfio_region_read  (0000:09:00.0:region0+0x500, 4) = 0xff0000
2026-06-26T17:11:43.871879Z vfio_region_read  (0000:09:00.0:region0+0x100, 4) = 0x0
2026-06-26T17:11:43.871897Z vfio_region_read  (0000:09:00.0:region0+0x300, 4) = 0x0
2026-06-26T17:11:43.871916Z vfio_region_read  (0000:09:00.0:region0+0x200, 4) = 0x0
2026-06-26T17:11:43.871934Z vfio_region_read  (0000:09:00.0:region0+0x400, 4) = 0x0
2026-06-26T17:11:43.871952Z vfio_region_read  (0000:09:00.0:region0+0x500, 4) = 0xff0000
2026-06-26T17:11:43.871972Z vfio_region_write  (0000:09:00.0:region0+0x408, 0x2, 4)
2026-06-26T17:11:43.871987Z vfio_region_write  (0000:09:00.0:region0+0x8020, 0x80007003, 4)
2026-06-26T17:11:43.872000Z vfio_region_write  (0000:09:00.0:region0+0x8024, 0x2f0006, 4)
2026-06-26T17:11:43.872013Z vfio_region_write  (0000:09:00.0:region0+0x8028, 0x0, 4)
2026-06-26T17:11:43.872026Z vfio_region_write  (0000:09:00.0:region0+0x802c, 0x0, 4)
2026-06-26T17:11:43.872038Z vfio_region_write  (0000:09:00.0:region0+0x8030, 0x0, 4)
2026-06-26T17:11:43.872050Z vfio_region_write  (0000:09:00.0:region0+0x8034, 0x670b000e, 4)
2026-06-26T17:11:43.872064Z vfio_region_write  (0000:09:00.0:region0+0x408, 0x1, 4)
2026-06-26T17:11:43.872104Z vfio_region_read  (0000:09:00.0:region0+0x100, 4) = 0x20000000
2026-06-26T17:11:43.872123Z vfio_region_read  (0000:09:00.0:region0+0x300, 4) = 0x0
2026-06-26T17:11:43.872142Z vfio_region_read  (0000:09:00.0:region0+0x200, 4) = 0x0
2026-06-26T17:11:43.872160Z vfio_region_read  (0000:09:00.0:region0+0x400, 4) = 0x1
2026-06-26T17:11:43.872178Z vfio_region_read  (0000:09:00.0:region0+0x500, 4) = 0xff0000
2026-06-26T17:11:43.872206Z vfio_region_read  (0000:09:00.0:region0+0x100, 4) = 0x20000000
2026-06-26T17:11:43.872224Z vfio_region_read  (0000:09:00.0:region0+0x300, 4) = 0x0
2026-06-26T17:11:43.872243Z vfio_region_read  (0000:09:00.0:region0+0x200, 4) = 0x0
2026-06-26T17:11:43.872261Z vfio_region_read  (0000:09:00.0:region0+0x400, 4) = 0x2
2026-06-26T17:11:43.872279Z vfio_region_read  (0000:09:00.0:region0+0x500, 4) = 0xff0000
2026-06-26T17:11:43.872299Z vfio_region_write  (0000:09:00.0:region0+0x408, 0x2, 4)
2026-06-26T17:11:43.872314Z vfio_region_write  (0000:09:00.0:region0+0x8020, 0x80005000, 4)
2026-06-26T17:11:43.872328Z vfio_region_write  (0000:09:00.0:region0+0x8024, 0x300002, 4)
2026-06-26T17:11:43.872340Z vfio_region_write  (0000:09:00.0:region0+0x8028, 0x0, 4)
2026-06-26T17:11:43.872354Z vfio_region_write  (0000:09:00.0:region0+0x802c, 0x0, 4)
2026-06-26T17:11:43.872367Z vfio_region_write  (0000:09:00.0:region0+0x8030, 0xd, 4)
2026-06-26T17:11:43.872380Z vfio_region_write  (0000:09:00.0:region0+0x408, 0x1, 4)
2026-06-26T17:11:43.872420Z vfio_region_read  (0000:09:00.0:region0+0x100, 4) = 0x20000000
2026-06-26T17:11:43.872439Z vfio_region_read  (0000:09:00.0:region0+0x300, 4) = 0x0
2026-06-26T17:11:43.872457Z vfio_region_read  (0000:09:00.0:region0+0x200, 4) = 0x0
2026-06-26T17:11:43.872476Z vfio_region_read  (0000:09:00.0:region0+0x400, 4) = 0x3
2026-06-26T17:11:43.872494Z vfio_region_read  (0000:09:00.0:region0+0x500, 4) = 0xff0000
2026-06-26T17:11:43.872521Z vfio_region_read  (0000:09:00.0:region0+0x100, 4) = 0x0
2026-06-26T17:11:43.872540Z vfio_region_read  (0000:09:00.0:region0+0x300, 4) = 0x0
2026-06-26T17:11:43.872558Z vfio_region_read  (0000:09:00.0:region0+0x200, 4) = 0x0
2026-06-26T17:11:43.872576Z vfio_region_read  (0000:09:00.0:region0+0x400, 4) = 0x0
2026-06-26T17:11:43.872594Z vfio_region_read  (0000:09:00.0:region0+0x500, 4) = 0xff0000
2026-06-26T17:11:43.872614Z vfio_region_write  (0000:09:00.0:region0+0x408, 0x2, 4)
2026-06-26T17:11:43.872629Z vfio_region_write  (0000:09:00.0:region0+0x8020, 0x80005000, 4)
2026-06-26T17:11:43.872642Z vfio_region_write  (0000:09:00.0:region0+0x8024, 0x310002, 4)
2026-06-26T17:11:43.872654Z vfio_region_write  (0000:09:00.0:region0+0x8028, 0x0, 4)
2026-06-26T17:11:43.872669Z vfio_region_write  (0000:09:00.0:region0+0x802c, 0x0, 4)
2026-06-26T17:11:43.872681Z vfio_region_write  (0000:09:00.0:region0+0x8030, 0xe, 4)
2026-06-26T17:11:43.872694Z vfio_region_write  (0000:09:00.0:region0+0x408, 0x1, 4)
2026-06-26T17:11:43.872734Z vfio_region_read  (0000:09:00.0:region0+0x100, 4) = 0x20000000
2026-06-26T17:11:43.872753Z vfio_region_read  (0000:09:00.0:region0+0x300, 4) = 0x0
2026-06-26T17:11:43.872772Z vfio_region_read  (0000:09:00.0:region0+0x200, 4) = 0x0
2026-06-26T17:11:43.872790Z vfio_region_read  (0000:09:00.0:region0+0x400, 4) = 0x3
2026-06-26T17:11:43.872808Z vfio_region_read  (0000:09:00.0:region0+0x500, 4) = 0xff0000
2026-06-26T17:11:43.872842Z vfio_region_read  (0000:09:00.0:region0+0x100, 4) = 0x0
2026-06-26T17:11:43.872861Z vfio_region_read  (0000:09:00.0:region0+0x300, 4) = 0x0
2026-06-26T17:11:43.872879Z vfio_region_read  (0000:09:00.0:region0+0x200, 4) = 0x0
2026-06-26T17:11:43.872897Z vfio_region_read  (0000:09:00.0:region0+0x400, 4) = 0x0
2026-06-26T17:11:43.872916Z vfio_region_read  (0000:09:00.0:region0+0x500, 4) = 0xff0000
2026-06-26T17:11:43.872935Z vfio_region_write  (0000:09:00.0:region0+0x408, 0x2, 4)
2026-06-26T17:11:43.872950Z vfio_region_write  (0000:09:00.0:region0+0x8020, 0x80005000, 4)
2026-06-26T17:11:43.872964Z vfio_region_write  (0000:09:00.0:region0+0x8024, 0x320002, 4)
2026-06-26T17:11:43.872977Z vfio_region_write  (0000:09:00.0:region0+0x8028, 0x0, 4)
2026-06-26T17:11:43.872990Z vfio_region_write  (0000:09:00.0:region0+0x802c, 0x0, 4)
2026-06-26T17:11:43.873003Z vfio_region_write  (0000:09:00.0:region0+0x8030, 0x15, 4)
2026-06-26T17:11:43.873016Z vfio_region_write  (0000:09:00.0:region0+0x408, 0x1, 4)
2026-06-26T17:11:43.873056Z vfio_region_read  (0000:09:00.0:region0+0x100, 4) = 0x20000000
2026-06-26T17:11:43.873075Z vfio_region_read  (0000:09:00.0:region0+0x300, 4) = 0x0
2026-06-26T17:11:43.873093Z vfio_region_read  (0000:09:00.0:region0+0x200, 4) = 0x0
2026-06-26T17:11:43.873111Z vfio_region_read  (0000:09:00.0:region0+0x400, 4) = 0x3
2026-06-26T17:11:43.873130Z vfio_region_read  (0000:09:00.0:region0+0x500, 4) = 0xff0000
2026-06-26T17:11:43.873157Z vfio_region_read  (0000:09:00.0:region0+0x100, 4) = 0x0
2026-06-26T17:11:43.873176Z vfio_region_read  (0000:09:00.0:region0+0x300, 4) = 0x0
2026-06-26T17:11:43.873194Z vfio_region_read  (0000:09:00.0:region0+0x200, 4) = 0x0
2026-06-26T17:11:43.873212Z vfio_region_read  (0000:09:00.0:region0+0x400, 4) = 0x0
2026-06-26T17:11:43.873230Z vfio_region_read  (0000:09:00.0:region0+0x500, 4) = 0xff0000
2026-06-26T17:11:43.873250Z vfio_region_write  (0000:09:00.0:region0+0x408, 0x2, 4)
2026-06-26T17:11:43.873265Z vfio_region_write  (0000:09:00.0:region0+0x8020, 0x80005000, 4)
2026-06-26T17:11:43.873278Z vfio_region_write  (0000:09:00.0:region0+0x8024, 0x330002, 4)
2026-06-26T17:11:43.873292Z vfio_region_write  (0000:09:00.0:region0+0x8028, 0x0, 4)
2026-06-26T17:11:43.873306Z vfio_region_write  (0000:09:00.0:region0+0x802c, 0x0, 4)
2026-06-26T17:11:43.873319Z vfio_region_write  (0000:09:00.0:region0+0x8030, 0x16, 4)
2026-06-26T17:11:43.873333Z vfio_region_write  (0000:09:00.0:region0+0x408, 0x1, 4)
2026-06-26T17:11:43.873372Z vfio_region_read  (0000:09:00.0:region0+0x100, 4) = 0x20000000
2026-06-26T17:11:43.873391Z vfio_region_read  (0000:09:00.0:region0+0x300, 4) = 0x0
2026-06-26T17:11:43.873410Z vfio_region_read  (0000:09:00.0:region0+0x200, 4) = 0x0
2026-06-26T17:11:43.873428Z vfio_region_read  (0000:09:00.0:region0+0x400, 4) = 0x3
2026-06-26T17:11:43.873447Z vfio_region_read  (0000:09:00.0:region0+0x500, 4) = 0xff0000
2026-06-26T17:11:43.873474Z vfio_region_read  (0000:09:00.0:region0+0x100, 4) = 0x0
2026-06-26T17:11:43.873492Z vfio_region_read  (0000:09:00.0:region0+0x300, 4) = 0x0
2026-06-26T17:11:43.873511Z vfio_region_read  (0000:09:00.0:region0+0x200, 4) = 0x0
2026-06-26T17:11:43.873529Z vfio_region_read  (0000:09:00.0:region0+0x400, 4) = 0x0
2026-06-26T17:11:43.873547Z vfio_region_read  (0000:09:00.0:region0+0x500, 4) = 0xff0000
2026-06-26T17:11:43.873566Z vfio_region_write  (0000:09:00.0:region0+0x408, 0x2, 4)
2026-06-26T17:11:43.873582Z vfio_region_write  (0000:09:00.0:region0+0x8020, 0x80005000, 4)
2026-06-26T17:11:43.873595Z vfio_region_write  (0000:09:00.0:region0+0x8024, 0x340002, 4)
2026-06-26T17:11:43.873608Z vfio_region_write  (0000:09:00.0:region0+0x8028, 0x0, 4)
2026-06-26T17:11:43.873621Z vfio_region_write  (0000:09:00.0:region0+0x802c, 0x0, 4)
2026-06-26T17:11:43.873634Z vfio_region_write  (0000:09:00.0:region0+0x8030, 0x27, 4)
2026-06-26T17:11:43.873649Z vfio_region_write  (0000:09:00.0:region0+0x408, 0x1, 4)
2026-06-26T17:11:43.873689Z vfio_region_read  (0000:09:00.0:region0+0x100, 4) = 0x20000000
2026-06-26T17:11:43.873708Z vfio_region_read  (0000:09:00.0:region0+0x300, 4) = 0x0
2026-06-26T17:11:43.873726Z vfio_region_read  (0000:09:00.0:region0+0x200, 4) = 0x0
2026-06-26T17:11:43.873745Z vfio_region_read  (0000:09:00.0:region0+0x400, 4) = 0x3
2026-06-26T17:11:43.873763Z vfio_region_read  (0000:09:00.0:region0+0x500, 4) = 0xff0000
2026-06-26T17:11:43.873790Z vfio_region_read  (0000:09:00.0:region0+0x100, 4) = 0x0
2026-06-26T17:11:43.873809Z vfio_region_read  (0000:09:00.0:region0+0x300, 4) = 0x0
2026-06-26T17:11:43.873832Z vfio_region_read  (0000:09:00.0:region0+0x200, 4) = 0x0
2026-06-26T17:11:43.873851Z vfio_region_read  (0000:09:00.0:region0+0x400, 4) = 0x0
2026-06-26T17:11:43.873869Z vfio_region_read  (0000:09:00.0:region0+0x500, 4) = 0xff0000
2026-06-26T17:11:43.873889Z vfio_region_write  (0000:09:00.0:region0+0x408, 0x2, 4)
2026-06-26T17:11:43.873904Z vfio_region_write  (0000:09:00.0:region0+0x8020, 0x80005000, 4)
2026-06-26T17:11:43.873918Z vfio_region_write  (0000:09:00.0:region0+0x8024, 0x350002, 4)
2026-06-26T17:11:43.873930Z vfio_region_write  (0000:09:00.0:region0+0x8028, 0x0, 4)
2026-06-26T17:11:43.873944Z vfio_region_write  (0000:09:00.0:region0+0x802c, 0x0, 4)
2026-06-26T17:11:43.873956Z vfio_region_write  (0000:09:00.0:region0+0x8030, 0x28, 4)
2026-06-26T17:11:43.873971Z vfio_region_write  (0000:09:00.0:region0+0x408, 0x1, 4)
2026-06-26T17:11:43.874011Z vfio_region_read  (0000:09:00.0:region0+0x100, 4) = 0x20000000
2026-06-26T17:11:43.874030Z vfio_region_read  (0000:09:00.0:region0+0x300, 4) = 0x0
2026-06-26T17:11:43.874049Z vfio_region_read  (0000:09:00.0:region0+0x200, 4) = 0x0
2026-06-26T17:11:43.874067Z vfio_region_read  (0000:09:00.0:region0+0x400, 4) = 0x3
2026-06-26T17:11:43.874085Z vfio_region_read  (0000:09:00.0:region0+0x500, 4) = 0xff0000
2026-06-26T17:11:43.874112Z vfio_region_read  (0000:09:00.0:region0+0x100, 4) = 0x0
2026-06-26T17:11:43.874131Z vfio_region_read  (0000:09:00.0:region0+0x300, 4) = 0x0
2026-06-26T17:11:43.874149Z vfio_region_read  (0000:09:00.0:region0+0x200, 4) = 0x0
2026-06-26T17:11:43.874167Z vfio_region_read  (0000:09:00.0:region0+0x400, 4) = 0x0
2026-06-26T17:11:43.874186Z vfio_region_read  (0000:09:00.0:region0+0x500, 4) = 0xff0000
2026-06-26T17:11:43.874205Z vfio_region_write  (0000:09:00.0:region0+0x408, 0x2, 4)
2026-06-26T17:11:43.874220Z vfio_region_write  (0000:09:00.0:region0+0x8020, 0x80005000, 4)
2026-06-26T17:11:43.874234Z vfio_region_write  (0000:09:00.0:region0+0x8024, 0x360002, 4)
2026-06-26T17:11:43.874246Z vfio_region_write  (0000:09:00.0:region0+0x8028, 0x0, 4)
2026-06-26T17:11:43.874259Z vfio_region_write  (0000:09:00.0:region0+0x802c, 0x0, 4)
2026-06-26T17:11:43.874273Z vfio_region_write  (0000:09:00.0:region0+0x8030, 0x17, 4)
2026-06-26T17:11:43.874287Z vfio_region_write  (0000:09:00.0:region0+0x408, 0x1, 4)
2026-06-26T17:11:43.874327Z vfio_region_read  (0000:09:00.0:region0+0x100, 4) = 0x20000000
2026-06-26T17:11:43.874346Z vfio_region_read  (0000:09:00.0:region0+0x300, 4) = 0x0
2026-06-26T17:11:43.874365Z vfio_region_read  (0000:09:00.0:region0+0x200, 4) = 0x0
2026-06-26T17:11:43.874383Z vfio_region_read  (0000:09:00.0:region0+0x400, 4) = 0x3
2026-06-26T17:11:43.874401Z vfio_region_read  (0000:09:00.0:region0+0x500, 4) = 0xff0000
2026-06-26T17:11:43.874429Z vfio_region_read  (0000:09:00.0:region0+0x100, 4) = 0x0
2026-06-26T17:11:43.874447Z vfio_region_read  (0000:09:00.0:region0+0x300, 4) = 0x0
2026-06-26T17:11:43.874466Z vfio_region_read  (0000:09:00.0:region0+0x200, 4) = 0x0
2026-06-26T17:11:43.874484Z vfio_region_read  (0000:09:00.0:region0+0x400, 4) = 0x0
2026-06-26T17:11:43.874502Z vfio_region_read  (0000:09:00.0:region0+0x500, 4) = 0xff0000
2026-06-26T17:11:43.874521Z vfio_region_write  (0000:09:00.0:region0+0x408, 0x2, 4)
2026-06-26T17:11:43.874537Z vfio_region_write  (0000:09:00.0:region0+0x8020, 0x80005000, 4)
2026-06-26T17:11:43.874550Z vfio_region_write  (0000:09:00.0:region0+0x8024, 0x370002, 4)
2026-06-26T17:11:43.874563Z vfio_region_write  (0000:09:00.0:region0+0x8028, 0x0, 4)
2026-06-26T17:11:43.874576Z vfio_region_write  (0000:09:00.0:region0+0x802c, 0x0, 4)
2026-06-26T17:11:43.874589Z vfio_region_write  (0000:09:00.0:region0+0x8030, 0x18, 4)
2026-06-26T17:11:43.874603Z vfio_region_write  (0000:09:00.0:region0+0x408, 0x1, 4)
2026-06-26T17:11:43.874644Z vfio_region_read  (0000:09:00.0:region0+0x100, 4) = 0x20000000
2026-06-26T17:11:43.874663Z vfio_region_read  (0000:09:00.0:region0+0x300, 4) = 0x0
2026-06-26T17:11:43.874681Z vfio_region_read  (0000:09:00.0:region0+0x200, 4) = 0x0
2026-06-26T17:11:43.874699Z vfio_region_read  (0000:09:00.0:region0+0x400, 4) = 0x3
2026-06-26T17:11:43.874718Z vfio_region_read  (0000:09:00.0:region0+0x500, 4) = 0xff0000
2026-06-26T17:11:43.874745Z vfio_region_read  (0000:09:00.0:region0+0x100, 4) = 0x0
2026-06-26T17:11:43.874764Z vfio_region_read  (0000:09:00.0:region0+0x300, 4) = 0x0
2026-06-26T17:11:43.874782Z vfio_region_read  (0000:09:00.0:region0+0x200, 4) = 0x0
2026-06-26T17:11:43.874800Z vfio_region_read  (0000:09:00.0:region0+0x400, 4) = 0x0
2026-06-26T17:11:43.874818Z vfio_region_read  (0000:09:00.0:region0+0x500, 4) = 0xff0000
2026-06-26T17:11:43.874844Z vfio_region_write  (0000:09:00.0:region0+0x408, 0x2, 4)
2026-06-26T17:11:43.874860Z vfio_region_write  (0000:09:00.0:region0+0x8020, 0x80005000, 4)
2026-06-26T17:11:43.874873Z vfio_region_write  (0000:09:00.0:region0+0x8024, 0x380002, 4)
2026-06-26T17:11:43.874886Z vfio_region_write  (0000:09:00.0:region0+0x8028, 0x0, 4)
2026-06-26T17:11:43.874899Z vfio_region_write  (0000:09:00.0:region0+0x802c, 0x0, 4)
2026-06-26T17:11:43.874912Z vfio_region_write  (0000:09:00.0:region0+0x8030, 0x19, 4)
2026-06-26T17:11:43.874925Z vfio_region_write  (0000:09:00.0:region0+0x408, 0x1, 4)
2026-06-26T17:11:43.874966Z vfio_region_read  (0000:09:00.0:region0+0x100, 4) = 0x20000000
2026-06-26T17:11:43.874985Z vfio_region_read  (0000:09:00.0:region0+0x300, 4) = 0x0
2026-06-26T17:11:43.875003Z vfio_region_read  (0000:09:00.0:region0+0x200, 4) = 0x0
2026-06-26T17:11:43.875022Z vfio_region_read  (0000:09:00.0:region0+0x400, 4) = 0x3
2026-06-26T17:11:43.875040Z vfio_region_read  (0000:09:00.0:region0+0x500, 4) = 0xff0000
2026-06-26T17:11:43.875067Z vfio_region_read  (0000:09:00.0:region0+0x100, 4) = 0x0
2026-06-26T17:11:43.875086Z vfio_region_read  (0000:09:00.0:region0+0x300, 4) = 0x0
2026-06-26T17:11:43.875104Z vfio_region_read  (0000:09:00.0:region0+0x200, 4) = 0x0
2026-06-26T17:11:43.875122Z vfio_region_read  (0000:09:00.0:region0+0x400, 4) = 0x0
2026-06-26T17:11:43.875141Z vfio_region_read  (0000:09:00.0:region0+0x500, 4) = 0xff0000
2026-06-26T17:11:43.875160Z vfio_region_write  (0000:09:00.0:region0+0x408, 0x2, 4)
2026-06-26T17:11:43.875176Z vfio_region_write  (0000:09:00.0:region0+0x8020, 0x80005000, 4)
2026-06-26T17:11:43.875189Z vfio_region_write  (0000:09:00.0:region0+0x8024, 0x390002, 4)
2026-06-26T17:11:43.875202Z vfio_region_write  (0000:09:00.0:region0+0x8028, 0x0, 4)
2026-06-26T17:11:43.875215Z vfio_region_write  (0000:09:00.0:region0+0x802c, 0x0, 4)
2026-06-26T17:11:43.875228Z vfio_region_write  (0000:09:00.0:region0+0x8030, 0x1a, 4)
2026-06-26T17:11:43.875242Z vfio_region_write  (0000:09:00.0:region0+0x408, 0x1, 4)
2026-06-26T17:11:43.875281Z vfio_region_read  (0000:09:00.0:region0+0x100, 4) = 0x20000000
2026-06-26T17:11:43.875300Z vfio_region_read  (0000:09:00.0:region0+0x300, 4) = 0x0
2026-06-26T17:11:43.875319Z vfio_region_read  (0000:09:00.0:region0+0x200, 4) = 0x0
2026-06-26T17:11:43.875337Z vfio_region_read  (0000:09:00.0:region0+0x400, 4) = 0x3
2026-06-26T17:11:43.875356Z vfio_region_read  (0000:09:00.0:region0+0x500, 4) = 0xff0000
2026-06-26T17:11:43.875383Z vfio_region_read  (0000:09:00.0:region0+0x100, 4) = 0x0
2026-06-26T17:11:43.875401Z vfio_region_read  (0000:09:00.0:region0+0x300, 4) = 0x0
2026-06-26T17:11:43.875420Z vfio_region_read  (0000:09:00.0:region0+0x200, 4) = 0x0
2026-06-26T17:11:43.875438Z vfio_region_read  (0000:09:00.0:region0+0x400, 4) = 0x0
2026-06-26T17:11:43.875456Z vfio_region_read  (0000:09:00.0:region0+0x500, 4) = 0xff0000
2026-06-26T17:11:43.875475Z vfio_region_write  (0000:09:00.0:region0+0x408, 0x2, 4)
2026-06-26T17:11:43.875491Z vfio_region_write  (0000:09:00.0:region0+0x8020, 0x80005000, 4)
2026-06-26T17:11:43.875504Z vfio_region_write  (0000:09:00.0:region0+0x8024, 0x3a0002, 4)
2026-06-26T17:11:43.875517Z vfio_region_write  (0000:09:00.0:region0+0x8028, 0x0, 4)
2026-06-26T17:11:43.875531Z vfio_region_write  (0000:09:00.0:region0+0x802c, 0x0, 4)
2026-06-26T17:11:43.875545Z vfio_region_write  (0000:09:00.0:region0+0x8030, 0x1b, 4)
2026-06-26T17:11:43.875558Z vfio_region_write  (0000:09:00.0:region0+0x408, 0x1, 4)
2026-06-26T17:11:43.875598Z vfio_region_read  (0000:09:00.0:region0+0x100, 4) = 0x20000000
2026-06-26T17:11:43.875617Z vfio_region_read  (0000:09:00.0:region0+0x300, 4) = 0x0
2026-06-26T17:11:43.875636Z vfio_region_read  (0000:09:00.0:region0+0x200, 4) = 0x0
2026-06-26T17:11:43.875654Z vfio_region_read  (0000:09:00.0:region0+0x400, 4) = 0x3
2026-06-26T17:11:43.875672Z vfio_region_read  (0000:09:00.0:region0+0x500, 4) = 0xff0000
2026-06-26T17:11:43.875699Z vfio_region_read  (0000:09:00.0:region0+0x100, 4) = 0x0
2026-06-26T17:11:43.875718Z vfio_region_read  (0000:09:00.0:region0+0x300, 4) = 0x0
2026-06-26T17:11:43.875736Z vfio_region_read  (0000:09:00.0:region0+0x200, 4) = 0x0
2026-06-26T17:11:43.875754Z vfio_region_read  (0000:09:00.0:region0+0x400, 4) = 0x0
2026-06-26T17:11:43.875773Z vfio_region_read  (0000:09:00.0:region0+0x500, 4) = 0xff0000
2026-06-26T17:11:43.875792Z vfio_region_write  (0000:09:00.0:region0+0x408, 0x2, 4)
2026-06-26T17:11:43.875807Z vfio_region_write  (0000:09:00.0:region0+0x8020, 0x80005000, 4)
2026-06-26T17:11:43.875826Z vfio_region_write  (0000:09:00.0:region0+0x8024, 0x3b0002, 4)
2026-06-26T17:11:43.875840Z vfio_region_write  (0000:09:00.0:region0+0x8028, 0x0, 4)
2026-06-26T17:11:43.875853Z vfio_region_write  (0000:09:00.0:region0+0x802c, 0x0, 4)
2026-06-26T17:11:43.875866Z vfio_region_write  (0000:09:00.0:region0+0x8030, 0x1c, 4)
2026-06-26T17:11:43.875880Z vfio_region_write  (0000:09:00.0:region0+0x408, 0x1, 4)
2026-06-26T17:11:43.875919Z vfio_region_read  (0000:09:00.0:region0+0x100, 4) = 0x20000000
2026-06-26T17:11:43.875939Z vfio_region_read  (0000:09:00.0:region0+0x300, 4) = 0x0
2026-06-26T17:11:43.875957Z vfio_region_read  (0000:09:00.0:region0+0x200, 4) = 0x0
2026-06-26T17:11:43.875975Z vfio_region_read  (0000:09:00.0:region0+0x400, 4) = 0x3
2026-06-26T17:11:43.875994Z vfio_region_read  (0000:09:00.0:region0+0x500, 4) = 0xff0000
2026-06-26T17:11:43.876021Z vfio_region_read  (0000:09:00.0:region0+0x100, 4) = 0x0
2026-06-26T17:11:43.876040Z vfio_region_read  (0000:09:00.0:region0+0x300, 4) = 0x0
2026-06-26T17:11:43.876058Z vfio_region_read  (0000:09:00.0:region0+0x200, 4) = 0x0
2026-06-26T17:11:43.876076Z vfio_region_read  (0000:09:00.0:region0+0x400, 4) = 0x0
2026-06-26T17:11:43.876094Z vfio_region_read  (0000:09:00.0:region0+0x500, 4) = 0xff0000
2026-06-26T17:11:43.876114Z vfio_region_write  (0000:09:00.0:region0+0x408, 0x2, 4)
2026-06-26T17:11:43.876130Z vfio_region_write  (0000:09:00.0:region0+0x8020, 0x80005000, 4)
2026-06-26T17:11:43.876143Z vfio_region_write  (0000:09:00.0:region0+0x8024, 0x3c0002, 4)
2026-06-26T17:11:43.876156Z vfio_region_write  (0000:09:00.0:region0+0x8028, 0x0, 4)
2026-06-26T17:11:43.876169Z vfio_region_write  (0000:09:00.0:region0+0x802c, 0x0, 4)
2026-06-26T17:11:43.876182Z vfio_region_write  (0000:09:00.0:region0+0x8030, 0x1d, 4)
2026-06-26T17:11:43.876197Z vfio_region_write  (0000:09:00.0:region0+0x408, 0x1, 4)
2026-06-26T17:11:43.876237Z vfio_region_read  (0000:09:00.0:region0+0x100, 4) = 0x20000000
2026-06-26T17:11:43.876256Z vfio_region_read  (0000:09:00.0:region0+0x300, 4) = 0x0
2026-06-26T17:11:43.876275Z vfio_region_read  (0000:09:00.0:region0+0x200, 4) = 0x0
2026-06-26T17:11:43.876293Z vfio_region_read  (0000:09:00.0:region0+0x400, 4) = 0x3
2026-06-26T17:11:43.876311Z vfio_region_read  (0000:09:00.0:region0+0x500, 4) = 0xff0000
2026-06-26T17:11:43.876339Z vfio_region_read  (0000:09:00.0:region0+0x100, 4) = 0x0
2026-06-26T17:11:43.876357Z vfio_region_read  (0000:09:00.0:region0+0x300, 4) = 0x0
2026-06-26T17:11:43.876375Z vfio_region_read  (0000:09:00.0:region0+0x200, 4) = 0x0
2026-06-26T17:11:43.876394Z vfio_region_read  (0000:09:00.0:region0+0x400, 4) = 0x0
2026-06-26T17:11:43.876412Z vfio_region_read  (0000:09:00.0:region0+0x500, 4) = 0xff0000
2026-06-26T17:11:43.876431Z vfio_region_write  (0000:09:00.0:region0+0x408, 0x2, 4)
2026-06-26T17:11:43.876446Z vfio_region_write  (0000:09:00.0:region0+0x8020, 0x80005000, 4)
2026-06-26T17:11:43.876460Z vfio_region_write  (0000:09:00.0:region0+0x8024, 0x3d0002, 4)
2026-06-26T17:11:43.876473Z vfio_region_write  (0000:09:00.0:region0+0x8028, 0x0, 4)
2026-06-26T17:11:43.876486Z vfio_region_write  (0000:09:00.0:region0+0x802c, 0x0, 4)
2026-06-26T17:11:43.876499Z vfio_region_write  (0000:09:00.0:region0+0x8030, 0x1e, 4)
2026-06-26T17:11:43.876514Z vfio_region_write  (0000:09:00.0:region0+0x408, 0x1, 4)
2026-06-26T17:11:43.876553Z vfio_region_read  (0000:09:00.0:region0+0x100, 4) = 0x20000000
2026-06-26T17:11:43.876573Z vfio_region_read  (0000:09:00.0:region0+0x300, 4) = 0x0
2026-06-26T17:11:43.876591Z vfio_region_read  (0000:09:00.0:region0+0x200, 4) = 0x0
2026-06-26T17:11:43.876609Z vfio_region_read  (0000:09:00.0:region0+0x400, 4) = 0x3
2026-06-26T17:11:43.876628Z vfio_region_read  (0000:09:00.0:region0+0x500, 4) = 0xff0000
2026-06-26T17:11:43.876655Z vfio_region_read  (0000:09:00.0:region0+0x100, 4) = 0x0
2026-06-26T17:11:43.876673Z vfio_region_read  (0000:09:00.0:region0+0x300, 4) = 0x0
2026-06-26T17:11:43.876692Z vfio_region_read  (0000:09:00.0:region0+0x200, 4) = 0x0
2026-06-26T17:11:43.876710Z vfio_region_read  (0000:09:00.0:region0+0x400, 4) = 0x0
2026-06-26T17:11:43.876728Z vfio_region_read  (0000:09:00.0:region0+0x500, 4) = 0xff0000
2026-06-26T17:11:43.876748Z vfio_region_write  (0000:09:00.0:region0+0x408, 0x2, 4)
2026-06-26T17:12:03.191349Z vfio_region_write  (0000:09:00.0:region0+0x8020, 0x80000002, 4)
2026-06-26T17:12:03.191405Z vfio_region_write  (0000:09:00.0:region0+0x8024, 0x3e0000, 4)
2026-06-26T17:12:03.191418Z vfio_region_write  (0000:09:00.0:region0+0x8028, 0x0, 4)
2026-06-26T17:12:03.191431Z vfio_region_write  (0000:09:00.0:region0+0x802c, 0x0, 4)
2026-06-26T17:12:03.191444Z vfio_region_write  (0000:09:00.0:region0+0x408, 0x1, 4)
2026-06-26T17:12:03.191489Z vfio_region_read  (0000:09:00.0:region0+0x100, 4) = 0x20000000
2026-06-26T17:12:03.191509Z vfio_region_read  (0000:09:00.0:region0+0x300, 4) = 0x0
2026-06-26T17:12:03.191527Z vfio_region_read  (0000:09:00.0:region0+0x200, 4) = 0x0
2026-06-26T17:12:03.191545Z vfio_region_read  (0000:09:00.0:region0+0x400, 4) = 0x3
2026-06-26T17:12:03.191564Z vfio_region_read  (0000:09:00.0:region0+0x500, 4) = 0xff0000
2026-06-26T17:12:03.191593Z vfio_region_read  (0000:09:00.0:region0+0x100, 4) = 0x0
2026-06-26T17:12:03.191611Z vfio_region_read  (0000:09:00.0:region0+0x300, 4) = 0x0
2026-06-26T17:12:03.191630Z vfio_region_read  (0000:09:00.0:region0+0x200, 4) = 0x0
2026-06-26T17:12:03.191648Z vfio_region_read  (0000:09:00.0:region0+0x400, 4) = 0x0
2026-06-26T17:12:03.191666Z vfio_region_read  (0000:09:00.0:region0+0x500, 4) = 0xff0000
2026-06-26T17:12:03.240360Z vfio_region_write  (0000:09:00.0:region0+0x408, 0x2, 4)
2026-06-26T17:12:03.240418Z vfio_region_write  (0000:09:00.0:region0+0x8020, 0x80000001, 4)
2026-06-26T17:12:03.240434Z vfio_region_write  (0000:09:00.0:region0+0x8024, 0x3f0002, 4)
2026-06-26T17:12:03.240446Z vfio_region_write  (0000:09:00.0:region0+0x8028, 0x0, 4)
2026-06-26T17:12:03.240459Z vfio_region_write  (0000:09:00.0:region0+0x802c, 0x0, 4)
2026-06-26T17:12:03.240471Z vfio_region_write  (0000:09:00.0:region0+0x8030, 0x1, 4)
2026-06-26T17:12:03.240485Z vfio_region_write  (0000:09:00.0:region0+0x408, 0x1, 4)
2026-06-26T17:12:03.240529Z vfio_region_read  (0000:09:00.0:region0+0x100, 4) = 0x20000000
2026-06-26T17:12:03.240549Z vfio_region_read  (0000:09:00.0:region0+0x300, 4) = 0x0
2026-06-26T17:12:03.240567Z vfio_region_read  (0000:09:00.0:region0+0x200, 4) = 0x0
2026-06-26T17:12:03.240586Z vfio_region_read  (0000:09:00.0:region0+0x400, 4) = 0x3
2026-06-26T17:12:03.240604Z vfio_region_read  (0000:09:00.0:region0+0x500, 4) = 0xff0000
2026-06-26T17:12:03.240632Z vfio_region_read  (0000:09:00.0:region0+0x100, 4) = 0x0
2026-06-26T17:12:03.240651Z vfio_region_read  (0000:09:00.0:region0+0x300, 4) = 0x0
2026-06-26T17:12:03.240668Z vfio_region_read  (0000:09:00.0:region0+0x200, 4) = 0x0
2026-06-26T17:12:03.240686Z vfio_region_read  (0000:09:00.0:region0+0x400, 4) = 0x0
2026-06-26T17:12:03.240705Z vfio_region_read  (0000:09:00.0:region0+0x500, 4) = 0xff0000
2026-06-26T17:12:03.439898Z vfio_region_write  (0000:09:00.0:region0+0x408, 0x2, 4)
2026-06-26T17:12:03.440058Z vfio_region_write  (0000:09:00.0:region0+0x8020, 0x80000001, 4)
2026-06-26T17:12:03.440073Z vfio_region_write  (0000:09:00.0:region0+0x8024, 0x400002, 4)
2026-06-26T17:12:03.440085Z vfio_region_write  (0000:09:00.0:region0+0x8028, 0x0, 4)
2026-06-26T17:12:03.440097Z vfio_region_write  (0000:09:00.0:region0+0x802c, 0x0, 4)
2026-06-26T17:12:03.440109Z vfio_region_write  (0000:09:00.0:region0+0x8030, 0x2, 4)
2026-06-26T17:12:03.440123Z vfio_region_write  (0000:09:00.0:region0+0x408, 0x1, 4)
2026-06-26T17:12:03.440169Z vfio_region_read  (0000:09:00.0:region0+0x100, 4) = 0x20000000
2026-06-26T17:12:03.440188Z vfio_region_read  (0000:09:00.0:region0+0x300, 4) = 0x0
2026-06-26T17:12:03.440206Z vfio_region_read  (0000:09:00.0:region0+0x200, 4) = 0x0
2026-06-26T17:12:03.440225Z vfio_region_read  (0000:09:00.0:region0+0x400, 4) = 0x3
2026-06-26T17:12:03.440243Z vfio_region_read  (0000:09:00.0:region0+0x500, 4) = 0xff0000
2026-06-26T17:12:03.440271Z vfio_region_read  (0000:09:00.0:region0+0x100, 4) = 0x0
2026-06-26T17:12:03.440290Z vfio_region_read  (0000:09:00.0:region0+0x300, 4) = 0x0
2026-06-26T17:12:03.440308Z vfio_region_read  (0000:09:00.0:region0+0x200, 4) = 0x0
2026-06-26T17:12:03.440326Z vfio_region_read  (0000:09:00.0:region0+0x400, 4) = 0x0
2026-06-26T17:12:03.440344Z vfio_region_read  (0000:09:00.0:region0+0x500, 4) = 0xff0000
2026-06-26T17:12:03.530636Z vfio_region_write  (0000:09:00.0:region0+0x408, 0x2, 4)
2026-06-26T17:12:03.530696Z vfio_region_write  (0000:09:00.0:region0+0x8020, 0x80000001, 4)
2026-06-26T17:12:03.530709Z vfio_region_write  (0000:09:00.0:region0+0x8024, 0x410002, 4)
2026-06-26T17:12:03.530722Z vfio_region_write  (0000:09:00.0:region0+0x8028, 0x0, 4)
2026-06-26T17:12:03.530734Z vfio_region_write  (0000:09:00.0:region0+0x802c, 0x0, 4)
2026-06-26T17:12:03.530750Z vfio_region_write  (0000:09:00.0:region0+0x8030, 0x3, 4)
2026-06-26T17:12:03.530763Z vfio_region_write  (0000:09:00.0:region0+0x408, 0x1, 4)
2026-06-26T17:12:03.530806Z vfio_region_read  (0000:09:00.0:region0+0x100, 4) = 0x20000000
2026-06-26T17:12:03.530831Z vfio_region_read  (0000:09:00.0:region0+0x300, 4) = 0x0
2026-06-26T17:12:03.530850Z vfio_region_read  (0000:09:00.0:region0+0x200, 4) = 0x0
2026-06-26T17:12:03.530868Z vfio_region_read  (0000:09:00.0:region0+0x400, 4) = 0x3
2026-06-26T17:12:03.530886Z vfio_region_read  (0000:09:00.0:region0+0x500, 4) = 0xff0000
2026-06-26T17:12:03.530916Z vfio_region_read  (0000:09:00.0:region0+0x100, 4) = 0x0
2026-06-26T17:12:03.530941Z vfio_region_read  (0000:09:00.0:region0+0x300, 4) = 0x0
2026-06-26T17:12:03.530960Z vfio_region_read  (0000:09:00.0:region0+0x200, 4) = 0x0
2026-06-26T17:12:03.530978Z vfio_region_read  (0000:09:00.0:region0+0x400, 4) = 0x0
2026-06-26T17:12:03.530996Z vfio_region_read  (0000:09:00.0:region0+0x500, 4) = 0xff0000
2026-06-26T17:12:03.595232Z vfio_region_write  (0000:09:00.0:region0+0x408, 0x2, 4)
2026-06-26T17:12:03.595298Z vfio_region_write  (0000:09:00.0:region0+0x8020, 0x80000001, 4)
2026-06-26T17:12:03.595312Z vfio_region_write  (0000:09:00.0:region0+0x8024, 0x420002, 4)
2026-06-26T17:12:03.595324Z vfio_region_write  (0000:09:00.0:region0+0x8028, 0x0, 4)
2026-06-26T17:12:03.595336Z vfio_region_write  (0000:09:00.0:region0+0x802c, 0x0, 4)
2026-06-26T17:12:03.595348Z vfio_region_write  (0000:09:00.0:region0+0x8030, 0xcccc0004, 4)
2026-06-26T17:12:03.595360Z vfio_region_write  (0000:09:00.0:region0+0x408, 0x1, 4)
2026-06-26T17:12:03.595406Z vfio_region_read  (0000:09:00.0:region0+0x100, 4) = 0x20000000
2026-06-26T17:12:03.595425Z vfio_region_read  (0000:09:00.0:region0+0x300, 4) = 0x0
2026-06-26T17:12:03.595443Z vfio_region_read  (0000:09:00.0:region0+0x200, 4) = 0x0
2026-06-26T17:12:03.595460Z vfio_region_read  (0000:09:00.0:region0+0x400, 4) = 0x3
2026-06-26T17:12:03.595477Z vfio_region_read  (0000:09:00.0:region0+0x500, 4) = 0xff0000
2026-06-26T17:12:03.595504Z vfio_region_read  (0000:09:00.0:region0+0x100, 4) = 0x0
2026-06-26T17:12:03.595523Z vfio_region_read  (0000:09:00.0:region0+0x300, 4) = 0x0
2026-06-26T17:12:03.595541Z vfio_region_read  (0000:09:00.0:region0+0x200, 4) = 0x0
2026-06-26T17:12:03.595559Z vfio_region_read  (0000:09:00.0:region0+0x400, 4) = 0x0
2026-06-26T17:12:03.595577Z vfio_region_read  (0000:09:00.0:region0+0x500, 4) = 0xff0000
2026-06-26T17:12:03.671938Z vfio_region_write  (0000:09:00.0:region0+0x408, 0x2, 4)
2026-06-26T17:12:03.672001Z vfio_region_write  (0000:09:00.0:region0+0x8020, 0x80000001, 4)
2026-06-26T17:12:03.672014Z vfio_region_write  (0000:09:00.0:region0+0x8024, 0x430002, 4)
2026-06-26T17:12:03.672027Z vfio_region_write  (0000:09:00.0:region0+0x8028, 0x0, 4)
2026-06-26T17:12:03.672039Z vfio_region_write  (0000:09:00.0:region0+0x802c, 0x0, 4)
2026-06-26T17:12:03.672051Z vfio_region_write  (0000:09:00.0:region0+0x8030, 0xcccc0005, 4)
2026-06-26T17:12:03.672064Z vfio_region_write  (0000:09:00.0:region0+0x408, 0x1, 4)
2026-06-26T17:12:03.672109Z vfio_region_read  (0000:09:00.0:region0+0x100, 4) = 0x20000000
2026-06-26T17:12:03.672129Z vfio_region_read  (0000:09:00.0:region0+0x300, 4) = 0x0
2026-06-26T17:12:03.672147Z vfio_region_read  (0000:09:00.0:region0+0x200, 4) = 0x0
2026-06-26T17:12:03.672166Z vfio_region_read  (0000:09:00.0:region0+0x400, 4) = 0x3
2026-06-26T17:12:03.672184Z vfio_region_read  (0000:09:00.0:region0+0x500, 4) = 0xff0000
2026-06-26T17:12:03.672212Z vfio_region_read  (0000:09:00.0:region0+0x100, 4) = 0x0
2026-06-26T17:12:03.672230Z vfio_region_read  (0000:09:00.0:region0+0x300, 4) = 0x0
2026-06-26T17:12:03.672248Z vfio_region_read  (0000:09:00.0:region0+0x200, 4) = 0x0
2026-06-26T17:12:03.672266Z vfio_region_read  (0000:09:00.0:region0+0x400, 4) = 0x0
2026-06-26T17:12:03.672284Z vfio_region_read  (0000:09:00.0:region0+0x500, 4) = 0xff0000
2026-06-26T17:12:03.712939Z vfio_region_write  (0000:09:00.0:region0+0x408, 0x2, 4)
2026-06-26T17:12:03.712995Z vfio_region_write  (0000:09:00.0:region0+0x8020, 0x80000001, 4)
2026-06-26T17:12:03.713009Z vfio_region_write  (0000:09:00.0:region0+0x8024, 0x440002, 4)
2026-06-26T17:12:03.713024Z vfio_region_write  (0000:09:00.0:region0+0x8028, 0x0, 4)
2026-06-26T17:12:03.713036Z vfio_region_write  (0000:09:00.0:region0+0x802c, 0x0, 4)
2026-06-26T17:12:03.713048Z vfio_region_write  (0000:09:00.0:region0+0x8030, 0xcccc0006, 4)
2026-06-26T17:12:03.713061Z vfio_region_write  (0000:09:00.0:region0+0x408, 0x1, 4)
2026-06-26T17:12:03.713106Z vfio_region_read  (0000:09:00.0:region0+0x100, 4) = 0x20000000
2026-06-26T17:12:03.713126Z vfio_region_read  (0000:09:00.0:region0+0x300, 4) = 0x0
2026-06-26T17:12:03.713144Z vfio_region_read  (0000:09:00.0:region0+0x200, 4) = 0x0
2026-06-26T17:12:03.713162Z vfio_region_read  (0000:09:00.0:region0+0x400, 4) = 0x3
2026-06-26T17:12:03.713180Z vfio_region_read  (0000:09:00.0:region0+0x500, 4) = 0xff0000
2026-06-26T17:12:03.713208Z vfio_region_read  (0000:09:00.0:region0+0x100, 4) = 0x0
2026-06-26T17:12:03.713227Z vfio_region_read  (0000:09:00.0:region0+0x300, 4) = 0x0
2026-06-26T17:12:03.713245Z vfio_region_read  (0000:09:00.0:region0+0x200, 4) = 0x0
2026-06-26T17:12:03.713263Z vfio_region_read  (0000:09:00.0:region0+0x400, 4) = 0x0
2026-06-26T17:12:03.713281Z vfio_region_read  (0000:09:00.0:region0+0x500, 4) = 0xff0000
2026-06-26T17:12:03.774344Z vfio_region_write  (0000:09:00.0:region0+0x408, 0x2, 4)
2026-06-26T17:12:03.774399Z vfio_region_write  (0000:09:00.0:region0+0x8020, 0x80000001, 4)
2026-06-26T17:12:03.774413Z vfio_region_write  (0000:09:00.0:region0+0x8024, 0x450002, 4)
2026-06-26T17:12:03.774426Z vfio_region_write  (0000:09:00.0:region0+0x8028, 0x0, 4)
2026-06-26T17:12:03.774439Z vfio_region_write  (0000:09:00.0:region0+0x802c, 0x0, 4)
2026-06-26T17:12:03.774455Z vfio_region_write  (0000:09:00.0:region0+0x8030, 0xcccc0007, 4)
2026-06-26T17:12:03.774468Z vfio_region_write  (0000:09:00.0:region0+0x408, 0x1, 4)
2026-06-26T17:12:03.774511Z vfio_region_read  (0000:09:00.0:region0+0x100, 4) = 0x20000000
2026-06-26T17:12:03.774531Z vfio_region_read  (0000:09:00.0:region0+0x300, 4) = 0x0
2026-06-26T17:12:03.774550Z vfio_region_read  (0000:09:00.0:region0+0x200, 4) = 0x0
2026-06-26T17:12:03.774569Z vfio_region_read  (0000:09:00.0:region0+0x400, 4) = 0x3
2026-06-26T17:12:03.774587Z vfio_region_read  (0000:09:00.0:region0+0x500, 4) = 0xff0000
2026-06-26T17:12:03.774615Z vfio_region_read  (0000:09:00.0:region0+0x100, 4) = 0x0
2026-06-26T17:12:03.774634Z vfio_region_read  (0000:09:00.0:region0+0x300, 4) = 0x0
2026-06-26T17:12:03.774654Z vfio_region_read  (0000:09:00.0:region0+0x200, 4) = 0x0
2026-06-26T17:12:03.774672Z vfio_region_read  (0000:09:00.0:region0+0x400, 4) = 0x0
2026-06-26T17:12:03.774691Z vfio_region_read  (0000:09:00.0:region0+0x500, 4) = 0xff0000
2026-06-26T17:12:03.792346Z vfio_region_write  (0000:09:00.0:region0+0x408, 0x2, 4)
2026-06-26T17:12:03.792389Z vfio_region_write  (0000:09:00.0:region0+0x8020, 0x80000001, 4)
2026-06-26T17:12:03.792404Z vfio_region_write  (0000:09:00.0:region0+0x8024, 0x460002, 4)
2026-06-26T17:12:03.792416Z vfio_region_write  (0000:09:00.0:region0+0x8028, 0x0, 4)
2026-06-26T17:12:03.792431Z vfio_region_write  (0000:09:00.0:region0+0x802c, 0x0, 4)
2026-06-26T17:12:03.792443Z vfio_region_write  (0000:09:00.0:region0+0x8030, 0xcccc0008, 4)
2026-06-26T17:12:03.792459Z vfio_region_write  (0000:09:00.0:region0+0x408, 0x1, 4)
2026-06-26T17:12:03.792503Z vfio_region_read  (0000:09:00.0:region0+0x100, 4) = 0x20000000
2026-06-26T17:12:03.792525Z vfio_region_read  (0000:09:00.0:region0+0x300, 4) = 0x0
2026-06-26T17:12:03.792546Z vfio_region_read  (0000:09:00.0:region0+0x200, 4) = 0x0
2026-06-26T17:12:03.792567Z vfio_region_read  (0000:09:00.0:region0+0x400, 4) = 0x3
2026-06-26T17:12:03.792586Z vfio_region_read  (0000:09:00.0:region0+0x500, 4) = 0xff0000
2026-06-26T17:12:03.792617Z vfio_region_read  (0000:09:00.0:region0+0x100, 4) = 0x0
2026-06-26T17:12:03.792638Z vfio_region_read  (0000:09:00.0:region0+0x300, 4) = 0x0
2026-06-26T17:12:03.792658Z vfio_region_read  (0000:09:00.0:region0+0x200, 4) = 0x0
2026-06-26T17:12:03.792677Z vfio_region_read  (0000:09:00.0:region0+0x400, 4) = 0x0
2026-06-26T17:12:03.792695Z vfio_region_read  (0000:09:00.0:region0+0x500, 4) = 0xff0000
2026-06-26T17:12:03.804370Z vfio_region_write  (0000:09:00.0:region0+0x408, 0x2, 4)
2026-06-26T17:12:03.804403Z vfio_region_write  (0000:09:00.0:region0+0x8020, 0x80000002, 4)
2026-06-26T17:12:03.804418Z vfio_region_write  (0000:09:00.0:region0+0x8024, 0x470000, 4)
2026-06-26T17:12:03.804431Z vfio_region_write  (0000:09:00.0:region0+0x8028, 0x0, 4)
2026-06-26T17:12:03.804443Z vfio_region_write  (0000:09:00.0:region0+0x802c, 0x0, 4)
2026-06-26T17:12:03.804457Z vfio_region_write  (0000:09:00.0:region0+0x408, 0x1, 4)
2026-06-26T17:12:03.804499Z vfio_region_read  (0000:09:00.0:region0+0x100, 4) = 0x20000000
2026-06-26T17:12:03.804519Z vfio_region_read  (0000:09:00.0:region0+0x300, 4) = 0x0
2026-06-26T17:12:03.804537Z vfio_region_read  (0000:09:00.0:region0+0x200, 4) = 0x0
2026-06-26T17:12:03.804555Z vfio_region_read  (0000:09:00.0:region0+0x400, 4) = 0x3
2026-06-26T17:12:03.804574Z vfio_region_read  (0000:09:00.0:region0+0x500, 4) = 0xff0000
2026-06-26T17:12:03.804602Z vfio_region_read  (0000:09:00.0:region0+0x100, 4) = 0x0
2026-06-26T17:12:03.804620Z vfio_region_read  (0000:09:00.0:region0+0x300, 4) = 0x0
2026-06-26T17:12:03.804638Z vfio_region_read  (0000:09:00.0:region0+0x200, 4) = 0x0
2026-06-26T17:12:03.804656Z vfio_region_read  (0000:09:00.0:region0+0x400, 4) = 0x0
2026-06-26T17:12:03.804673Z vfio_region_read  (0000:09:00.0:region0+0x500, 4) = 0xff0000
2026-06-26T17:12:03.856792Z vfio_region_write  (0000:09:00.0:region0+0x408, 0x2, 4)
2026-06-26T17:12:03.856862Z vfio_region_write  (0000:09:00.0:region0+0x8020, 0x80003000, 4)
2026-06-26T17:12:03.856876Z vfio_region_write  (0000:09:00.0:region0+0x8024, 0x480000, 4)
2026-06-26T17:12:03.856888Z vfio_region_write  (0000:09:00.0:region0+0x8028, 0x0, 4)
2026-06-26T17:12:03.856900Z vfio_region_write  (0000:09:00.0:region0+0x802c, 0x0, 4)
2026-06-26T17:12:03.856914Z vfio_region_write  (0000:09:00.0:region0+0x408, 0x1, 4)
2026-06-26T17:12:03.856958Z vfio_region_read  (0000:09:00.0:region0+0x100, 4) = 0x20000000
2026-06-26T17:12:03.856978Z vfio_region_read  (0000:09:00.0:region0+0x300, 4) = 0x0
2026-06-26T17:12:03.856997Z vfio_region_read  (0000:09:00.0:region0+0x200, 4) = 0x0
2026-06-26T17:12:03.857015Z vfio_region_read  (0000:09:00.0:region0+0x400, 4) = 0x3
2026-06-26T17:12:03.857033Z vfio_region_read  (0000:09:00.0:region0+0x500, 4) = 0xff0000
2026-06-26T17:12:03.857062Z vfio_region_read  (0000:09:00.0:region0+0x100, 4) = 0x0
2026-06-26T17:12:03.857081Z vfio_region_read  (0000:09:00.0:region0+0x300, 4) = 0x0
2026-06-26T17:12:03.857099Z vfio_region_read  (0000:09:00.0:region0+0x200, 4) = 0x0
2026-06-26T17:12:03.857117Z vfio_region_read  (0000:09:00.0:region0+0x400, 4) = 0x0
2026-06-26T17:12:03.857136Z vfio_region_read  (0000:09:00.0:region0+0x500, 4) = 0xff0000
2026-06-26T17:12:03.913853Z vfio_region_write  (0000:09:00.0:region0+0x408, 0x2, 4)
2026-06-26T17:12:03.913916Z vfio_region_write  (0000:09:00.0:region0+0x8020, 0x80002000, 4)
2026-06-26T17:12:03.913937Z vfio_region_write  (0000:09:00.0:region0+0x8024, 0x490000, 4)
2026-06-26T17:12:03.913951Z vfio_region_write  (0000:09:00.0:region0+0x8028, 0x0, 4)
2026-06-26T17:12:03.913964Z vfio_region_write  (0000:09:00.0:region0+0x802c, 0x0, 4)
2026-06-26T17:12:03.913976Z vfio_region_write  (0000:09:00.0:region0+0x408, 0x1, 4)
2026-06-26T17:12:03.914020Z vfio_region_read  (0000:09:00.0:region0+0x100, 4) = 0x20000000
2026-06-26T17:12:03.914040Z vfio_region_read  (0000:09:00.0:region0+0x300, 4) = 0x0
2026-06-26T17:12:03.914059Z vfio_region_read  (0000:09:00.0:region0+0x200, 4) = 0x0
2026-06-26T17:12:03.914077Z vfio_region_read  (0000:09:00.0:region0+0x400, 4) = 0x3
2026-06-26T17:12:03.914094Z vfio_region_read  (0000:09:00.0:region0+0x500, 4) = 0xff0000
2026-06-26T17:12:03.914127Z vfio_region_read  (0000:09:00.0:region0+0x100, 4) = 0x0
2026-06-26T17:12:03.914145Z vfio_region_read  (0000:09:00.0:region0+0x300, 4) = 0x0
2026-06-26T17:12:03.914163Z vfio_region_read  (0000:09:00.0:region0+0x200, 4) = 0x0
2026-06-26T17:12:03.914181Z vfio_region_read  (0000:09:00.0:region0+0x400, 4) = 0x0
2026-06-26T17:12:03.914199Z vfio_region_read  (0000:09:00.0:region0+0x500, 4) = 0xff0000
2026-06-26T17:12:03.965405Z vfio_region_write  (0000:09:00.0:region0+0x408, 0x2, 4)
2026-06-26T17:12:03.965461Z vfio_region_write  (0000:09:00.0:region0+0x8020, 0x80001000, 4)
2026-06-26T17:12:03.965475Z vfio_region_write  (0000:09:00.0:region0+0x8024, 0x4a0000, 4)
2026-06-26T17:12:03.965489Z vfio_region_write  (0000:09:00.0:region0+0x8028, 0x0, 4)
2026-06-26T17:12:03.965501Z vfio_region_write  (0000:09:00.0:region0+0x802c, 0x0, 4)
2026-06-26T17:12:03.965515Z vfio_region_write  (0000:09:00.0:region0+0x408, 0x1, 4)
2026-06-26T17:12:03.965558Z vfio_region_read  (0000:09:00.0:region0+0x100, 4) = 0x20000000
2026-06-26T17:12:03.965578Z vfio_region_read  (0000:09:00.0:region0+0x300, 4) = 0x0
2026-06-26T17:12:03.965597Z vfio_region_read  (0000:09:00.0:region0+0x200, 4) = 0x0
2026-06-26T17:12:03.965615Z vfio_region_read  (0000:09:00.0:region0+0x400, 4) = 0x3
2026-06-26T17:12:03.965633Z vfio_region_read  (0000:09:00.0:region0+0x500, 4) = 0xff0000
2026-06-26T17:12:03.965666Z vfio_region_read  (0000:09:00.0:region0+0x100, 4) = 0x0
2026-06-26T17:12:03.965684Z vfio_region_read  (0000:09:00.0:region0+0x300, 4) = 0x0
2026-06-26T17:12:03.965703Z vfio_region_read  (0000:09:00.0:region0+0x200, 4) = 0x0
2026-06-26T17:12:03.965721Z vfio_region_read  (0000:09:00.0:region0+0x400, 4) = 0x0
2026-06-26T17:12:03.965738Z vfio_region_read  (0000:09:00.0:region0+0x500, 4) = 0xff0000
2026-06-26T17:12:04.008427Z vfio_region_write  (0000:09:00.0:region0+0x408, 0x2, 4)
2026-06-26T17:12:04.008476Z vfio_region_write  (0000:09:00.0:region0+0x8020, 0x80004000, 4)
2026-06-26T17:12:04.008490Z vfio_region_write  (0000:09:00.0:region0+0x8024, 0x4b0000, 4)
2026-06-26T17:12:04.008503Z vfio_region_write  (0000:09:00.0:region0+0x8028, 0x0, 4)
2026-06-26T17:12:04.008515Z vfio_region_write  (0000:09:00.0:region0+0x802c, 0x0, 4)
2026-06-26T17:12:04.008528Z vfio_region_write  (0000:09:00.0:region0+0x408, 0x1, 4)
2026-06-26T17:12:04.008570Z vfio_region_read  (0000:09:00.0:region0+0x100, 4) = 0x20000000
2026-06-26T17:12:04.008589Z vfio_region_read  (0000:09:00.0:region0+0x300, 4) = 0x0
2026-06-26T17:12:04.008608Z vfio_region_read  (0000:09:00.0:region0+0x200, 4) = 0x0
2026-06-26T17:12:04.008626Z vfio_region_read  (0000:09:00.0:region0+0x400, 4) = 0x3
2026-06-26T17:12:04.008644Z vfio_region_read  (0000:09:00.0:region0+0x500, 4) = 0xff0000
2026-06-26T17:12:04.008672Z vfio_region_read  (0000:09:00.0:region0+0x100, 4) = 0x0
2026-06-26T17:12:04.008690Z vfio_region_read  (0000:09:00.0:region0+0x300, 4) = 0x0
2026-06-26T17:12:04.008708Z vfio_region_read  (0000:09:00.0:region0+0x200, 4) = 0x0
2026-06-26T17:12:04.008726Z vfio_region_read  (0000:09:00.0:region0+0x400, 4) = 0x0
2026-06-26T17:12:04.008744Z vfio_region_read  (0000:09:00.0:region0+0x500, 4) = 0xff0000
2026-06-26T17:12:04.082554Z vfio_region_write  (0000:09:00.0:region0+0x408, 0x2, 4)
2026-06-26T17:12:04.082614Z vfio_region_write  (0000:09:00.0:region0+0x8020, 0x80004001, 4)
2026-06-26T17:12:04.082628Z vfio_region_write  (0000:09:00.0:region0+0x8024, 0x4c0004, 4)
2026-06-26T17:12:04.082641Z vfio_region_write  (0000:09:00.0:region0+0x8028, 0x0, 4)
2026-06-26T17:12:04.082654Z vfio_region_write  (0000:09:00.0:region0+0x802c, 0x0, 4)
2026-06-26T17:12:04.082669Z vfio_region_write  (0000:09:00.0:region0+0x8030, 0x0, 4)
2026-06-26T17:12:04.082682Z vfio_region_write  (0000:09:00.0:region0+0x408, 0x1, 4)
2026-06-26T17:12:04.082727Z vfio_region_read  (0000:09:00.0:region0+0x100, 4) = 0x20000000
2026-06-26T17:12:04.082747Z vfio_region_read  (0000:09:00.0:region0+0x300, 4) = 0x0
2026-06-26T17:12:04.082766Z vfio_region_read  (0000:09:00.0:region0+0x200, 4) = 0x0
2026-06-26T17:12:04.082785Z vfio_region_read  (0000:09:00.0:region0+0x400, 4) = 0x3
2026-06-26T17:12:04.082804Z vfio_region_read  (0000:09:00.0:region0+0x500, 4) = 0xff0000
2026-06-26T17:12:04.082838Z vfio_region_read  (0000:09:00.0:region0+0x100, 4) = 0x0
2026-06-26T17:12:04.082857Z vfio_region_read  (0000:09:00.0:region0+0x300, 4) = 0x0
2026-06-26T17:12:04.082875Z vfio_region_read  (0000:09:00.0:region0+0x200, 4) = 0x0
2026-06-26T17:12:04.082894Z vfio_region_read  (0000:09:00.0:region0+0x400, 4) = 0x0
2026-06-26T17:12:04.082913Z vfio_region_read  (0000:09:00.0:region0+0x500, 4) = 0xff0000
2026-06-26T17:12:04.133965Z vfio_region_write  (0000:09:00.0:region0+0x408, 0x2, 4)
2026-06-26T17:12:04.134021Z vfio_region_write  (0000:09:00.0:region0+0x8020, 0x80004001, 4)
2026-06-26T17:12:04.134035Z vfio_region_write  (0000:09:00.0:region0+0x8024, 0x4d0004, 4)
2026-06-26T17:12:04.134047Z vfio_region_write  (0000:09:00.0:region0+0x8028, 0x0, 4)
2026-06-26T17:12:04.134059Z vfio_region_write  (0000:09:00.0:region0+0x802c, 0x0, 4)
2026-06-26T17:12:04.134073Z vfio_region_write  (0000:09:00.0:region0+0x8030, 0x1, 4)
2026-06-26T17:12:04.134086Z vfio_region_write  (0000:09:00.0:region0+0x408, 0x1, 4)
2026-06-26T17:12:04.134130Z vfio_region_read  (0000:09:00.0:region0+0x100, 4) = 0x20000000
2026-06-26T17:12:04.134150Z vfio_region_read  (0000:09:00.0:region0+0x300, 4) = 0x0
2026-06-26T17:12:04.134168Z vfio_region_read  (0000:09:00.0:region0+0x200, 4) = 0x0
2026-06-26T17:12:04.134186Z vfio_region_read  (0000:09:00.0:region0+0x400, 4) = 0x3
2026-06-26T17:12:04.134204Z vfio_region_read  (0000:09:00.0:region0+0x500, 4) = 0xff0000
2026-06-26T17:12:04.134232Z vfio_region_read  (0000:09:00.0:region0+0x100, 4) = 0x0
2026-06-26T17:12:04.134250Z vfio_region_read  (0000:09:00.0:region0+0x300, 4) = 0x0
2026-06-26T17:12:04.134268Z vfio_region_read  (0000:09:00.0:region0+0x200, 4) = 0x0
2026-06-26T17:12:04.134286Z vfio_region_read  (0000:09:00.0:region0+0x400, 4) = 0x0
2026-06-26T17:12:04.134304Z vfio_region_read  (0000:09:00.0:region0+0x500, 4) = 0xff0000
2026-06-26T17:12:04.141012Z vfio_region_write  (0000:09:00.0:region0+0x408, 0x2, 4)
2026-06-26T17:12:04.141043Z vfio_region_write  (0000:09:00.0:region0+0x8020, 0x80004001, 4)
2026-06-26T17:12:04.141057Z vfio_region_write  (0000:09:00.0:region0+0x8024, 0x4e0004, 4)
2026-06-26T17:12:04.141095Z vfio_region_write  (0000:09:00.0:region0+0x8028, 0x0, 4)
2026-06-26T17:12:04.141319Z vfio_region_write  (0000:09:00.0:region0+0x802c, 0x0, 4)
2026-06-26T17:12:04.141333Z vfio_region_write  (0000:09:00.0:region0+0x8030, 0x2, 4)
2026-06-26T17:12:04.141346Z vfio_region_write  (0000:09:00.0:region0+0x408, 0x1, 4)
2026-06-26T17:12:04.141386Z vfio_region_read  (0000:09:00.0:region0+0x100, 4) = 0x20000000
2026-06-26T17:12:04.141406Z vfio_region_read  (0000:09:00.0:region0+0x300, 4) = 0x0
2026-06-26T17:12:04.141425Z vfio_region_read  (0000:09:00.0:region0+0x200, 4) = 0x0
2026-06-26T17:12:04.141443Z vfio_region_read  (0000:09:00.0:region0+0x400, 4) = 0x3
2026-06-26T17:12:04.141460Z vfio_region_read  (0000:09:00.0:region0+0x500, 4) = 0xff0000
2026-06-26T17:12:04.141487Z vfio_region_read  (0000:09:00.0:region0+0x100, 4) = 0x0
2026-06-26T17:12:04.141505Z vfio_region_read  (0000:09:00.0:region0+0x300, 4) = 0x0
2026-06-26T17:12:04.141523Z vfio_region_read  (0000:09:00.0:region0+0x200, 4) = 0x0
2026-06-26T17:12:04.141542Z vfio_region_read  (0000:09:00.0:region0+0x400, 4) = 0x0
2026-06-26T17:12:04.141560Z vfio_region_read  (0000:09:00.0:region0+0x500, 4) = 0xff0000
2026-06-26T17:12:04.151897Z vfio_region_write  (0000:09:00.0:region0+0x408, 0x2, 4)
2026-06-26T17:12:04.151939Z vfio_region_write  (0000:09:00.0:region0+0x8020, 0x80004001, 4)
2026-06-26T17:12:04.151954Z vfio_region_write  (0000:09:00.0:region0+0x8024, 0x4f0004, 4)
2026-06-26T17:12:04.151967Z vfio_region_write  (0000:09:00.0:region0+0x8028, 0x0, 4)
2026-06-26T17:12:04.151979Z vfio_region_write  (0000:09:00.0:region0+0x802c, 0x0, 4)
2026-06-26T17:12:04.151991Z vfio_region_write  (0000:09:00.0:region0+0x8030, 0x3, 4)
2026-06-26T17:12:04.152004Z vfio_region_write  (0000:09:00.0:region0+0x408, 0x1, 4)
2026-06-26T17:12:04.152047Z vfio_region_read  (0000:09:00.0:region0+0x100, 4) = 0x20000000
2026-06-26T17:12:04.152066Z vfio_region_read  (0000:09:00.0:region0+0x300, 4) = 0x0
2026-06-26T17:12:04.152085Z vfio_region_read  (0000:09:00.0:region0+0x200, 4) = 0x0
2026-06-26T17:12:04.152103Z vfio_region_read  (0000:09:00.0:region0+0x400, 4) = 0x3
2026-06-26T17:12:04.152120Z vfio_region_read  (0000:09:00.0:region0+0x500, 4) = 0xff0000
2026-06-26T17:12:04.152148Z vfio_region_read  (0000:09:00.0:region0+0x100, 4) = 0x0
2026-06-26T17:12:04.152166Z vfio_region_read  (0000:09:00.0:region0+0x300, 4) = 0x0
2026-06-26T17:12:04.152184Z vfio_region_read  (0000:09:00.0:region0+0x200, 4) = 0x0
2026-06-26T17:12:04.152202Z vfio_region_read  (0000:09:00.0:region0+0x400, 4) = 0x0
2026-06-26T17:12:04.152220Z vfio_region_read  (0000:09:00.0:region0+0x500, 4) = 0xff0000
2026-06-26T17:12:04.158399Z vfio_region_write  (0000:09:00.0:region0+0x408, 0x2, 4)
2026-06-26T17:12:04.158430Z vfio_region_write  (0000:09:00.0:region0+0x8020, 0x80004001, 4)
2026-06-26T17:12:04.158447Z vfio_region_write  (0000:09:00.0:region0+0x8024, 0x500004, 4)
2026-06-26T17:12:04.158462Z vfio_region_write  (0000:09:00.0:region0+0x8028, 0x0, 4)
2026-06-26T17:12:04.158478Z vfio_region_write  (0000:09:00.0:region0+0x802c, 0x0, 4)
2026-06-26T17:12:04.158493Z vfio_region_write  (0000:09:00.0:region0+0x8030, 0x4, 4)
2026-06-26T17:12:04.158510Z vfio_region_write  (0000:09:00.0:region0+0x408, 0x1, 4)
2026-06-26T17:12:04.158553Z vfio_region_read  (0000:09:00.0:region0+0x100, 4) = 0x20000000
2026-06-26T17:12:04.158573Z vfio_region_read  (0000:09:00.0:region0+0x300, 4) = 0x0
2026-06-26T17:12:04.158595Z vfio_region_read  (0000:09:00.0:region0+0x200, 4) = 0x0
2026-06-26T17:12:04.158617Z vfio_region_read  (0000:09:00.0:region0+0x400, 4) = 0x3
2026-06-26T17:12:04.158638Z vfio_region_read  (0000:09:00.0:region0+0x500, 4) = 0xff0000
2026-06-26T17:12:04.158671Z vfio_region_read  (0000:09:00.0:region0+0x100, 4) = 0x0
2026-06-26T17:12:04.158692Z vfio_region_read  (0000:09:00.0:region0+0x300, 4) = 0x0
2026-06-26T17:12:04.158710Z vfio_region_read  (0000:09:00.0:region0+0x200, 4) = 0x0
2026-06-26T17:12:04.158732Z vfio_region_read  (0000:09:00.0:region0+0x400, 4) = 0x0
2026-06-26T17:12:04.158754Z vfio_region_read  (0000:09:00.0:region0+0x500, 4) = 0xff0000
2026-06-26T17:12:04.168790Z vfio_region_write  (0000:09:00.0:region0+0x408, 0x2, 4)
2026-06-26T17:12:04.168826Z vfio_region_write  (0000:09:00.0:region0+0x8020, 0x80004001, 4)
2026-06-26T17:12:04.168858Z vfio_region_write  (0000:09:00.0:region0+0x8024, 0x510004, 4)
2026-06-26T17:12:04.168878Z vfio_region_write  (0000:09:00.0:region0+0x8028, 0x0, 4)
2026-06-26T17:12:04.168898Z vfio_region_write  (0000:09:00.0:region0+0x802c, 0x0, 4)
2026-06-26T17:12:04.168917Z vfio_region_write  (0000:09:00.0:region0+0x8030, 0x5, 4)
2026-06-26T17:12:04.168948Z vfio_region_write  (0000:09:00.0:region0+0x408, 0x1, 4)
2026-06-26T17:12:04.168994Z vfio_region_read  (0000:09:00.0:region0+0x100, 4) = 0x20000000
2026-06-26T17:12:04.169018Z vfio_region_read  (0000:09:00.0:region0+0x300, 4) = 0x0
2026-06-26T17:12:04.169044Z vfio_region_read  (0000:09:00.0:region0+0x200, 4) = 0x0
2026-06-26T17:12:04.169069Z vfio_region_read  (0000:09:00.0:region0+0x400, 4) = 0x3
2026-06-26T17:12:04.169093Z vfio_region_read  (0000:09:00.0:region0+0x500, 4) = 0xff0000
2026-06-26T17:12:04.169132Z vfio_region_read  (0000:09:00.0:region0+0x100, 4) = 0x0
2026-06-26T17:12:04.169156Z vfio_region_read  (0000:09:00.0:region0+0x300, 4) = 0x0
2026-06-26T17:12:04.169180Z vfio_region_read  (0000:09:00.0:region0+0x200, 4) = 0x0
2026-06-26T17:12:04.169204Z vfio_region_read  (0000:09:00.0:region0+0x400, 4) = 0x0
2026-06-26T17:12:04.169228Z vfio_region_read  (0000:09:00.0:region0+0x500, 4) = 0xff0000
2026-06-26T17:12:04.172920Z vfio_region_write  (0000:09:00.0:region0+0x408, 0x2, 4)
2026-06-26T17:12:04.172962Z vfio_region_write  (0000:09:00.0:region0+0x8020, 0x80800005, 4)
2026-06-26T17:12:04.172978Z vfio_region_write  (0000:09:00.0:region0+0x8024, 0x520008, 4)
2026-06-26T17:12:04.172994Z vfio_region_write  (0000:09:00.0:region0+0x8028, 0x0, 4)
2026-06-26T17:12:04.173010Z vfio_region_write  (0000:09:00.0:region0+0x802c, 0x0, 4)
2026-06-26T17:12:04.173028Z vfio_region_write  (0000:09:00.0:region0+0x8030, 0x0, 4)
2026-06-26T17:12:04.173044Z vfio_region_write  (0000:09:00.0:region0+0x8034, 0x8, 4)
2026-06-26T17:12:04.173062Z vfio_region_write  (0000:09:00.0:region0+0x408, 0x1, 4)
2026-06-26T17:12:04.173105Z vfio_region_read  (0000:09:00.0:region0+0x100, 4) = 0x20000000
2026-06-26T17:12:04.173125Z vfio_region_read  (0000:09:00.0:region0+0x300, 4) = 0x0
2026-06-26T17:12:04.173147Z vfio_region_read  (0000:09:00.0:region0+0x200, 4) = 0x0
2026-06-26T17:12:04.173167Z vfio_region_read  (0000:09:00.0:region0+0x400, 4) = 0x3
2026-06-26T17:12:04.173188Z vfio_region_read  (0000:09:00.0:region0+0x500, 4) = 0xff0000
2026-06-26T17:12:04.173227Z vfio_region_read  (0000:09:00.0:region0+0x100, 4) = 0x0
2026-06-26T17:12:04.173246Z vfio_region_read  (0000:09:00.0:region0+0x300, 4) = 0x0
2026-06-26T17:12:04.173267Z vfio_region_read  (0000:09:00.0:region0+0x200, 4) = 0x0
2026-06-26T17:12:04.173288Z vfio_region_read  (0000:09:00.0:region0+0x400, 4) = 0x0
2026-06-26T17:12:04.173309Z vfio_region_read  (0000:09:00.0:region0+0x500, 4) = 0xff0000
2026-06-26T17:12:04.179467Z vfio_region_write  (0000:09:00.0:region0+0x408, 0x2, 4)
2026-06-26T17:12:04.179511Z vfio_region_write  (0000:09:00.0:region0+0x8020, 0x80006004, 4)
2026-06-26T17:12:04.179525Z vfio_region_write  (0000:09:00.0:region0+0x8024, 0x530000, 4)
2026-06-26T17:12:04.179538Z vfio_region_write  (0000:09:00.0:region0+0x8028, 0x0, 4)
2026-06-26T17:12:04.179552Z vfio_region_write  (0000:09:00.0:region0+0x802c, 0x0, 4)
2026-06-26T17:12:04.179564Z vfio_region_write  (0000:09:00.0:region0+0x408, 0x1, 4)
2026-06-26T17:12:04.179605Z vfio_region_read  (0000:09:00.0:region0+0x100, 4) = 0x20000000
2026-06-26T17:12:04.179624Z vfio_region_read  (0000:09:00.0:region0+0x300, 4) = 0x0
2026-06-26T17:12:04.179642Z vfio_region_read  (0000:09:00.0:region0+0x200, 4) = 0x0
2026-06-26T17:12:04.179659Z vfio_region_read  (0000:09:00.0:region0+0x400, 4) = 0x3
2026-06-26T17:12:04.179678Z vfio_region_read  (0000:09:00.0:region0+0x500, 4) = 0xff0000
2026-06-26T17:12:04.179709Z vfio_region_read  (0000:09:00.0:region0+0x100, 4) = 0x0
2026-06-26T17:12:04.179727Z vfio_region_read  (0000:09:00.0:region0+0x300, 4) = 0x0
2026-06-26T17:12:04.179745Z vfio_region_read  (0000:09:00.0:region0+0x200, 4) = 0x0
2026-06-26T17:12:04.179763Z vfio_region_read  (0000:09:00.0:region0+0x400, 4) = 0x0
2026-06-26T17:12:04.179781Z vfio_region_read  (0000:09:00.0:region0+0x500, 4) = 0xff0000
2026-06-26T17:12:04.193539Z vfio_region_write  (0000:09:00.0:region0+0x408, 0x2, 4)
2026-06-26T17:12:04.193573Z vfio_region_write  (0000:09:00.0:region0+0x8020, 0x80006002, 4)
2026-06-26T17:12:04.193588Z vfio_region_write  (0000:09:00.0:region0+0x8024, 0x540000, 4)
2026-06-26T17:12:04.193600Z vfio_region_write  (0000:09:00.0:region0+0x8028, 0x0, 4)
2026-06-26T17:12:04.193614Z vfio_region_write  (0000:09:00.0:region0+0x802c, 0x0, 4)
2026-06-26T17:12:04.193627Z vfio_region_write  (0000:09:00.0:region0+0x408, 0x1, 4)
2026-06-26T17:12:04.193668Z vfio_region_read  (0000:09:00.0:region0+0x100, 4) = 0x20000000
2026-06-26T17:12:04.193688Z vfio_region_read  (0000:09:00.0:region0+0x300, 4) = 0x0
2026-06-26T17:12:04.193707Z vfio_region_read  (0000:09:00.0:region0+0x200, 4) = 0x0
2026-06-26T17:12:04.193725Z vfio_region_read  (0000:09:00.0:region0+0x400, 4) = 0x3
2026-06-26T17:12:04.193743Z vfio_region_read  (0000:09:00.0:region0+0x500, 4) = 0xff0000
2026-06-26T17:12:04.193771Z vfio_region_read  (0000:09:00.0:region0+0x100, 4) = 0x0
2026-06-26T17:12:04.193789Z vfio_region_read  (0000:09:00.0:region0+0x300, 4) = 0x0
2026-06-26T17:12:04.193807Z vfio_region_read  (0000:09:00.0:region0+0x200, 4) = 0x0
2026-06-26T17:12:04.193846Z vfio_region_read  (0000:09:00.0:region0+0x400, 4) = 0x0
2026-06-26T17:12:04.193865Z vfio_region_read  (0000:09:00.0:region0+0x500, 4) = 0xff0000
2026-06-26T17:12:04.195657Z vfio_region_write  (0000:09:00.0:region0+0x408, 0x2, 4)
2026-06-26T17:12:04.195687Z vfio_region_write  (0000:09:00.0:region0+0x8020, 0x80006005, 4)
2026-06-26T17:12:04.195703Z vfio_region_write  (0000:09:00.0:region0+0x8024, 0x550000, 4)
2026-06-26T17:12:04.195715Z vfio_region_write  (0000:09:00.0:region0+0x8028, 0x0, 4)
2026-06-26T17:12:04.195728Z vfio_region_write  (0000:09:00.0:region0+0x802c, 0x0, 4)
2026-06-26T17:12:04.195742Z vfio_region_write  (0000:09:00.0:region0+0x408, 0x1, 4)
2026-06-26T17:12:04.195783Z vfio_region_read  (0000:09:00.0:region0+0x100, 4) = 0x20000000
2026-06-26T17:12:04.195804Z vfio_region_read  (0000:09:00.0:region0+0x300, 4) = 0x0
2026-06-26T17:12:04.195828Z vfio_region_read  (0000:09:00.0:region0+0x200, 4) = 0x0
2026-06-26T17:12:04.195847Z vfio_region_read  (0000:09:00.0:region0+0x400, 4) = 0x3
2026-06-26T17:12:04.195866Z vfio_region_read  (0000:09:00.0:region0+0x500, 4) = 0xff0000
2026-06-26T17:12:04.195894Z vfio_region_read  (0000:09:00.0:region0+0x100, 4) = 0x0
2026-06-26T17:12:04.195914Z vfio_region_read  (0000:09:00.0:region0+0x300, 4) = 0x0
2026-06-26T17:12:04.195940Z vfio_region_read  (0000:09:00.0:region0+0x200, 4) = 0x0
2026-06-26T17:12:04.195959Z vfio_region_read  (0000:09:00.0:region0+0x400, 4) = 0x0
2026-06-26T17:12:04.195977Z vfio_region_read  (0000:09:00.0:region0+0x500, 4) = 0xff0000
2026-06-26T17:12:04.210261Z vfio_region_write  (0000:09:00.0:region0+0x408, 0x2, 4)
2026-06-26T17:12:04.237582Z vfio_region_write  (0000:09:00.0:region0+0x8020, 0x80004005, 4)
2026-06-26T17:12:04.237708Z vfio_region_write  (0000:09:00.0:region0+0x8024, 0x56000c, 4)
2026-06-26T17:12:04.237723Z vfio_region_write  (0000:09:00.0:region0+0x8028, 0x0, 4)
2026-06-26T17:12:04.237736Z vfio_region_write  (0000:09:00.0:region0+0x802c, 0x0, 4)
2026-06-26T17:12:04.237748Z vfio_region_write  (0000:09:00.0:region0+0x8030, 0x4, 4)
2026-06-26T17:12:04.237772Z vfio_region_write  (0000:09:00.0:region0+0x8034, 0x0, 4)
2026-06-26T17:12:04.237899Z vfio_region_write  (0000:09:00.0:region0+0x8038, 0x4b, 4)
2026-06-26T17:12:04.237916Z vfio_region_write  (0000:09:00.0:region0+0x408, 0x1, 4)
2026-06-26T17:12:04.237960Z vfio_region_read  (0000:09:00.0:region0+0x100, 4) = 0x20000000
2026-06-26T17:12:04.237979Z vfio_region_read  (0000:09:00.0:region0+0x300, 4) = 0x0
2026-06-26T17:12:04.237997Z vfio_region_read  (0000:09:00.0:region0+0x200, 4) = 0x0
2026-06-26T17:12:04.238015Z vfio_region_read  (0000:09:00.0:region0+0x400, 4) = 0x1
2026-06-26T17:12:04.238033Z vfio_region_read  (0000:09:00.0:region0+0x500, 4) = 0xff0000
2026-06-26T17:12:04.238208Z vfio_region_read  (0000:09:00.0:region0+0x100, 4) = 0x20000000
2026-06-26T17:12:04.238228Z vfio_region_read  (0000:09:00.0:region0+0x300, 4) = 0x0
2026-06-26T17:12:04.238246Z vfio_region_read  (0000:09:00.0:region0+0x200, 4) = 0x0
2026-06-26T17:12:04.238264Z vfio_region_read  (0000:09:00.0:region0+0x400, 4) = 0x2
2026-06-26T17:12:04.238282Z vfio_region_read  (0000:09:00.0:region0+0x500, 4) = 0xff0000
2026-06-26T17:12:04.240256Z vfio_region_write  (0000:09:00.0:region0+0x408, 0x2, 4)
2026-06-26T17:12:04.241308Z vfio_region_write  (0000:09:00.0:region0+0x8020, 0x80800000, 4)
2026-06-26T17:12:04.241324Z vfio_region_write  (0000:09:00.0:region0+0x8024, 0x570008, 4)
2026-06-26T17:12:04.241337Z vfio_region_write  (0000:09:00.0:region0+0x8028, 0x0, 4)
2026-06-26T17:12:04.241350Z vfio_region_write  (0000:09:00.0:region0+0x802c, 0x0, 4)
2026-06-26T17:12:04.241362Z vfio_region_write  (0000:09:00.0:region0+0x8030, 0x8, 4)
2026-06-26T17:12:04.241374Z vfio_region_write  (0000:09:00.0:region0+0x8034, 0x4, 4)
2026-06-26T17:12:04.241389Z vfio_region_write  (0000:09:00.0:region0+0x408, 0x1, 4)
2026-06-26T17:12:04.241432Z vfio_region_read  (0000:09:00.0:region0+0x100, 4) = 0x20000000
2026-06-26T17:12:04.241453Z vfio_region_read  (0000:09:00.0:region0+0x300, 4) = 0x0
2026-06-26T17:12:04.241471Z vfio_region_read  (0000:09:00.0:region0+0x200, 4) = 0x0
2026-06-26T17:12:04.241490Z vfio_region_read  (0000:09:00.0:region0+0x400, 4) = 0x3
2026-06-26T17:12:04.241508Z vfio_region_read  (0000:09:00.0:region0+0x500, 4) = 0xff0000
2026-06-26T17:12:04.241537Z vfio_region_read  (0000:09:00.0:region0+0x100, 4) = 0x0
2026-06-26T17:12:04.241555Z vfio_region_read  (0000:09:00.0:region0+0x300, 4) = 0x0
2026-06-26T17:12:04.241574Z vfio_region_read  (0000:09:00.0:region0+0x200, 4) = 0x0
2026-06-26T17:12:04.241592Z vfio_region_read  (0000:09:00.0:region0+0x400, 4) = 0x0
2026-06-26T17:12:04.241610Z vfio_region_read  (0000:09:00.0:region0+0x500, 4) = 0xff0000
2026-06-26T17:12:04.241728Z vfio_region_write  (0000:09:00.0:region0+0x408, 0x2, 4)
2026-06-26T17:12:04.241777Z vfio_region_write  (0000:09:00.0:region0+0x8020, 0x80800000, 4)
2026-06-26T17:12:04.241792Z vfio_region_write  (0000:09:00.0:region0+0x8024, 0x580008, 4)
2026-06-26T17:12:04.241805Z vfio_region_write  (0000:09:00.0:region0+0x8028, 0x0, 4)
2026-06-26T17:12:04.241818Z vfio_region_write  (0000:09:00.0:region0+0x802c, 0x0, 4)
2026-06-26T17:12:04.241840Z vfio_region_write  (0000:09:00.0:region0+0x8030, 0xc, 4)
2026-06-26T17:12:04.241854Z vfio_region_write  (0000:09:00.0:region0+0x8034, 0x4, 4)
2026-06-26T17:12:04.241867Z vfio_region_write  (0000:09:00.0:region0+0x408, 0x1, 4)
2026-06-26T17:12:04.241908Z vfio_region_read  (0000:09:00.0:region0+0x100, 4) = 0x20000000
2026-06-26T17:12:04.241938Z vfio_region_read  (0000:09:00.0:region0+0x300, 4) = 0x0
2026-06-26T17:12:04.241959Z vfio_region_read  (0000:09:00.0:region0+0x200, 4) = 0x0
2026-06-26T17:12:04.241977Z vfio_region_read  (0000:09:00.0:region0+0x400, 4) = 0x3
2026-06-26T17:12:04.241995Z vfio_region_read  (0000:09:00.0:region0+0x500, 4) = 0xff0000
2026-06-26T17:12:04.242027Z vfio_region_read  (0000:09:00.0:region0+0x100, 4) = 0x0
2026-06-26T17:12:04.242046Z vfio_region_read  (0000:09:00.0:region0+0x300, 4) = 0x0
2026-06-26T17:12:04.242064Z vfio_region_read  (0000:09:00.0:region0+0x200, 4) = 0x0
2026-06-26T17:12:04.242083Z vfio_region_read  (0000:09:00.0:region0+0x400, 4) = 0x0
2026-06-26T17:12:04.242101Z vfio_region_read  (0000:09:00.0:region0+0x500, 4) = 0xff0000
2026-06-26T17:12:04.242222Z vfio_region_write  (0000:09:00.0:region0+0x408, 0x2, 4)
2026-06-26T17:12:04.242261Z vfio_region_write  (0000:09:00.0:region0+0x8020, 0x80800000, 4)
2026-06-26T17:12:04.242276Z vfio_region_write  (0000:09:00.0:region0+0x8024, 0x590008, 4)
2026-06-26T17:12:04.242288Z vfio_region_write  (0000:09:00.0:region0+0x8028, 0x0, 4)
2026-06-26T17:12:04.242302Z vfio_region_write  (0000:09:00.0:region0+0x802c, 0x0, 4)
2026-06-26T17:12:04.242315Z vfio_region_write  (0000:09:00.0:region0+0x8030, 0x8, 4)
2026-06-26T17:12:04.242329Z vfio_region_write  (0000:09:00.0:region0+0x8034, 0x4, 4)
2026-06-26T17:12:04.242343Z vfio_region_write  (0000:09:00.0:region0+0x408, 0x1, 4)
2026-06-26T17:12:04.242386Z vfio_region_read  (0000:09:00.0:region0+0x100, 4) = 0x20000000
2026-06-26T17:12:04.242406Z vfio_region_read  (0000:09:00.0:region0+0x300, 4) = 0x0
2026-06-26T17:12:04.242424Z vfio_region_read  (0000:09:00.0:region0+0x200, 4) = 0x0
2026-06-26T17:12:04.242443Z vfio_region_read  (0000:09:00.0:region0+0x400, 4) = 0x3
2026-06-26T17:12:04.242461Z vfio_region_read  (0000:09:00.0:region0+0x500, 4) = 0xff0000
2026-06-26T17:12:04.242489Z vfio_region_read  (0000:09:00.0:region0+0x100, 4) = 0x0
2026-06-26T17:12:04.242508Z vfio_region_read  (0000:09:00.0:region0+0x300, 4) = 0x0
2026-06-26T17:12:04.242526Z vfio_region_read  (0000:09:00.0:region0+0x200, 4) = 0x0
2026-06-26T17:12:04.242544Z vfio_region_read  (0000:09:00.0:region0+0x400, 4) = 0x0
2026-06-26T17:12:04.242562Z vfio_region_read  (0000:09:00.0:region0+0x500, 4) = 0xff0000
2026-06-26T17:12:04.242621Z vfio_region_write  (0000:09:00.0:region0+0x408, 0x2, 4)
2026-06-26T17:12:04.242652Z vfio_region_write  (0000:09:00.0:region0+0x8020, 0x80800000, 4)
2026-06-26T17:12:04.242667Z vfio_region_write  (0000:09:00.0:region0+0x8024, 0x5a0008, 4)
2026-06-26T17:12:04.242680Z vfio_region_write  (0000:09:00.0:region0+0x8028, 0x0, 4)
2026-06-26T17:12:04.242693Z vfio_region_write  (0000:09:00.0:region0+0x802c, 0x0, 4)
2026-06-26T17:12:04.242708Z vfio_region_write  (0000:09:00.0:region0+0x8030, 0xc, 4)
2026-06-26T17:12:04.242721Z vfio_region_write  (0000:09:00.0:region0+0x8034, 0x4, 4)
2026-06-26T17:12:04.242736Z vfio_region_write  (0000:09:00.0:region0+0x408, 0x1, 4)
2026-06-26T17:12:04.242778Z vfio_region_read  (0000:09:00.0:region0+0x100, 4) = 0x20000000
2026-06-26T17:12:04.242798Z vfio_region_read  (0000:09:00.0:region0+0x300, 4) = 0x0
2026-06-26T17:12:04.242816Z vfio_region_read  (0000:09:00.0:region0+0x200, 4) = 0x0
2026-06-26T17:12:04.242844Z vfio_region_read  (0000:09:00.0:region0+0x400, 4) = 0x3
2026-06-26T17:12:04.242863Z vfio_region_read  (0000:09:00.0:region0+0x500, 4) = 0xff0000
2026-06-26T17:12:04.242890Z vfio_region_read  (0000:09:00.0:region0+0x100, 4) = 0x0
2026-06-26T17:12:04.242909Z vfio_region_read  (0000:09:00.0:region0+0x300, 4) = 0x0
2026-06-26T17:12:04.242935Z vfio_region_read  (0000:09:00.0:region0+0x200, 4) = 0x0
2026-06-26T17:12:04.242954Z vfio_region_read  (0000:09:00.0:region0+0x400, 4) = 0x0
2026-06-26T17:12:04.242972Z vfio_region_read  (0000:09:00.0:region0+0x500, 4) = 0xff0000
2026-06-26T17:12:04.242994Z vfio_region_write  (0000:09:00.0:region0+0x408, 0x2, 4)
2026-06-26T17:12:04.243027Z vfio_region_write  (0000:09:00.0:region0+0x8020, 0x80800000, 4)
2026-06-26T17:12:04.243042Z vfio_region_write  (0000:09:00.0:region0+0x8024, 0x5b0008, 4)
2026-06-26T17:12:04.243055Z vfio_region_write  (0000:09:00.0:region0+0x8028, 0x0, 4)
2026-06-26T17:12:04.243068Z vfio_region_write  (0000:09:00.0:region0+0x802c, 0x0, 4)
2026-06-26T17:12:04.243081Z vfio_region_write  (0000:09:00.0:region0+0x8030, 0x0, 4)
2026-06-26T17:12:04.243093Z vfio_region_write  (0000:09:00.0:region0+0x8034, 0x3f8, 4)
2026-06-26T17:12:04.243107Z vfio_region_write  (0000:09:00.0:region0+0x408, 0x1, 4)
2026-06-26T17:12:04.243149Z vfio_region_read  (0000:09:00.0:region0+0x100, 4) = 0x20000000
2026-06-26T17:12:04.243168Z vfio_region_read  (0000:09:00.0:region0+0x300, 4) = 0x0
2026-06-26T17:12:04.243187Z vfio_region_read  (0000:09:00.0:region0+0x200, 4) = 0x0
2026-06-26T17:12:04.243205Z vfio_region_read  (0000:09:00.0:region0+0x400, 4) = 0x1
2026-06-26T17:12:04.243223Z vfio_region_read  (0000:09:00.0:region0+0x500, 4) = 0xff0000
2026-06-26T17:12:04.243294Z vfio_region_read  (0000:09:00.0:region0+0x100, 4) = 0x20000000
2026-06-26T17:12:04.243314Z vfio_region_read  (0000:09:00.0:region0+0x300, 4) = 0x0
2026-06-26T17:12:04.243332Z vfio_region_read  (0000:09:00.0:region0+0x200, 4) = 0x0
2026-06-26T17:12:04.243350Z vfio_region_read  (0000:09:00.0:region0+0x400, 4) = 0x2
2026-06-26T17:12:04.243368Z vfio_region_read  (0000:09:00.0:region0+0x500, 4) = 0xff0000
2026-06-26T17:12:04.243439Z vfio_region_write  (0000:09:00.0:region0+0x408, 0x2, 4)
2026-06-26T17:12:04.243468Z vfio_region_write  (0000:09:00.0:region0+0x8020, 0x80800000, 4)
2026-06-26T17:12:04.243483Z vfio_region_write  (0000:09:00.0:region0+0x8024, 0x5c0008, 4)
2026-06-26T17:12:04.243496Z vfio_region_write  (0000:09:00.0:region0+0x8028, 0x0, 4)
2026-06-26T17:12:04.243509Z vfio_region_write  (0000:09:00.0:region0+0x802c, 0x0, 4)
2026-06-26T17:12:04.243522Z vfio_region_write  (0000:09:00.0:region0+0x8030, 0x3f8, 4)
2026-06-26T17:12:04.243535Z vfio_region_write  (0000:09:00.0:region0+0x8034, 0x3f8, 4)
2026-06-26T17:12:04.243549Z vfio_region_write  (0000:09:00.0:region0+0x408, 0x1, 4)
2026-06-26T17:12:04.243592Z vfio_region_read  (0000:09:00.0:region0+0x100, 4) = 0x20000000
2026-06-26T17:12:04.243612Z vfio_region_read  (0000:09:00.0:region0+0x300, 4) = 0x0
2026-06-26T17:12:04.243630Z vfio_region_read  (0000:09:00.0:region0+0x200, 4) = 0x0
2026-06-26T17:12:04.243648Z vfio_region_read  (0000:09:00.0:region0+0x400, 4) = 0x1
2026-06-26T17:12:04.243666Z vfio_region_read  (0000:09:00.0:region0+0x500, 4) = 0xff0000
2026-06-26T17:12:04.243733Z vfio_region_read  (0000:09:00.0:region0+0x100, 4) = 0x20000000
2026-06-26T17:12:04.243753Z vfio_region_read  (0000:09:00.0:region0+0x300, 4) = 0x0
2026-06-26T17:12:04.243772Z vfio_region_read  (0000:09:00.0:region0+0x200, 4) = 0x0
2026-06-26T17:12:04.243790Z vfio_region_read  (0000:09:00.0:region0+0x400, 4) = 0x2
2026-06-26T17:12:04.243808Z vfio_region_read  (0000:09:00.0:region0+0x500, 4) = 0xff0000
2026-06-26T17:12:04.243853Z vfio_region_write  (0000:09:00.0:region0+0x408, 0x2, 4)
2026-06-26T17:12:04.243882Z vfio_region_write  (0000:09:00.0:region0+0x8020, 0x80800000, 4)
2026-06-26T17:12:04.243897Z vfio_region_write  (0000:09:00.0:region0+0x8024, 0x5d0008, 4)
2026-06-26T17:12:04.243910Z vfio_region_write  (0000:09:00.0:region0+0x8028, 0x0, 4)
2026-06-26T17:12:04.243931Z vfio_region_write  (0000:09:00.0:region0+0x802c, 0x0, 4)
2026-06-26T17:12:04.243945Z vfio_region_write  (0000:09:00.0:region0+0x8030, 0x7f0, 4)
2026-06-26T17:12:04.243958Z vfio_region_write  (0000:09:00.0:region0+0x8034, 0x3f8, 4)
2026-06-26T17:12:04.243971Z vfio_region_write  (0000:09:00.0:region0+0x408, 0x1, 4)
2026-06-26T17:12:04.244013Z vfio_region_read  (0000:09:00.0:region0+0x100, 4) = 0x20000000
2026-06-26T17:12:04.244032Z vfio_region_read  (0000:09:00.0:region0+0x300, 4) = 0x0
2026-06-26T17:12:04.244051Z vfio_region_read  (0000:09:00.0:region0+0x200, 4) = 0x0
2026-06-26T17:12:04.244069Z vfio_region_read  (0000:09:00.0:region0+0x400, 4) = 0x1
2026-06-26T17:12:04.244087Z vfio_region_read  (0000:09:00.0:region0+0x500, 4) = 0xff0000
2026-06-26T17:12:04.244155Z vfio_region_read  (0000:09:00.0:region0+0x100, 4) = 0x20000000
2026-06-26T17:12:04.244174Z vfio_region_read  (0000:09:00.0:region0+0x300, 4) = 0x0
2026-06-26T17:12:04.244192Z vfio_region_read  (0000:09:00.0:region0+0x200, 4) = 0x0
2026-06-26T17:12:04.244211Z vfio_region_read  (0000:09:00.0:region0+0x400, 4) = 0x2
2026-06-26T17:12:04.244229Z vfio_region_read  (0000:09:00.0:region0+0x500, 4) = 0xff0000
2026-06-26T17:12:04.244249Z vfio_region_write  (0000:09:00.0:region0+0x408, 0x2, 4)
2026-06-26T17:12:04.244277Z vfio_region_write  (0000:09:00.0:region0+0x8020, 0x80800000, 4)
2026-06-26T17:12:04.244291Z vfio_region_write  (0000:09:00.0:region0+0x8024, 0x5e0008, 4)
2026-06-26T17:12:04.244304Z vfio_region_write  (0000:09:00.0:region0+0x8028, 0x0, 4)
2026-06-26T17:12:04.244317Z vfio_region_write  (0000:09:00.0:region0+0x802c, 0x0, 4)
2026-06-26T17:12:04.244331Z vfio_region_write  (0000:09:00.0:region0+0x8030, 0xbe8, 4)
2026-06-26T17:12:04.244344Z vfio_region_write  (0000:09:00.0:region0+0x8034, 0x3f8, 4)
2026-06-26T17:12:04.244357Z vfio_region_write  (0000:09:00.0:region0+0x408, 0x1, 4)
2026-06-26T17:12:04.244397Z vfio_region_read  (0000:09:00.0:region0+0x100, 4) = 0x20000000
2026-06-26T17:12:04.244416Z vfio_region_read  (0000:09:00.0:region0+0x300, 4) = 0x0
2026-06-26T17:12:04.244435Z vfio_region_read  (0000:09:00.0:region0+0x200, 4) = 0x0
2026-06-26T17:12:04.244453Z vfio_region_read  (0000:09:00.0:region0+0x400, 4) = 0x1
2026-06-26T17:12:04.244471Z vfio_region_read  (0000:09:00.0:region0+0x500, 4) = 0xff0000
2026-06-26T17:12:04.244541Z vfio_region_read  (0000:09:00.0:region0+0x100, 4) = 0x20000000
2026-06-26T17:12:04.244561Z vfio_region_read  (0000:09:00.0:region0+0x300, 4) = 0x0
2026-06-26T17:12:04.244579Z vfio_region_read  (0000:09:00.0:region0+0x200, 4) = 0x0
2026-06-26T17:12:04.244597Z vfio_region_read  (0000:09:00.0:region0+0x400, 4) = 0x2
2026-06-26T17:12:04.244615Z vfio_region_read  (0000:09:00.0:region0+0x500, 4) = 0xff0000
2026-06-26T17:12:04.244636Z vfio_region_write  (0000:09:00.0:region0+0x408, 0x2, 4)
2026-06-26T17:12:04.244664Z vfio_region_write  (0000:09:00.0:region0+0x8020, 0x80800000, 4)
2026-06-26T17:12:04.244679Z vfio_region_write  (0000:09:00.0:region0+0x8024, 0x5f0008, 4)
2026-06-26T17:12:04.244692Z vfio_region_write  (0000:09:00.0:region0+0x8028, 0x0, 4)
2026-06-26T17:12:04.244705Z vfio_region_write  (0000:09:00.0:region0+0x802c, 0x0, 4)
2026-06-26T17:12:04.244719Z vfio_region_write  (0000:09:00.0:region0+0x8030, 0xfe0, 4)
2026-06-26T17:12:04.244731Z vfio_region_write  (0000:09:00.0:region0+0x8034, 0x3f8, 4)
2026-06-26T17:12:04.244745Z vfio_region_write  (0000:09:00.0:region0+0x408, 0x1, 4)
2026-06-26T17:12:04.244788Z vfio_region_read  (0000:09:00.0:region0+0x100, 4) = 0x20000000
2026-06-26T17:12:04.244807Z vfio_region_read  (0000:09:00.0:region0+0x300, 4) = 0x0
2026-06-26T17:12:04.244836Z vfio_region_read  (0000:09:00.0:region0+0x200, 4) = 0x0
2026-06-26T17:12:04.244855Z vfio_region_read  (0000:09:00.0:region0+0x400, 4) = 0x1
2026-06-26T17:12:04.244873Z vfio_region_read  (0000:09:00.0:region0+0x500, 4) = 0xff0000
2026-06-26T17:12:04.244933Z vfio_region_read  (0000:09:00.0:region0+0x100, 4) = 0x20000000
2026-06-26T17:12:04.244953Z vfio_region_read  (0000:09:00.0:region0+0x300, 4) = 0x0
2026-06-26T17:12:04.244971Z vfio_region_read  (0000:09:00.0:region0+0x200, 4) = 0x0
2026-06-26T17:12:04.244990Z vfio_region_read  (0000:09:00.0:region0+0x400, 4) = 0x2
2026-06-26T17:12:04.245008Z vfio_region_read  (0000:09:00.0:region0+0x500, 4) = 0xff0000
2026-06-26T17:12:04.245042Z vfio_region_write  (0000:09:00.0:region0+0x408, 0x2, 4)
2026-06-26T17:12:04.245071Z vfio_region_write  (0000:09:00.0:region0+0x8020, 0x80800000, 4)
2026-06-26T17:12:04.245085Z vfio_region_write  (0000:09:00.0:region0+0x8024, 0x600008, 4)
2026-06-26T17:12:04.245098Z vfio_region_write  (0000:09:00.0:region0+0x8028, 0x0, 4)
2026-06-26T17:12:04.245111Z vfio_region_write  (0000:09:00.0:region0+0x802c, 0x0, 4)
2026-06-26T17:12:04.245125Z vfio_region_write  (0000:09:00.0:region0+0x8030, 0x13d8, 4)
2026-06-26T17:12:04.245138Z vfio_region_write  (0000:09:00.0:region0+0x8034, 0x3f8, 4)
2026-06-26T17:12:04.245151Z vfio_region_write  (0000:09:00.0:region0+0x408, 0x1, 4)
2026-06-26T17:12:04.245193Z vfio_region_read  (0000:09:00.0:region0+0x100, 4) = 0x20000000
2026-06-26T17:12:04.245212Z vfio_region_read  (0000:09:00.0:region0+0x300, 4) = 0x0
2026-06-26T17:12:04.245231Z vfio_region_read  (0000:09:00.0:region0+0x200, 4) = 0x0
2026-06-26T17:12:04.245249Z vfio_region_read  (0000:09:00.0:region0+0x400, 4) = 0x1
2026-06-26T17:12:04.245267Z vfio_region_read  (0000:09:00.0:region0+0x500, 4) = 0xff0000
2026-06-26T17:12:04.245334Z vfio_region_read  (0000:09:00.0:region0+0x100, 4) = 0x20000000
2026-06-26T17:12:04.245354Z vfio_region_read  (0000:09:00.0:region0+0x300, 4) = 0x0
2026-06-26T17:12:04.245372Z vfio_region_read  (0000:09:00.0:region0+0x200, 4) = 0x0
2026-06-26T17:12:04.245390Z vfio_region_read  (0000:09:00.0:region0+0x400, 4) = 0x2
2026-06-26T17:12:04.245408Z vfio_region_read  (0000:09:00.0:region0+0x500, 4) = 0xff0000
2026-06-26T17:12:04.245429Z vfio_region_write  (0000:09:00.0:region0+0x408, 0x2, 4)
2026-06-26T17:12:04.245457Z vfio_region_write  (0000:09:00.0:region0+0x8020, 0x80800000, 4)
2026-06-26T17:12:04.245471Z vfio_region_write  (0000:09:00.0:region0+0x8024, 0x610008, 4)
2026-06-26T17:12:04.245484Z vfio_region_write  (0000:09:00.0:region0+0x8028, 0x0, 4)
2026-06-26T17:12:04.245497Z vfio_region_write  (0000:09:00.0:region0+0x802c, 0x0, 4)
2026-06-26T17:12:04.245511Z vfio_region_write  (0000:09:00.0:region0+0x8030, 0x17d0, 4)
2026-06-26T17:12:04.245524Z vfio_region_write  (0000:09:00.0:region0+0x8034, 0x3f8, 4)
2026-06-26T17:12:04.245537Z vfio_region_write  (0000:09:00.0:region0+0x408, 0x1, 4)
2026-06-26T17:12:04.245579Z vfio_region_read  (0000:09:00.0:region0+0x100, 4) = 0x20000000
2026-06-26T17:12:04.245599Z vfio_region_read  (0000:09:00.0:region0+0x300, 4) = 0x0
2026-06-26T17:12:04.245617Z vfio_region_read  (0000:09:00.0:region0+0x200, 4) = 0x0
2026-06-26T17:12:04.245636Z vfio_region_read  (0000:09:00.0:region0+0x400, 4) = 0x1
2026-06-26T17:12:04.245654Z vfio_region_read  (0000:09:00.0:region0+0x500, 4) = 0xff0000
2026-06-26T17:12:04.245720Z vfio_region_read  (0000:09:00.0:region0+0x100, 4) = 0x20000000
2026-06-26T17:12:04.245740Z vfio_region_read  (0000:09:00.0:region0+0x300, 4) = 0x0
2026-06-26T17:12:04.245758Z vfio_region_read  (0000:09:00.0:region0+0x200, 4) = 0x0
2026-06-26T17:12:04.245777Z vfio_region_read  (0000:09:00.0:region0+0x400, 4) = 0x2
2026-06-26T17:12:04.245795Z vfio_region_read  (0000:09:00.0:region0+0x500, 4) = 0xff0000
2026-06-26T17:12:04.245816Z vfio_region_write  (0000:09:00.0:region0+0x408, 0x2, 4)
2026-06-26T17:12:04.245850Z vfio_region_write  (0000:09:00.0:region0+0x8020, 0x80800000, 4)
2026-06-26T17:12:04.245864Z vfio_region_write  (0000:09:00.0:region0+0x8024, 0x620008, 4)
2026-06-26T17:12:04.245877Z vfio_region_write  (0000:09:00.0:region0+0x8028, 0x0, 4)
2026-06-26T17:12:04.245890Z vfio_region_write  (0000:09:00.0:region0+0x802c, 0x0, 4)
2026-06-26T17:12:04.245904Z vfio_region_write  (0000:09:00.0:region0+0x8030, 0x1bc8, 4)
2026-06-26T17:12:04.245918Z vfio_region_write  (0000:09:00.0:region0+0x8034, 0x3f8, 4)
2026-06-26T17:12:04.245939Z vfio_region_write  (0000:09:00.0:region0+0x408, 0x1, 4)
2026-06-26T17:12:04.245981Z vfio_region_read  (0000:09:00.0:region0+0x100, 4) = 0x20000000
2026-06-26T17:12:04.246001Z vfio_region_read  (0000:09:00.0:region0+0x300, 4) = 0x0
2026-06-26T17:12:04.246019Z vfio_region_read  (0000:09:00.0:region0+0x200, 4) = 0x0
2026-06-26T17:12:04.246038Z vfio_region_read  (0000:09:00.0:region0+0x400, 4) = 0x1
2026-06-26T17:12:04.246056Z vfio_region_read  (0000:09:00.0:region0+0x500, 4) = 0xff0000
2026-06-26T17:12:04.246122Z vfio_region_read  (0000:09:00.0:region0+0x100, 4) = 0x20000000
2026-06-26T17:12:04.246142Z vfio_region_read  (0000:09:00.0:region0+0x300, 4) = 0x0
2026-06-26T17:12:04.246160Z vfio_region_read  (0000:09:00.0:region0+0x200, 4) = 0x0
2026-06-26T17:12:04.246178Z vfio_region_read  (0000:09:00.0:region0+0x400, 4) = 0x2
2026-06-26T17:12:04.246196Z vfio_region_read  (0000:09:00.0:region0+0x500, 4) = 0xff0000
2026-06-26T17:12:04.246217Z vfio_region_write  (0000:09:00.0:region0+0x408, 0x2, 4)
2026-06-26T17:12:04.246246Z vfio_region_write  (0000:09:00.0:region0+0x8020, 0x80800000, 4)
2026-06-26T17:12:04.246260Z vfio_region_write  (0000:09:00.0:region0+0x8024, 0x630008, 4)
2026-06-26T17:12:04.246273Z vfio_region_write  (0000:09:00.0:region0+0x8028, 0x0, 4)
2026-06-26T17:12:04.246286Z vfio_region_write  (0000:09:00.0:region0+0x802c, 0x0, 4)
2026-06-26T17:12:04.246300Z vfio_region_write  (0000:09:00.0:region0+0x8030, 0x1fc0, 4)
2026-06-26T17:12:04.246313Z vfio_region_write  (0000:09:00.0:region0+0x8034, 0x108, 4)
2026-06-26T17:12:04.246327Z vfio_region_write  (0000:09:00.0:region0+0x408, 0x1, 4)
2026-06-26T17:12:04.246368Z vfio_region_read  (0000:09:00.0:region0+0x100, 4) = 0x20000000
2026-06-26T17:12:04.246388Z vfio_region_read  (0000:09:00.0:region0+0x300, 4) = 0x0
2026-06-26T17:12:04.246406Z vfio_region_read  (0000:09:00.0:region0+0x200, 4) = 0x0
2026-06-26T17:12:04.246425Z vfio_region_read  (0000:09:00.0:region0+0x400, 4) = 0x3
2026-06-26T17:12:04.246443Z vfio_region_read  (0000:09:00.0:region0+0x500, 4) = 0xff0000
2026-06-26T17:12:04.246474Z vfio_region_read  (0000:09:00.0:region0+0x100, 4) = 0x0
2026-06-26T17:12:04.246493Z vfio_region_read  (0000:09:00.0:region0+0x300, 4) = 0x0
2026-06-26T17:12:04.246511Z vfio_region_read  (0000:09:00.0:region0+0x200, 4) = 0x0
2026-06-26T17:12:04.246529Z vfio_region_read  (0000:09:00.0:region0+0x400, 4) = 0x0
2026-06-26T17:12:04.246547Z vfio_region_read  (0000:09:00.0:region0+0x500, 4) = 0xff0000
2026-06-26T17:12:04.246581Z vfio_region_write  (0000:09:00.0:region0+0x408, 0x2, 4)
2026-06-26T17:12:04.246613Z vfio_region_write  (0000:09:00.0:region0+0x8020, 0x80800001, 4)
2026-06-26T17:12:04.246628Z vfio_region_write  (0000:09:00.0:region0+0x8024, 0x640400, 4)
2026-06-26T17:12:04.246641Z vfio_region_write  (0000:09:00.0:region0+0x8028, 0x0, 4)
2026-06-26T17:12:04.246655Z vfio_region_write  (0000:09:00.0:region0+0x802c, 0x0, 4)
2026-06-26T17:12:04.246668Z vfio_region_write  (0000:09:00.0:region0+0x8030, 0xc8, 4)
2026-06-26T17:12:04.246681Z vfio_region_write  (0000:09:00.0:region0+0x8034, 0x3f8, 4)
2026-06-26T17:12:04.246694Z vfio_region_write  (0000:09:00.0:region0+0x8038, 0x30061990, 4)
2026-06-26T17:12:04.246708Z vfio_region_write  (0000:09:00.0:region0+0x803c, 0x5, 4)
2026-06-26T17:12:04.246721Z vfio_region_write  (0000:09:00.0:region0+0x8040, 0x1984, 4)
2026-06-26T17:12:04.246734Z vfio_region_write  (0000:09:00.0:region0+0x8044, 0x20d0201, 4)
2026-06-26T17:12:04.246747Z vfio_region_write  (0000:09:00.0:region0+0x8048, 0x20d, 4)
2026-06-26T17:12:04.246761Z vfio_region_write  (0000:09:00.0:region0+0x804c, 0x0, 4)
2026-06-26T17:12:04.246774Z vfio_region_write  (0000:09:00.0:region0+0x8050, 0x0, 4)
2026-06-26T17:12:04.246788Z vfio_region_write  (0000:09:00.0:region0+0x8054, 0x0, 4)
2026-06-26T17:12:04.246800Z vfio_region_write  (0000:09:00.0:region0+0x8058, 0x0, 4)
2026-06-26T17:12:04.246814Z vfio_region_write  (0000:09:00.0:region0+0x805c, 0x0, 4)
2026-06-26T17:12:04.246833Z vfio_region_write  (0000:09:00.0:region0+0x8060, 0x0, 4)
2026-06-26T17:12:04.246846Z vfio_region_write  (0000:09:00.0:region0+0x8064, 0x0, 4)
2026-06-26T17:12:04.246859Z vfio_region_write  (0000:09:00.0:region0+0x8068, 0x0, 4)
2026-06-26T17:12:04.246873Z vfio_region_write  (0000:09:00.0:region0+0x806c, 0x0, 4)
2026-06-26T17:12:04.246886Z vfio_region_write  (0000:09:00.0:region0+0x8070, 0x0, 4)
2026-06-26T17:12:04.246899Z vfio_region_write  (0000:09:00.0:region0+0x8074, 0x0, 4)
2026-06-26T17:12:04.246912Z vfio_region_write  (0000:09:00.0:region0+0x8078, 0x0, 4)
2026-06-26T17:12:04.246934Z vfio_region_write  (0000:09:00.0:region0+0x807c, 0x0, 4)
2026-06-26T17:12:04.246948Z vfio_region_write  (0000:09:00.0:region0+0x8080, 0x0, 4)
2026-06-26T17:12:04.246962Z vfio_region_write  (0000:09:00.0:region0+0x8084, 0x0, 4)
2026-06-26T17:12:04.246978Z vfio_region_write  (0000:09:00.0:region0+0x8088, 0x0, 4)
2026-06-26T17:12:04.246993Z vfio_region_write  (0000:09:00.0:region0+0x808c, 0x0, 4)
2026-06-26T17:12:04.247007Z vfio_region_write  (0000:09:00.0:region0+0x8090, 0x0, 4)
2026-06-26T17:12:04.247020Z vfio_region_write  (0000:09:00.0:region0+0x8094, 0x0, 4)
2026-06-26T17:12:04.247036Z vfio_region_write  (0000:09:00.0:region0+0x8098, 0x0, 4)
2026-06-26T17:12:04.247051Z vfio_region_write  (0000:09:00.0:region0+0x809c, 0x0, 4)
2026-06-26T17:12:04.247067Z vfio_region_write  (0000:09:00.0:region0+0x80a0, 0x0, 4)
2026-06-26T17:12:04.247083Z vfio_region_write  (0000:09:00.0:region0+0x80a4, 0x0, 4)
2026-06-26T17:12:04.247099Z vfio_region_write  (0000:09:00.0:region0+0x80a8, 0x0, 4)
2026-06-26T17:12:04.247115Z vfio_region_write  (0000:09:00.0:region0+0x80ac, 0x0, 4)
2026-06-26T17:12:04.247131Z vfio_region_write  (0000:09:00.0:region0+0x80b0, 0x0, 4)
2026-06-26T17:12:04.247145Z vfio_region_write  (0000:09:00.0:region0+0x80b4, 0x0, 4)
2026-06-26T17:12:04.247160Z vfio_region_write  (0000:09:00.0:region0+0x80b8, 0x0, 4)
2026-06-26T17:12:04.247176Z vfio_region_write  (0000:09:00.0:region0+0x80bc, 0x0, 4)
2026-06-26T17:12:04.247193Z vfio_region_write  (0000:09:00.0:region0+0x80c0, 0x0, 4)
2026-06-26T17:12:04.247207Z vfio_region_write  (0000:09:00.0:region0+0x80c4, 0x0, 4)
2026-06-26T17:12:04.247221Z vfio_region_write  (0000:09:00.0:region0+0x80c8, 0x0, 4)
2026-06-26T17:12:04.247237Z vfio_region_write  (0000:09:00.0:region0+0x80cc, 0x0, 4)
2026-06-26T17:12:04.247252Z vfio_region_write  (0000:09:00.0:region0+0x80d0, 0x0, 4)
2026-06-26T17:12:04.247267Z vfio_region_write  (0000:09:00.0:region0+0x80d4, 0x0, 4)
2026-06-26T17:12:04.247282Z vfio_region_write  (0000:09:00.0:region0+0x80d8, 0x0, 4)
2026-06-26T17:12:04.247297Z vfio_region_write  (0000:09:00.0:region0+0x80dc, 0x0, 4)
2026-06-26T17:12:04.247313Z vfio_region_write  (0000:09:00.0:region0+0x80e0, 0x0, 4)
2026-06-26T17:12:04.247328Z vfio_region_write  (0000:09:00.0:region0+0x80e4, 0x0, 4)
2026-06-26T17:12:04.247343Z vfio_region_write  (0000:09:00.0:region0+0x80e8, 0x0, 4)
2026-06-26T17:12:04.247358Z vfio_region_write  (0000:09:00.0:region0+0x80ec, 0x0, 4)
2026-06-26T17:12:04.247371Z vfio_region_write  (0000:09:00.0:region0+0x80f0, 0x0, 4)
2026-06-26T17:12:04.247385Z vfio_region_write  (0000:09:00.0:region0+0x80f4, 0x0, 4)
2026-06-26T17:12:04.247398Z vfio_region_write  (0000:09:00.0:region0+0x80f8, 0x0, 4)
2026-06-26T17:12:04.247412Z vfio_region_write  (0000:09:00.0:region0+0x80fc, 0x0, 4)
2026-06-26T17:12:04.247425Z vfio_region_write  (0000:09:00.0:region0+0x8100, 0x3f, 4)
2026-06-26T17:12:04.247438Z vfio_region_write  (0000:09:00.0:region0+0x8104, 0x0, 4)
2026-06-26T17:12:04.247451Z vfio_region_write  (0000:09:00.0:region0+0x8108, 0x7f, 4)
2026-06-26T17:12:04.247465Z vfio_region_write  (0000:09:00.0:region0+0x810c, 0x7f, 4)
2026-06-26T17:12:04.247477Z vfio_region_write  (0000:09:00.0:region0+0x8110, 0x7f, 4)
2026-06-26T17:12:04.247491Z vfio_region_write  (0000:09:00.0:region0+0x8114, 0x7f, 4)
2026-06-26T17:12:04.247504Z vfio_region_write  (0000:09:00.0:region0+0x8118, 0x0, 4)
2026-06-26T17:12:04.247518Z vfio_region_write  (0000:09:00.0:region0+0x811c, 0x0, 4)
2026-06-26T17:12:04.247531Z vfio_region_write  (0000:09:00.0:region0+0x8120, 0x0, 4)
2026-06-26T17:12:04.247545Z vfio_region_write  (0000:09:00.0:region0+0x8124, 0x0, 4)
2026-06-26T17:12:04.247557Z vfio_region_write  (0000:09:00.0:region0+0x8128, 0x0, 4)
2026-06-26T17:12:04.247571Z vfio_region_write  (0000:09:00.0:region0+0x812c, 0x0, 4)
2026-06-26T17:12:04.247584Z vfio_region_write  (0000:09:00.0:region0+0x8130, 0x0, 4)
2026-06-26T17:12:04.247597Z vfio_region_write  (0000:09:00.0:region0+0x8134, 0x0, 4)
2026-06-26T17:12:04.247610Z vfio_region_write  (0000:09:00.0:region0+0x8138, 0x0, 4)
2026-06-26T17:12:04.247623Z vfio_region_write  (0000:09:00.0:region0+0x813c, 0x0, 4)
2026-06-26T17:12:04.247637Z vfio_region_write  (0000:09:00.0:region0+0x8140, 0x0, 4)
2026-06-26T17:12:04.247650Z vfio_region_write  (0000:09:00.0:region0+0x8144, 0x0, 4)
2026-06-26T17:12:04.247663Z vfio_region_write  (0000:09:00.0:region0+0x8148, 0x0, 4)
2026-06-26T17:12:04.247677Z vfio_region_write  (0000:09:00.0:region0+0x814c, 0x0, 4)
2026-06-26T17:12:04.247690Z vfio_region_write  (0000:09:00.0:region0+0x8150, 0x0, 4)
2026-06-26T17:12:04.247705Z vfio_region_write  (0000:09:00.0:region0+0x8154, 0x0, 4)
2026-06-26T17:12:04.247718Z vfio_region_write  (0000:09:00.0:region0+0x8158, 0x0, 4)
2026-06-26T17:12:04.247731Z vfio_region_write  (0000:09:00.0:region0+0x815c, 0x0, 4)
2026-06-26T17:12:04.247744Z vfio_region_write  (0000:09:00.0:region0+0x8160, 0x0, 4)
2026-06-26T17:12:04.247758Z vfio_region_write  (0000:09:00.0:region0+0x8164, 0x0, 4)
2026-06-26T17:12:04.247771Z vfio_region_write  (0000:09:00.0:region0+0x8168, 0x0, 4)
2026-06-26T17:12:04.247786Z vfio_region_write  (0000:09:00.0:region0+0x816c, 0x0, 4)
2026-06-26T17:12:04.247800Z vfio_region_write  (0000:09:00.0:region0+0x8170, 0x0, 4)
2026-06-26T17:12:04.247813Z vfio_region_write  (0000:09:00.0:region0+0x8174, 0x0, 4)
2026-06-26T17:12:04.247832Z vfio_region_write  (0000:09:00.0:region0+0x8178, 0x0, 4)
2026-06-26T17:12:04.247846Z vfio_region_write  (0000:09:00.0:region0+0x817c, 0x0, 4)
2026-06-26T17:12:04.247858Z vfio_region_write  (0000:09:00.0:region0+0x8180, 0x0, 4)
2026-06-26T17:12:04.247871Z vfio_region_write  (0000:09:00.0:region0+0x8184, 0x0, 4)
2026-06-26T17:12:04.247884Z vfio_region_write  (0000:09:00.0:region0+0x8188, 0x0, 4)
2026-06-26T17:12:04.247897Z vfio_region_write  (0000:09:00.0:region0+0x818c, 0x0, 4)
2026-06-26T17:12:04.247910Z vfio_region_write  (0000:09:00.0:region0+0x8190, 0x0, 4)
2026-06-26T17:12:04.247931Z vfio_region_write  (0000:09:00.0:region0+0x8194, 0x0, 4)
2026-06-26T17:12:04.247946Z vfio_region_write  (0000:09:00.0:region0+0x8198, 0x0, 4)
2026-06-26T17:12:04.247959Z vfio_region_write  (0000:09:00.0:region0+0x819c, 0x0, 4)
2026-06-26T17:12:04.247973Z vfio_region_write  (0000:09:00.0:region0+0x81a0, 0x0, 4)
2026-06-26T17:12:04.247986Z vfio_region_write  (0000:09:00.0:region0+0x81a4, 0x0, 4)
2026-06-26T17:12:04.248000Z vfio_region_write  (0000:09:00.0:region0+0x81a8, 0x0, 4)
2026-06-26T17:12:04.248013Z vfio_region_write  (0000:09:00.0:region0+0x81ac, 0x0, 4)
2026-06-26T17:12:04.248027Z vfio_region_write  (0000:09:00.0:region0+0x81b0, 0x0, 4)
2026-06-26T17:12:04.248040Z vfio_region_write  (0000:09:00.0:region0+0x81b4, 0x0, 4)
2026-06-26T17:12:04.248054Z vfio_region_write  (0000:09:00.0:region0+0x81b8, 0x0, 4)
2026-06-26T17:12:04.248067Z vfio_region_write  (0000:09:00.0:region0+0x81bc, 0x0, 4)
2026-06-26T17:12:04.248080Z vfio_region_write  (0000:09:00.0:region0+0x81c0, 0x0, 4)
2026-06-26T17:12:04.248093Z vfio_region_write  (0000:09:00.0:region0+0x81c4, 0x0, 4)
2026-06-26T17:12:04.248107Z vfio_region_write  (0000:09:00.0:region0+0x81c8, 0x0, 4)
2026-06-26T17:12:04.248120Z vfio_region_write  (0000:09:00.0:region0+0x81cc, 0x0, 4)
2026-06-26T17:12:04.248134Z vfio_region_write  (0000:09:00.0:region0+0x81d0, 0x0, 4)
2026-06-26T17:12:04.248147Z vfio_region_write  (0000:09:00.0:region0+0x81d4, 0x0, 4)
2026-06-26T17:12:04.248160Z vfio_region_write  (0000:09:00.0:region0+0x81d8, 0x0, 4)
2026-06-26T17:12:04.248173Z vfio_region_write  (0000:09:00.0:region0+0x81dc, 0x0, 4)
2026-06-26T17:12:04.248187Z vfio_region_write  (0000:09:00.0:region0+0x81e0, 0x0, 4)
2026-06-26T17:12:04.248200Z vfio_region_write  (0000:09:00.0:region0+0x81e4, 0x0, 4)
2026-06-26T17:12:04.248213Z vfio_region_write  (0000:09:00.0:region0+0x81e8, 0x0, 4)
2026-06-26T17:12:04.248226Z vfio_region_write  (0000:09:00.0:region0+0x81ec, 0x0, 4)
2026-06-26T17:12:04.248239Z vfio_region_write  (0000:09:00.0:region0+0x81f0, 0x0, 4)
2026-06-26T17:12:04.248252Z vfio_region_write  (0000:09:00.0:region0+0x81f4, 0x0, 4)
2026-06-26T17:12:04.248265Z vfio_region_write  (0000:09:00.0:region0+0x81f8, 0x0, 4)
2026-06-26T17:12:04.248279Z vfio_region_write  (0000:09:00.0:region0+0x81fc, 0x0, 4)
2026-06-26T17:12:04.248293Z vfio_region_write  (0000:09:00.0:region0+0x8200, 0x0, 4)
2026-06-26T17:12:04.248307Z vfio_region_write  (0000:09:00.0:region0+0x8204, 0x0, 4)
2026-06-26T17:12:04.248320Z vfio_region_write  (0000:09:00.0:region0+0x8208, 0x0, 4)
2026-06-26T17:12:04.248334Z vfio_region_write  (0000:09:00.0:region0+0x820c, 0x0, 4)
2026-06-26T17:12:04.248348Z vfio_region_write  (0000:09:00.0:region0+0x8210, 0x0, 4)
2026-06-26T17:12:04.248362Z vfio_region_write  (0000:09:00.0:region0+0x8214, 0x0, 4)
2026-06-26T17:12:04.248375Z vfio_region_write  (0000:09:00.0:region0+0x8218, 0x0, 4)
2026-06-26T17:12:04.248389Z vfio_region_write  (0000:09:00.0:region0+0x821c, 0x0, 4)
2026-06-26T17:12:04.248402Z vfio_region_write  (0000:09:00.0:region0+0x8220, 0x0, 4)
2026-06-26T17:12:04.248416Z vfio_region_write  (0000:09:00.0:region0+0x8224, 0x0, 4)
2026-06-26T17:12:04.248430Z vfio_region_write  (0000:09:00.0:region0+0x8228, 0x0, 4)
2026-06-26T17:12:04.248444Z vfio_region_write  (0000:09:00.0:region0+0x822c, 0x0, 4)
2026-06-26T17:12:04.248457Z vfio_region_write  (0000:09:00.0:region0+0x8230, 0x0, 4)
2026-06-26T17:12:04.248471Z vfio_region_write  (0000:09:00.0:region0+0x8234, 0x0, 4)
2026-06-26T17:12:04.248484Z vfio_region_write  (0000:09:00.0:region0+0x8238, 0x0, 4)
2026-06-26T17:12:04.248499Z vfio_region_write  (0000:09:00.0:region0+0x823c, 0x0, 4)
2026-06-26T17:12:04.248511Z vfio_region_write  (0000:09:00.0:region0+0x8240, 0x0, 4)
2026-06-26T17:12:04.248523Z vfio_region_write  (0000:09:00.0:region0+0x8244, 0x0, 4)
2026-06-26T17:12:04.248537Z vfio_region_write  (0000:09:00.0:region0+0x8248, 0x0, 4)
2026-06-26T17:12:04.248549Z vfio_region_write  (0000:09:00.0:region0+0x824c, 0x0, 4)
2026-06-26T17:12:04.248563Z vfio_region_write  (0000:09:00.0:region0+0x8250, 0x0, 4)
2026-06-26T17:12:04.248576Z vfio_region_write  (0000:09:00.0:region0+0x8254, 0x0, 4)
2026-06-26T17:12:04.248589Z vfio_region_write  (0000:09:00.0:region0+0x8258, 0x0, 4)
2026-06-26T17:12:04.248603Z vfio_region_write  (0000:09:00.0:region0+0x825c, 0x0, 4)
2026-06-26T17:12:04.248616Z vfio_region_write  (0000:09:00.0:region0+0x8260, 0x0, 4)
2026-06-26T17:12:04.248629Z vfio_region_write  (0000:09:00.0:region0+0x8264, 0x0, 4)
2026-06-26T17:12:04.248643Z vfio_region_write  (0000:09:00.0:region0+0x8268, 0x0, 4)
2026-06-26T17:12:04.248656Z vfio_region_write  (0000:09:00.0:region0+0x826c, 0x0, 4)
2026-06-26T17:12:04.248669Z vfio_region_write  (0000:09:00.0:region0+0x8270, 0x0, 4)
2026-06-26T17:12:04.248683Z vfio_region_write  (0000:09:00.0:region0+0x8274, 0x0, 4)
2026-06-26T17:12:04.248696Z vfio_region_write  (0000:09:00.0:region0+0x8278, 0x0, 4)
2026-06-26T17:12:04.248709Z vfio_region_write  (0000:09:00.0:region0+0x827c, 0x0, 4)
2026-06-26T17:12:04.248722Z vfio_region_write  (0000:09:00.0:region0+0x8280, 0x0, 4)
2026-06-26T17:12:04.248735Z vfio_region_write  (0000:09:00.0:region0+0x8284, 0x0, 4)
2026-06-26T17:12:04.248749Z vfio_region_write  (0000:09:00.0:region0+0x8288, 0x0, 4)
2026-06-26T17:12:04.248762Z vfio_region_write  (0000:09:00.0:region0+0x828c, 0x0, 4)
2026-06-26T17:12:04.248776Z vfio_region_write  (0000:09:00.0:region0+0x8290, 0x0, 4)
2026-06-26T17:12:04.248789Z vfio_region_write  (0000:09:00.0:region0+0x8294, 0x0, 4)
2026-06-26T17:12:04.248804Z vfio_region_write  (0000:09:00.0:region0+0x8298, 0x0, 4)
2026-06-26T17:12:04.248817Z vfio_region_write  (0000:09:00.0:region0+0x829c, 0x0, 4)
2026-06-26T17:12:04.248838Z vfio_region_write  (0000:09:00.0:region0+0x82a0, 0x0, 4)
2026-06-26T17:12:04.248853Z vfio_region_write  (0000:09:00.0:region0+0x82a4, 0x0, 4)
2026-06-26T17:12:04.248866Z vfio_region_write  (0000:09:00.0:region0+0x82a8, 0x0, 4)
2026-06-26T17:12:04.248880Z vfio_region_write  (0000:09:00.0:region0+0x82ac, 0x0, 4)
2026-06-26T17:12:04.248893Z vfio_region_write  (0000:09:00.0:region0+0x82b0, 0x0, 4)
2026-06-26T17:12:04.248907Z vfio_region_write  (0000:09:00.0:region0+0x82b4, 0x0, 4)
2026-06-26T17:12:04.248928Z vfio_region_write  (0000:09:00.0:region0+0x82b8, 0x0, 4)
2026-06-26T17:12:04.248942Z vfio_region_write  (0000:09:00.0:region0+0x82bc, 0x0, 4)
2026-06-26T17:12:04.248955Z vfio_region_write  (0000:09:00.0:region0+0x82c0, 0x0, 4)
2026-06-26T17:12:04.248968Z vfio_region_write  (0000:09:00.0:region0+0x82c4, 0x0, 4)
2026-06-26T17:12:04.248982Z vfio_region_write  (0000:09:00.0:region0+0x82c8, 0x0, 4)
2026-06-26T17:12:04.248994Z vfio_region_write  (0000:09:00.0:region0+0x82cc, 0x0, 4)
2026-06-26T17:12:04.249008Z vfio_region_write  (0000:09:00.0:region0+0x82d0, 0x0, 4)
2026-06-26T17:12:04.249021Z vfio_region_write  (0000:09:00.0:region0+0x82d4, 0x0, 4)
2026-06-26T17:12:04.249034Z vfio_region_write  (0000:09:00.0:region0+0x82d8, 0x0, 4)
2026-06-26T17:12:04.249048Z vfio_region_write  (0000:09:00.0:region0+0x82dc, 0x0, 4)
2026-06-26T17:12:04.249061Z vfio_region_write  (0000:09:00.0:region0+0x82e0, 0x0, 4)
2026-06-26T17:12:04.249075Z vfio_region_write  (0000:09:00.0:region0+0x82e4, 0x0, 4)
2026-06-26T17:12:04.249088Z vfio_region_write  (0000:09:00.0:region0+0x82e8, 0x0, 4)
2026-06-26T17:12:04.249102Z vfio_region_write  (0000:09:00.0:region0+0x82ec, 0x0, 4)
2026-06-26T17:12:04.249116Z vfio_region_write  (0000:09:00.0:region0+0x82f0, 0x0, 4)
2026-06-26T17:12:04.249129Z vfio_region_write  (0000:09:00.0:region0+0x82f4, 0x0, 4)
2026-06-26T17:12:04.249141Z vfio_region_write  (0000:09:00.0:region0+0x82f8, 0x0, 4)
2026-06-26T17:12:04.249155Z vfio_region_write  (0000:09:00.0:region0+0x82fc, 0x0, 4)
2026-06-26T17:12:04.249167Z vfio_region_write  (0000:09:00.0:region0+0x8300, 0x0, 4)
2026-06-26T17:12:04.249181Z vfio_region_write  (0000:09:00.0:region0+0x8304, 0x0, 4)
2026-06-26T17:12:04.249194Z vfio_region_write  (0000:09:00.0:region0+0x8308, 0x3, 4)
2026-06-26T17:12:04.249208Z vfio_region_write  (0000:09:00.0:region0+0x830c, 0x0, 4)
2026-06-26T17:12:04.249221Z vfio_region_write  (0000:09:00.0:region0+0x8310, 0x0, 4)
2026-06-26T17:12:04.249235Z vfio_region_write  (0000:09:00.0:region0+0x8314, 0x0, 4)
2026-06-26T17:12:04.249248Z vfio_region_write  (0000:09:00.0:region0+0x8318, 0x0, 4)
2026-06-26T17:12:04.249260Z vfio_region_write  (0000:09:00.0:region0+0x831c, 0x0, 4)
2026-06-26T17:12:04.249274Z vfio_region_write  (0000:09:00.0:region0+0x8320, 0x0, 4)
2026-06-26T17:12:04.249287Z vfio_region_write  (0000:09:00.0:region0+0x8324, 0x0, 4)
2026-06-26T17:12:04.249301Z vfio_region_write  (0000:09:00.0:region0+0x8328, 0x0, 4)
2026-06-26T17:12:04.249313Z vfio_region_write  (0000:09:00.0:region0+0x832c, 0x0, 4)
2026-06-26T17:12:04.249327Z vfio_region_write  (0000:09:00.0:region0+0x8330, 0x0, 4)
2026-06-26T17:12:04.249340Z vfio_region_write  (0000:09:00.0:region0+0x8334, 0x0, 4)
2026-06-26T17:12:04.249353Z vfio_region_write  (0000:09:00.0:region0+0x8338, 0x0, 4)
2026-06-26T17:12:04.249366Z vfio_region_write  (0000:09:00.0:region0+0x833c, 0x0, 4)
2026-06-26T17:12:04.249379Z vfio_region_write  (0000:09:00.0:region0+0x8340, 0x0, 4)
2026-06-26T17:12:04.249392Z vfio_region_write  (0000:09:00.0:region0+0x8344, 0x0, 4)
2026-06-26T17:12:04.249405Z vfio_region_write  (0000:09:00.0:region0+0x8348, 0x0, 4)
2026-06-26T17:12:04.249419Z vfio_region_write  (0000:09:00.0:region0+0x834c, 0x0, 4)
2026-06-26T17:12:04.249432Z vfio_region_write  (0000:09:00.0:region0+0x8350, 0x0, 4)
2026-06-26T17:12:04.249446Z vfio_region_write  (0000:09:00.0:region0+0x8354, 0x0, 4)
2026-06-26T17:12:04.249459Z vfio_region_write  (0000:09:00.0:region0+0x8358, 0x0, 4)
2026-06-26T17:12:04.249472Z vfio_region_write  (0000:09:00.0:region0+0x835c, 0x0, 4)
2026-06-26T17:12:04.249485Z vfio_region_write  (0000:09:00.0:region0+0x8360, 0x0, 4)
2026-06-26T17:12:04.249498Z vfio_region_write  (0000:09:00.0:region0+0x8364, 0x0, 4)
2026-06-26T17:12:04.249511Z vfio_region_write  (0000:09:00.0:region0+0x8368, 0x0, 4)
2026-06-26T17:12:04.249524Z vfio_region_write  (0000:09:00.0:region0+0x836c, 0x0, 4)
2026-06-26T17:12:04.249538Z vfio_region_write  (0000:09:00.0:region0+0x8370, 0x0, 4)
2026-06-26T17:12:04.249551Z vfio_region_write  (0000:09:00.0:region0+0x8374, 0x0, 4)
2026-06-26T17:12:04.249564Z vfio_region_write  (0000:09:00.0:region0+0x8378, 0x0, 4)
2026-06-26T17:12:04.249577Z vfio_region_write  (0000:09:00.0:region0+0x837c, 0x0, 4)
2026-06-26T17:12:04.249590Z vfio_region_write  (0000:09:00.0:region0+0x8380, 0x0, 4)
2026-06-26T17:12:04.249604Z vfio_region_write  (0000:09:00.0:region0+0x8384, 0x0, 4)
2026-06-26T17:12:04.249618Z vfio_region_write  (0000:09:00.0:region0+0x8388, 0x0, 4)
2026-06-26T17:12:04.249631Z vfio_region_write  (0000:09:00.0:region0+0x838c, 0x0, 4)
2026-06-26T17:12:04.249645Z vfio_region_write  (0000:09:00.0:region0+0x8390, 0x0, 4)
2026-06-26T17:12:04.249659Z vfio_region_write  (0000:09:00.0:region0+0x8394, 0x0, 4)
2026-06-26T17:12:04.249673Z vfio_region_write  (0000:09:00.0:region0+0x8398, 0x0, 4)
2026-06-26T17:12:04.249687Z vfio_region_write  (0000:09:00.0:region0+0x839c, 0x0, 4)
2026-06-26T17:12:04.249700Z vfio_region_write  (0000:09:00.0:region0+0x83a0, 0x0, 4)
2026-06-26T17:12:04.249713Z vfio_region_write  (0000:09:00.0:region0+0x83a4, 0x0, 4)
2026-06-26T17:12:04.249727Z vfio_region_write  (0000:09:00.0:region0+0x83a8, 0x0, 4)
2026-06-26T17:12:04.249741Z vfio_region_write  (0000:09:00.0:region0+0x83ac, 0x0, 4)
2026-06-26T17:12:04.249755Z vfio_region_write  (0000:09:00.0:region0+0x83b0, 0x0, 4)
2026-06-26T17:12:04.249768Z vfio_region_write  (0000:09:00.0:region0+0x83b4, 0x0, 4)
2026-06-26T17:12:04.249781Z vfio_region_write  (0000:09:00.0:region0+0x83b8, 0x0, 4)
2026-06-26T17:12:04.249795Z vfio_region_write  (0000:09:00.0:region0+0x83bc, 0x0, 4)
2026-06-26T17:12:04.249809Z vfio_region_write  (0000:09:00.0:region0+0x83c0, 0x0, 4)
2026-06-26T17:12:04.249828Z vfio_region_write  (0000:09:00.0:region0+0x83c4, 0x0, 4)
2026-06-26T17:12:04.249842Z vfio_region_write  (0000:09:00.0:region0+0x83c8, 0x0, 4)
2026-06-26T17:12:04.249855Z vfio_region_write  (0000:09:00.0:region0+0x83cc, 0x0, 4)
2026-06-26T17:12:04.249868Z vfio_region_write  (0000:09:00.0:region0+0x83d0, 0x0, 4)
2026-06-26T17:12:04.249881Z vfio_region_write  (0000:09:00.0:region0+0x83d4, 0x0, 4)
2026-06-26T17:12:04.249894Z vfio_region_write  (0000:09:00.0:region0+0x83d8, 0x0, 4)
2026-06-26T17:12:04.249907Z vfio_region_write  (0000:09:00.0:region0+0x83dc, 0x0, 4)
2026-06-26T17:12:04.249927Z vfio_region_write  (0000:09:00.0:region0+0x83e0, 0x0, 4)
2026-06-26T17:12:04.249941Z vfio_region_write  (0000:09:00.0:region0+0x83e4, 0x0, 4)
2026-06-26T17:12:04.249954Z vfio_region_write  (0000:09:00.0:region0+0x83e8, 0x0, 4)
2026-06-26T17:12:04.249968Z vfio_region_write  (0000:09:00.0:region0+0x83ec, 0x0, 4)
2026-06-26T17:12:04.249982Z vfio_region_write  (0000:09:00.0:region0+0x83f0, 0x0, 4)
2026-06-26T17:12:04.249996Z vfio_region_write  (0000:09:00.0:region0+0x83f4, 0x0, 4)
2026-06-26T17:12:04.250009Z vfio_region_write  (0000:09:00.0:region0+0x83f8, 0x0, 4)
2026-06-26T17:12:04.250022Z vfio_region_write  (0000:09:00.0:region0+0x83fc, 0x0, 4)
2026-06-26T17:12:04.250035Z vfio_region_write  (0000:09:00.0:region0+0x8400, 0x0, 4)
2026-06-26T17:12:04.250048Z vfio_region_write  (0000:09:00.0:region0+0x8404, 0x0, 4)
2026-06-26T17:12:04.250061Z vfio_region_write  (0000:09:00.0:region0+0x8408, 0x0, 4)
2026-06-26T17:12:04.250074Z vfio_region_write  (0000:09:00.0:region0+0x840c, 0x0, 4)
2026-06-26T17:12:04.250087Z vfio_region_write  (0000:09:00.0:region0+0x8410, 0x0, 4)
2026-06-26T17:12:04.250100Z vfio_region_write  (0000:09:00.0:region0+0x8414, 0x0, 4)
2026-06-26T17:12:04.250113Z vfio_region_write  (0000:09:00.0:region0+0x8418, 0x0, 4)
2026-06-26T17:12:04.250126Z vfio_region_write  (0000:09:00.0:region0+0x841c, 0x0, 4)
2026-06-26T17:12:04.250140Z vfio_region_write  (0000:09:00.0:region0+0x8420, 0x0, 4)
2026-06-26T17:12:04.250154Z vfio_region_write  (0000:09:00.0:region0+0x8424, 0x0, 4)
2026-06-26T17:12:04.250167Z vfio_region_write  (0000:09:00.0:region0+0x8428, 0x0, 4)
2026-06-26T17:12:04.250180Z vfio_region_write  (0000:09:00.0:region0+0x842c, 0x0, 4)
2026-06-26T17:12:04.250193Z vfio_region_write  (0000:09:00.0:region0+0x408, 0x1, 4)
2026-06-26T17:12:04.250428Z vfio_region_read  (0000:09:00.0:region0+0x100, 4) = 0x20000000
2026-06-26T17:12:04.250448Z vfio_region_read  (0000:09:00.0:region0+0x300, 4) = 0x0
2026-06-26T17:12:04.250467Z vfio_region_read  (0000:09:00.0:region0+0x200, 4) = 0x0
2026-06-26T17:12:04.250485Z vfio_region_read  (0000:09:00.0:region0+0x400, 4) = 0x1
2026-06-26T17:12:04.250503Z vfio_region_read  (0000:09:00.0:region0+0x500, 4) = 0xff0000
2026-06-26T17:12:04.250692Z vfio_region_read  (0000:09:00.0:region0+0x100, 4) = 0x20000000
2026-06-26T17:12:04.250712Z vfio_region_read  (0000:09:00.0:region0+0x300, 4) = 0x0
2026-06-26T17:12:04.250730Z vfio_region_read  (0000:09:00.0:region0+0x200, 4) = 0x0
2026-06-26T17:12:04.250748Z vfio_region_read  (0000:09:00.0:region0+0x400, 4) = 0x2
2026-06-26T17:12:04.250767Z vfio_region_read  (0000:09:00.0:region0+0x500, 4) = 0xff0000
2026-06-26T17:12:04.250844Z vfio_region_write  (0000:09:00.0:region0+0x408, 0x2, 4)
2026-06-26T17:12:04.250875Z vfio_region_write  (0000:09:00.0:region0+0x8020, 0x80800001, 4)
2026-06-26T17:12:04.250890Z vfio_region_write  (0000:09:00.0:region0+0x8024, 0x650400, 4)
2026-06-26T17:12:04.250903Z vfio_region_write  (0000:09:00.0:region0+0x8028, 0x0, 4)
2026-06-26T17:12:04.250918Z vfio_region_write  (0000:09:00.0:region0+0x802c, 0x0, 4)
2026-06-26T17:12:04.250938Z vfio_region_write  (0000:09:00.0:region0+0x8030, 0x4c0, 4)
2026-06-26T17:12:04.250952Z vfio_region_write  (0000:09:00.0:region0+0x8034, 0x3f8, 4)
2026-06-26T17:12:04.250965Z vfio_region_write  (0000:09:00.0:region0+0x8038, 0x0, 4)
2026-06-26T17:12:04.250980Z vfio_region_write  (0000:09:00.0:region0+0x803c, 0x0, 4)
2026-06-26T17:12:04.250994Z vfio_region_write  (0000:09:00.0:region0+0x8040, 0x0, 4)
2026-06-26T17:12:04.251006Z vfio_region_write  (0000:09:00.0:region0+0x8044, 0x0, 4)
2026-06-26T17:12:04.251019Z vfio_region_write  (0000:09:00.0:region0+0x8048, 0x0, 4)
2026-06-26T17:12:04.251032Z vfio_region_write  (0000:09:00.0:region0+0x804c, 0x0, 4)
2026-06-26T17:12:04.251045Z vfio_region_write  (0000:09:00.0:region0+0x8050, 0x0, 4)
2026-06-26T17:12:04.251058Z vfio_region_write  (0000:09:00.0:region0+0x8054, 0x0, 4)
2026-06-26T17:12:04.251071Z vfio_region_write  (0000:09:00.0:region0+0x8058, 0x0, 4)
2026-06-26T17:12:04.251084Z vfio_region_write  (0000:09:00.0:region0+0x805c, 0x0, 4)
2026-06-26T17:12:04.251097Z vfio_region_write  (0000:09:00.0:region0+0x8060, 0x0, 4)
2026-06-26T17:12:04.251111Z vfio_region_write  (0000:09:00.0:region0+0x8064, 0x0, 4)
2026-06-26T17:12:04.251125Z vfio_region_write  (0000:09:00.0:region0+0x8068, 0x0, 4)
2026-06-26T17:12:04.251139Z vfio_region_write  (0000:09:00.0:region0+0x806c, 0x0, 4)
2026-06-26T17:12:04.251152Z vfio_region_write  (0000:09:00.0:region0+0x8070, 0x0, 4)
2026-06-26T17:12:04.251165Z vfio_region_write  (0000:09:00.0:region0+0x8074, 0x0, 4)
2026-06-26T17:12:04.251178Z vfio_region_write  (0000:09:00.0:region0+0x8078, 0x0, 4)
2026-06-26T17:12:04.251191Z vfio_region_write  (0000:09:00.0:region0+0x807c, 0x0, 4)
2026-06-26T17:12:04.251204Z vfio_region_write  (0000:09:00.0:region0+0x8080, 0x0, 4)
2026-06-26T17:12:04.251218Z vfio_region_write  (0000:09:00.0:region0+0x8084, 0x0, 4)
2026-06-26T17:12:04.251231Z vfio_region_write  (0000:09:00.0:region0+0x8088, 0x0, 4)
2026-06-26T17:12:04.251245Z vfio_region_write  (0000:09:00.0:region0+0x808c, 0x0, 4)
2026-06-26T17:12:04.251258Z vfio_region_write  (0000:09:00.0:region0+0x8090, 0x0, 4)
2026-06-26T17:12:04.251273Z vfio_region_write  (0000:09:00.0:region0+0x8094, 0x0, 4)
2026-06-26T17:12:04.251289Z vfio_region_write  (0000:09:00.0:region0+0x8098, 0x0, 4)
2026-06-26T17:12:04.251304Z vfio_region_write  (0000:09:00.0:region0+0x809c, 0x0, 4)
2026-06-26T17:12:04.251319Z vfio_region_write  (0000:09:00.0:region0+0x80a0, 0x0, 4)
2026-06-26T17:12:04.251335Z vfio_region_write  (0000:09:00.0:region0+0x80a4, 0x0, 4)
2026-06-26T17:12:04.251351Z vfio_region_write  (0000:09:00.0:region0+0x80a8, 0x0, 4)
2026-06-26T17:12:04.251367Z vfio_region_write  (0000:09:00.0:region0+0x80ac, 0x0, 4)
2026-06-26T17:12:04.251384Z vfio_region_write  (0000:09:00.0:region0+0x80b0, 0x0, 4)
2026-06-26T17:12:04.251399Z vfio_region_write  (0000:09:00.0:region0+0x80b4, 0x0, 4)
2026-06-26T17:12:04.251413Z vfio_region_write  (0000:09:00.0:region0+0x80b8, 0x0, 4)
2026-06-26T17:12:04.251429Z vfio_region_write  (0000:09:00.0:region0+0x80bc, 0x0, 4)
2026-06-26T17:12:04.251444Z vfio_region_write  (0000:09:00.0:region0+0x80c0, 0x0, 4)
2026-06-26T17:12:04.251460Z vfio_region_write  (0000:09:00.0:region0+0x80c4, 0x0, 4)
2026-06-26T17:12:04.251476Z vfio_region_write  (0000:09:00.0:region0+0x80c8, 0x0, 4)
2026-06-26T17:12:04.251491Z vfio_region_write  (0000:09:00.0:region0+0x80cc, 0x0, 4)
2026-06-26T17:12:04.251506Z vfio_region_write  (0000:09:00.0:region0+0x80d0, 0x0, 4)
2026-06-26T17:12:04.251522Z vfio_region_write  (0000:09:00.0:region0+0x80d4, 0x0, 4)
2026-06-26T17:12:04.251537Z vfio_region_write  (0000:09:00.0:region0+0x80d8, 0x0, 4)
2026-06-26T17:12:04.251551Z vfio_region_write  (0000:09:00.0:region0+0x80dc, 0x0, 4)
2026-06-26T17:12:04.251567Z vfio_region_write  (0000:09:00.0:region0+0x80e0, 0x0, 4)
2026-06-26T17:12:04.251582Z vfio_region_write  (0000:09:00.0:region0+0x80e4, 0x0, 4)
2026-06-26T17:12:04.251597Z vfio_region_write  (0000:09:00.0:region0+0x80e8, 0x0, 4)
2026-06-26T17:12:04.251611Z vfio_region_write  (0000:09:00.0:region0+0x80ec, 0x0, 4)
2026-06-26T17:12:04.251627Z vfio_region_write  (0000:09:00.0:region0+0x80f0, 0x0, 4)
2026-06-26T17:12:04.251641Z vfio_region_write  (0000:09:00.0:region0+0x80f4, 0x0, 4)
2026-06-26T17:12:04.251654Z vfio_region_write  (0000:09:00.0:region0+0x80f8, 0x0, 4)
2026-06-26T17:12:04.251667Z vfio_region_write  (0000:09:00.0:region0+0x80fc, 0x0, 4)
2026-06-26T17:12:04.251680Z vfio_region_write  (0000:09:00.0:region0+0x8100, 0x0, 4)
2026-06-26T17:12:04.251693Z vfio_region_write  (0000:09:00.0:region0+0x8104, 0x0, 4)
2026-06-26T17:12:04.251705Z vfio_region_write  (0000:09:00.0:region0+0x8108, 0x0, 4)
2026-06-26T17:12:04.251718Z vfio_region_write  (0000:09:00.0:region0+0x810c, 0x0, 4)
2026-06-26T17:12:04.251731Z vfio_region_write  (0000:09:00.0:region0+0x8110, 0x0, 4)
2026-06-26T17:12:04.251745Z vfio_region_write  (0000:09:00.0:region0+0x8114, 0x0, 4)
2026-06-26T17:12:04.251758Z vfio_region_write  (0000:09:00.0:region0+0x8118, 0x0, 4)
2026-06-26T17:12:04.251771Z vfio_region_write  (0000:09:00.0:region0+0x811c, 0x0, 4)
2026-06-26T17:12:04.251784Z vfio_region_write  (0000:09:00.0:region0+0x8120, 0x0, 4)
2026-06-26T17:12:04.251797Z vfio_region_write  (0000:09:00.0:region0+0x8124, 0x0, 4)
2026-06-26T17:12:04.251811Z vfio_region_write  (0000:09:00.0:region0+0x8128, 0x0, 4)
2026-06-26T17:12:04.251832Z vfio_region_write  (0000:09:00.0:region0+0x812c, 0x0, 4)
2026-06-26T17:12:04.251846Z vfio_region_write  (0000:09:00.0:region0+0x8130, 0x0, 4)
2026-06-26T17:12:04.251860Z vfio_region_write  (0000:09:00.0:region0+0x8134, 0x0, 4)
2026-06-26T17:12:04.251873Z vfio_region_write  (0000:09:00.0:region0+0x8138, 0x0, 4)
2026-06-26T17:12:04.251886Z vfio_region_write  (0000:09:00.0:region0+0x813c, 0x0, 4)
2026-06-26T17:12:04.251899Z vfio_region_write  (0000:09:00.0:region0+0x8140, 0x0, 4)
2026-06-26T17:12:04.251913Z vfio_region_write  (0000:09:00.0:region0+0x8144, 0x0, 4)
2026-06-26T17:12:04.251935Z vfio_region_write  (0000:09:00.0:region0+0x8148, 0x0, 4)
2026-06-26T17:12:04.251949Z vfio_region_write  (0000:09:00.0:region0+0x814c, 0x0, 4)
2026-06-26T17:12:04.251962Z vfio_region_write  (0000:09:00.0:region0+0x8150, 0x0, 4)
2026-06-26T17:12:04.251975Z vfio_region_write  (0000:09:00.0:region0+0x8154, 0x0, 4)
2026-06-26T17:12:04.251988Z vfio_region_write  (0000:09:00.0:region0+0x8158, 0x0, 4)
2026-06-26T17:12:04.252001Z vfio_region_write  (0000:09:00.0:region0+0x815c, 0x0, 4)
2026-06-26T17:12:04.252014Z vfio_region_write  (0000:09:00.0:region0+0x8160, 0x0, 4)
2026-06-26T17:12:04.252027Z vfio_region_write  (0000:09:00.0:region0+0x8164, 0x0, 4)
2026-06-26T17:12:04.252040Z vfio_region_write  (0000:09:00.0:region0+0x8168, 0x0, 4)
2026-06-26T17:12:04.252053Z vfio_region_write  (0000:09:00.0:region0+0x816c, 0x0, 4)
2026-06-26T17:12:04.252067Z vfio_region_write  (0000:09:00.0:region0+0x8170, 0x0, 4)
2026-06-26T17:12:04.252080Z vfio_region_write  (0000:09:00.0:region0+0x8174, 0x0, 4)
2026-06-26T17:12:04.252095Z vfio_region_write  (0000:09:00.0:region0+0x8178, 0x0, 4)
2026-06-26T17:12:04.252108Z vfio_region_write  (0000:09:00.0:region0+0x817c, 0x0, 4)
2026-06-26T17:12:04.252121Z vfio_region_write  (0000:09:00.0:region0+0x8180, 0x0, 4)
2026-06-26T17:12:04.252134Z vfio_region_write  (0000:09:00.0:region0+0x8184, 0x0, 4)
2026-06-26T17:12:04.252147Z vfio_region_write  (0000:09:00.0:region0+0x8188, 0x0, 4)
2026-06-26T17:12:04.252160Z vfio_region_write  (0000:09:00.0:region0+0x818c, 0x0, 4)
2026-06-26T17:12:04.252174Z vfio_region_write  (0000:09:00.0:region0+0x8190, 0x0, 4)
2026-06-26T17:12:04.252187Z vfio_region_write  (0000:09:00.0:region0+0x8194, 0x0, 4)
2026-06-26T17:12:04.252201Z vfio_region_write  (0000:09:00.0:region0+0x8198, 0x0, 4)
2026-06-26T17:12:04.252214Z vfio_region_write  (0000:09:00.0:region0+0x819c, 0x0, 4)
2026-06-26T17:12:04.252228Z vfio_region_write  (0000:09:00.0:region0+0x81a0, 0x0, 4)
2026-06-26T17:12:04.252241Z vfio_region_write  (0000:09:00.0:region0+0x81a4, 0x0, 4)
2026-06-26T17:12:04.252255Z vfio_region_write  (0000:09:00.0:region0+0x81a8, 0x0, 4)
2026-06-26T17:12:04.252269Z vfio_region_write  (0000:09:00.0:region0+0x81ac, 0x0, 4)
2026-06-26T17:12:04.252282Z vfio_region_write  (0000:09:00.0:region0+0x81b0, 0x0, 4)
2026-06-26T17:12:04.252296Z vfio_region_write  (0000:09:00.0:region0+0x81b4, 0x0, 4)
2026-06-26T17:12:04.252309Z vfio_region_write  (0000:09:00.0:region0+0x81b8, 0x0, 4)
2026-06-26T17:12:04.252323Z vfio_region_write  (0000:09:00.0:region0+0x81bc, 0x0, 4)
2026-06-26T17:12:04.252336Z vfio_region_write  (0000:09:00.0:region0+0x81c0, 0x0, 4)
2026-06-26T17:12:04.252349Z vfio_region_write  (0000:09:00.0:region0+0x81c4, 0x0, 4)
2026-06-26T17:12:04.252363Z vfio_region_write  (0000:09:00.0:region0+0x81c8, 0x0, 4)
2026-06-26T17:12:04.252376Z vfio_region_write  (0000:09:00.0:region0+0x81cc, 0x0, 4)
2026-06-26T17:12:04.252390Z vfio_region_write  (0000:09:00.0:region0+0x81d0, 0x0, 4)
2026-06-26T17:12:04.252404Z vfio_region_write  (0000:09:00.0:region0+0x81d4, 0x0, 4)
2026-06-26T17:12:04.252418Z vfio_region_write  (0000:09:00.0:region0+0x81d8, 0x0, 4)
2026-06-26T17:12:04.252431Z vfio_region_write  (0000:09:00.0:region0+0x81dc, 0x0, 4)
2026-06-26T17:12:04.252445Z vfio_region_write  (0000:09:00.0:region0+0x81e0, 0x0, 4)
2026-06-26T17:12:04.252458Z vfio_region_write  (0000:09:00.0:region0+0x81e4, 0x0, 4)
2026-06-26T17:12:04.252472Z vfio_region_write  (0000:09:00.0:region0+0x81e8, 0x0, 4)
2026-06-26T17:12:04.252485Z vfio_region_write  (0000:09:00.0:region0+0x81ec, 0x0, 4)
2026-06-26T17:12:04.252499Z vfio_region_write  (0000:09:00.0:region0+0x81f0, 0x0, 4)
2026-06-26T17:12:04.252512Z vfio_region_write  (0000:09:00.0:region0+0x81f4, 0x0, 4)
2026-06-26T17:12:04.252526Z vfio_region_write  (0000:09:00.0:region0+0x81f8, 0x0, 4)
2026-06-26T17:12:04.252540Z vfio_region_write  (0000:09:00.0:region0+0x81fc, 0x0, 4)
2026-06-26T17:12:04.252553Z vfio_region_write  (0000:09:00.0:region0+0x8200, 0x0, 4)
2026-06-26T17:12:04.252567Z vfio_region_write  (0000:09:00.0:region0+0x8204, 0x0, 4)
2026-06-26T17:12:04.252580Z vfio_region_write  (0000:09:00.0:region0+0x8208, 0x0, 4)
2026-06-26T17:12:04.252593Z vfio_region_write  (0000:09:00.0:region0+0x820c, 0x0, 4)
2026-06-26T17:12:04.252606Z vfio_region_write  (0000:09:00.0:region0+0x8210, 0x0, 4)
2026-06-26T17:12:04.252620Z vfio_region_write  (0000:09:00.0:region0+0x8214, 0x0, 4)
2026-06-26T17:12:04.252633Z vfio_region_write  (0000:09:00.0:region0+0x8218, 0x0, 4)
2026-06-26T17:12:04.252647Z vfio_region_write  (0000:09:00.0:region0+0x821c, 0x0, 4)
2026-06-26T17:12:04.252661Z vfio_region_write  (0000:09:00.0:region0+0x8220, 0x0, 4)
2026-06-26T17:12:04.252675Z vfio_region_write  (0000:09:00.0:region0+0x8224, 0x0, 4)
2026-06-26T17:12:04.252688Z vfio_region_write  (0000:09:00.0:region0+0x8228, 0x0, 4)
2026-06-26T17:12:04.252702Z vfio_region_write  (0000:09:00.0:region0+0x822c, 0x0, 4)
2026-06-26T17:12:04.252715Z vfio_region_write  (0000:09:00.0:region0+0x8230, 0x0, 4)
2026-06-26T17:12:04.252728Z vfio_region_write  (0000:09:00.0:region0+0x8234, 0x0, 4)
2026-06-26T17:12:04.252741Z vfio_region_write  (0000:09:00.0:region0+0x8238, 0x0, 4)
2026-06-26T17:12:04.252755Z vfio_region_write  (0000:09:00.0:region0+0x823c, 0x0, 4)
2026-06-26T17:12:04.252768Z vfio_region_write  (0000:09:00.0:region0+0x8240, 0x0, 4)
2026-06-26T17:12:04.252782Z vfio_region_write  (0000:09:00.0:region0+0x8244, 0x0, 4)
2026-06-26T17:12:04.252796Z vfio_region_write  (0000:09:00.0:region0+0x8248, 0x0, 4)
2026-06-26T17:12:04.252810Z vfio_region_write  (0000:09:00.0:region0+0x824c, 0x0, 4)
2026-06-26T17:12:04.252828Z vfio_region_write  (0000:09:00.0:region0+0x8250, 0x0, 4)
2026-06-26T17:12:04.252842Z vfio_region_write  (0000:09:00.0:region0+0x8254, 0x0, 4)
2026-06-26T17:12:04.252856Z vfio_region_write  (0000:09:00.0:region0+0x8258, 0x0, 4)
2026-06-26T17:12:04.252868Z vfio_region_write  (0000:09:00.0:region0+0x825c, 0x0, 4)
2026-06-26T17:12:04.252881Z vfio_region_write  (0000:09:00.0:region0+0x8260, 0x0, 4)
2026-06-26T17:12:04.252894Z vfio_region_write  (0000:09:00.0:region0+0x8264, 0x0, 4)
2026-06-26T17:12:04.252908Z vfio_region_write  (0000:09:00.0:region0+0x8268, 0x0, 4)
2026-06-26T17:12:04.252929Z vfio_region_write  (0000:09:00.0:region0+0x826c, 0x0, 4)
2026-06-26T17:12:04.252943Z vfio_region_write  (0000:09:00.0:region0+0x8270, 0x0, 4)
2026-06-26T17:12:04.252956Z vfio_region_write  (0000:09:00.0:region0+0x8274, 0x0, 4)
2026-06-26T17:12:04.252969Z vfio_region_write  (0000:09:00.0:region0+0x8278, 0x0, 4)
2026-06-26T17:12:04.252982Z vfio_region_write  (0000:09:00.0:region0+0x827c, 0x0, 4)
2026-06-26T17:12:04.252995Z vfio_region_write  (0000:09:00.0:region0+0x8280, 0x0, 4)
2026-06-26T17:12:04.253007Z vfio_region_write  (0000:09:00.0:region0+0x8284, 0x0, 4)
2026-06-26T17:12:04.253021Z vfio_region_write  (0000:09:00.0:region0+0x8288, 0x0, 4)
2026-06-26T17:12:04.253035Z vfio_region_write  (0000:09:00.0:region0+0x828c, 0x0, 4)
2026-06-26T17:12:04.253048Z vfio_region_write  (0000:09:00.0:region0+0x8290, 0x0, 4)
2026-06-26T17:12:04.253062Z vfio_region_write  (0000:09:00.0:region0+0x8294, 0x0, 4)
2026-06-26T17:12:04.253075Z vfio_region_write  (0000:09:00.0:region0+0x8298, 0x0, 4)
2026-06-26T17:12:04.253090Z vfio_region_write  (0000:09:00.0:region0+0x829c, 0x0, 4)
2026-06-26T17:12:04.253106Z vfio_region_write  (0000:09:00.0:region0+0x82a0, 0x0, 4)
2026-06-26T17:12:04.253120Z vfio_region_write  (0000:09:00.0:region0+0x82a4, 0x0, 4)
2026-06-26T17:12:04.253133Z vfio_region_write  (0000:09:00.0:region0+0x82a8, 0x0, 4)
2026-06-26T17:12:04.253146Z vfio_region_write  (0000:09:00.0:region0+0x82ac, 0x0, 4)
2026-06-26T17:12:04.253159Z vfio_region_write  (0000:09:00.0:region0+0x82b0, 0x0, 4)
2026-06-26T17:12:04.253173Z vfio_region_write  (0000:09:00.0:region0+0x82b4, 0x0, 4)
2026-06-26T17:12:04.253186Z vfio_region_write  (0000:09:00.0:region0+0x82b8, 0x0, 4)
2026-06-26T17:12:04.253200Z vfio_region_write  (0000:09:00.0:region0+0x82bc, 0x0, 4)
2026-06-26T17:12:04.253213Z vfio_region_write  (0000:09:00.0:region0+0x82c0, 0x0, 4)
2026-06-26T17:12:04.253227Z vfio_region_write  (0000:09:00.0:region0+0x82c4, 0x0, 4)
2026-06-26T17:12:04.253240Z vfio_region_write  (0000:09:00.0:region0+0x82c8, 0x0, 4)
2026-06-26T17:12:04.253254Z vfio_region_write  (0000:09:00.0:region0+0x82cc, 0x0, 4)
2026-06-26T17:12:04.253267Z vfio_region_write  (0000:09:00.0:region0+0x82d0, 0x0, 4)
2026-06-26T17:12:04.253280Z vfio_region_write  (0000:09:00.0:region0+0x82d4, 0x0, 4)
2026-06-26T17:12:04.253293Z vfio_region_write  (0000:09:00.0:region0+0x82d8, 0x0, 4)
2026-06-26T17:12:04.253306Z vfio_region_write  (0000:09:00.0:region0+0x82dc, 0x0, 4)
2026-06-26T17:12:04.253319Z vfio_region_write  (0000:09:00.0:region0+0x82e0, 0x0, 4)
2026-06-26T17:12:04.253332Z vfio_region_write  (0000:09:00.0:region0+0x82e4, 0x0, 4)
2026-06-26T17:12:04.253345Z vfio_region_write  (0000:09:00.0:region0+0x82e8, 0x0, 4)
2026-06-26T17:12:04.253359Z vfio_region_write  (0000:09:00.0:region0+0x82ec, 0x0, 4)
2026-06-26T17:12:04.253373Z vfio_region_write  (0000:09:00.0:region0+0x82f0, 0x0, 4)
2026-06-26T17:12:04.253387Z vfio_region_write  (0000:09:00.0:region0+0x82f4, 0x0, 4)
2026-06-26T17:12:04.253400Z vfio_region_write  (0000:09:00.0:region0+0x82f8, 0x0, 4)
2026-06-26T17:12:04.253414Z vfio_region_write  (0000:09:00.0:region0+0x82fc, 0x0, 4)
2026-06-26T17:12:04.253427Z vfio_region_write  (0000:09:00.0:region0+0x8300, 0x0, 4)
2026-06-26T17:12:04.253442Z vfio_region_write  (0000:09:00.0:region0+0x8304, 0x0, 4)
2026-06-26T17:12:04.253455Z vfio_region_write  (0000:09:00.0:region0+0x8308, 0x0, 4)
2026-06-26T17:12:04.253469Z vfio_region_write  (0000:09:00.0:region0+0x830c, 0x0, 4)
2026-06-26T17:12:04.253482Z vfio_region_write  (0000:09:00.0:region0+0x8310, 0x0, 4)
2026-06-26T17:12:04.253496Z vfio_region_write  (0000:09:00.0:region0+0x8314, 0x0, 4)
2026-06-26T17:12:04.253511Z vfio_region_write  (0000:09:00.0:region0+0x8318, 0x0, 4)
2026-06-26T17:12:04.253524Z vfio_region_write  (0000:09:00.0:region0+0x831c, 0x0, 4)
2026-06-26T17:12:04.253538Z vfio_region_write  (0000:09:00.0:region0+0x8320, 0x0, 4)
2026-06-26T17:12:04.253551Z vfio_region_write  (0000:09:00.0:region0+0x8324, 0x0, 4)
2026-06-26T17:12:04.253565Z vfio_region_write  (0000:09:00.0:region0+0x8328, 0x0, 4)
2026-06-26T17:12:04.253578Z vfio_region_write  (0000:09:00.0:region0+0x832c, 0x0, 4)
2026-06-26T17:12:04.253592Z vfio_region_write  (0000:09:00.0:region0+0x8330, 0x0, 4)
2026-06-26T17:12:04.253606Z vfio_region_write  (0000:09:00.0:region0+0x8334, 0x0, 4)
2026-06-26T17:12:04.253620Z vfio_region_write  (0000:09:00.0:region0+0x8338, 0x0, 4)
2026-06-26T17:12:04.253633Z vfio_region_write  (0000:09:00.0:region0+0x833c, 0x0, 4)
2026-06-26T17:12:04.253647Z vfio_region_write  (0000:09:00.0:region0+0x8340, 0x0, 4)
2026-06-26T17:12:04.253659Z vfio_region_write  (0000:09:00.0:region0+0x8344, 0x0, 4)
2026-06-26T17:12:04.253672Z vfio_region_write  (0000:09:00.0:region0+0x8348, 0x0, 4)
2026-06-26T17:12:04.253685Z vfio_region_write  (0000:09:00.0:region0+0x834c, 0x0, 4)
2026-06-26T17:12:04.253698Z vfio_region_write  (0000:09:00.0:region0+0x8350, 0x0, 4)
2026-06-26T17:12:04.253711Z vfio_region_write  (0000:09:00.0:region0+0x8354, 0x0, 4)
2026-06-26T17:12:04.253724Z vfio_region_write  (0000:09:00.0:region0+0x8358, 0x0, 4)
2026-06-26T17:12:04.253737Z vfio_region_write  (0000:09:00.0:region0+0x835c, 0x0, 4)
2026-06-26T17:12:04.253749Z vfio_region_write  (0000:09:00.0:region0+0x8360, 0x0, 4)
2026-06-26T17:12:04.253763Z vfio_region_write  (0000:09:00.0:region0+0x8364, 0x0, 4)
2026-06-26T17:12:04.253776Z vfio_region_write  (0000:09:00.0:region0+0x8368, 0x0, 4)
2026-06-26T17:12:04.253789Z vfio_region_write  (0000:09:00.0:region0+0x836c, 0x0, 4)
2026-06-26T17:12:04.253803Z vfio_region_write  (0000:09:00.0:region0+0x8370, 0x0, 4)
2026-06-26T17:12:04.253816Z vfio_region_write  (0000:09:00.0:region0+0x8374, 0x0, 4)
2026-06-26T17:12:04.253838Z vfio_region_write  (0000:09:00.0:region0+0x8378, 0x0, 4)
2026-06-26T17:12:04.253851Z vfio_region_write  (0000:09:00.0:region0+0x837c, 0x0, 4)
2026-06-26T17:12:04.253864Z vfio_region_write  (0000:09:00.0:region0+0x8380, 0x0, 4)
2026-06-26T17:12:04.253877Z vfio_region_write  (0000:09:00.0:region0+0x8384, 0x0, 4)
2026-06-26T17:12:04.253890Z vfio_region_write  (0000:09:00.0:region0+0x8388, 0x0, 4)
2026-06-26T17:12:04.253904Z vfio_region_write  (0000:09:00.0:region0+0x838c, 0x0, 4)
2026-06-26T17:12:04.253919Z vfio_region_write  (0000:09:00.0:region0+0x8390, 0x0, 4)
2026-06-26T17:12:04.253939Z vfio_region_write  (0000:09:00.0:region0+0x8394, 0x0, 4)
2026-06-26T17:12:04.253953Z vfio_region_write  (0000:09:00.0:region0+0x8398, 0x0, 4)
2026-06-26T17:12:04.253966Z vfio_region_write  (0000:09:00.0:region0+0x839c, 0x0, 4)
2026-06-26T17:12:04.253979Z vfio_region_write  (0000:09:00.0:region0+0x83a0, 0x0, 4)
2026-06-26T17:12:04.253994Z vfio_region_write  (0000:09:00.0:region0+0x83a4, 0x0, 4)
2026-06-26T17:12:04.254008Z vfio_region_write  (0000:09:00.0:region0+0x83a8, 0x0, 4)
2026-06-26T17:12:04.254022Z vfio_region_write  (0000:09:00.0:region0+0x83ac, 0x0, 4)
2026-06-26T17:12:04.254034Z vfio_region_write  (0000:09:00.0:region0+0x83b0, 0x0, 4)
2026-06-26T17:12:04.254048Z vfio_region_write  (0000:09:00.0:region0+0x83b4, 0x0, 4)
2026-06-26T17:12:04.254061Z vfio_region_write  (0000:09:00.0:region0+0x83b8, 0x0, 4)
2026-06-26T17:12:04.254074Z vfio_region_write  (0000:09:00.0:region0+0x83bc, 0x0, 4)
2026-06-26T17:12:04.254088Z vfio_region_write  (0000:09:00.0:region0+0x83c0, 0x0, 4)
2026-06-26T17:12:04.254101Z vfio_region_write  (0000:09:00.0:region0+0x83c4, 0x0, 4)
2026-06-26T17:12:04.254116Z vfio_region_write  (0000:09:00.0:region0+0x83c8, 0x0, 4)
2026-06-26T17:12:04.254129Z vfio_region_write  (0000:09:00.0:region0+0x83cc, 0x0, 4)
2026-06-26T17:12:04.254143Z vfio_region_write  (0000:09:00.0:region0+0x83d0, 0x0, 4)
2026-06-26T17:12:04.254156Z vfio_region_write  (0000:09:00.0:region0+0x83d4, 0x0, 4)
2026-06-26T17:12:04.254170Z vfio_region_write  (0000:09:00.0:region0+0x83d8, 0x0, 4)
2026-06-26T17:12:04.254183Z vfio_region_write  (0000:09:00.0:region0+0x83dc, 0x0, 4)
2026-06-26T17:12:04.254197Z vfio_region_write  (0000:09:00.0:region0+0x83e0, 0x0, 4)
2026-06-26T17:12:04.254211Z vfio_region_write  (0000:09:00.0:region0+0x83e4, 0x0, 4)
2026-06-26T17:12:04.254224Z vfio_region_write  (0000:09:00.0:region0+0x83e8, 0x0, 4)
2026-06-26T17:12:04.254238Z vfio_region_write  (0000:09:00.0:region0+0x83ec, 0x0, 4)
2026-06-26T17:12:04.254251Z vfio_region_write  (0000:09:00.0:region0+0x83f0, 0x0, 4)
2026-06-26T17:12:04.254265Z vfio_region_write  (0000:09:00.0:region0+0x83f4, 0x0, 4)
2026-06-26T17:12:04.254279Z vfio_region_write  (0000:09:00.0:region0+0x83f8, 0x0, 4)
2026-06-26T17:12:04.254293Z vfio_region_write  (0000:09:00.0:region0+0x83fc, 0x0, 4)
2026-06-26T17:12:04.254306Z vfio_region_write  (0000:09:00.0:region0+0x8400, 0x0, 4)
2026-06-26T17:12:04.254318Z vfio_region_write  (0000:09:00.0:region0+0x8404, 0x0, 4)
2026-06-26T17:12:04.254333Z vfio_region_write  (0000:09:00.0:region0+0x8408, 0x0, 4)
2026-06-26T17:12:04.254346Z vfio_region_write  (0000:09:00.0:region0+0x840c, 0x0, 4)
2026-06-26T17:12:04.254359Z vfio_region_write  (0000:09:00.0:region0+0x8410, 0x0, 4)
2026-06-26T17:12:04.254373Z vfio_region_write  (0000:09:00.0:region0+0x8414, 0x0, 4)
2026-06-26T17:12:04.254386Z vfio_region_write  (0000:09:00.0:region0+0x8418, 0x0, 4)
2026-06-26T17:12:04.254400Z vfio_region_write  (0000:09:00.0:region0+0x841c, 0x0, 4)
2026-06-26T17:12:04.254414Z vfio_region_write  (0000:09:00.0:region0+0x8420, 0x0, 4)
2026-06-26T17:12:04.254427Z vfio_region_write  (0000:09:00.0:region0+0x8424, 0x0, 4)
2026-06-26T17:12:04.254440Z vfio_region_write  (0000:09:00.0:region0+0x8428, 0x0, 4)
2026-06-26T17:12:04.254454Z vfio_region_write  (0000:09:00.0:region0+0x842c, 0x0, 4)
2026-06-26T17:12:04.254468Z vfio_region_write  (0000:09:00.0:region0+0x408, 0x1, 4)
2026-06-26T17:12:04.254702Z vfio_region_read  (0000:09:00.0:region0+0x100, 4) = 0x20000000
2026-06-26T17:12:04.254722Z vfio_region_read  (0000:09:00.0:region0+0x300, 4) = 0x0
2026-06-26T17:12:04.254741Z vfio_region_read  (0000:09:00.0:region0+0x200, 4) = 0x0
2026-06-26T17:12:04.254759Z vfio_region_read  (0000:09:00.0:region0+0x400, 4) = 0x1
2026-06-26T17:12:04.254778Z vfio_region_read  (0000:09:00.0:region0+0x500, 4) = 0xff0000
2026-06-26T17:12:04.254964Z vfio_region_read  (0000:09:00.0:region0+0x100, 4) = 0x20000000
2026-06-26T17:12:04.254984Z vfio_region_read  (0000:09:00.0:region0+0x300, 4) = 0x0
2026-06-26T17:12:04.255003Z vfio_region_read  (0000:09:00.0:region0+0x200, 4) = 0x0
2026-06-26T17:12:04.255021Z vfio_region_read  (0000:09:00.0:region0+0x400, 4) = 0x2
2026-06-26T17:12:04.255040Z vfio_region_read  (0000:09:00.0:region0+0x500, 4) = 0xff0000
2026-06-26T17:12:04.255077Z vfio_region_write  (0000:09:00.0:region0+0x408, 0x2, 4)
2026-06-26T17:12:04.255107Z vfio_region_write  (0000:09:00.0:region0+0x8020, 0x80800001, 4)
2026-06-26T17:12:04.255122Z vfio_region_write  (0000:09:00.0:region0+0x8024, 0x660400, 4)
2026-06-26T17:12:04.255135Z vfio_region_write  (0000:09:00.0:region0+0x8028, 0x0, 4)
2026-06-26T17:12:04.255149Z vfio_region_write  (0000:09:00.0:region0+0x802c, 0x0, 4)
2026-06-26T17:12:04.255163Z vfio_region_write  (0000:09:00.0:region0+0x8030, 0x8b8, 4)
2026-06-26T17:12:04.255177Z vfio_region_write  (0000:09:00.0:region0+0x8034, 0x3f8, 4)
2026-06-26T17:12:04.255190Z vfio_region_write  (0000:09:00.0:region0+0x8038, 0x0, 4)
2026-06-26T17:12:04.255203Z vfio_region_write  (0000:09:00.0:region0+0x803c, 0x0, 4)
2026-06-26T17:12:04.255216Z vfio_region_write  (0000:09:00.0:region0+0x8040, 0x0, 4)
2026-06-26T17:12:04.255229Z vfio_region_write  (0000:09:00.0:region0+0x8044, 0x0, 4)
2026-06-26T17:12:04.255242Z vfio_region_write  (0000:09:00.0:region0+0x8048, 0x0, 4)
2026-06-26T17:12:04.255256Z vfio_region_write  (0000:09:00.0:region0+0x804c, 0x0, 4)
2026-06-26T17:12:04.255270Z vfio_region_write  (0000:09:00.0:region0+0x8050, 0x0, 4)
2026-06-26T17:12:04.255283Z vfio_region_write  (0000:09:00.0:region0+0x8054, 0x0, 4)
2026-06-26T17:12:04.255297Z vfio_region_write  (0000:09:00.0:region0+0x8058, 0x0, 4)
2026-06-26T17:12:04.255310Z vfio_region_write  (0000:09:00.0:region0+0x805c, 0x0, 4)
2026-06-26T17:12:04.255324Z vfio_region_write  (0000:09:00.0:region0+0x8060, 0x0, 4)
2026-06-26T17:12:04.255338Z vfio_region_write  (0000:09:00.0:region0+0x8064, 0x0, 4)
2026-06-26T17:12:04.255351Z vfio_region_write  (0000:09:00.0:region0+0x8068, 0x0, 4)
2026-06-26T17:12:04.255365Z vfio_region_write  (0000:09:00.0:region0+0x806c, 0x0, 4)
2026-06-26T17:12:04.255378Z vfio_region_write  (0000:09:00.0:region0+0x8070, 0x0, 4)
2026-06-26T17:12:04.255391Z vfio_region_write  (0000:09:00.0:region0+0x8074, 0x0, 4)
2026-06-26T17:12:04.255404Z vfio_region_write  (0000:09:00.0:region0+0x8078, 0x0, 4)
2026-06-26T17:12:04.255417Z vfio_region_write  (0000:09:00.0:region0+0x807c, 0x0, 4)
2026-06-26T17:12:04.255430Z vfio_region_write  (0000:09:00.0:region0+0x8080, 0x0, 4)
2026-06-26T17:12:04.255442Z vfio_region_write  (0000:09:00.0:region0+0x8084, 0x0, 4)
2026-06-26T17:12:04.255456Z vfio_region_write  (0000:09:00.0:region0+0x8088, 0x0, 4)
2026-06-26T17:12:04.255469Z vfio_region_write  (0000:09:00.0:region0+0x808c, 0x0, 4)
2026-06-26T17:12:04.255482Z vfio_region_write  (0000:09:00.0:region0+0x8090, 0x0, 4)
2026-06-26T17:12:04.255497Z vfio_region_write  (0000:09:00.0:region0+0x8094, 0x0, 4)
2026-06-26T17:12:04.255510Z vfio_region_write  (0000:09:00.0:region0+0x8098, 0x0, 4)
2026-06-26T17:12:04.255524Z vfio_region_write  (0000:09:00.0:region0+0x809c, 0x0, 4)
2026-06-26T17:12:04.255537Z vfio_region_write  (0000:09:00.0:region0+0x80a0, 0x0, 4)
2026-06-26T17:12:04.255551Z vfio_region_write  (0000:09:00.0:region0+0x80a4, 0x0, 4)
2026-06-26T17:12:04.255564Z vfio_region_write  (0000:09:00.0:region0+0x80a8, 0x0, 4)
2026-06-26T17:12:04.255578Z vfio_region_write  (0000:09:00.0:region0+0x80ac, 0x0, 4)
2026-06-26T17:12:04.255591Z vfio_region_write  (0000:09:00.0:region0+0x80b0, 0x0, 4)
2026-06-26T17:12:04.255606Z vfio_region_write  (0000:09:00.0:region0+0x80b4, 0x0, 4)
2026-06-26T17:12:04.255619Z vfio_region_write  (0000:09:00.0:region0+0x80b8, 0x0, 4)
2026-06-26T17:12:04.255633Z vfio_region_write  (0000:09:00.0:region0+0x80bc, 0x0, 4)
2026-06-26T17:12:04.255646Z vfio_region_write  (0000:09:00.0:region0+0x80c0, 0x0, 4)
2026-06-26T17:12:04.255660Z vfio_region_write  (0000:09:00.0:region0+0x80c4, 0x0, 4)
2026-06-26T17:12:04.255673Z vfio_region_write  (0000:09:00.0:region0+0x80c8, 0x0, 4)
2026-06-26T17:12:04.255687Z vfio_region_write  (0000:09:00.0:region0+0x80cc, 0x0, 4)
2026-06-26T17:12:04.255700Z vfio_region_write  (0000:09:00.0:region0+0x80d0, 0x0, 4)
2026-06-26T17:12:04.255714Z vfio_region_write  (0000:09:00.0:region0+0x80d4, 0x0, 4)
2026-06-26T17:12:04.255728Z vfio_region_write  (0000:09:00.0:region0+0x80d8, 0x0, 4)
2026-06-26T17:12:04.255742Z vfio_region_write  (0000:09:00.0:region0+0x80dc, 0x0, 4)
2026-06-26T17:12:04.255755Z vfio_region_write  (0000:09:00.0:region0+0x80e0, 0x0, 4)
2026-06-26T17:12:04.255769Z vfio_region_write  (0000:09:00.0:region0+0x80e4, 0x0, 4)
2026-06-26T17:12:04.255782Z vfio_region_write  (0000:09:00.0:region0+0x80e8, 0x0, 4)
2026-06-26T17:12:04.255796Z vfio_region_write  (0000:09:00.0:region0+0x80ec, 0x0, 4)
2026-06-26T17:12:04.255809Z vfio_region_write  (0000:09:00.0:region0+0x80f0, 0x0, 4)
2026-06-26T17:12:04.255828Z vfio_region_write  (0000:09:00.0:region0+0x80f4, 0x0, 4)
2026-06-26T17:12:04.255842Z vfio_region_write  (0000:09:00.0:region0+0x80f8, 0x0, 4)
2026-06-26T17:12:04.255855Z vfio_region_write  (0000:09:00.0:region0+0x80fc, 0x0, 4)
2026-06-26T17:12:04.255868Z vfio_region_write  (0000:09:00.0:region0+0x8100, 0x0, 4)
2026-06-26T17:12:04.255881Z vfio_region_write  (0000:09:00.0:region0+0x8104, 0x0, 4)
2026-06-26T17:12:04.255894Z vfio_region_write  (0000:09:00.0:region0+0x8108, 0x0, 4)
2026-06-26T17:12:04.255908Z vfio_region_write  (0000:09:00.0:region0+0x810c, 0x0, 4)
2026-06-26T17:12:04.255930Z vfio_region_write  (0000:09:00.0:region0+0x8110, 0x0, 4)
2026-06-26T17:12:04.255943Z vfio_region_write  (0000:09:00.0:region0+0x8114, 0x0, 4)
2026-06-26T17:12:04.255956Z vfio_region_write  (0000:09:00.0:region0+0x8118, 0x0, 4)
2026-06-26T17:12:04.255969Z vfio_region_write  (0000:09:00.0:region0+0x811c, 0x0, 4)
2026-06-26T17:12:04.255983Z vfio_region_write  (0000:09:00.0:region0+0x8120, 0x0, 4)
2026-06-26T17:12:04.255996Z vfio_region_write  (0000:09:00.0:region0+0x8124, 0x0, 4)
2026-06-26T17:12:04.256010Z vfio_region_write  (0000:09:00.0:region0+0x8128, 0x0, 4)
2026-06-26T17:12:04.256023Z vfio_region_write  (0000:09:00.0:region0+0x812c, 0x0, 4)
2026-06-26T17:12:04.256037Z vfio_region_write  (0000:09:00.0:region0+0x8130, 0x0, 4)
2026-06-26T17:12:04.256050Z vfio_region_write  (0000:09:00.0:region0+0x8134, 0x0, 4)
2026-06-26T17:12:04.256064Z vfio_region_write  (0000:09:00.0:region0+0x8138, 0x0, 4)
2026-06-26T17:12:04.256077Z vfio_region_write  (0000:09:00.0:region0+0x813c, 0x0, 4)
2026-06-26T17:12:04.256091Z vfio_region_write  (0000:09:00.0:region0+0x8140, 0x0, 4)
2026-06-26T17:12:04.256104Z vfio_region_write  (0000:09:00.0:region0+0x8144, 0x0, 4)
2026-06-26T17:12:04.256116Z vfio_region_write  (0000:09:00.0:region0+0x8148, 0x0, 4)
2026-06-26T17:12:04.256130Z vfio_region_write  (0000:09:00.0:region0+0x814c, 0x0, 4)
2026-06-26T17:12:04.256145Z vfio_region_write  (0000:09:00.0:region0+0x8150, 0x0, 4)
2026-06-26T17:12:04.256158Z vfio_region_write  (0000:09:00.0:region0+0x8154, 0x0, 4)
2026-06-26T17:12:04.256171Z vfio_region_write  (0000:09:00.0:region0+0x8158, 0x0, 4)
2026-06-26T17:12:04.256184Z vfio_region_write  (0000:09:00.0:region0+0x815c, 0x0, 4)
2026-06-26T17:12:04.256196Z vfio_region_write  (0000:09:00.0:region0+0x8160, 0x0, 4)
2026-06-26T17:12:04.256209Z vfio_region_write  (0000:09:00.0:region0+0x8164, 0x0, 4)
2026-06-26T17:12:04.256223Z vfio_region_write  (0000:09:00.0:region0+0x8168, 0x0, 4)
2026-06-26T17:12:04.256237Z vfio_region_write  (0000:09:00.0:region0+0x816c, 0x0, 4)
2026-06-26T17:12:04.256250Z vfio_region_write  (0000:09:00.0:region0+0x8170, 0x0, 4)
2026-06-26T17:12:04.256264Z vfio_region_write  (0000:09:00.0:region0+0x8174, 0x0, 4)
2026-06-26T17:12:04.256278Z vfio_region_write  (0000:09:00.0:region0+0x8178, 0x0, 4)
2026-06-26T17:12:04.256291Z vfio_region_write  (0000:09:00.0:region0+0x817c, 0x0, 4)
2026-06-26T17:12:04.256305Z vfio_region_write  (0000:09:00.0:region0+0x8180, 0x0, 4)
2026-06-26T17:12:04.256318Z vfio_region_write  (0000:09:00.0:region0+0x8184, 0x0, 4)
2026-06-26T17:12:04.256332Z vfio_region_write  (0000:09:00.0:region0+0x8188, 0x0, 4)
2026-06-26T17:12:04.256346Z vfio_region_write  (0000:09:00.0:region0+0x818c, 0x0, 4)
2026-06-26T17:12:04.256360Z vfio_region_write  (0000:09:00.0:region0+0x8190, 0x0, 4)
2026-06-26T17:12:04.256373Z vfio_region_write  (0000:09:00.0:region0+0x8194, 0x0, 4)
2026-06-26T17:12:04.256386Z vfio_region_write  (0000:09:00.0:region0+0x8198, 0x0, 4)
2026-06-26T17:12:04.256399Z vfio_region_write  (0000:09:00.0:region0+0x819c, 0x0, 4)
2026-06-26T17:12:04.256413Z vfio_region_write  (0000:09:00.0:region0+0x81a0, 0x0, 4)
2026-06-26T17:12:04.256427Z vfio_region_write  (0000:09:00.0:region0+0x81a4, 0x0, 4)
2026-06-26T17:12:04.256439Z vfio_region_write  (0000:09:00.0:region0+0x81a8, 0x0, 4)
2026-06-26T17:12:04.256453Z vfio_region_write  (0000:09:00.0:region0+0x81ac, 0x0, 4)
2026-06-26T17:12:04.256467Z vfio_region_write  (0000:09:00.0:region0+0x81b0, 0x0, 4)
2026-06-26T17:12:04.256480Z vfio_region_write  (0000:09:00.0:region0+0x81b4, 0x0, 4)
2026-06-26T17:12:04.256493Z vfio_region_write  (0000:09:00.0:region0+0x81b8, 0x0, 4)
2026-06-26T17:12:04.256506Z vfio_region_write  (0000:09:00.0:region0+0x81bc, 0x0, 4)
2026-06-26T17:12:04.256520Z vfio_region_write  (0000:09:00.0:region0+0x81c0, 0x0, 4)
2026-06-26T17:12:04.256534Z vfio_region_write  (0000:09:00.0:region0+0x81c4, 0x0, 4)
2026-06-26T17:12:04.256547Z vfio_region_write  (0000:09:00.0:region0+0x81c8, 0x0, 4)
2026-06-26T17:12:04.256561Z vfio_region_write  (0000:09:00.0:region0+0x81cc, 0x0, 4)
2026-06-26T17:12:04.256574Z vfio_region_write  (0000:09:00.0:region0+0x81d0, 0x0, 4)
2026-06-26T17:12:04.256587Z vfio_region_write  (0000:09:00.0:region0+0x81d4, 0x0, 4)
2026-06-26T17:12:04.256601Z vfio_region_write  (0000:09:00.0:region0+0x81d8, 0x0, 4)
2026-06-26T17:12:04.256614Z vfio_region_write  (0000:09:00.0:region0+0x81dc, 0x0, 4)
2026-06-26T17:12:04.256628Z vfio_region_write  (0000:09:00.0:region0+0x81e0, 0x0, 4)
2026-06-26T17:12:04.256641Z vfio_region_write  (0000:09:00.0:region0+0x81e4, 0x0, 4)
2026-06-26T17:12:04.256655Z vfio_region_write  (0000:09:00.0:region0+0x81e8, 0x0, 4)
2026-06-26T17:12:04.256668Z vfio_region_write  (0000:09:00.0:region0+0x81ec, 0x0, 4)
2026-06-26T17:12:04.256682Z vfio_region_write  (0000:09:00.0:region0+0x81f0, 0x0, 4)
2026-06-26T17:12:04.256695Z vfio_region_write  (0000:09:00.0:region0+0x81f4, 0x0, 4)
2026-06-26T17:12:04.256709Z vfio_region_write  (0000:09:00.0:region0+0x81f8, 0x0, 4)
2026-06-26T17:12:04.256722Z vfio_region_write  (0000:09:00.0:region0+0x81fc, 0x0, 4)
2026-06-26T17:12:04.256735Z vfio_region_write  (0000:09:00.0:region0+0x8200, 0x0, 4)
2026-06-26T17:12:04.256749Z vfio_region_write  (0000:09:00.0:region0+0x8204, 0x0, 4)
2026-06-26T17:12:04.256762Z vfio_region_write  (0000:09:00.0:region0+0x8208, 0x0, 4)
2026-06-26T17:12:04.256774Z vfio_region_write  (0000:09:00.0:region0+0x820c, 0x0, 4)
2026-06-26T17:12:04.256787Z vfio_region_write  (0000:09:00.0:region0+0x8210, 0x0, 4)
2026-06-26T17:12:04.256800Z vfio_region_write  (0000:09:00.0:region0+0x8214, 0x0, 4)
2026-06-26T17:12:04.256813Z vfio_region_write  (0000:09:00.0:region0+0x8218, 0x0, 4)
2026-06-26T17:12:04.256831Z vfio_region_write  (0000:09:00.0:region0+0x821c, 0x0, 4)
2026-06-26T17:12:04.256844Z vfio_region_write  (0000:09:00.0:region0+0x8220, 0x0, 4)
2026-06-26T17:12:04.256857Z vfio_region_write  (0000:09:00.0:region0+0x8224, 0x0, 4)
2026-06-26T17:12:04.256869Z vfio_region_write  (0000:09:00.0:region0+0x8228, 0x0, 4)
2026-06-26T17:12:04.256882Z vfio_region_write  (0000:09:00.0:region0+0x822c, 0x0, 4)
2026-06-26T17:12:04.256895Z vfio_region_write  (0000:09:00.0:region0+0x8230, 0x0, 4)
2026-06-26T17:12:04.256908Z vfio_region_write  (0000:09:00.0:region0+0x8234, 0x0, 4)
2026-06-26T17:12:04.256928Z vfio_region_write  (0000:09:00.0:region0+0x8238, 0x0, 4)
2026-06-26T17:12:04.256942Z vfio_region_write  (0000:09:00.0:region0+0x823c, 0x0, 4)
2026-06-26T17:12:04.256955Z vfio_region_write  (0000:09:00.0:region0+0x8240, 0x0, 4)
2026-06-26T17:12:04.256968Z vfio_region_write  (0000:09:00.0:region0+0x8244, 0x0, 4)
2026-06-26T17:12:04.256981Z vfio_region_write  (0000:09:00.0:region0+0x8248, 0x0, 4)
2026-06-26T17:12:04.256994Z vfio_region_write  (0000:09:00.0:region0+0x824c, 0x0, 4)
2026-06-26T17:12:04.257006Z vfio_region_write  (0000:09:00.0:region0+0x8250, 0x0, 4)
2026-06-26T17:12:04.257020Z vfio_region_write  (0000:09:00.0:region0+0x8254, 0x0, 4)
2026-06-26T17:12:04.257033Z vfio_region_write  (0000:09:00.0:region0+0x8258, 0x0, 4)
2026-06-26T17:12:04.257046Z vfio_region_write  (0000:09:00.0:region0+0x825c, 0x0, 4)
2026-06-26T17:12:04.257058Z vfio_region_write  (0000:09:00.0:region0+0x8260, 0x0, 4)
2026-06-26T17:12:04.257071Z vfio_region_write  (0000:09:00.0:region0+0x8264, 0x0, 4)
2026-06-26T17:12:04.257084Z vfio_region_write  (0000:09:00.0:region0+0x8268, 0x0, 4)
2026-06-26T17:12:04.257097Z vfio_region_write  (0000:09:00.0:region0+0x826c, 0x0, 4)
2026-06-26T17:12:04.257110Z vfio_region_write  (0000:09:00.0:region0+0x8270, 0x0, 4)
2026-06-26T17:12:04.257123Z vfio_region_write  (0000:09:00.0:region0+0x8274, 0x0, 4)
2026-06-26T17:12:04.257136Z vfio_region_write  (0000:09:00.0:region0+0x8278, 0x0, 4)
2026-06-26T17:12:04.257149Z vfio_region_write  (0000:09:00.0:region0+0x827c, 0x0, 4)
2026-06-26T17:12:04.257162Z vfio_region_write  (0000:09:00.0:region0+0x8280, 0x0, 4)
2026-06-26T17:12:04.257175Z vfio_region_write  (0000:09:00.0:region0+0x8284, 0x0, 4)
2026-06-26T17:12:04.257189Z vfio_region_write  (0000:09:00.0:region0+0x8288, 0x0, 4)
2026-06-26T17:12:04.257202Z vfio_region_write  (0000:09:00.0:region0+0x828c, 0x0, 4)
2026-06-26T17:12:04.257215Z vfio_region_write  (0000:09:00.0:region0+0x8290, 0x0, 4)
2026-06-26T17:12:04.257228Z vfio_region_write  (0000:09:00.0:region0+0x8294, 0x0, 4)
2026-06-26T17:12:04.257241Z vfio_region_write  (0000:09:00.0:region0+0x8298, 0x0, 4)
2026-06-26T17:12:04.257254Z vfio_region_write  (0000:09:00.0:region0+0x829c, 0x0, 4)
2026-06-26T17:12:04.257268Z vfio_region_write  (0000:09:00.0:region0+0x82a0, 0x0, 4)
2026-06-26T17:12:04.257280Z vfio_region_write  (0000:09:00.0:region0+0x82a4, 0x0, 4)
2026-06-26T17:12:04.257294Z vfio_region_write  (0000:09:00.0:region0+0x82a8, 0x0, 4)
2026-06-26T17:12:04.257307Z vfio_region_write  (0000:09:00.0:region0+0x82ac, 0x0, 4)
2026-06-26T17:12:04.257320Z vfio_region_write  (0000:09:00.0:region0+0x82b0, 0x0, 4)
2026-06-26T17:12:04.257332Z vfio_region_write  (0000:09:00.0:region0+0x82b4, 0x0, 4)
2026-06-26T17:12:04.257346Z vfio_region_write  (0000:09:00.0:region0+0x82b8, 0x0, 4)
2026-06-26T17:12:04.257360Z vfio_region_write  (0000:09:00.0:region0+0x82bc, 0x0, 4)
2026-06-26T17:12:04.257374Z vfio_region_write  (0000:09:00.0:region0+0x82c0, 0x0, 4)
2026-06-26T17:12:04.257388Z vfio_region_write  (0000:09:00.0:region0+0x82c4, 0x0, 4)
2026-06-26T17:12:04.257401Z vfio_region_write  (0000:09:00.0:region0+0x82c8, 0x0, 4)
2026-06-26T17:12:04.257413Z vfio_region_write  (0000:09:00.0:region0+0x82cc, 0x0, 4)
2026-06-26T17:12:04.257426Z vfio_region_write  (0000:09:00.0:region0+0x82d0, 0x0, 4)
2026-06-26T17:12:04.257439Z vfio_region_write  (0000:09:00.0:region0+0x82d4, 0x0, 4)
2026-06-26T17:12:04.257452Z vfio_region_write  (0000:09:00.0:region0+0x82d8, 0x0, 4)
2026-06-26T17:12:04.257464Z vfio_region_write  (0000:09:00.0:region0+0x82dc, 0x0, 4)
2026-06-26T17:12:04.257478Z vfio_region_write  (0000:09:00.0:region0+0x82e0, 0x0, 4)
2026-06-26T17:12:04.257492Z vfio_region_write  (0000:09:00.0:region0+0x82e4, 0x0, 4)
2026-06-26T17:12:04.257505Z vfio_region_write  (0000:09:00.0:region0+0x82e8, 0x0, 4)
2026-06-26T17:12:04.257519Z vfio_region_write  (0000:09:00.0:region0+0x82ec, 0x0, 4)
2026-06-26T17:12:04.257532Z vfio_region_write  (0000:09:00.0:region0+0x82f0, 0x0, 4)
2026-06-26T17:12:04.257546Z vfio_region_write  (0000:09:00.0:region0+0x82f4, 0x0, 4)
2026-06-26T17:12:04.257560Z vfio_region_write  (0000:09:00.0:region0+0x82f8, 0x0, 4)
2026-06-26T17:12:04.257573Z vfio_region_write  (0000:09:00.0:region0+0x82fc, 0x0, 4)
2026-06-26T17:12:04.257586Z vfio_region_write  (0000:09:00.0:region0+0x8300, 0x0, 4)
2026-06-26T17:12:04.257600Z vfio_region_write  (0000:09:00.0:region0+0x8304, 0x0, 4)
2026-06-26T17:12:04.257613Z vfio_region_write  (0000:09:00.0:region0+0x8308, 0x0, 4)
2026-06-26T17:12:04.257626Z vfio_region_write  (0000:09:00.0:region0+0x830c, 0x0, 4)
2026-06-26T17:12:04.257640Z vfio_region_write  (0000:09:00.0:region0+0x8310, 0x0, 4)
2026-06-26T17:12:04.257653Z vfio_region_write  (0000:09:00.0:region0+0x8314, 0x0, 4)
2026-06-26T17:12:04.257667Z vfio_region_write  (0000:09:00.0:region0+0x8318, 0x0, 4)
2026-06-26T17:12:04.257681Z vfio_region_write  (0000:09:00.0:region0+0x831c, 0x0, 4)
2026-06-26T17:12:04.257694Z vfio_region_write  (0000:09:00.0:region0+0x8320, 0x0, 4)
2026-06-26T17:12:04.257707Z vfio_region_write  (0000:09:00.0:region0+0x8324, 0x0, 4)
2026-06-26T17:12:04.257721Z vfio_region_write  (0000:09:00.0:region0+0x8328, 0x0, 4)
2026-06-26T17:12:04.257735Z vfio_region_write  (0000:09:00.0:region0+0x832c, 0x0, 4)
2026-06-26T17:12:04.257749Z vfio_region_write  (0000:09:00.0:region0+0x8330, 0x0, 4)
2026-06-26T17:12:04.257762Z vfio_region_write  (0000:09:00.0:region0+0x8334, 0x0, 4)
2026-06-26T17:12:04.257776Z vfio_region_write  (0000:09:00.0:region0+0x8338, 0x0, 4)
2026-06-26T17:12:04.257789Z vfio_region_write  (0000:09:00.0:region0+0x833c, 0x0, 4)
2026-06-26T17:12:04.257803Z vfio_region_write  (0000:09:00.0:region0+0x8340, 0x0, 4)
2026-06-26T17:12:04.257817Z vfio_region_write  (0000:09:00.0:region0+0x8344, 0x0, 4)
2026-06-26T17:12:04.257836Z vfio_region_write  (0000:09:00.0:region0+0x8348, 0x0, 4)
2026-06-26T17:12:04.257848Z vfio_region_write  (0000:09:00.0:region0+0x834c, 0x0, 4)
2026-06-26T17:12:04.257862Z vfio_region_write  (0000:09:00.0:region0+0x8350, 0x0, 4)
2026-06-26T17:12:04.257876Z vfio_region_write  (0000:09:00.0:region0+0x8354, 0x0, 4)
2026-06-26T17:12:04.257889Z vfio_region_write  (0000:09:00.0:region0+0x8358, 0x0, 4)
2026-06-26T17:12:04.257902Z vfio_region_write  (0000:09:00.0:region0+0x835c, 0x0, 4)
2026-06-26T17:12:04.257917Z vfio_region_write  (0000:09:00.0:region0+0x8360, 0x0, 4)
2026-06-26T17:12:04.257938Z vfio_region_write  (0000:09:00.0:region0+0x8364, 0x0, 4)
2026-06-26T17:12:04.257952Z vfio_region_write  (0000:09:00.0:region0+0x8368, 0x0, 4)
2026-06-26T17:12:04.257965Z vfio_region_write  (0000:09:00.0:region0+0x836c, 0x0, 4)
2026-06-26T17:12:04.257978Z vfio_region_write  (0000:09:00.0:region0+0x8370, 0x0, 4)
2026-06-26T17:12:04.257991Z vfio_region_write  (0000:09:00.0:region0+0x8374, 0x0, 4)
2026-06-26T17:12:04.258004Z vfio_region_write  (0000:09:00.0:region0+0x8378, 0x0, 4)
2026-06-26T17:12:04.258017Z vfio_region_write  (0000:09:00.0:region0+0x837c, 0x0, 4)
2026-06-26T17:12:04.258030Z vfio_region_write  (0000:09:00.0:region0+0x8380, 0x0, 4)
2026-06-26T17:12:04.258045Z vfio_region_write  (0000:09:00.0:region0+0x8384, 0x0, 4)
2026-06-26T17:12:04.258057Z vfio_region_write  (0000:09:00.0:region0+0x8388, 0x0, 4)
2026-06-26T17:12:04.258070Z vfio_region_write  (0000:09:00.0:region0+0x838c, 0x0, 4)
2026-06-26T17:12:04.258083Z vfio_region_write  (0000:09:00.0:region0+0x8390, 0x0, 4)
2026-06-26T17:12:04.258096Z vfio_region_write  (0000:09:00.0:region0+0x8394, 0x0, 4)
2026-06-26T17:12:04.258109Z vfio_region_write  (0000:09:00.0:region0+0x8398, 0x0, 4)
2026-06-26T17:12:04.258121Z vfio_region_write  (0000:09:00.0:region0+0x839c, 0x0, 4)
2026-06-26T17:12:04.258135Z vfio_region_write  (0000:09:00.0:region0+0x83a0, 0x0, 4)
2026-06-26T17:12:04.258148Z vfio_region_write  (0000:09:00.0:region0+0x83a4, 0x0, 4)
2026-06-26T17:12:04.258162Z vfio_region_write  (0000:09:00.0:region0+0x83a8, 0x0, 4)
2026-06-26T17:12:04.258175Z vfio_region_write  (0000:09:00.0:region0+0x83ac, 0x0, 4)
2026-06-26T17:12:04.258188Z vfio_region_write  (0000:09:00.0:region0+0x83b0, 0x0, 4)
2026-06-26T17:12:04.258201Z vfio_region_write  (0000:09:00.0:region0+0x83b4, 0x0, 4)
2026-06-26T17:12:04.258214Z vfio_region_write  (0000:09:00.0:region0+0x83b8, 0x0, 4)
2026-06-26T17:12:04.258227Z vfio_region_write  (0000:09:00.0:region0+0x83bc, 0x0, 4)
2026-06-26T17:12:04.258241Z vfio_region_write  (0000:09:00.0:region0+0x83c0, 0x0, 4)
2026-06-26T17:12:04.258254Z vfio_region_write  (0000:09:00.0:region0+0x83c4, 0x0, 4)
2026-06-26T17:12:04.258267Z vfio_region_write  (0000:09:00.0:region0+0x83c8, 0x0, 4)
2026-06-26T17:12:04.258281Z vfio_region_write  (0000:09:00.0:region0+0x83cc, 0x0, 4)
2026-06-26T17:12:04.258294Z vfio_region_write  (0000:09:00.0:region0+0x83d0, 0x0, 4)
2026-06-26T17:12:04.258308Z vfio_region_write  (0000:09:00.0:region0+0x83d4, 0x0, 4)
2026-06-26T17:12:04.258322Z vfio_region_write  (0000:09:00.0:region0+0x83d8, 0x0, 4)
2026-06-26T17:12:04.258336Z vfio_region_write  (0000:09:00.0:region0+0x83dc, 0x0, 4)
2026-06-26T17:12:04.258349Z vfio_region_write  (0000:09:00.0:region0+0x83e0, 0x0, 4)
2026-06-26T17:12:04.258363Z vfio_region_write  (0000:09:00.0:region0+0x83e4, 0x0, 4)
2026-06-26T17:12:04.258377Z vfio_region_write  (0000:09:00.0:region0+0x83e8, 0x0, 4)
2026-06-26T17:12:04.258391Z vfio_region_write  (0000:09:00.0:region0+0x83ec, 0x0, 4)
2026-06-26T17:12:04.258404Z vfio_region_write  (0000:09:00.0:region0+0x83f0, 0x0, 4)
2026-06-26T17:12:04.258418Z vfio_region_write  (0000:09:00.0:region0+0x83f4, 0x0, 4)
2026-06-26T17:12:04.258432Z vfio_region_write  (0000:09:00.0:region0+0x83f8, 0x0, 4)
2026-06-26T17:12:04.258446Z vfio_region_write  (0000:09:00.0:region0+0x83fc, 0x0, 4)
2026-06-26T17:12:04.258459Z vfio_region_write  (0000:09:00.0:region0+0x8400, 0x0, 4)
2026-06-26T17:12:04.258473Z vfio_region_write  (0000:09:00.0:region0+0x8404, 0x0, 4)
2026-06-26T17:12:04.258487Z vfio_region_write  (0000:09:00.0:region0+0x8408, 0x0, 4)
2026-06-26T17:12:04.258501Z vfio_region_write  (0000:09:00.0:region0+0x840c, 0x0, 4)
2026-06-26T17:12:04.258514Z vfio_region_write  (0000:09:00.0:region0+0x8410, 0x0, 4)
2026-06-26T17:12:04.258528Z vfio_region_write  (0000:09:00.0:region0+0x8414, 0x0, 4)
2026-06-26T17:12:04.258542Z vfio_region_write  (0000:09:00.0:region0+0x8418, 0x0, 4)
2026-06-26T17:12:04.258556Z vfio_region_write  (0000:09:00.0:region0+0x841c, 0x0, 4)
2026-06-26T17:12:04.258569Z vfio_region_write  (0000:09:00.0:region0+0x8420, 0x0, 4)
2026-06-26T17:12:04.258583Z vfio_region_write  (0000:09:00.0:region0+0x8424, 0x0, 4)
2026-06-26T17:12:04.258596Z vfio_region_write  (0000:09:00.0:region0+0x8428, 0x0, 4)
2026-06-26T17:12:04.258610Z vfio_region_write  (0000:09:00.0:region0+0x842c, 0x0, 4)
2026-06-26T17:12:04.258624Z vfio_region_write  (0000:09:00.0:region0+0x408, 0x1, 4)
2026-06-26T17:12:04.258858Z vfio_region_read  (0000:09:00.0:region0+0x100, 4) = 0x20000000
2026-06-26T17:12:04.258878Z vfio_region_read  (0000:09:00.0:region0+0x300, 4) = 0x0
2026-06-26T17:12:04.258897Z vfio_region_read  (0000:09:00.0:region0+0x200, 4) = 0x0
2026-06-26T17:12:04.258916Z vfio_region_read  (0000:09:00.0:region0+0x400, 4) = 0x1
2026-06-26T17:12:04.258942Z vfio_region_read  (0000:09:00.0:region0+0x500, 4) = 0xff0000
2026-06-26T17:12:04.259122Z vfio_region_read  (0000:09:00.0:region0+0x100, 4) = 0x20000000
2026-06-26T17:12:04.259142Z vfio_region_read  (0000:09:00.0:region0+0x300, 4) = 0x0
2026-06-26T17:12:04.259160Z vfio_region_read  (0000:09:00.0:region0+0x200, 4) = 0x0
2026-06-26T17:12:04.259178Z vfio_region_read  (0000:09:00.0:region0+0x400, 4) = 0x2
2026-06-26T17:12:04.259197Z vfio_region_read  (0000:09:00.0:region0+0x500, 4) = 0xff0000
2026-06-26T17:12:04.259299Z vfio_region_write  (0000:09:00.0:region0+0x408, 0x2, 4)
2026-06-26T17:12:04.259330Z vfio_region_write  (0000:09:00.0:region0+0x8020, 0x80800001, 4)
2026-06-26T17:12:04.259344Z vfio_region_write  (0000:09:00.0:region0+0x8024, 0x670400, 4)
2026-06-26T17:12:04.259358Z vfio_region_write  (0000:09:00.0:region0+0x8028, 0x0, 4)
2026-06-26T17:12:04.259371Z vfio_region_write  (0000:09:00.0:region0+0x802c, 0x0, 4)
2026-06-26T17:12:04.259384Z vfio_region_write  (0000:09:00.0:region0+0x8030, 0xcb0, 4)
2026-06-26T17:12:04.259397Z vfio_region_write  (0000:09:00.0:region0+0x8034, 0x3f8, 4)
2026-06-26T17:12:04.259411Z vfio_region_write  (0000:09:00.0:region0+0x8038, 0x0, 4)
2026-06-26T17:12:04.259425Z vfio_region_write  (0000:09:00.0:region0+0x803c, 0x0, 4)
2026-06-26T17:12:04.259439Z vfio_region_write  (0000:09:00.0:region0+0x8040, 0x0, 4)
2026-06-26T17:12:04.259453Z vfio_region_write  (0000:09:00.0:region0+0x8044, 0x0, 4)
2026-06-26T17:12:04.259467Z vfio_region_write  (0000:09:00.0:region0+0x8048, 0x0, 4)
2026-06-26T17:12:04.259481Z vfio_region_write  (0000:09:00.0:region0+0x804c, 0x0, 4)
2026-06-26T17:12:04.259494Z vfio_region_write  (0000:09:00.0:region0+0x8050, 0x0, 4)
2026-06-26T17:12:04.259508Z vfio_region_write  (0000:09:00.0:region0+0x8054, 0x0, 4)
2026-06-26T17:12:04.259522Z vfio_region_write  (0000:09:00.0:region0+0x8058, 0x0, 4)
2026-06-26T17:12:04.259535Z vfio_region_write  (0000:09:00.0:region0+0x805c, 0x0, 4)
2026-06-26T17:12:04.259548Z vfio_region_write  (0000:09:00.0:region0+0x8060, 0x0, 4)
2026-06-26T17:12:04.259560Z vfio_region_write  (0000:09:00.0:region0+0x8064, 0x0, 4)
2026-06-26T17:12:04.259573Z vfio_region_write  (0000:09:00.0:region0+0x8068, 0x0, 4)
2026-06-26T17:12:04.259587Z vfio_region_write  (0000:09:00.0:region0+0x806c, 0x0, 4)
2026-06-26T17:12:04.259601Z vfio_region_write  (0000:09:00.0:region0+0x8070, 0x0, 4)
2026-06-26T17:12:04.259614Z vfio_region_write  (0000:09:00.0:region0+0x8074, 0x0, 4)
2026-06-26T17:12:04.259627Z vfio_region_write  (0000:09:00.0:region0+0x8078, 0x0, 4)
2026-06-26T17:12:04.259640Z vfio_region_write  (0000:09:00.0:region0+0x807c, 0x0, 4)
2026-06-26T17:12:04.259653Z vfio_region_write  (0000:09:00.0:region0+0x8080, 0x0, 4)
2026-06-26T17:12:04.259666Z vfio_region_write  (0000:09:00.0:region0+0x8084, 0x0, 4)
2026-06-26T17:12:04.259679Z vfio_region_write  (0000:09:00.0:region0+0x8088, 0x0, 4)
2026-06-26T17:12:04.259692Z vfio_region_write  (0000:09:00.0:region0+0x808c, 0x0, 4)
2026-06-26T17:12:04.259705Z vfio_region_write  (0000:09:00.0:region0+0x8090, 0x0, 4)
2026-06-26T17:12:04.259719Z vfio_region_write  (0000:09:00.0:region0+0x8094, 0x0, 4)
2026-06-26T17:12:04.259733Z vfio_region_write  (0000:09:00.0:region0+0x8098, 0x0, 4)
2026-06-26T17:12:04.259746Z vfio_region_write  (0000:09:00.0:region0+0x809c, 0x0, 4)
2026-06-26T17:12:04.259759Z vfio_region_write  (0000:09:00.0:region0+0x80a0, 0x0, 4)
2026-06-26T17:12:04.259773Z vfio_region_write  (0000:09:00.0:region0+0x80a4, 0x0, 4)
2026-06-26T17:12:04.259786Z vfio_region_write  (0000:09:00.0:region0+0x80a8, 0x0, 4)
2026-06-26T17:12:04.259800Z vfio_region_write  (0000:09:00.0:region0+0x80ac, 0x0, 4)
2026-06-26T17:12:04.259814Z vfio_region_write  (0000:09:00.0:region0+0x80b0, 0x0, 4)
2026-06-26T17:12:04.259834Z vfio_region_write  (0000:09:00.0:region0+0x80b4, 0x0, 4)
2026-06-26T17:12:04.259848Z vfio_region_write  (0000:09:00.0:region0+0x80b8, 0x0, 4)
2026-06-26T17:12:04.259862Z vfio_region_write  (0000:09:00.0:region0+0x80bc, 0x0, 4)
2026-06-26T17:12:04.259875Z vfio_region_write  (0000:09:00.0:region0+0x80c0, 0x0, 4)
2026-06-26T17:12:04.259889Z vfio_region_write  (0000:09:00.0:region0+0x80c4, 0x0, 4)
2026-06-26T17:12:04.259901Z vfio_region_write  (0000:09:00.0:region0+0x80c8, 0x0, 4)
2026-06-26T17:12:04.259916Z vfio_region_write  (0000:09:00.0:region0+0x80cc, 0x0, 4)
2026-06-26T17:12:04.259936Z vfio_region_write  (0000:09:00.0:region0+0x80d0, 0x0, 4)
2026-06-26T17:12:04.259950Z vfio_region_write  (0000:09:00.0:region0+0x80d4, 0x0, 4)
2026-06-26T17:12:04.259963Z vfio_region_write  (0000:09:00.0:region0+0x80d8, 0x0, 4)
2026-06-26T17:12:04.259976Z vfio_region_write  (0000:09:00.0:region0+0x80dc, 0x0, 4)
2026-06-26T17:12:04.259989Z vfio_region_write  (0000:09:00.0:region0+0x80e0, 0x0, 4)
2026-06-26T17:12:04.260002Z vfio_region_write  (0000:09:00.0:region0+0x80e4, 0x0, 4)
2026-06-26T17:12:04.260014Z vfio_region_write  (0000:09:00.0:region0+0x80e8, 0x0, 4)
2026-06-26T17:12:04.260028Z vfio_region_write  (0000:09:00.0:region0+0x80ec, 0x0, 4)
2026-06-26T17:12:04.260041Z vfio_region_write  (0000:09:00.0:region0+0x80f0, 0x0, 4)
2026-06-26T17:12:04.260054Z vfio_region_write  (0000:09:00.0:region0+0x80f4, 0x0, 4)
2026-06-26T17:12:04.260066Z vfio_region_write  (0000:09:00.0:region0+0x80f8, 0x0, 4)
2026-06-26T17:12:04.260079Z vfio_region_write  (0000:09:00.0:region0+0x80fc, 0x0, 4)
2026-06-26T17:12:04.260092Z vfio_region_write  (0000:09:00.0:region0+0x8100, 0x0, 4)
2026-06-26T17:12:04.260105Z vfio_region_write  (0000:09:00.0:region0+0x8104, 0x0, 4)
2026-06-26T17:12:04.260118Z vfio_region_write  (0000:09:00.0:region0+0x8108, 0x0, 4)
2026-06-26T17:12:04.260131Z vfio_region_write  (0000:09:00.0:region0+0x810c, 0x0, 4)
2026-06-26T17:12:04.260144Z vfio_region_write  (0000:09:00.0:region0+0x8110, 0x0, 4)
2026-06-26T17:12:04.260156Z vfio_region_write  (0000:09:00.0:region0+0x8114, 0x0, 4)
2026-06-26T17:12:04.260169Z vfio_region_write  (0000:09:00.0:region0+0x8118, 0x0, 4)
2026-06-26T17:12:04.260183Z vfio_region_write  (0000:09:00.0:region0+0x811c, 0x0, 4)
2026-06-26T17:12:04.260196Z vfio_region_write  (0000:09:00.0:region0+0x8120, 0x0, 4)
2026-06-26T17:12:04.260209Z vfio_region_write  (0000:09:00.0:region0+0x8124, 0x0, 4)
2026-06-26T17:12:04.260222Z vfio_region_write  (0000:09:00.0:region0+0x8128, 0x0, 4)
2026-06-26T17:12:04.260235Z vfio_region_write  (0000:09:00.0:region0+0x812c, 0x0, 4)
2026-06-26T17:12:04.260248Z vfio_region_write  (0000:09:00.0:region0+0x8130, 0x0, 4)
2026-06-26T17:12:04.260261Z vfio_region_write  (0000:09:00.0:region0+0x8134, 0x0, 4)
2026-06-26T17:12:04.260274Z vfio_region_write  (0000:09:00.0:region0+0x8138, 0x0, 4)
2026-06-26T17:12:04.260288Z vfio_region_write  (0000:09:00.0:region0+0x813c, 0x0, 4)
2026-06-26T17:12:04.260301Z vfio_region_write  (0000:09:00.0:region0+0x8140, 0x0, 4)
2026-06-26T17:12:04.260314Z vfio_region_write  (0000:09:00.0:region0+0x8144, 0x0, 4)
2026-06-26T17:12:04.260327Z vfio_region_write  (0000:09:00.0:region0+0x8148, 0x0, 4)
2026-06-26T17:12:04.260341Z vfio_region_write  (0000:09:00.0:region0+0x814c, 0x0, 4)
2026-06-26T17:12:04.260354Z vfio_region_write  (0000:09:00.0:region0+0x8150, 0x0, 4)
2026-06-26T17:12:04.260367Z vfio_region_write  (0000:09:00.0:region0+0x8154, 0x0, 4)
2026-06-26T17:12:04.260380Z vfio_region_write  (0000:09:00.0:region0+0x8158, 0x0, 4)
2026-06-26T17:12:04.260394Z vfio_region_write  (0000:09:00.0:region0+0x815c, 0x0, 4)
2026-06-26T17:12:04.260407Z vfio_region_write  (0000:09:00.0:region0+0x8160, 0x0, 4)
2026-06-26T17:12:04.260421Z vfio_region_write  (0000:09:00.0:region0+0x8164, 0x0, 4)
2026-06-26T17:12:04.260433Z vfio_region_write  (0000:09:00.0:region0+0x8168, 0x0, 4)
2026-06-26T17:12:04.260447Z vfio_region_write  (0000:09:00.0:region0+0x816c, 0x0, 4)
2026-06-26T17:12:04.260460Z vfio_region_write  (0000:09:00.0:region0+0x8170, 0x0, 4)
2026-06-26T17:12:04.260473Z vfio_region_write  (0000:09:00.0:region0+0x8174, 0x0, 4)
2026-06-26T17:12:04.260486Z vfio_region_write  (0000:09:00.0:region0+0x8178, 0x0, 4)
2026-06-26T17:12:04.260499Z vfio_region_write  (0000:09:00.0:region0+0x817c, 0x0, 4)
2026-06-26T17:12:04.260512Z vfio_region_write  (0000:09:00.0:region0+0x8180, 0x0, 4)
2026-06-26T17:12:04.260525Z vfio_region_write  (0000:09:00.0:region0+0x8184, 0x0, 4)
2026-06-26T17:12:04.260538Z vfio_region_write  (0000:09:00.0:region0+0x8188, 0x0, 4)
2026-06-26T17:12:04.260552Z vfio_region_write  (0000:09:00.0:region0+0x818c, 0x0, 4)
2026-06-26T17:12:04.260565Z vfio_region_write  (0000:09:00.0:region0+0x8190, 0x0, 4)
2026-06-26T17:12:04.260579Z vfio_region_write  (0000:09:00.0:region0+0x8194, 0x0, 4)
2026-06-26T17:12:04.260592Z vfio_region_write  (0000:09:00.0:region0+0x8198, 0x0, 4)
2026-06-26T17:12:04.260606Z vfio_region_write  (0000:09:00.0:region0+0x819c, 0x0, 4)
2026-06-26T17:12:04.260619Z vfio_region_write  (0000:09:00.0:region0+0x81a0, 0x0, 4)
2026-06-26T17:12:04.260632Z vfio_region_write  (0000:09:00.0:region0+0x81a4, 0x0, 4)
2026-06-26T17:12:04.260647Z vfio_region_write  (0000:09:00.0:region0+0x81a8, 0x0, 4)
2026-06-26T17:12:04.260660Z vfio_region_write  (0000:09:00.0:region0+0x81ac, 0x0, 4)
2026-06-26T17:12:04.260674Z vfio_region_write  (0000:09:00.0:region0+0x81b0, 0x0, 4)
2026-06-26T17:12:04.260687Z vfio_region_write  (0000:09:00.0:region0+0x81b4, 0x0, 4)
2026-06-26T17:12:04.260701Z vfio_region_write  (0000:09:00.0:region0+0x81b8, 0x0, 4)
2026-06-26T17:12:04.260714Z vfio_region_write  (0000:09:00.0:region0+0x81bc, 0x0, 4)
2026-06-26T17:12:04.260728Z vfio_region_write  (0000:09:00.0:region0+0x81c0, 0x0, 4)
2026-06-26T17:12:04.260741Z vfio_region_write  (0000:09:00.0:region0+0x81c4, 0x0, 4)
2026-06-26T17:12:04.260755Z vfio_region_write  (0000:09:00.0:region0+0x81c8, 0x0, 4)
2026-06-26T17:12:04.260768Z vfio_region_write  (0000:09:00.0:region0+0x81cc, 0x0, 4)
2026-06-26T17:12:04.260782Z vfio_region_write  (0000:09:00.0:region0+0x81d0, 0x0, 4)
2026-06-26T17:12:04.260795Z vfio_region_write  (0000:09:00.0:region0+0x81d4, 0x0, 4)
2026-06-26T17:12:04.260809Z vfio_region_write  (0000:09:00.0:region0+0x81d8, 0x0, 4)
2026-06-26T17:12:04.260827Z vfio_region_write  (0000:09:00.0:region0+0x81dc, 0x0, 4)
2026-06-26T17:12:04.260841Z vfio_region_write  (0000:09:00.0:region0+0x81e0, 0x0, 4)
2026-06-26T17:12:04.260854Z vfio_region_write  (0000:09:00.0:region0+0x81e4, 0x0, 4)
2026-06-26T17:12:04.260867Z vfio_region_write  (0000:09:00.0:region0+0x81e8, 0x0, 4)
2026-06-26T17:12:04.260880Z vfio_region_write  (0000:09:00.0:region0+0x81ec, 0x0, 4)
2026-06-26T17:12:04.260894Z vfio_region_write  (0000:09:00.0:region0+0x81f0, 0x0, 4)
2026-06-26T17:12:04.260907Z vfio_region_write  (0000:09:00.0:region0+0x81f4, 0x0, 4)
2026-06-26T17:12:04.260928Z vfio_region_write  (0000:09:00.0:region0+0x81f8, 0x0, 4)
2026-06-26T17:12:04.260942Z vfio_region_write  (0000:09:00.0:region0+0x81fc, 0x0, 4)
2026-06-26T17:12:04.260955Z vfio_region_write  (0000:09:00.0:region0+0x8200, 0x0, 4)
2026-06-26T17:12:04.260968Z vfio_region_write  (0000:09:00.0:region0+0x8204, 0x0, 4)
2026-06-26T17:12:04.260982Z vfio_region_write  (0000:09:00.0:region0+0x8208, 0x0, 4)
2026-06-26T17:12:04.260996Z vfio_region_write  (0000:09:00.0:region0+0x820c, 0x0, 4)
2026-06-26T17:12:04.261010Z vfio_region_write  (0000:09:00.0:region0+0x8210, 0x0, 4)
2026-06-26T17:12:04.261024Z vfio_region_write  (0000:09:00.0:region0+0x8214, 0x0, 4)
2026-06-26T17:12:04.261037Z vfio_region_write  (0000:09:00.0:region0+0x8218, 0x0, 4)
2026-06-26T17:12:04.261051Z vfio_region_write  (0000:09:00.0:region0+0x821c, 0x0, 4)
2026-06-26T17:12:04.261065Z vfio_region_write  (0000:09:00.0:region0+0x8220, 0x0, 4)
2026-06-26T17:12:04.261078Z vfio_region_write  (0000:09:00.0:region0+0x8224, 0x0, 4)
2026-06-26T17:12:04.261092Z vfio_region_write  (0000:09:00.0:region0+0x8228, 0x0, 4)
2026-06-26T17:12:04.261105Z vfio_region_write  (0000:09:00.0:region0+0x822c, 0x0, 4)
2026-06-26T17:12:04.261119Z vfio_region_write  (0000:09:00.0:region0+0x8230, 0x0, 4)
2026-06-26T17:12:04.261132Z vfio_region_write  (0000:09:00.0:region0+0x8234, 0x0, 4)
2026-06-26T17:12:04.261146Z vfio_region_write  (0000:09:00.0:region0+0x8238, 0x0, 4)
2026-06-26T17:12:04.261160Z vfio_region_write  (0000:09:00.0:region0+0x823c, 0x0, 4)
2026-06-26T17:12:04.261173Z vfio_region_write  (0000:09:00.0:region0+0x8240, 0x0, 4)
2026-06-26T17:12:04.261186Z vfio_region_write  (0000:09:00.0:region0+0x8244, 0x0, 4)
2026-06-26T17:12:04.261200Z vfio_region_write  (0000:09:00.0:region0+0x8248, 0x0, 4)
2026-06-26T17:12:04.261212Z vfio_region_write  (0000:09:00.0:region0+0x824c, 0x0, 4)
2026-06-26T17:12:04.261224Z vfio_region_write  (0000:09:00.0:region0+0x8250, 0x0, 4)
2026-06-26T17:12:04.261237Z vfio_region_write  (0000:09:00.0:region0+0x8254, 0x0, 4)
2026-06-26T17:12:04.261250Z vfio_region_write  (0000:09:00.0:region0+0x8258, 0x0, 4)
2026-06-26T17:12:04.261263Z vfio_region_write  (0000:09:00.0:region0+0x825c, 0x0, 4)
2026-06-26T17:12:04.261277Z vfio_region_write  (0000:09:00.0:region0+0x8260, 0x0, 4)
2026-06-26T17:12:04.261290Z vfio_region_write  (0000:09:00.0:region0+0x8264, 0x0, 4)
2026-06-26T17:12:04.261303Z vfio_region_write  (0000:09:00.0:region0+0x8268, 0x0, 4)
2026-06-26T17:12:04.261317Z vfio_region_write  (0000:09:00.0:region0+0x826c, 0x0, 4)
2026-06-26T17:12:04.261330Z vfio_region_write  (0000:09:00.0:region0+0x8270, 0x0, 4)
2026-06-26T17:12:04.261343Z vfio_region_write  (0000:09:00.0:region0+0x8274, 0x0, 4)
2026-06-26T17:12:04.261356Z vfio_region_write  (0000:09:00.0:region0+0x8278, 0x0, 4)
2026-06-26T17:12:04.261372Z vfio_region_write  (0000:09:00.0:region0+0x827c, 0x0, 4)
2026-06-26T17:12:04.261388Z vfio_region_write  (0000:09:00.0:region0+0x8280, 0x0, 4)
2026-06-26T17:12:04.261402Z vfio_region_write  (0000:09:00.0:region0+0x8284, 0x0, 4)
2026-06-26T17:12:04.261417Z vfio_region_write  (0000:09:00.0:region0+0x8288, 0x0, 4)
2026-06-26T17:12:04.261433Z vfio_region_write  (0000:09:00.0:region0+0x828c, 0x0, 4)
2026-06-26T17:12:04.261450Z vfio_region_write  (0000:09:00.0:region0+0x8290, 0x0, 4)
2026-06-26T17:12:04.261465Z vfio_region_write  (0000:09:00.0:region0+0x8294, 0x0, 4)
2026-06-26T17:12:04.261482Z vfio_region_write  (0000:09:00.0:region0+0x8298, 0x0, 4)
2026-06-26T17:12:04.261497Z vfio_region_write  (0000:09:00.0:region0+0x829c, 0x0, 4)
2026-06-26T17:12:04.261511Z vfio_region_write  (0000:09:00.0:region0+0x82a0, 0x0, 4)
2026-06-26T17:12:04.261527Z vfio_region_write  (0000:09:00.0:region0+0x82a4, 0x0, 4)
2026-06-26T17:12:04.261543Z vfio_region_write  (0000:09:00.0:region0+0x82a8, 0x0, 4)
2026-06-26T17:12:04.261556Z vfio_region_write  (0000:09:00.0:region0+0x82ac, 0x0, 4)
2026-06-26T17:12:04.261570Z vfio_region_write  (0000:09:00.0:region0+0x82b0, 0x0, 4)
2026-06-26T17:12:04.261584Z vfio_region_write  (0000:09:00.0:region0+0x82b4, 0x0, 4)
2026-06-26T17:12:04.261599Z vfio_region_write  (0000:09:00.0:region0+0x82b8, 0x0, 4)
2026-06-26T17:12:04.261615Z vfio_region_write  (0000:09:00.0:region0+0x82bc, 0x0, 4)
2026-06-26T17:12:04.261629Z vfio_region_write  (0000:09:00.0:region0+0x82c0, 0x0, 4)
2026-06-26T17:12:04.261645Z vfio_region_write  (0000:09:00.0:region0+0x82c4, 0x0, 4)
2026-06-26T17:12:04.261660Z vfio_region_write  (0000:09:00.0:region0+0x82c8, 0x0, 4)
2026-06-26T17:12:04.261674Z vfio_region_write  (0000:09:00.0:region0+0x82cc, 0x0, 4)
2026-06-26T17:12:04.261689Z vfio_region_write  (0000:09:00.0:region0+0x82d0, 0x0, 4)
2026-06-26T17:12:04.261703Z vfio_region_write  (0000:09:00.0:region0+0x82d4, 0x0, 4)
2026-06-26T17:12:04.261715Z vfio_region_write  (0000:09:00.0:region0+0x82d8, 0x0, 4)
2026-06-26T17:12:04.261728Z vfio_region_write  (0000:09:00.0:region0+0x82dc, 0x0, 4)
2026-06-26T17:12:04.261740Z vfio_region_write  (0000:09:00.0:region0+0x82e0, 0x0, 4)
2026-06-26T17:12:04.261755Z vfio_region_write  (0000:09:00.0:region0+0x82e4, 0x0, 4)
2026-06-26T17:12:04.261767Z vfio_region_write  (0000:09:00.0:region0+0x82e8, 0x0, 4)
2026-06-26T17:12:04.261779Z vfio_region_write  (0000:09:00.0:region0+0x82ec, 0x0, 4)
2026-06-26T17:12:04.261794Z vfio_region_write  (0000:09:00.0:region0+0x82f0, 0x0, 4)
2026-06-26T17:12:04.261806Z vfio_region_write  (0000:09:00.0:region0+0x82f4, 0x0, 4)
2026-06-26T17:12:04.261819Z vfio_region_write  (0000:09:00.0:region0+0x82f8, 0x0, 4)
2026-06-26T17:12:04.261840Z vfio_region_write  (0000:09:00.0:region0+0x82fc, 0x0, 4)
2026-06-26T17:12:04.261852Z vfio_region_write  (0000:09:00.0:region0+0x8300, 0x0, 4)
2026-06-26T17:12:04.261865Z vfio_region_write  (0000:09:00.0:region0+0x8304, 0x0, 4)
2026-06-26T17:12:04.261879Z vfio_region_write  (0000:09:00.0:region0+0x8308, 0x0, 4)
2026-06-26T17:12:04.261892Z vfio_region_write  (0000:09:00.0:region0+0x830c, 0x0, 4)
2026-06-26T17:12:04.261904Z vfio_region_write  (0000:09:00.0:region0+0x8310, 0x0, 4)
2026-06-26T17:12:04.261918Z vfio_region_write  (0000:09:00.0:region0+0x8314, 0x0, 4)
2026-06-26T17:12:04.261939Z vfio_region_write  (0000:09:00.0:region0+0x8318, 0x0, 4)
2026-06-26T17:12:04.261953Z vfio_region_write  (0000:09:00.0:region0+0x831c, 0x0, 4)
2026-06-26T17:12:04.261966Z vfio_region_write  (0000:09:00.0:region0+0x8320, 0x0, 4)
2026-06-26T17:12:04.261980Z vfio_region_write  (0000:09:00.0:region0+0x8324, 0x0, 4)
2026-06-26T17:12:04.261993Z vfio_region_write  (0000:09:00.0:region0+0x8328, 0x0, 4)
2026-06-26T17:12:04.262005Z vfio_region_write  (0000:09:00.0:region0+0x832c, 0x0, 4)
2026-06-26T17:12:04.262017Z vfio_region_write  (0000:09:00.0:region0+0x8330, 0x0, 4)
2026-06-26T17:12:04.262032Z vfio_region_write  (0000:09:00.0:region0+0x8334, 0x0, 4)
2026-06-26T17:12:04.262044Z vfio_region_write  (0000:09:00.0:region0+0x8338, 0x0, 4)
2026-06-26T17:12:04.262056Z vfio_region_write  (0000:09:00.0:region0+0x833c, 0x0, 4)
2026-06-26T17:12:04.262069Z vfio_region_write  (0000:09:00.0:region0+0x8340, 0x0, 4)
2026-06-26T17:12:04.262083Z vfio_region_write  (0000:09:00.0:region0+0x8344, 0x0, 4)
2026-06-26T17:12:04.262096Z vfio_region_write  (0000:09:00.0:region0+0x8348, 0x0, 4)
2026-06-26T17:12:04.262108Z vfio_region_write  (0000:09:00.0:region0+0x834c, 0x0, 4)
2026-06-26T17:12:04.262120Z vfio_region_write  (0000:09:00.0:region0+0x8350, 0x0, 4)
2026-06-26T17:12:04.262135Z vfio_region_write  (0000:09:00.0:region0+0x8354, 0x0, 4)
2026-06-26T17:12:04.262147Z vfio_region_write  (0000:09:00.0:region0+0x8358, 0x0, 4)
2026-06-26T17:12:04.262159Z vfio_region_write  (0000:09:00.0:region0+0x835c, 0x0, 4)
2026-06-26T17:12:04.262172Z vfio_region_write  (0000:09:00.0:region0+0x8360, 0x0, 4)
2026-06-26T17:12:04.262186Z vfio_region_write  (0000:09:00.0:region0+0x8364, 0x0, 4)
2026-06-26T17:12:04.262198Z vfio_region_write  (0000:09:00.0:region0+0x8368, 0x0, 4)
2026-06-26T17:12:04.262211Z vfio_region_write  (0000:09:00.0:region0+0x836c, 0x0, 4)
2026-06-26T17:12:04.262223Z vfio_region_write  (0000:09:00.0:region0+0x8370, 0x0, 4)
2026-06-26T17:12:04.262238Z vfio_region_write  (0000:09:00.0:region0+0x8374, 0x0, 4)
2026-06-26T17:12:04.262250Z vfio_region_write  (0000:09:00.0:region0+0x8378, 0x0, 4)
2026-06-26T17:12:04.262263Z vfio_region_write  (0000:09:00.0:region0+0x837c, 0x0, 4)
2026-06-26T17:12:04.262275Z vfio_region_write  (0000:09:00.0:region0+0x8380, 0x0, 4)
2026-06-26T17:12:04.262289Z vfio_region_write  (0000:09:00.0:region0+0x8384, 0x0, 4)
2026-06-26T17:12:04.262302Z vfio_region_write  (0000:09:00.0:region0+0x8388, 0x0, 4)
2026-06-26T17:12:04.262314Z vfio_region_write  (0000:09:00.0:region0+0x838c, 0x0, 4)
2026-06-26T17:12:04.262329Z vfio_region_write  (0000:09:00.0:region0+0x8390, 0x0, 4)
2026-06-26T17:12:04.262341Z vfio_region_write  (0000:09:00.0:region0+0x8394, 0x0, 4)
2026-06-26T17:12:04.262354Z vfio_region_write  (0000:09:00.0:region0+0x8398, 0x0, 4)
2026-06-26T17:12:04.262367Z vfio_region_write  (0000:09:00.0:region0+0x839c, 0x0, 4)
2026-06-26T17:12:04.262379Z vfio_region_write  (0000:09:00.0:region0+0x83a0, 0x0, 4)
2026-06-26T17:12:04.262392Z vfio_region_write  (0000:09:00.0:region0+0x83a4, 0x0, 4)
2026-06-26T17:12:04.262404Z vfio_region_write  (0000:09:00.0:region0+0x83a8, 0x0, 4)
2026-06-26T17:12:04.262417Z vfio_region_write  (0000:09:00.0:region0+0x83ac, 0x0, 4)
2026-06-26T17:12:04.262429Z vfio_region_write  (0000:09:00.0:region0+0x83b0, 0x0, 4)
2026-06-26T17:12:04.262442Z vfio_region_write  (0000:09:00.0:region0+0x83b4, 0x0, 4)
2026-06-26T17:12:04.262454Z vfio_region_write  (0000:09:00.0:region0+0x83b8, 0x0, 4)
2026-06-26T17:12:04.262468Z vfio_region_write  (0000:09:00.0:region0+0x83bc, 0x0, 4)
2026-06-26T17:12:04.262481Z vfio_region_write  (0000:09:00.0:region0+0x83c0, 0x0, 4)
2026-06-26T17:12:04.262493Z vfio_region_write  (0000:09:00.0:region0+0x83c4, 0x0, 4)
2026-06-26T17:12:04.262505Z vfio_region_write  (0000:09:00.0:region0+0x83c8, 0x0, 4)
2026-06-26T17:12:04.262517Z vfio_region_write  (0000:09:00.0:region0+0x83cc, 0x0, 4)
2026-06-26T17:12:04.262530Z vfio_region_write  (0000:09:00.0:region0+0x83d0, 0x0, 4)
2026-06-26T17:12:04.262542Z vfio_region_write  (0000:09:00.0:region0+0x83d4, 0x0, 4)
2026-06-26T17:12:04.262554Z vfio_region_write  (0000:09:00.0:region0+0x83d8, 0x0, 4)
2026-06-26T17:12:04.262569Z vfio_region_write  (0000:09:00.0:region0+0x83dc, 0x0, 4)
2026-06-26T17:12:04.262582Z vfio_region_write  (0000:09:00.0:region0+0x83e0, 0x0, 4)
2026-06-26T17:12:04.262594Z vfio_region_write  (0000:09:00.0:region0+0x83e4, 0x0, 4)
2026-06-26T17:12:04.262606Z vfio_region_write  (0000:09:00.0:region0+0x83e8, 0x0, 4)
2026-06-26T17:12:04.262621Z vfio_region_write  (0000:09:00.0:region0+0x83ec, 0x0, 4)
2026-06-26T17:12:04.262633Z vfio_region_write  (0000:09:00.0:region0+0x83f0, 0x0, 4)
2026-06-26T17:12:04.262645Z vfio_region_write  (0000:09:00.0:region0+0x83f4, 0x0, 4)
2026-06-26T17:12:04.262660Z vfio_region_write  (0000:09:00.0:region0+0x83f8, 0x0, 4)
2026-06-26T17:12:04.262672Z vfio_region_write  (0000:09:00.0:region0+0x83fc, 0x0, 4)
2026-06-26T17:12:04.262685Z vfio_region_write  (0000:09:00.0:region0+0x8400, 0x0, 4)
2026-06-26T17:12:04.262698Z vfio_region_write  (0000:09:00.0:region0+0x8404, 0x0, 4)
2026-06-26T17:12:04.262711Z vfio_region_write  (0000:09:00.0:region0+0x8408, 0x0, 4)
2026-06-26T17:12:04.262724Z vfio_region_write  (0000:09:00.0:region0+0x840c, 0x0, 4)
2026-06-26T17:12:04.262738Z vfio_region_write  (0000:09:00.0:region0+0x8410, 0x0, 4)
2026-06-26T17:12:04.262751Z vfio_region_write  (0000:09:00.0:region0+0x8414, 0x0, 4)
2026-06-26T17:12:04.262764Z vfio_region_write  (0000:09:00.0:region0+0x8418, 0x0, 4)
2026-06-26T17:12:04.262777Z vfio_region_write  (0000:09:00.0:region0+0x841c, 0x0, 4)
2026-06-26T17:12:04.262790Z vfio_region_write  (0000:09:00.0:region0+0x8420, 0x0, 4)
2026-06-26T17:12:04.262803Z vfio_region_write  (0000:09:00.0:region0+0x8424, 0x0, 4)
2026-06-26T17:12:04.262817Z vfio_region_write  (0000:09:00.0:region0+0x8428, 0x0, 4)
2026-06-26T17:12:04.262837Z vfio_region_write  (0000:09:00.0:region0+0x842c, 0x0, 4)
2026-06-26T17:12:04.262852Z vfio_region_write  (0000:09:00.0:region0+0x408, 0x1, 4)
2026-06-26T17:12:04.263086Z vfio_region_read  (0000:09:00.0:region0+0x100, 4) = 0x20000000
2026-06-26T17:12:04.263107Z vfio_region_read  (0000:09:00.0:region0+0x300, 4) = 0x0
2026-06-26T17:12:04.263125Z vfio_region_read  (0000:09:00.0:region0+0x200, 4) = 0x0
2026-06-26T17:12:04.263143Z vfio_region_read  (0000:09:00.0:region0+0x400, 4) = 0x1
2026-06-26T17:12:04.263162Z vfio_region_read  (0000:09:00.0:region0+0x500, 4) = 0xff0000
2026-06-26T17:12:04.263354Z vfio_region_read  (0000:09:00.0:region0+0x100, 4) = 0x20000000
2026-06-26T17:12:04.263375Z vfio_region_read  (0000:09:00.0:region0+0x300, 4) = 0x0
2026-06-26T17:12:04.263393Z vfio_region_read  (0000:09:00.0:region0+0x200, 4) = 0x0
2026-06-26T17:12:04.263411Z vfio_region_read  (0000:09:00.0:region0+0x400, 4) = 0x2
2026-06-26T17:12:04.263430Z vfio_region_read  (0000:09:00.0:region0+0x500, 4) = 0xff0000
2026-06-26T17:12:04.263465Z vfio_region_write  (0000:09:00.0:region0+0x408, 0x2, 4)
2026-06-26T17:12:04.263499Z vfio_region_write  (0000:09:00.0:region0+0x8020, 0x80800001, 4)
2026-06-26T17:12:04.263516Z vfio_region_write  (0000:09:00.0:region0+0x8024, 0x680400, 4)
2026-06-26T17:12:04.263531Z vfio_region_write  (0000:09:00.0:region0+0x8028, 0x0, 4)
2026-06-26T17:12:04.263547Z vfio_region_write  (0000:09:00.0:region0+0x802c, 0x0, 4)
2026-06-26T17:12:04.263563Z vfio_region_write  (0000:09:00.0:region0+0x8030, 0x10a8, 4)
2026-06-26T17:12:04.263577Z vfio_region_write  (0000:09:00.0:region0+0x8034, 0x3f8, 4)
2026-06-26T17:12:04.263593Z vfio_region_write  (0000:09:00.0:region0+0x8038, 0x0, 4)
2026-06-26T17:12:04.263608Z vfio_region_write  (0000:09:00.0:region0+0x803c, 0x0, 4)
2026-06-26T17:12:04.263624Z vfio_region_write  (0000:09:00.0:region0+0x8040, 0x0, 4)
2026-06-26T17:12:04.263640Z vfio_region_write  (0000:09:00.0:region0+0x8044, 0x0, 4)
2026-06-26T17:12:04.263654Z vfio_region_write  (0000:09:00.0:region0+0x8048, 0x0, 4)
2026-06-26T17:12:04.263667Z vfio_region_write  (0000:09:00.0:region0+0x804c, 0x0, 4)
2026-06-26T17:12:04.263683Z vfio_region_write  (0000:09:00.0:region0+0x8050, 0x0, 4)
2026-06-26T17:12:04.263699Z vfio_region_write  (0000:09:00.0:region0+0x8054, 0x0, 4)
2026-06-26T17:12:04.263713Z vfio_region_write  (0000:09:00.0:region0+0x8058, 0x0, 4)
2026-06-26T17:12:04.263729Z vfio_region_write  (0000:09:00.0:region0+0x805c, 0x0, 4)
2026-06-26T17:12:04.263744Z vfio_region_write  (0000:09:00.0:region0+0x8060, 0x0, 4)
2026-06-26T17:12:04.263759Z vfio_region_write  (0000:09:00.0:region0+0x8064, 0x0, 4)
2026-06-26T17:12:04.263774Z vfio_region_write  (0000:09:00.0:region0+0x8068, 0x0, 4)
2026-06-26T17:12:04.263788Z vfio_region_write  (0000:09:00.0:region0+0x806c, 0x0, 4)
2026-06-26T17:12:04.263802Z vfio_region_write  (0000:09:00.0:region0+0x8070, 0x0, 4)
2026-06-26T17:12:04.263815Z vfio_region_write  (0000:09:00.0:region0+0x8074, 0x0, 4)
2026-06-26T17:12:04.263836Z vfio_region_write  (0000:09:00.0:region0+0x8078, 0x0, 4)
2026-06-26T17:12:04.263849Z vfio_region_write  (0000:09:00.0:region0+0x807c, 0x0, 4)
2026-06-26T17:12:04.263862Z vfio_region_write  (0000:09:00.0:region0+0x8080, 0x0, 4)
2026-06-26T17:12:04.263875Z vfio_region_write  (0000:09:00.0:region0+0x8084, 0x0, 4)
2026-06-26T17:12:04.263888Z vfio_region_write  (0000:09:00.0:region0+0x8088, 0x0, 4)
2026-06-26T17:12:04.263901Z vfio_region_write  (0000:09:00.0:region0+0x808c, 0x0, 4)
2026-06-26T17:12:04.263916Z vfio_region_write  (0000:09:00.0:region0+0x8090, 0x0, 4)
2026-06-26T17:12:04.263936Z vfio_region_write  (0000:09:00.0:region0+0x8094, 0x0, 4)
2026-06-26T17:12:04.263950Z vfio_region_write  (0000:09:00.0:region0+0x8098, 0x0, 4)
2026-06-26T17:12:04.263963Z vfio_region_write  (0000:09:00.0:region0+0x809c, 0x0, 4)
2026-06-26T17:12:04.263976Z vfio_region_write  (0000:09:00.0:region0+0x80a0, 0x0, 4)
2026-06-26T17:12:04.263989Z vfio_region_write  (0000:09:00.0:region0+0x80a4, 0x0, 4)
2026-06-26T17:12:04.264003Z vfio_region_write  (0000:09:00.0:region0+0x80a8, 0x0, 4)
2026-06-26T17:12:04.264017Z vfio_region_write  (0000:09:00.0:region0+0x80ac, 0x0, 4)
2026-06-26T17:12:04.264031Z vfio_region_write  (0000:09:00.0:region0+0x80b0, 0x0, 4)
2026-06-26T17:12:04.264045Z vfio_region_write  (0000:09:00.0:region0+0x80b4, 0x0, 4)
2026-06-26T17:12:04.264059Z vfio_region_write  (0000:09:00.0:region0+0x80b8, 0x0, 4)
2026-06-26T17:12:04.264073Z vfio_region_write  (0000:09:00.0:region0+0x80bc, 0x0, 4)
2026-06-26T17:12:04.264086Z vfio_region_write  (0000:09:00.0:region0+0x80c0, 0x0, 4)
2026-06-26T17:12:04.264098Z vfio_region_write  (0000:09:00.0:region0+0x80c4, 0x0, 4)
2026-06-26T17:12:04.264112Z vfio_region_write  (0000:09:00.0:region0+0x80c8, 0x0, 4)
2026-06-26T17:12:04.264126Z vfio_region_write  (0000:09:00.0:region0+0x80cc, 0x0, 4)
2026-06-26T17:12:04.264140Z vfio_region_write  (0000:09:00.0:region0+0x80d0, 0x0, 4)
2026-06-26T17:12:04.264153Z vfio_region_write  (0000:09:00.0:region0+0x80d4, 0x0, 4)
2026-06-26T17:12:04.264167Z vfio_region_write  (0000:09:00.0:region0+0x80d8, 0x0, 4)
2026-06-26T17:12:04.264181Z vfio_region_write  (0000:09:00.0:region0+0x80dc, 0x0, 4)
2026-06-26T17:12:04.264195Z vfio_region_write  (0000:09:00.0:region0+0x80e0, 0x0, 4)
2026-06-26T17:12:04.264209Z vfio_region_write  (0000:09:00.0:region0+0x80e4, 0x0, 4)
2026-06-26T17:12:04.264223Z vfio_region_write  (0000:09:00.0:region0+0x80e8, 0x0, 4)
2026-06-26T17:12:04.264237Z vfio_region_write  (0000:09:00.0:region0+0x80ec, 0x0, 4)
2026-06-26T17:12:04.264251Z vfio_region_write  (0000:09:00.0:region0+0x80f0, 0x0, 4)
2026-06-26T17:12:04.264265Z vfio_region_write  (0000:09:00.0:region0+0x80f4, 0x0, 4)
2026-06-26T17:12:04.264279Z vfio_region_write  (0000:09:00.0:region0+0x80f8, 0x0, 4)
2026-06-26T17:12:04.264293Z vfio_region_write  (0000:09:00.0:region0+0x80fc, 0x0, 4)
2026-06-26T17:12:04.264307Z vfio_region_write  (0000:09:00.0:region0+0x8100, 0x0, 4)
2026-06-26T17:12:04.264321Z vfio_region_write  (0000:09:00.0:region0+0x8104, 0x0, 4)
2026-06-26T17:12:04.264335Z vfio_region_write  (0000:09:00.0:region0+0x8108, 0x0, 4)
2026-06-26T17:12:04.264347Z vfio_region_write  (0000:09:00.0:region0+0x810c, 0x0, 4)
2026-06-26T17:12:04.264359Z vfio_region_write  (0000:09:00.0:region0+0x8110, 0x0, 4)
2026-06-26T17:12:04.264373Z vfio_region_write  (0000:09:00.0:region0+0x8114, 0x0, 4)
2026-06-26T17:12:04.264387Z vfio_region_write  (0000:09:00.0:region0+0x8118, 0x0, 4)
2026-06-26T17:12:04.264400Z vfio_region_write  (0000:09:00.0:region0+0x811c, 0x0, 4)
2026-06-26T17:12:04.264414Z vfio_region_write  (0000:09:00.0:region0+0x8120, 0x0, 4)
2026-06-26T17:12:04.264427Z vfio_region_write  (0000:09:00.0:region0+0x8124, 0x0, 4)
2026-06-26T17:12:04.264441Z vfio_region_write  (0000:09:00.0:region0+0x8128, 0x0, 4)
2026-06-26T17:12:04.264455Z vfio_region_write  (0000:09:00.0:region0+0x812c, 0x0, 4)
2026-06-26T17:12:04.264469Z vfio_region_write  (0000:09:00.0:region0+0x8130, 0x0, 4)
2026-06-26T17:12:04.264483Z vfio_region_write  (0000:09:00.0:region0+0x8134, 0x0, 4)
2026-06-26T17:12:04.264497Z vfio_region_write  (0000:09:00.0:region0+0x8138, 0x0, 4)
2026-06-26T17:12:04.264511Z vfio_region_write  (0000:09:00.0:region0+0x813c, 0x0, 4)
2026-06-26T17:12:04.264525Z vfio_region_write  (0000:09:00.0:region0+0x8140, 0x0, 4)
2026-06-26T17:12:04.264539Z vfio_region_write  (0000:09:00.0:region0+0x8144, 0x0, 4)
2026-06-26T17:12:04.264553Z vfio_region_write  (0000:09:00.0:region0+0x8148, 0x0, 4)
2026-06-26T17:12:04.264567Z vfio_region_write  (0000:09:00.0:region0+0x814c, 0x0, 4)
2026-06-26T17:12:04.264581Z vfio_region_write  (0000:09:00.0:region0+0x8150, 0x0, 4)
2026-06-26T17:12:04.264595Z vfio_region_write  (0000:09:00.0:region0+0x8154, 0x0, 4)
2026-06-26T17:12:04.264608Z vfio_region_write  (0000:09:00.0:region0+0x8158, 0x0, 4)
2026-06-26T17:12:04.264621Z vfio_region_write  (0000:09:00.0:region0+0x815c, 0x0, 4)
2026-06-26T17:12:04.264634Z vfio_region_write  (0000:09:00.0:region0+0x8160, 0x0, 4)
2026-06-26T17:12:04.264647Z vfio_region_write  (0000:09:00.0:region0+0x8164, 0x0, 4)
2026-06-26T17:12:04.264659Z vfio_region_write  (0000:09:00.0:region0+0x8168, 0x0, 4)
2026-06-26T17:12:04.264672Z vfio_region_write  (0000:09:00.0:region0+0x816c, 0x0, 4)
2026-06-26T17:12:04.264685Z vfio_region_write  (0000:09:00.0:region0+0x8170, 0x0, 4)
2026-06-26T17:12:04.264698Z vfio_region_write  (0000:09:00.0:region0+0x8174, 0x0, 4)
2026-06-26T17:12:04.264712Z vfio_region_write  (0000:09:00.0:region0+0x8178, 0x0, 4)
2026-06-26T17:12:04.264725Z vfio_region_write  (0000:09:00.0:region0+0x817c, 0x0, 4)
2026-06-26T17:12:04.264738Z vfio_region_write  (0000:09:00.0:region0+0x8180, 0x0, 4)
2026-06-26T17:12:04.264750Z vfio_region_write  (0000:09:00.0:region0+0x8184, 0x0, 4)
2026-06-26T17:12:04.264764Z vfio_region_write  (0000:09:00.0:region0+0x8188, 0x0, 4)
2026-06-26T17:12:04.264778Z vfio_region_write  (0000:09:00.0:region0+0x818c, 0x0, 4)
2026-06-26T17:12:04.264792Z vfio_region_write  (0000:09:00.0:region0+0x8190, 0x0, 4)
2026-06-26T17:12:04.264805Z vfio_region_write  (0000:09:00.0:region0+0x8194, 0x0, 4)
2026-06-26T17:12:04.264818Z vfio_region_write  (0000:09:00.0:region0+0x8198, 0x0, 4)
2026-06-26T17:12:04.264838Z vfio_region_write  (0000:09:00.0:region0+0x819c, 0x0, 4)
2026-06-26T17:12:04.264852Z vfio_region_write  (0000:09:00.0:region0+0x81a0, 0x0, 4)
2026-06-26T17:12:04.264866Z vfio_region_write  (0000:09:00.0:region0+0x81a4, 0x0, 4)
2026-06-26T17:12:04.264880Z vfio_region_write  (0000:09:00.0:region0+0x81a8, 0x0, 4)
2026-06-26T17:12:04.264893Z vfio_region_write  (0000:09:00.0:region0+0x81ac, 0x0, 4)
2026-06-26T17:12:04.264907Z vfio_region_write  (0000:09:00.0:region0+0x81b0, 0x0, 4)
2026-06-26T17:12:04.264928Z vfio_region_write  (0000:09:00.0:region0+0x81b4, 0x0, 4)
2026-06-26T17:12:04.264941Z vfio_region_write  (0000:09:00.0:region0+0x81b8, 0x0, 4)
2026-06-26T17:12:04.264954Z vfio_region_write  (0000:09:00.0:region0+0x81bc, 0x0, 4)
2026-06-26T17:12:04.264967Z vfio_region_write  (0000:09:00.0:region0+0x81c0, 0x0, 4)
2026-06-26T17:12:04.264980Z vfio_region_write  (0000:09:00.0:region0+0x81c4, 0x0, 4)
2026-06-26T17:12:04.264993Z vfio_region_write  (0000:09:00.0:region0+0x81c8, 0x0, 4)
2026-06-26T17:12:04.265005Z vfio_region_write  (0000:09:00.0:region0+0x81cc, 0x0, 4)
2026-06-26T17:12:04.265019Z vfio_region_write  (0000:09:00.0:region0+0x81d0, 0x0, 4)
2026-06-26T17:12:04.265032Z vfio_region_write  (0000:09:00.0:region0+0x81d4, 0x0, 4)
2026-06-26T17:12:04.265046Z vfio_region_write  (0000:09:00.0:region0+0x81d8, 0x0, 4)
2026-06-26T17:12:04.265059Z vfio_region_write  (0000:09:00.0:region0+0x81dc, 0x0, 4)
2026-06-26T17:12:04.265073Z vfio_region_write  (0000:09:00.0:region0+0x81e0, 0x0, 4)
2026-06-26T17:12:04.265086Z vfio_region_write  (0000:09:00.0:region0+0x81e4, 0x0, 4)
2026-06-26T17:12:04.265100Z vfio_region_write  (0000:09:00.0:region0+0x81e8, 0x0, 4)
2026-06-26T17:12:04.265113Z vfio_region_write  (0000:09:00.0:region0+0x81ec, 0x0, 4)
2026-06-26T17:12:04.265127Z vfio_region_write  (0000:09:00.0:region0+0x81f0, 0x0, 4)
2026-06-26T17:12:04.265140Z vfio_region_write  (0000:09:00.0:region0+0x81f4, 0x0, 4)
2026-06-26T17:12:04.265153Z vfio_region_write  (0000:09:00.0:region0+0x81f8, 0x0, 4)
2026-06-26T17:12:04.265167Z vfio_region_write  (0000:09:00.0:region0+0x81fc, 0x0, 4)
2026-06-26T17:12:04.265181Z vfio_region_write  (0000:09:00.0:region0+0x8200, 0x0, 4)
2026-06-26T17:12:04.265195Z vfio_region_write  (0000:09:00.0:region0+0x8204, 0x0, 4)
2026-06-26T17:12:04.265207Z vfio_region_write  (0000:09:00.0:region0+0x8208, 0x0, 4)
2026-06-26T17:12:04.265221Z vfio_region_write  (0000:09:00.0:region0+0x820c, 0x0, 4)
2026-06-26T17:12:04.265235Z vfio_region_write  (0000:09:00.0:region0+0x8210, 0x0, 4)
2026-06-26T17:12:04.265249Z vfio_region_write  (0000:09:00.0:region0+0x8214, 0x0, 4)
2026-06-26T17:12:04.265262Z vfio_region_write  (0000:09:00.0:region0+0x8218, 0x0, 4)
2026-06-26T17:12:04.265275Z vfio_region_write  (0000:09:00.0:region0+0x821c, 0x0, 4)
2026-06-26T17:12:04.265289Z vfio_region_write  (0000:09:00.0:region0+0x8220, 0x0, 4)
2026-06-26T17:12:04.265302Z vfio_region_write  (0000:09:00.0:region0+0x8224, 0x0, 4)
2026-06-26T17:12:04.265316Z vfio_region_write  (0000:09:00.0:region0+0x8228, 0x0, 4)
2026-06-26T17:12:04.265329Z vfio_region_write  (0000:09:00.0:region0+0x822c, 0x0, 4)
2026-06-26T17:12:04.265342Z vfio_region_write  (0000:09:00.0:region0+0x8230, 0x0, 4)
2026-06-26T17:12:04.265355Z vfio_region_write  (0000:09:00.0:region0+0x8234, 0x0, 4)
2026-06-26T17:12:04.265368Z vfio_region_write  (0000:09:00.0:region0+0x8238, 0x0, 4)
2026-06-26T17:12:04.265381Z vfio_region_write  (0000:09:00.0:region0+0x823c, 0x0, 4)
2026-06-26T17:12:04.265394Z vfio_region_write  (0000:09:00.0:region0+0x8240, 0x0, 4)
2026-06-26T17:12:04.265408Z vfio_region_write  (0000:09:00.0:region0+0x8244, 0x0, 4)
2026-06-26T17:12:04.265422Z vfio_region_write  (0000:09:00.0:region0+0x8248, 0x0, 4)
2026-06-26T17:12:04.265436Z vfio_region_write  (0000:09:00.0:region0+0x824c, 0x0, 4)
2026-06-26T17:12:04.265450Z vfio_region_write  (0000:09:00.0:region0+0x8250, 0x0, 4)
2026-06-26T17:12:04.265464Z vfio_region_write  (0000:09:00.0:region0+0x8254, 0x0, 4)
2026-06-26T17:12:04.265478Z vfio_region_write  (0000:09:00.0:region0+0x8258, 0x0, 4)
2026-06-26T17:12:04.265493Z vfio_region_write  (0000:09:00.0:region0+0x825c, 0x0, 4)
2026-06-26T17:12:04.265507Z vfio_region_write  (0000:09:00.0:region0+0x8260, 0x0, 4)
2026-06-26T17:12:04.265521Z vfio_region_write  (0000:09:00.0:region0+0x8264, 0x0, 4)
2026-06-26T17:12:04.265534Z vfio_region_write  (0000:09:00.0:region0+0x8268, 0x0, 4)
2026-06-26T17:12:04.265546Z vfio_region_write  (0000:09:00.0:region0+0x826c, 0x0, 4)
2026-06-26T17:12:04.265559Z vfio_region_write  (0000:09:00.0:region0+0x8270, 0x0, 4)
2026-06-26T17:12:04.265572Z vfio_region_write  (0000:09:00.0:region0+0x8274, 0x0, 4)
2026-06-26T17:12:04.265585Z vfio_region_write  (0000:09:00.0:region0+0x8278, 0x0, 4)
2026-06-26T17:12:04.265598Z vfio_region_write  (0000:09:00.0:region0+0x827c, 0x0, 4)
2026-06-26T17:12:04.265612Z vfio_region_write  (0000:09:00.0:region0+0x8280, 0x0, 4)
2026-06-26T17:12:04.265625Z vfio_region_write  (0000:09:00.0:region0+0x8284, 0x0, 4)
2026-06-26T17:12:04.265639Z vfio_region_write  (0000:09:00.0:region0+0x8288, 0x0, 4)
2026-06-26T17:12:04.265651Z vfio_region_write  (0000:09:00.0:region0+0x828c, 0x0, 4)
2026-06-26T17:12:04.265664Z vfio_region_write  (0000:09:00.0:region0+0x8290, 0x0, 4)
2026-06-26T17:12:04.265677Z vfio_region_write  (0000:09:00.0:region0+0x8294, 0x0, 4)
2026-06-26T17:12:04.265689Z vfio_region_write  (0000:09:00.0:region0+0x8298, 0x0, 4)
2026-06-26T17:12:04.265702Z vfio_region_write  (0000:09:00.0:region0+0x829c, 0x0, 4)
2026-06-26T17:12:04.265716Z vfio_region_write  (0000:09:00.0:region0+0x82a0, 0x0, 4)
2026-06-26T17:12:04.265730Z vfio_region_write  (0000:09:00.0:region0+0x82a4, 0x0, 4)
2026-06-26T17:12:04.265743Z vfio_region_write  (0000:09:00.0:region0+0x82a8, 0x0, 4)
2026-06-26T17:12:04.265756Z vfio_region_write  (0000:09:00.0:region0+0x82ac, 0x0, 4)
2026-06-26T17:12:04.265770Z vfio_region_write  (0000:09:00.0:region0+0x82b0, 0x0, 4)
2026-06-26T17:12:04.265783Z vfio_region_write  (0000:09:00.0:region0+0x82b4, 0x0, 4)
2026-06-26T17:12:04.265797Z vfio_region_write  (0000:09:00.0:region0+0x82b8, 0x0, 4)
2026-06-26T17:12:04.265810Z vfio_region_write  (0000:09:00.0:region0+0x82bc, 0x0, 4)
2026-06-26T17:12:04.265829Z vfio_region_write  (0000:09:00.0:region0+0x82c0, 0x0, 4)
2026-06-26T17:12:04.265843Z vfio_region_write  (0000:09:00.0:region0+0x82c4, 0x0, 4)
2026-06-26T17:12:04.265857Z vfio_region_write  (0000:09:00.0:region0+0x82c8, 0x0, 4)
2026-06-26T17:12:04.265870Z vfio_region_write  (0000:09:00.0:region0+0x82cc, 0x0, 4)
2026-06-26T17:12:04.265885Z vfio_region_write  (0000:09:00.0:region0+0x82d0, 0x0, 4)
2026-06-26T17:12:04.265898Z vfio_region_write  (0000:09:00.0:region0+0x82d4, 0x0, 4)
2026-06-26T17:12:04.265912Z vfio_region_write  (0000:09:00.0:region0+0x82d8, 0x0, 4)
2026-06-26T17:12:04.265934Z vfio_region_write  (0000:09:00.0:region0+0x82dc, 0x0, 4)
2026-06-26T17:12:04.265948Z vfio_region_write  (0000:09:00.0:region0+0x82e0, 0x0, 4)
2026-06-26T17:12:04.265961Z vfio_region_write  (0000:09:00.0:region0+0x82e4, 0x0, 4)
2026-06-26T17:12:04.265974Z vfio_region_write  (0000:09:00.0:region0+0x82e8, 0x0, 4)
2026-06-26T17:12:04.265987Z vfio_region_write  (0000:09:00.0:region0+0x82ec, 0x0, 4)
2026-06-26T17:12:04.266000Z vfio_region_write  (0000:09:00.0:region0+0x82f0, 0x0, 4)
2026-06-26T17:12:04.266014Z vfio_region_write  (0000:09:00.0:region0+0x82f4, 0x0, 4)
2026-06-26T17:12:04.266027Z vfio_region_write  (0000:09:00.0:region0+0x82f8, 0x0, 4)
2026-06-26T17:12:04.266041Z vfio_region_write  (0000:09:00.0:region0+0x82fc, 0x0, 4)
2026-06-26T17:12:04.266054Z vfio_region_write  (0000:09:00.0:region0+0x8300, 0x0, 4)
2026-06-26T17:12:04.266068Z vfio_region_write  (0000:09:00.0:region0+0x8304, 0x0, 4)
2026-06-26T17:12:04.266081Z vfio_region_write  (0000:09:00.0:region0+0x8308, 0x0, 4)
2026-06-26T17:12:04.266094Z vfio_region_write  (0000:09:00.0:region0+0x830c, 0x0, 4)
2026-06-26T17:12:04.266107Z vfio_region_write  (0000:09:00.0:region0+0x8310, 0x0, 4)
2026-06-26T17:12:04.266121Z vfio_region_write  (0000:09:00.0:region0+0x8314, 0x0, 4)
2026-06-26T17:12:04.266134Z vfio_region_write  (0000:09:00.0:region0+0x8318, 0x0, 4)
2026-06-26T17:12:04.266148Z vfio_region_write  (0000:09:00.0:region0+0x831c, 0x0, 4)
2026-06-26T17:12:04.266161Z vfio_region_write  (0000:09:00.0:region0+0x8320, 0x0, 4)
2026-06-26T17:12:04.266173Z vfio_region_write  (0000:09:00.0:region0+0x8324, 0x0, 4)
2026-06-26T17:12:04.266186Z vfio_region_write  (0000:09:00.0:region0+0x8328, 0x0, 4)
2026-06-26T17:12:04.266199Z vfio_region_write  (0000:09:00.0:region0+0x832c, 0x0, 4)
2026-06-26T17:12:04.266213Z vfio_region_write  (0000:09:00.0:region0+0x8330, 0x0, 4)
2026-06-26T17:12:04.266226Z vfio_region_write  (0000:09:00.0:region0+0x8334, 0x0, 4)
2026-06-26T17:12:04.266240Z vfio_region_write  (0000:09:00.0:region0+0x8338, 0x0, 4)
2026-06-26T17:12:04.266253Z vfio_region_write  (0000:09:00.0:region0+0x833c, 0x0, 4)
2026-06-26T17:12:04.266268Z vfio_region_write  (0000:09:00.0:region0+0x8340, 0x0, 4)
2026-06-26T17:12:04.266281Z vfio_region_write  (0000:09:00.0:region0+0x8344, 0x0, 4)
2026-06-26T17:12:04.266295Z vfio_region_write  (0000:09:00.0:region0+0x8348, 0x0, 4)
2026-06-26T17:12:04.266307Z vfio_region_write  (0000:09:00.0:region0+0x834c, 0x0, 4)
2026-06-26T17:12:04.266322Z vfio_region_write  (0000:09:00.0:region0+0x8350, 0x0, 4)
2026-06-26T17:12:04.266335Z vfio_region_write  (0000:09:00.0:region0+0x8354, 0x0, 4)
2026-06-26T17:12:04.266349Z vfio_region_write  (0000:09:00.0:region0+0x8358, 0x0, 4)
2026-06-26T17:12:04.266363Z vfio_region_write  (0000:09:00.0:region0+0x835c, 0x0, 4)
2026-06-26T17:12:04.266377Z vfio_region_write  (0000:09:00.0:region0+0x8360, 0x0, 4)
2026-06-26T17:12:04.266391Z vfio_region_write  (0000:09:00.0:region0+0x8364, 0x0, 4)
2026-06-26T17:12:04.266405Z vfio_region_write  (0000:09:00.0:region0+0x8368, 0x0, 4)
2026-06-26T17:12:04.266418Z vfio_region_write  (0000:09:00.0:region0+0x836c, 0x0, 4)
2026-06-26T17:12:04.266431Z vfio_region_write  (0000:09:00.0:region0+0x8370, 0x0, 4)
2026-06-26T17:12:04.266444Z vfio_region_write  (0000:09:00.0:region0+0x8374, 0x0, 4)
2026-06-26T17:12:04.266457Z vfio_region_write  (0000:09:00.0:region0+0x8378, 0x0, 4)
2026-06-26T17:12:04.266470Z vfio_region_write  (0000:09:00.0:region0+0x837c, 0x0, 4)
2026-06-26T17:12:04.266484Z vfio_region_write  (0000:09:00.0:region0+0x8380, 0x0, 4)
2026-06-26T17:12:04.266497Z vfio_region_write  (0000:09:00.0:region0+0x8384, 0x0, 4)
2026-06-26T17:12:04.266511Z vfio_region_write  (0000:09:00.0:region0+0x8388, 0x0, 4)
2026-06-26T17:12:04.266524Z vfio_region_write  (0000:09:00.0:region0+0x838c, 0x0, 4)
2026-06-26T17:12:04.266537Z vfio_region_write  (0000:09:00.0:region0+0x8390, 0x0, 4)
2026-06-26T17:12:04.266550Z vfio_region_write  (0000:09:00.0:region0+0x8394, 0x0, 4)
2026-06-26T17:12:04.266564Z vfio_region_write  (0000:09:00.0:region0+0x8398, 0x0, 4)
2026-06-26T17:12:04.266577Z vfio_region_write  (0000:09:00.0:region0+0x839c, 0x0, 4)
2026-06-26T17:12:04.266590Z vfio_region_write  (0000:09:00.0:region0+0x83a0, 0x0, 4)
2026-06-26T17:12:04.266604Z vfio_region_write  (0000:09:00.0:region0+0x83a4, 0x0, 4)
2026-06-26T17:12:04.266618Z vfio_region_write  (0000:09:00.0:region0+0x83a8, 0x0, 4)
2026-06-26T17:12:04.266632Z vfio_region_write  (0000:09:00.0:region0+0x83ac, 0x0, 4)
2026-06-26T17:12:04.266646Z vfio_region_write  (0000:09:00.0:region0+0x83b0, 0x0, 4)
2026-06-26T17:12:04.266660Z vfio_region_write  (0000:09:00.0:region0+0x83b4, 0x0, 4)
2026-06-26T17:12:04.266672Z vfio_region_write  (0000:09:00.0:region0+0x83b8, 0x0, 4)
2026-06-26T17:12:04.266686Z vfio_region_write  (0000:09:00.0:region0+0x83bc, 0x0, 4)
2026-06-26T17:12:04.266699Z vfio_region_write  (0000:09:00.0:region0+0x83c0, 0x0, 4)
2026-06-26T17:12:04.266713Z vfio_region_write  (0000:09:00.0:region0+0x83c4, 0x0, 4)
2026-06-26T17:12:04.266727Z vfio_region_write  (0000:09:00.0:region0+0x83c8, 0x0, 4)
2026-06-26T17:12:04.266741Z vfio_region_write  (0000:09:00.0:region0+0x83cc, 0x0, 4)
2026-06-26T17:12:04.266755Z vfio_region_write  (0000:09:00.0:region0+0x83d0, 0x0, 4)
2026-06-26T17:12:04.266769Z vfio_region_write  (0000:09:00.0:region0+0x83d4, 0x0, 4)
2026-06-26T17:12:04.266783Z vfio_region_write  (0000:09:00.0:region0+0x83d8, 0x0, 4)
2026-06-26T17:12:04.266796Z vfio_region_write  (0000:09:00.0:region0+0x83dc, 0x0, 4)
2026-06-26T17:12:04.266809Z vfio_region_write  (0000:09:00.0:region0+0x83e0, 0x0, 4)
2026-06-26T17:12:04.266827Z vfio_region_write  (0000:09:00.0:region0+0x83e4, 0x0, 4)
2026-06-26T17:12:04.266841Z vfio_region_write  (0000:09:00.0:region0+0x83e8, 0x0, 4)
2026-06-26T17:12:04.266853Z vfio_region_write  (0000:09:00.0:region0+0x83ec, 0x0, 4)
2026-06-26T17:12:04.266866Z vfio_region_write  (0000:09:00.0:region0+0x83f0, 0x0, 4)
2026-06-26T17:12:04.266879Z vfio_region_write  (0000:09:00.0:region0+0x83f4, 0x0, 4)
2026-06-26T17:12:04.266892Z vfio_region_write  (0000:09:00.0:region0+0x83f8, 0x0, 4)
2026-06-26T17:12:04.266905Z vfio_region_write  (0000:09:00.0:region0+0x83fc, 0x0, 4)
2026-06-26T17:12:04.266919Z vfio_region_write  (0000:09:00.0:region0+0x8400, 0x0, 4)
2026-06-26T17:12:04.266939Z vfio_region_write  (0000:09:00.0:region0+0x8404, 0x0, 4)
2026-06-26T17:12:04.266953Z vfio_region_write  (0000:09:00.0:region0+0x8408, 0x0, 4)
2026-06-26T17:12:04.266965Z vfio_region_write  (0000:09:00.0:region0+0x840c, 0x0, 4)
2026-06-26T17:12:04.266978Z vfio_region_write  (0000:09:00.0:region0+0x8410, 0x0, 4)
2026-06-26T17:12:04.266991Z vfio_region_write  (0000:09:00.0:region0+0x8414, 0x0, 4)
2026-06-26T17:12:04.267004Z vfio_region_write  (0000:09:00.0:region0+0x8418, 0x0, 4)
2026-06-26T17:12:04.267017Z vfio_region_write  (0000:09:00.0:region0+0x841c, 0x0, 4)
2026-06-26T17:12:04.267030Z vfio_region_write  (0000:09:00.0:region0+0x8420, 0x0, 4)
2026-06-26T17:12:04.267043Z vfio_region_write  (0000:09:00.0:region0+0x8424, 0x0, 4)
2026-06-26T17:12:04.267057Z vfio_region_write  (0000:09:00.0:region0+0x8428, 0x0, 4)
2026-06-26T17:12:04.267070Z vfio_region_write  (0000:09:00.0:region0+0x842c, 0x0, 4)
2026-06-26T17:12:04.267084Z vfio_region_write  (0000:09:00.0:region0+0x408, 0x1, 4)
2026-06-26T17:12:04.267319Z vfio_region_read  (0000:09:00.0:region0+0x100, 4) = 0x20000000
2026-06-26T17:12:04.267339Z vfio_region_read  (0000:09:00.0:region0+0x300, 4) = 0x0
2026-06-26T17:12:04.267358Z vfio_region_read  (0000:09:00.0:region0+0x200, 4) = 0x0
2026-06-26T17:12:04.267376Z vfio_region_read  (0000:09:00.0:region0+0x400, 4) = 0x1
2026-06-26T17:12:04.267395Z vfio_region_read  (0000:09:00.0:region0+0x500, 4) = 0xff0000
2026-06-26T17:12:04.267582Z vfio_region_read  (0000:09:00.0:region0+0x100, 4) = 0x20000000
2026-06-26T17:12:04.267603Z vfio_region_read  (0000:09:00.0:region0+0x300, 4) = 0x0
2026-06-26T17:12:04.267621Z vfio_region_read  (0000:09:00.0:region0+0x200, 4) = 0x0
2026-06-26T17:12:04.267639Z vfio_region_read  (0000:09:00.0:region0+0x400, 4) = 0x2
2026-06-26T17:12:04.267658Z vfio_region_read  (0000:09:00.0:region0+0x500, 4) = 0xff0000
2026-06-26T17:12:04.268029Z vfio_region_write  (0000:09:00.0:region0+0x408, 0x2, 4)
2026-06-26T17:12:04.268060Z vfio_region_write  (0000:09:00.0:region0+0x8020, 0x80800001, 4)
2026-06-26T17:12:04.268075Z vfio_region_write  (0000:09:00.0:region0+0x8024, 0x690400, 4)
2026-06-26T17:12:04.268089Z vfio_region_write  (0000:09:00.0:region0+0x8028, 0x0, 4)
2026-06-26T17:12:04.268102Z vfio_region_write  (0000:09:00.0:region0+0x802c, 0x0, 4)
2026-06-26T17:12:04.268117Z vfio_region_write  (0000:09:00.0:region0+0x8030, 0x14a0, 4)
2026-06-26T17:12:04.268130Z vfio_region_write  (0000:09:00.0:region0+0x8034, 0x3f8, 4)
2026-06-26T17:12:04.268144Z vfio_region_write  (0000:09:00.0:region0+0x8038, 0x0, 4)
2026-06-26T17:12:04.268157Z vfio_region_write  (0000:09:00.0:region0+0x803c, 0x0, 4)
2026-06-26T17:12:04.268171Z vfio_region_write  (0000:09:00.0:region0+0x8040, 0x0, 4)
2026-06-26T17:12:04.268185Z vfio_region_write  (0000:09:00.0:region0+0x8044, 0x0, 4)
2026-06-26T17:12:04.268198Z vfio_region_write  (0000:09:00.0:region0+0x8048, 0x0, 4)
2026-06-26T17:12:04.268211Z vfio_region_write  (0000:09:00.0:region0+0x804c, 0x0, 4)
2026-06-26T17:12:04.268225Z vfio_region_write  (0000:09:00.0:region0+0x8050, 0x0, 4)
2026-06-26T17:12:04.268238Z vfio_region_write  (0000:09:00.0:region0+0x8054, 0x0, 4)
2026-06-26T17:12:04.268253Z vfio_region_write  (0000:09:00.0:region0+0x8058, 0x0, 4)
2026-06-26T17:12:04.268266Z vfio_region_write  (0000:09:00.0:region0+0x805c, 0x0, 4)
2026-06-26T17:12:04.268280Z vfio_region_write  (0000:09:00.0:region0+0x8060, 0x0, 4)
2026-06-26T17:12:04.268294Z vfio_region_write  (0000:09:00.0:region0+0x8064, 0x0, 4)
2026-06-26T17:12:04.268308Z vfio_region_write  (0000:09:00.0:region0+0x8068, 0x0, 4)
2026-06-26T17:12:04.268321Z vfio_region_write  (0000:09:00.0:region0+0x806c, 0x0, 4)
2026-06-26T17:12:04.268335Z vfio_region_write  (0000:09:00.0:region0+0x8070, 0x0, 4)
2026-06-26T17:12:04.268348Z vfio_region_write  (0000:09:00.0:region0+0x8074, 0x0, 4)
2026-06-26T17:12:04.268362Z vfio_region_write  (0000:09:00.0:region0+0x8078, 0x0, 4)
2026-06-26T17:12:04.268376Z vfio_region_write  (0000:09:00.0:region0+0x807c, 0x0, 4)
2026-06-26T17:12:04.268390Z vfio_region_write  (0000:09:00.0:region0+0x8080, 0x0, 4)
2026-06-26T17:12:04.268403Z vfio_region_write  (0000:09:00.0:region0+0x8084, 0x0, 4)
2026-06-26T17:12:04.268417Z vfio_region_write  (0000:09:00.0:region0+0x8088, 0x0, 4)
2026-06-26T17:12:04.268431Z vfio_region_write  (0000:09:00.0:region0+0x808c, 0x0, 4)
2026-06-26T17:12:04.268443Z vfio_region_write  (0000:09:00.0:region0+0x8090, 0x0, 4)
2026-06-26T17:12:04.268455Z vfio_region_write  (0000:09:00.0:region0+0x8094, 0x0, 4)
2026-06-26T17:12:04.268469Z vfio_region_write  (0000:09:00.0:region0+0x8098, 0x0, 4)
2026-06-26T17:12:04.268481Z vfio_region_write  (0000:09:00.0:region0+0x809c, 0x0, 4)
2026-06-26T17:12:04.268495Z vfio_region_write  (0000:09:00.0:region0+0x80a0, 0x0, 4)
2026-06-26T17:12:04.268508Z vfio_region_write  (0000:09:00.0:region0+0x80a4, 0x0, 4)
2026-06-26T17:12:04.268521Z vfio_region_write  (0000:09:00.0:region0+0x80a8, 0x0, 4)
2026-06-26T17:12:04.268534Z vfio_region_write  (0000:09:00.0:region0+0x80ac, 0x0, 4)
2026-06-26T17:12:04.268547Z vfio_region_write  (0000:09:00.0:region0+0x80b0, 0x0, 4)
2026-06-26T17:12:04.268560Z vfio_region_write  (0000:09:00.0:region0+0x80b4, 0x0, 4)
2026-06-26T17:12:04.268574Z vfio_region_write  (0000:09:00.0:region0+0x80b8, 0x0, 4)
2026-06-26T17:12:04.268587Z vfio_region_write  (0000:09:00.0:region0+0x80bc, 0x0, 4)
2026-06-26T17:12:04.268600Z vfio_region_write  (0000:09:00.0:region0+0x80c0, 0x0, 4)
2026-06-26T17:12:04.268613Z vfio_region_write  (0000:09:00.0:region0+0x80c4, 0x0, 4)
2026-06-26T17:12:04.268626Z vfio_region_write  (0000:09:00.0:region0+0x80c8, 0x0, 4)
2026-06-26T17:12:04.268640Z vfio_region_write  (0000:09:00.0:region0+0x80cc, 0x0, 4)
2026-06-26T17:12:04.268654Z vfio_region_write  (0000:09:00.0:region0+0x80d0, 0x0, 4)
2026-06-26T17:12:04.268668Z vfio_region_write  (0000:09:00.0:region0+0x80d4, 0x0, 4)
2026-06-26T17:12:04.268682Z vfio_region_write  (0000:09:00.0:region0+0x80d8, 0x0, 4)
2026-06-26T17:12:04.268695Z vfio_region_write  (0000:09:00.0:region0+0x80dc, 0x0, 4)
2026-06-26T17:12:04.268709Z vfio_region_write  (0000:09:00.0:region0+0x80e0, 0x0, 4)
2026-06-26T17:12:04.268723Z vfio_region_write  (0000:09:00.0:region0+0x80e4, 0x0, 4)
2026-06-26T17:12:04.268737Z vfio_region_write  (0000:09:00.0:region0+0x80e8, 0x0, 4)
2026-06-26T17:12:04.268750Z vfio_region_write  (0000:09:00.0:region0+0x80ec, 0x0, 4)
2026-06-26T17:12:04.268764Z vfio_region_write  (0000:09:00.0:region0+0x80f0, 0x0, 4)
2026-06-26T17:12:04.268777Z vfio_region_write  (0000:09:00.0:region0+0x80f4, 0x0, 4)
2026-06-26T17:12:04.268791Z vfio_region_write  (0000:09:00.0:region0+0x80f8, 0x0, 4)
2026-06-26T17:12:04.268804Z vfio_region_write  (0000:09:00.0:region0+0x80fc, 0x0, 4)
2026-06-26T17:12:04.268817Z vfio_region_write  (0000:09:00.0:region0+0x8100, 0x0, 4)
2026-06-26T17:12:04.268837Z vfio_region_write  (0000:09:00.0:region0+0x8104, 0x0, 4)
2026-06-26T17:12:04.268850Z vfio_region_write  (0000:09:00.0:region0+0x8108, 0x0, 4)
2026-06-26T17:12:04.268864Z vfio_region_write  (0000:09:00.0:region0+0x810c, 0x0, 4)
2026-06-26T17:12:04.268881Z vfio_region_write  (0000:09:00.0:region0+0x8110, 0x0, 4)
2026-06-26T17:12:04.268915Z vfio_region_write  (0000:09:00.0:region0+0x8114, 0x0, 4)
2026-06-26T17:12:04.268937Z vfio_region_write  (0000:09:00.0:region0+0x8118, 0x0, 4)
2026-06-26T17:12:04.268951Z vfio_region_write  (0000:09:00.0:region0+0x811c, 0x0, 4)
2026-06-26T17:12:04.268964Z vfio_region_write  (0000:09:00.0:region0+0x8120, 0x0, 4)
2026-06-26T17:12:04.268977Z vfio_region_write  (0000:09:00.0:region0+0x8124, 0x0, 4)
2026-06-26T17:12:04.268991Z vfio_region_write  (0000:09:00.0:region0+0x8128, 0x0, 4)
2026-06-26T17:12:04.269005Z vfio_region_write  (0000:09:00.0:region0+0x812c, 0x0, 4)
2026-06-26T17:12:04.269018Z vfio_region_write  (0000:09:00.0:region0+0x8130, 0x0, 4)
2026-06-26T17:12:04.269032Z vfio_region_write  (0000:09:00.0:region0+0x8134, 0x0, 4)
2026-06-26T17:12:04.269046Z vfio_region_write  (0000:09:00.0:region0+0x8138, 0x0, 4)
2026-06-26T17:12:04.269060Z vfio_region_write  (0000:09:00.0:region0+0x813c, 0x0, 4)
2026-06-26T17:12:04.269074Z vfio_region_write  (0000:09:00.0:region0+0x8140, 0x0, 4)
2026-06-26T17:12:04.269091Z vfio_region_write  (0000:09:00.0:region0+0x8144, 0x0, 4)
2026-06-26T17:12:04.269104Z vfio_region_write  (0000:09:00.0:region0+0x8148, 0x0, 4)
2026-06-26T17:12:04.269117Z vfio_region_write  (0000:09:00.0:region0+0x814c, 0x0, 4)
2026-06-26T17:12:04.269129Z vfio_region_write  (0000:09:00.0:region0+0x8150, 0x0, 4)
2026-06-26T17:12:04.269144Z vfio_region_write  (0000:09:00.0:region0+0x8154, 0x0, 4)
2026-06-26T17:12:04.269157Z vfio_region_write  (0000:09:00.0:region0+0x8158, 0x0, 4)
2026-06-26T17:12:04.269170Z vfio_region_write  (0000:09:00.0:region0+0x815c, 0x0, 4)
2026-06-26T17:12:04.269184Z vfio_region_write  (0000:09:00.0:region0+0x8160, 0x0, 4)
2026-06-26T17:12:04.269198Z vfio_region_write  (0000:09:00.0:region0+0x8164, 0x0, 4)
2026-06-26T17:12:04.269211Z vfio_region_write  (0000:09:00.0:region0+0x8168, 0x0, 4)
2026-06-26T17:12:04.269224Z vfio_region_write  (0000:09:00.0:region0+0x816c, 0x0, 4)
2026-06-26T17:12:04.269238Z vfio_region_write  (0000:09:00.0:region0+0x8170, 0x0, 4)
2026-06-26T17:12:04.269251Z vfio_region_write  (0000:09:00.0:region0+0x8174, 0x0, 4)
2026-06-26T17:12:04.269266Z vfio_region_write  (0000:09:00.0:region0+0x8178, 0x0, 4)
2026-06-26T17:12:04.269279Z vfio_region_write  (0000:09:00.0:region0+0x817c, 0x0, 4)
2026-06-26T17:12:04.269293Z vfio_region_write  (0000:09:00.0:region0+0x8180, 0x0, 4)
2026-06-26T17:12:04.269306Z vfio_region_write  (0000:09:00.0:region0+0x8184, 0x0, 4)
2026-06-26T17:12:04.269320Z vfio_region_write  (0000:09:00.0:region0+0x8188, 0x0, 4)
2026-06-26T17:12:04.269333Z vfio_region_write  (0000:09:00.0:region0+0x818c, 0x0, 4)
2026-06-26T17:12:04.269347Z vfio_region_write  (0000:09:00.0:region0+0x8190, 0x0, 4)
2026-06-26T17:12:04.269361Z vfio_region_write  (0000:09:00.0:region0+0x8194, 0x0, 4)
2026-06-26T17:12:04.269375Z vfio_region_write  (0000:09:00.0:region0+0x8198, 0x0, 4)
2026-06-26T17:12:04.269388Z vfio_region_write  (0000:09:00.0:region0+0x819c, 0x0, 4)
2026-06-26T17:12:04.269402Z vfio_region_write  (0000:09:00.0:region0+0x81a0, 0x0, 4)
2026-06-26T17:12:04.269415Z vfio_region_write  (0000:09:00.0:region0+0x81a4, 0x0, 4)
2026-06-26T17:12:04.269429Z vfio_region_write  (0000:09:00.0:region0+0x81a8, 0x0, 4)
2026-06-26T17:12:04.269442Z vfio_region_write  (0000:09:00.0:region0+0x81ac, 0x0, 4)
2026-06-26T17:12:04.269455Z vfio_region_write  (0000:09:00.0:region0+0x81b0, 0x0, 4)
2026-06-26T17:12:04.269469Z vfio_region_write  (0000:09:00.0:region0+0x81b4, 0x0, 4)
2026-06-26T17:12:04.269483Z vfio_region_write  (0000:09:00.0:region0+0x81b8, 0x0, 4)
2026-06-26T17:12:04.269497Z vfio_region_write  (0000:09:00.0:region0+0x81bc, 0x0, 4)
2026-06-26T17:12:04.269510Z vfio_region_write  (0000:09:00.0:region0+0x81c0, 0x0, 4)
2026-06-26T17:12:04.269524Z vfio_region_write  (0000:09:00.0:region0+0x81c4, 0x0, 4)
2026-06-26T17:12:04.269537Z vfio_region_write  (0000:09:00.0:region0+0x81c8, 0x0, 4)
2026-06-26T17:12:04.269551Z vfio_region_write  (0000:09:00.0:region0+0x81cc, 0x0, 4)
2026-06-26T17:12:04.269564Z vfio_region_write  (0000:09:00.0:region0+0x81d0, 0x0, 4)
2026-06-26T17:12:04.269578Z vfio_region_write  (0000:09:00.0:region0+0x81d4, 0x0, 4)
2026-06-26T17:12:04.269591Z vfio_region_write  (0000:09:00.0:region0+0x81d8, 0x0, 4)
2026-06-26T17:12:04.269604Z vfio_region_write  (0000:09:00.0:region0+0x81dc, 0x0, 4)
2026-06-26T17:12:04.269618Z vfio_region_write  (0000:09:00.0:region0+0x81e0, 0x0, 4)
2026-06-26T17:12:04.269632Z vfio_region_write  (0000:09:00.0:region0+0x81e4, 0x0, 4)
2026-06-26T17:12:04.269645Z vfio_region_write  (0000:09:00.0:region0+0x81e8, 0x0, 4)
2026-06-26T17:12:04.269658Z vfio_region_write  (0000:09:00.0:region0+0x81ec, 0x0, 4)
2026-06-26T17:12:04.269671Z vfio_region_write  (0000:09:00.0:region0+0x81f0, 0x0, 4)
2026-06-26T17:12:04.269685Z vfio_region_write  (0000:09:00.0:region0+0x81f4, 0x0, 4)
2026-06-26T17:12:04.269698Z vfio_region_write  (0000:09:00.0:region0+0x81f8, 0x0, 4)
2026-06-26T17:12:04.269711Z vfio_region_write  (0000:09:00.0:region0+0x81fc, 0x0, 4)
2026-06-26T17:12:04.269725Z vfio_region_write  (0000:09:00.0:region0+0x8200, 0x0, 4)
2026-06-26T17:12:04.269739Z vfio_region_write  (0000:09:00.0:region0+0x8204, 0x0, 4)
2026-06-26T17:12:04.269752Z vfio_region_write  (0000:09:00.0:region0+0x8208, 0x0, 4)
2026-06-26T17:12:04.269766Z vfio_region_write  (0000:09:00.0:region0+0x820c, 0x0, 4)
2026-06-26T17:12:04.269778Z vfio_region_write  (0000:09:00.0:region0+0x8210, 0x0, 4)
2026-06-26T17:12:04.269791Z vfio_region_write  (0000:09:00.0:region0+0x8214, 0x0, 4)
2026-06-26T17:12:04.269804Z vfio_region_write  (0000:09:00.0:region0+0x8218, 0x0, 4)
2026-06-26T17:12:04.269817Z vfio_region_write  (0000:09:00.0:region0+0x821c, 0x0, 4)
2026-06-26T17:12:04.269839Z vfio_region_write  (0000:09:00.0:region0+0x8220, 0x0, 4)
2026-06-26T17:12:04.269853Z vfio_region_write  (0000:09:00.0:region0+0x8224, 0x0, 4)
2026-06-26T17:12:04.269866Z vfio_region_write  (0000:09:00.0:region0+0x8228, 0x0, 4)
2026-06-26T17:12:04.269878Z vfio_region_write  (0000:09:00.0:region0+0x822c, 0x0, 4)
2026-06-26T17:12:04.269892Z vfio_region_write  (0000:09:00.0:region0+0x8230, 0x0, 4)
2026-06-26T17:12:04.269905Z vfio_region_write  (0000:09:00.0:region0+0x8234, 0x0, 4)
2026-06-26T17:12:04.269919Z vfio_region_write  (0000:09:00.0:region0+0x8238, 0x0, 4)
2026-06-26T17:12:04.269939Z vfio_region_write  (0000:09:00.0:region0+0x823c, 0x0, 4)
2026-06-26T17:12:04.269953Z vfio_region_write  (0000:09:00.0:region0+0x8240, 0x0, 4)
2026-06-26T17:12:04.269966Z vfio_region_write  (0000:09:00.0:region0+0x8244, 0x0, 4)
2026-06-26T17:12:04.269980Z vfio_region_write  (0000:09:00.0:region0+0x8248, 0x0, 4)
2026-06-26T17:12:04.269994Z vfio_region_write  (0000:09:00.0:region0+0x824c, 0x0, 4)
2026-06-26T17:12:04.270007Z vfio_region_write  (0000:09:00.0:region0+0x8250, 0x0, 4)
2026-06-26T17:12:04.270020Z vfio_region_write  (0000:09:00.0:region0+0x8254, 0x0, 4)
2026-06-26T17:12:04.270033Z vfio_region_write  (0000:09:00.0:region0+0x8258, 0x0, 4)
2026-06-26T17:12:04.270046Z vfio_region_write  (0000:09:00.0:region0+0x825c, 0x0, 4)
2026-06-26T17:12:04.270059Z vfio_region_write  (0000:09:00.0:region0+0x8260, 0x0, 4)
2026-06-26T17:12:04.270072Z vfio_region_write  (0000:09:00.0:region0+0x8264, 0x0, 4)
2026-06-26T17:12:04.270084Z vfio_region_write  (0000:09:00.0:region0+0x8268, 0x0, 4)
2026-06-26T17:12:04.270097Z vfio_region_write  (0000:09:00.0:region0+0x826c, 0x0, 4)
2026-06-26T17:12:04.270110Z vfio_region_write  (0000:09:00.0:region0+0x8270, 0x0, 4)
2026-06-26T17:12:04.270123Z vfio_region_write  (0000:09:00.0:region0+0x8274, 0x0, 4)
2026-06-26T17:12:04.270136Z vfio_region_write  (0000:09:00.0:region0+0x8278, 0x0, 4)
2026-06-26T17:12:04.270149Z vfio_region_write  (0000:09:00.0:region0+0x827c, 0x0, 4)
2026-06-26T17:12:04.270162Z vfio_region_write  (0000:09:00.0:region0+0x8280, 0x0, 4)
2026-06-26T17:12:04.270175Z vfio_region_write  (0000:09:00.0:region0+0x8284, 0x0, 4)
2026-06-26T17:12:04.270188Z vfio_region_write  (0000:09:00.0:region0+0x8288, 0x0, 4)
2026-06-26T17:12:04.270201Z vfio_region_write  (0000:09:00.0:region0+0x828c, 0x0, 4)
2026-06-26T17:12:04.270215Z vfio_region_write  (0000:09:00.0:region0+0x8290, 0x0, 4)
2026-06-26T17:12:04.270228Z vfio_region_write  (0000:09:00.0:region0+0x8294, 0x0, 4)
2026-06-26T17:12:04.270241Z vfio_region_write  (0000:09:00.0:region0+0x8298, 0x0, 4)
2026-06-26T17:12:04.270255Z vfio_region_write  (0000:09:00.0:region0+0x829c, 0x0, 4)
2026-06-26T17:12:04.270268Z vfio_region_write  (0000:09:00.0:region0+0x82a0, 0x0, 4)
2026-06-26T17:12:04.270281Z vfio_region_write  (0000:09:00.0:region0+0x82a4, 0x0, 4)
2026-06-26T17:12:04.270295Z vfio_region_write  (0000:09:00.0:region0+0x82a8, 0x0, 4)
2026-06-26T17:12:04.270308Z vfio_region_write  (0000:09:00.0:region0+0x82ac, 0x0, 4)
2026-06-26T17:12:04.270322Z vfio_region_write  (0000:09:00.0:region0+0x82b0, 0x0, 4)
2026-06-26T17:12:04.270335Z vfio_region_write  (0000:09:00.0:region0+0x82b4, 0x0, 4)
2026-06-26T17:12:04.270348Z vfio_region_write  (0000:09:00.0:region0+0x82b8, 0x0, 4)
2026-06-26T17:12:04.270361Z vfio_region_write  (0000:09:00.0:region0+0x82bc, 0x0, 4)
2026-06-26T17:12:04.270374Z vfio_region_write  (0000:09:00.0:region0+0x82c0, 0x0, 4)
2026-06-26T17:12:04.270389Z vfio_region_write  (0000:09:00.0:region0+0x82c4, 0x0, 4)
2026-06-26T17:12:04.270402Z vfio_region_write  (0000:09:00.0:region0+0x82c8, 0x0, 4)
2026-06-26T17:12:04.270416Z vfio_region_write  (0000:09:00.0:region0+0x82cc, 0x0, 4)
2026-06-26T17:12:04.270428Z vfio_region_write  (0000:09:00.0:region0+0x82d0, 0x0, 4)
2026-06-26T17:12:04.270441Z vfio_region_write  (0000:09:00.0:region0+0x82d4, 0x0, 4)
2026-06-26T17:12:04.270454Z vfio_region_write  (0000:09:00.0:region0+0x82d8, 0x0, 4)
2026-06-26T17:12:04.270467Z vfio_region_write  (0000:09:00.0:region0+0x82dc, 0x0, 4)
2026-06-26T17:12:04.270482Z vfio_region_write  (0000:09:00.0:region0+0x82e0, 0x0, 4)
2026-06-26T17:12:04.270495Z vfio_region_write  (0000:09:00.0:region0+0x82e4, 0x0, 4)
2026-06-26T17:12:04.270508Z vfio_region_write  (0000:09:00.0:region0+0x82e8, 0x0, 4)
2026-06-26T17:12:04.270521Z vfio_region_write  (0000:09:00.0:region0+0x82ec, 0x0, 4)
2026-06-26T17:12:04.270535Z vfio_region_write  (0000:09:00.0:region0+0x82f0, 0x0, 4)
2026-06-26T17:12:04.270548Z vfio_region_write  (0000:09:00.0:region0+0x82f4, 0x0, 4)
2026-06-26T17:12:04.270562Z vfio_region_write  (0000:09:00.0:region0+0x82f8, 0x0, 4)
2026-06-26T17:12:04.270575Z vfio_region_write  (0000:09:00.0:region0+0x82fc, 0x0, 4)
2026-06-26T17:12:04.270588Z vfio_region_write  (0000:09:00.0:region0+0x8300, 0x0, 4)
2026-06-26T17:12:04.270602Z vfio_region_write  (0000:09:00.0:region0+0x8304, 0x0, 4)
2026-06-26T17:12:04.270615Z vfio_region_write  (0000:09:00.0:region0+0x8308, 0x0, 4)
2026-06-26T17:12:04.270628Z vfio_region_write  (0000:09:00.0:region0+0x830c, 0x0, 4)
2026-06-26T17:12:04.270642Z vfio_region_write  (0000:09:00.0:region0+0x8310, 0x0, 4)
2026-06-26T17:12:04.270655Z vfio_region_write  (0000:09:00.0:region0+0x8314, 0x0, 4)
2026-06-26T17:12:04.270670Z vfio_region_write  (0000:09:00.0:region0+0x8318, 0x0, 4)
2026-06-26T17:12:04.270683Z vfio_region_write  (0000:09:00.0:region0+0x831c, 0x0, 4)
2026-06-26T17:12:04.270696Z vfio_region_write  (0000:09:00.0:region0+0x8320, 0x0, 4)
2026-06-26T17:12:04.270709Z vfio_region_write  (0000:09:00.0:region0+0x8324, 0x0, 4)
2026-06-26T17:12:04.270725Z vfio_region_write  (0000:09:00.0:region0+0x8328, 0x0, 4)
2026-06-26T17:12:04.270741Z vfio_region_write  (0000:09:00.0:region0+0x832c, 0x0, 4)
2026-06-26T17:12:04.270755Z vfio_region_write  (0000:09:00.0:region0+0x8330, 0x0, 4)
2026-06-26T17:12:04.270771Z vfio_region_write  (0000:09:00.0:region0+0x8334, 0x0, 4)
2026-06-26T17:12:04.270786Z vfio_region_write  (0000:09:00.0:region0+0x8338, 0x0, 4)
2026-06-26T17:12:04.270802Z vfio_region_write  (0000:09:00.0:region0+0x833c, 0x0, 4)
2026-06-26T17:12:04.270817Z vfio_region_write  (0000:09:00.0:region0+0x8340, 0x0, 4)
2026-06-26T17:12:04.270838Z vfio_region_write  (0000:09:00.0:region0+0x8344, 0x0, 4)
2026-06-26T17:12:04.270854Z vfio_region_write  (0000:09:00.0:region0+0x8348, 0x0, 4)
2026-06-26T17:12:04.270868Z vfio_region_write  (0000:09:00.0:region0+0x834c, 0x0, 4)
2026-06-26T17:12:04.270883Z vfio_region_write  (0000:09:00.0:region0+0x8350, 0x0, 4)
2026-06-26T17:12:04.270898Z vfio_region_write  (0000:09:00.0:region0+0x8354, 0x0, 4)
2026-06-26T17:12:04.270915Z vfio_region_write  (0000:09:00.0:region0+0x8358, 0x0, 4)
2026-06-26T17:12:04.270941Z vfio_region_write  (0000:09:00.0:region0+0x835c, 0x0, 4)
2026-06-26T17:12:04.270956Z vfio_region_write  (0000:09:00.0:region0+0x8360, 0x0, 4)
2026-06-26T17:12:04.270969Z vfio_region_write  (0000:09:00.0:region0+0x8364, 0x0, 4)
2026-06-26T17:12:04.270985Z vfio_region_write  (0000:09:00.0:region0+0x8368, 0x0, 4)
2026-06-26T17:12:04.271000Z vfio_region_write  (0000:09:00.0:region0+0x836c, 0x0, 4)
2026-06-26T17:12:04.271015Z vfio_region_write  (0000:09:00.0:region0+0x8370, 0x0, 4)
2026-06-26T17:12:04.271029Z vfio_region_write  (0000:09:00.0:region0+0x8374, 0x0, 4)
2026-06-26T17:12:04.271045Z vfio_region_write  (0000:09:00.0:region0+0x8378, 0x0, 4)
2026-06-26T17:12:04.271062Z vfio_region_write  (0000:09:00.0:region0+0x837c, 0x0, 4)
2026-06-26T17:12:04.271075Z vfio_region_write  (0000:09:00.0:region0+0x8380, 0x0, 4)
2026-06-26T17:12:04.271092Z vfio_region_write  (0000:09:00.0:region0+0x8384, 0x0, 4)
2026-06-26T17:12:04.271106Z vfio_region_write  (0000:09:00.0:region0+0x8388, 0x0, 4)
2026-06-26T17:12:04.271119Z vfio_region_write  (0000:09:00.0:region0+0x838c, 0x0, 4)
2026-06-26T17:12:04.271132Z vfio_region_write  (0000:09:00.0:region0+0x8390, 0x0, 4)
2026-06-26T17:12:04.271146Z vfio_region_write  (0000:09:00.0:region0+0x8394, 0x0, 4)
2026-06-26T17:12:04.271161Z vfio_region_write  (0000:09:00.0:region0+0x8398, 0x0, 4)
2026-06-26T17:12:04.271174Z vfio_region_write  (0000:09:00.0:region0+0x839c, 0x0, 4)
2026-06-26T17:12:04.271187Z vfio_region_write  (0000:09:00.0:region0+0x83a0, 0x0, 4)
2026-06-26T17:12:04.271200Z vfio_region_write  (0000:09:00.0:region0+0x83a4, 0x0, 4)
2026-06-26T17:12:04.271213Z vfio_region_write  (0000:09:00.0:region0+0x83a8, 0x0, 4)
2026-06-26T17:12:04.271226Z vfio_region_write  (0000:09:00.0:region0+0x83ac, 0x0, 4)
2026-06-26T17:12:04.271240Z vfio_region_write  (0000:09:00.0:region0+0x83b0, 0x0, 4)
2026-06-26T17:12:04.271253Z vfio_region_write  (0000:09:00.0:region0+0x83b4, 0x0, 4)
2026-06-26T17:12:04.271267Z vfio_region_write  (0000:09:00.0:region0+0x83b8, 0x0, 4)
2026-06-26T17:12:04.271280Z vfio_region_write  (0000:09:00.0:region0+0x83bc, 0x0, 4)
2026-06-26T17:12:04.271294Z vfio_region_write  (0000:09:00.0:region0+0x83c0, 0x0, 4)
2026-06-26T17:12:04.271308Z vfio_region_write  (0000:09:00.0:region0+0x83c4, 0x0, 4)
2026-06-26T17:12:04.271322Z vfio_region_write  (0000:09:00.0:region0+0x83c8, 0x0, 4)
2026-06-26T17:12:04.271335Z vfio_region_write  (0000:09:00.0:region0+0x83cc, 0x0, 4)
2026-06-26T17:12:04.271349Z vfio_region_write  (0000:09:00.0:region0+0x83d0, 0x0, 4)
2026-06-26T17:12:04.271362Z vfio_region_write  (0000:09:00.0:region0+0x83d4, 0x0, 4)
2026-06-26T17:12:04.271376Z vfio_region_write  (0000:09:00.0:region0+0x83d8, 0x0, 4)
2026-06-26T17:12:04.271389Z vfio_region_write  (0000:09:00.0:region0+0x83dc, 0x0, 4)
2026-06-26T17:12:04.271403Z vfio_region_write  (0000:09:00.0:region0+0x83e0, 0x0, 4)
2026-06-26T17:12:04.271417Z vfio_region_write  (0000:09:00.0:region0+0x83e4, 0x0, 4)
2026-06-26T17:12:04.271431Z vfio_region_write  (0000:09:00.0:region0+0x83e8, 0x0, 4)
2026-06-26T17:12:04.271444Z vfio_region_write  (0000:09:00.0:region0+0x83ec, 0x0, 4)
2026-06-26T17:12:04.271457Z vfio_region_write  (0000:09:00.0:region0+0x83f0, 0x0, 4)
2026-06-26T17:12:04.271471Z vfio_region_write  (0000:09:00.0:region0+0x83f4, 0x0, 4)
2026-06-26T17:12:04.271484Z vfio_region_write  (0000:09:00.0:region0+0x83f8, 0x0, 4)
2026-06-26T17:12:04.271498Z vfio_region_write  (0000:09:00.0:region0+0x83fc, 0x0, 4)
2026-06-26T17:12:04.271512Z vfio_region_write  (0000:09:00.0:region0+0x8400, 0x0, 4)
2026-06-26T17:12:04.271526Z vfio_region_write  (0000:09:00.0:region0+0x8404, 0x0, 4)
2026-06-26T17:12:04.271539Z vfio_region_write  (0000:09:00.0:region0+0x8408, 0x0, 4)
2026-06-26T17:12:04.271553Z vfio_region_write  (0000:09:00.0:region0+0x840c, 0x0, 4)
2026-06-26T17:12:04.271566Z vfio_region_write  (0000:09:00.0:region0+0x8410, 0x0, 4)
2026-06-26T17:12:04.271580Z vfio_region_write  (0000:09:00.0:region0+0x8414, 0x0, 4)
2026-06-26T17:12:04.271593Z vfio_region_write  (0000:09:00.0:region0+0x8418, 0x0, 4)
2026-06-26T17:12:04.271608Z vfio_region_write  (0000:09:00.0:region0+0x841c, 0x0, 4)
2026-06-26T17:12:04.271621Z vfio_region_write  (0000:09:00.0:region0+0x8420, 0x0, 4)
2026-06-26T17:12:04.271635Z vfio_region_write  (0000:09:00.0:region0+0x8424, 0x0, 4)
2026-06-26T17:12:04.271648Z vfio_region_write  (0000:09:00.0:region0+0x8428, 0x0, 4)
2026-06-26T17:12:04.271662Z vfio_region_write  (0000:09:00.0:region0+0x842c, 0x0, 4)
2026-06-26T17:12:04.271676Z vfio_region_write  (0000:09:00.0:region0+0x408, 0x1, 4)
2026-06-26T17:12:04.271910Z vfio_region_read  (0000:09:00.0:region0+0x100, 4) = 0x20000000
2026-06-26T17:12:04.271940Z vfio_region_read  (0000:09:00.0:region0+0x300, 4) = 0x0
2026-06-26T17:12:04.271959Z vfio_region_read  (0000:09:00.0:region0+0x200, 4) = 0x0
2026-06-26T17:12:04.271978Z vfio_region_read  (0000:09:00.0:region0+0x400, 4) = 0x1
2026-06-26T17:12:04.271996Z vfio_region_read  (0000:09:00.0:region0+0x500, 4) = 0xff0000
2026-06-26T17:12:04.272174Z vfio_region_read  (0000:09:00.0:region0+0x100, 4) = 0x20000000
2026-06-26T17:12:04.272194Z vfio_region_read  (0000:09:00.0:region0+0x300, 4) = 0x0
2026-06-26T17:12:04.272212Z vfio_region_read  (0000:09:00.0:region0+0x200, 4) = 0x0
2026-06-26T17:12:04.272231Z vfio_region_read  (0000:09:00.0:region0+0x400, 4) = 0x2
2026-06-26T17:12:04.272249Z vfio_region_read  (0000:09:00.0:region0+0x500, 4) = 0xff0000
2026-06-26T17:12:04.272288Z vfio_region_write  (0000:09:00.0:region0+0x408, 0x2, 4)
2026-06-26T17:12:04.272318Z vfio_region_write  (0000:09:00.0:region0+0x8020, 0x80800001, 4)
2026-06-26T17:12:04.272333Z vfio_region_write  (0000:09:00.0:region0+0x8024, 0x6a0400, 4)
2026-06-26T17:12:04.272346Z vfio_region_write  (0000:09:00.0:region0+0x8028, 0x0, 4)
2026-06-26T17:12:04.272360Z vfio_region_write  (0000:09:00.0:region0+0x802c, 0x0, 4)
2026-06-26T17:12:04.272374Z vfio_region_write  (0000:09:00.0:region0+0x8030, 0x1898, 4)
2026-06-26T17:12:04.272388Z vfio_region_write  (0000:09:00.0:region0+0x8034, 0x3f8, 4)
2026-06-26T17:12:04.272402Z vfio_region_write  (0000:09:00.0:region0+0x8038, 0x0, 4)
2026-06-26T17:12:04.272416Z vfio_region_write  (0000:09:00.0:region0+0x803c, 0x0, 4)
2026-06-26T17:12:04.272429Z vfio_region_write  (0000:09:00.0:region0+0x8040, 0x0, 4)
2026-06-26T17:12:04.272444Z vfio_region_write  (0000:09:00.0:region0+0x8044, 0x0, 4)
2026-06-26T17:12:04.272458Z vfio_region_write  (0000:09:00.0:region0+0x8048, 0x0, 4)
2026-06-26T17:12:04.272471Z vfio_region_write  (0000:09:00.0:region0+0x804c, 0x0, 4)
2026-06-26T17:12:04.272485Z vfio_region_write  (0000:09:00.0:region0+0x8050, 0x0, 4)
2026-06-26T17:12:04.272498Z vfio_region_write  (0000:09:00.0:region0+0x8054, 0x0, 4)
2026-06-26T17:12:04.272511Z vfio_region_write  (0000:09:00.0:region0+0x8058, 0x0, 4)
2026-06-26T17:12:04.272524Z vfio_region_write  (0000:09:00.0:region0+0x805c, 0x0, 4)
2026-06-26T17:12:04.272537Z vfio_region_write  (0000:09:00.0:region0+0x8060, 0x0, 4)
2026-06-26T17:12:04.272551Z vfio_region_write  (0000:09:00.0:region0+0x8064, 0x0, 4)
2026-06-26T17:12:04.272565Z vfio_region_write  (0000:09:00.0:region0+0x8068, 0x0, 4)
2026-06-26T17:12:04.272579Z vfio_region_write  (0000:09:00.0:region0+0x806c, 0x0, 4)
2026-06-26T17:12:04.272592Z vfio_region_write  (0000:09:00.0:region0+0x8070, 0x0, 4)
2026-06-26T17:12:04.272606Z vfio_region_write  (0000:09:00.0:region0+0x8074, 0x0, 4)
2026-06-26T17:12:04.272620Z vfio_region_write  (0000:09:00.0:region0+0x8078, 0x0, 4)
2026-06-26T17:12:04.272633Z vfio_region_write  (0000:09:00.0:region0+0x807c, 0x0, 4)
2026-06-26T17:12:04.272647Z vfio_region_write  (0000:09:00.0:region0+0x8080, 0x0, 4)
2026-06-26T17:12:04.272661Z vfio_region_write  (0000:09:00.0:region0+0x8084, 0x0, 4)
2026-06-26T17:12:04.272676Z vfio_region_write  (0000:09:00.0:region0+0x8088, 0x0, 4)
2026-06-26T17:12:04.272689Z vfio_region_write  (0000:09:00.0:region0+0x808c, 0x0, 4)
2026-06-26T17:12:04.272702Z vfio_region_write  (0000:09:00.0:region0+0x8090, 0x0, 4)
2026-06-26T17:12:04.272715Z vfio_region_write  (0000:09:00.0:region0+0x8094, 0x0, 4)
2026-06-26T17:12:04.272728Z vfio_region_write  (0000:09:00.0:region0+0x8098, 0x0, 4)
2026-06-26T17:12:04.272741Z vfio_region_write  (0000:09:00.0:region0+0x809c, 0x0, 4)
2026-06-26T17:12:04.272755Z vfio_region_write  (0000:09:00.0:region0+0x80a0, 0x0, 4)
2026-06-26T17:12:04.272768Z vfio_region_write  (0000:09:00.0:region0+0x80a4, 0x0, 4)
2026-06-26T17:12:04.272782Z vfio_region_write  (0000:09:00.0:region0+0x80a8, 0x0, 4)
2026-06-26T17:12:04.272795Z vfio_region_write  (0000:09:00.0:region0+0x80ac, 0x0, 4)
2026-06-26T17:12:04.272808Z vfio_region_write  (0000:09:00.0:region0+0x80b0, 0x0, 4)
2026-06-26T17:12:04.272828Z vfio_region_write  (0000:09:00.0:region0+0x80b4, 0x0, 4)
2026-06-26T17:12:04.272842Z vfio_region_write  (0000:09:00.0:region0+0x80b8, 0x0, 4)
2026-06-26T17:12:04.272855Z vfio_region_write  (0000:09:00.0:region0+0x80bc, 0x0, 4)
2026-06-26T17:12:04.272868Z vfio_region_write  (0000:09:00.0:region0+0x80c0, 0x0, 4)
2026-06-26T17:12:04.272880Z vfio_region_write  (0000:09:00.0:region0+0x80c4, 0x0, 4)
2026-06-26T17:12:04.272892Z vfio_region_write  (0000:09:00.0:region0+0x80c8, 0x0, 4)
2026-06-26T17:12:04.272905Z vfio_region_write  (0000:09:00.0:region0+0x80cc, 0x0, 4)
2026-06-26T17:12:04.272918Z vfio_region_write  (0000:09:00.0:region0+0x80d0, 0x0, 4)
2026-06-26T17:12:04.272938Z vfio_region_write  (0000:09:00.0:region0+0x80d4, 0x0, 4)
2026-06-26T17:12:04.272952Z vfio_region_write  (0000:09:00.0:region0+0x80d8, 0x0, 4)
2026-06-26T17:12:04.272964Z vfio_region_write  (0000:09:00.0:region0+0x80dc, 0x0, 4)
2026-06-26T17:12:04.272979Z vfio_region_write  (0000:09:00.0:region0+0x80e0, 0x0, 4)
2026-06-26T17:12:04.272991Z vfio_region_write  (0000:09:00.0:region0+0x80e4, 0x0, 4)
2026-06-26T17:12:04.273004Z vfio_region_write  (0000:09:00.0:region0+0x80e8, 0x0, 4)
2026-06-26T17:12:04.273016Z vfio_region_write  (0000:09:00.0:region0+0x80ec, 0x0, 4)
2026-06-26T17:12:04.273031Z vfio_region_write  (0000:09:00.0:region0+0x80f0, 0x0, 4)
2026-06-26T17:12:04.273044Z vfio_region_write  (0000:09:00.0:region0+0x80f4, 0x0, 4)
2026-06-26T17:12:04.273056Z vfio_region_write  (0000:09:00.0:region0+0x80f8, 0x0, 4)
2026-06-26T17:12:04.273069Z vfio_region_write  (0000:09:00.0:region0+0x80fc, 0x0, 4)
2026-06-26T17:12:04.273081Z vfio_region_write  (0000:09:00.0:region0+0x8100, 0x0, 4)
2026-06-26T17:12:04.273095Z vfio_region_write  (0000:09:00.0:region0+0x8104, 0x0, 4)
2026-06-26T17:12:04.273108Z vfio_region_write  (0000:09:00.0:region0+0x8108, 0x0, 4)
2026-06-26T17:12:04.273123Z vfio_region_write  (0000:09:00.0:region0+0x810c, 0x0, 4)
2026-06-26T17:12:04.273135Z vfio_region_write  (0000:09:00.0:region0+0x8110, 0x0, 4)
2026-06-26T17:12:04.273147Z vfio_region_write  (0000:09:00.0:region0+0x8114, 0x0, 4)
2026-06-26T17:12:04.273160Z vfio_region_write  (0000:09:00.0:region0+0x8118, 0x0, 4)
2026-06-26T17:12:04.273172Z vfio_region_write  (0000:09:00.0:region0+0x811c, 0x0, 4)
2026-06-26T17:12:04.273187Z vfio_region_write  (0000:09:00.0:region0+0x8120, 0x0, 4)
2026-06-26T17:12:04.273199Z vfio_region_write  (0000:09:00.0:region0+0x8124, 0x0, 4)
2026-06-26T17:12:04.273212Z vfio_region_write  (0000:09:00.0:region0+0x8128, 0x0, 4)
2026-06-26T17:12:04.273224Z vfio_region_write  (0000:09:00.0:region0+0x812c, 0x0, 4)
2026-06-26T17:12:04.273237Z vfio_region_write  (0000:09:00.0:region0+0x8130, 0x0, 4)
2026-06-26T17:12:04.273251Z vfio_region_write  (0000:09:00.0:region0+0x8134, 0x0, 4)
2026-06-26T17:12:04.273263Z vfio_region_write  (0000:09:00.0:region0+0x8138, 0x0, 4)
2026-06-26T17:12:04.273278Z vfio_region_write  (0000:09:00.0:region0+0x813c, 0x0, 4)
2026-06-26T17:12:04.273290Z vfio_region_write  (0000:09:00.0:region0+0x8140, 0x0, 4)
2026-06-26T17:12:04.273303Z vfio_region_write  (0000:09:00.0:region0+0x8144, 0x0, 4)
2026-06-26T17:12:04.273315Z vfio_region_write  (0000:09:00.0:region0+0x8148, 0x0, 4)
2026-06-26T17:12:04.273327Z vfio_region_write  (0000:09:00.0:region0+0x814c, 0x0, 4)
2026-06-26T17:12:04.273342Z vfio_region_write  (0000:09:00.0:region0+0x8150, 0x0, 4)
2026-06-26T17:12:04.273354Z vfio_region_write  (0000:09:00.0:region0+0x8154, 0x0, 4)
2026-06-26T17:12:04.273369Z vfio_region_write  (0000:09:00.0:region0+0x8158, 0x0, 4)
2026-06-26T17:12:04.273381Z vfio_region_write  (0000:09:00.0:region0+0x815c, 0x0, 4)
2026-06-26T17:12:04.273393Z vfio_region_write  (0000:09:00.0:region0+0x8160, 0x0, 4)
2026-06-26T17:12:04.273406Z vfio_region_write  (0000:09:00.0:region0+0x8164, 0x0, 4)
2026-06-26T17:12:04.273421Z vfio_region_write  (0000:09:00.0:region0+0x8168, 0x0, 4)
2026-06-26T17:12:04.273433Z vfio_region_write  (0000:09:00.0:region0+0x816c, 0x0, 4)
2026-06-26T17:12:04.273447Z vfio_region_write  (0000:09:00.0:region0+0x8170, 0x0, 4)
2026-06-26T17:12:04.273460Z vfio_region_write  (0000:09:00.0:region0+0x8174, 0x3c0002, 4)
2026-06-26T17:12:04.273474Z vfio_region_write  (0000:09:00.0:region0+0x8178, 0x0, 4)
2026-06-26T17:12:04.273487Z vfio_region_write  (0000:09:00.0:region0+0x817c, 0x0, 4)
2026-06-26T17:12:04.273501Z vfio_region_write  (0000:09:00.0:region0+0x8180, 0x0, 4)
2026-06-26T17:12:04.273514Z vfio_region_write  (0000:09:00.0:region0+0x8184, 0x0, 4)
2026-06-26T17:12:04.273528Z vfio_region_write  (0000:09:00.0:region0+0x8188, 0x0, 4)
2026-06-26T17:12:04.273541Z vfio_region_write  (0000:09:00.0:region0+0x818c, 0x0, 4)
2026-06-26T17:12:04.273553Z vfio_region_write  (0000:09:00.0:region0+0x8190, 0x0, 4)
2026-06-26T17:12:04.273565Z vfio_region_write  (0000:09:00.0:region0+0x8194, 0x0, 4)
2026-06-26T17:12:04.273578Z vfio_region_write  (0000:09:00.0:region0+0x8198, 0x0, 4)
2026-06-26T17:12:04.273590Z vfio_region_write  (0000:09:00.0:region0+0x819c, 0x0, 4)
2026-06-26T17:12:04.273602Z vfio_region_write  (0000:09:00.0:region0+0x81a0, 0x0, 4)
2026-06-26T17:12:04.273615Z vfio_region_write  (0000:09:00.0:region0+0x81a4, 0x0, 4)
2026-06-26T17:12:04.273629Z vfio_region_write  (0000:09:00.0:region0+0x81a8, 0x0, 4)
2026-06-26T17:12:04.273642Z vfio_region_write  (0000:09:00.0:region0+0x81ac, 0x0, 4)
2026-06-26T17:12:04.273654Z vfio_region_write  (0000:09:00.0:region0+0x81b0, 0x0, 4)
2026-06-26T17:12:04.273668Z vfio_region_write  (0000:09:00.0:region0+0x81b4, 0x0, 4)
2026-06-26T17:12:04.273681Z vfio_region_write  (0000:09:00.0:region0+0x81b8, 0x0, 4)
2026-06-26T17:12:04.273693Z vfio_region_write  (0000:09:00.0:region0+0x81bc, 0x0, 4)
2026-06-26T17:12:04.273707Z vfio_region_write  (0000:09:00.0:region0+0x81c0, 0x0, 4)
2026-06-26T17:12:04.273720Z vfio_region_write  (0000:09:00.0:region0+0x81c4, 0x0, 4)
2026-06-26T17:12:04.273733Z vfio_region_write  (0000:09:00.0:region0+0x81c8, 0x0, 4)
2026-06-26T17:12:04.273745Z vfio_region_write  (0000:09:00.0:region0+0x81cc, 0x0, 4)
2026-06-26T17:12:04.273759Z vfio_region_write  (0000:09:00.0:region0+0x81d0, 0x0, 4)
2026-06-26T17:12:04.273771Z vfio_region_write  (0000:09:00.0:region0+0x81d4, 0x0, 4)
2026-06-26T17:12:04.273784Z vfio_region_write  (0000:09:00.0:region0+0x81d8, 0x0, 4)
2026-06-26T17:12:04.273797Z vfio_region_write  (0000:09:00.0:region0+0x81dc, 0x0, 4)
2026-06-26T17:12:04.273810Z vfio_region_write  (0000:09:00.0:region0+0x81e0, 0x0, 4)
2026-06-26T17:12:04.273828Z vfio_region_write  (0000:09:00.0:region0+0x81e4, 0x0, 4)
2026-06-26T17:12:04.273842Z vfio_region_write  (0000:09:00.0:region0+0x81e8, 0xcdb0c699, 4)
2026-06-26T17:12:04.273854Z vfio_region_write  (0000:09:00.0:region0+0x81ec, 0x0, 4)
2026-06-26T17:12:04.273867Z vfio_region_write  (0000:09:00.0:region0+0x81f0, 0x0, 4)
2026-06-26T17:12:04.273880Z vfio_region_write  (0000:09:00.0:region0+0x81f4, 0x0, 4)
2026-06-26T17:12:04.273893Z vfio_region_write  (0000:09:00.0:region0+0x81f8, 0x0, 4)
2026-06-26T17:12:04.273905Z vfio_region_write  (0000:09:00.0:region0+0x81fc, 0x0, 4)
2026-06-26T17:12:04.273927Z vfio_region_write  (0000:09:00.0:region0+0x8200, 0x0, 4)
2026-06-26T17:12:04.273941Z vfio_region_write  (0000:09:00.0:region0+0x8204, 0x0, 4)
2026-06-26T17:12:04.273954Z vfio_region_write  (0000:09:00.0:region0+0x8208, 0x0, 4)
2026-06-26T17:12:04.273967Z vfio_region_write  (0000:09:00.0:region0+0x820c, 0x0, 4)
2026-06-26T17:12:04.273980Z vfio_region_write  (0000:09:00.0:region0+0x8210, 0x0, 4)
2026-06-26T17:12:04.273993Z vfio_region_write  (0000:09:00.0:region0+0x8214, 0x0, 4)
2026-06-26T17:12:04.274006Z vfio_region_write  (0000:09:00.0:region0+0x8218, 0x0, 4)
2026-06-26T17:12:04.274019Z vfio_region_write  (0000:09:00.0:region0+0x821c, 0x0, 4)
2026-06-26T17:12:04.274032Z vfio_region_write  (0000:09:00.0:region0+0x8220, 0x0, 4)
2026-06-26T17:12:04.274045Z vfio_region_write  (0000:09:00.0:region0+0x8224, 0x0, 4)
2026-06-26T17:12:04.274058Z vfio_region_write  (0000:09:00.0:region0+0x8228, 0x0, 4)
2026-06-26T17:12:04.274071Z vfio_region_write  (0000:09:00.0:region0+0x822c, 0x0, 4)
2026-06-26T17:12:04.274084Z vfio_region_write  (0000:09:00.0:region0+0x8230, 0x0, 4)
2026-06-26T17:12:04.274097Z vfio_region_write  (0000:09:00.0:region0+0x8234, 0x0, 4)
2026-06-26T17:12:04.274111Z vfio_region_write  (0000:09:00.0:region0+0x8238, 0x0, 4)
2026-06-26T17:12:04.274125Z vfio_region_write  (0000:09:00.0:region0+0x823c, 0x0, 4)
2026-06-26T17:12:04.274139Z vfio_region_write  (0000:09:00.0:region0+0x8240, 0x0, 4)
2026-06-26T17:12:04.274153Z vfio_region_write  (0000:09:00.0:region0+0x8244, 0x0, 4)
2026-06-26T17:12:04.274167Z vfio_region_write  (0000:09:00.0:region0+0x8248, 0x0, 4)
2026-06-26T17:12:04.274181Z vfio_region_write  (0000:09:00.0:region0+0x824c, 0x0, 4)
2026-06-26T17:12:04.274195Z vfio_region_write  (0000:09:00.0:region0+0x8250, 0x0, 4)
2026-06-26T17:12:04.274207Z vfio_region_write  (0000:09:00.0:region0+0x8254, 0x0, 4)
2026-06-26T17:12:04.274220Z vfio_region_write  (0000:09:00.0:region0+0x8258, 0x0, 4)
2026-06-26T17:12:04.274233Z vfio_region_write  (0000:09:00.0:region0+0x825c, 0x0, 4)
2026-06-26T17:12:04.274245Z vfio_region_write  (0000:09:00.0:region0+0x8260, 0x0, 4)
2026-06-26T17:12:04.274258Z vfio_region_write  (0000:09:00.0:region0+0x8264, 0x0, 4)
2026-06-26T17:12:04.274271Z vfio_region_write  (0000:09:00.0:region0+0x8268, 0x0, 4)
2026-06-26T17:12:04.274284Z vfio_region_write  (0000:09:00.0:region0+0x826c, 0x0, 4)
2026-06-26T17:12:04.274297Z vfio_region_write  (0000:09:00.0:region0+0x8270, 0x0, 4)
2026-06-26T17:12:04.274310Z vfio_region_write  (0000:09:00.0:region0+0x8274, 0x0, 4)
2026-06-26T17:12:04.274323Z vfio_region_write  (0000:09:00.0:region0+0x8278, 0x0, 4)
2026-06-26T17:12:04.274336Z vfio_region_write  (0000:09:00.0:region0+0x827c, 0x0, 4)
2026-06-26T17:12:04.274349Z vfio_region_write  (0000:09:00.0:region0+0x8280, 0x0, 4)
2026-06-26T17:12:04.274362Z vfio_region_write  (0000:09:00.0:region0+0x8284, 0x0, 4)
2026-06-26T17:12:04.274375Z vfio_region_write  (0000:09:00.0:region0+0x8288, 0x0, 4)
2026-06-26T17:12:04.274388Z vfio_region_write  (0000:09:00.0:region0+0x828c, 0x0, 4)
2026-06-26T17:12:04.274401Z vfio_region_write  (0000:09:00.0:region0+0x8290, 0x0, 4)
2026-06-26T17:12:04.274414Z vfio_region_write  (0000:09:00.0:region0+0x8294, 0x0, 4)
2026-06-26T17:12:04.274427Z vfio_region_write  (0000:09:00.0:region0+0x8298, 0x0, 4)
2026-06-26T17:12:04.274440Z vfio_region_write  (0000:09:00.0:region0+0x829c, 0x0, 4)
2026-06-26T17:12:04.274454Z vfio_region_write  (0000:09:00.0:region0+0x82a0, 0x0, 4)
2026-06-26T17:12:04.274468Z vfio_region_write  (0000:09:00.0:region0+0x82a4, 0x0, 4)
2026-06-26T17:12:04.274482Z vfio_region_write  (0000:09:00.0:region0+0x82a8, 0x0, 4)
2026-06-26T17:12:04.274495Z vfio_region_write  (0000:09:00.0:region0+0x82ac, 0x0, 4)
2026-06-26T17:12:04.274509Z vfio_region_write  (0000:09:00.0:region0+0x82b0, 0x0, 4)
2026-06-26T17:12:04.274522Z vfio_region_write  (0000:09:00.0:region0+0x82b4, 0x0, 4)
2026-06-26T17:12:04.274536Z vfio_region_write  (0000:09:00.0:region0+0x82b8, 0x0, 4)
2026-06-26T17:12:04.274549Z vfio_region_write  (0000:09:00.0:region0+0x82bc, 0x0, 4)
2026-06-26T17:12:04.274563Z vfio_region_write  (0000:09:00.0:region0+0x82c0, 0x0, 4)
2026-06-26T17:12:04.274577Z vfio_region_write  (0000:09:00.0:region0+0x82c4, 0x0, 4)
2026-06-26T17:12:04.274589Z vfio_region_write  (0000:09:00.0:region0+0x82c8, 0x0, 4)
2026-06-26T17:12:04.274602Z vfio_region_write  (0000:09:00.0:region0+0x82cc, 0x0, 4)
2026-06-26T17:12:04.274616Z vfio_region_write  (0000:09:00.0:region0+0x82d0, 0x0, 4)
2026-06-26T17:12:04.274630Z vfio_region_write  (0000:09:00.0:region0+0x82d4, 0x0, 4)
2026-06-26T17:12:04.274643Z vfio_region_write  (0000:09:00.0:region0+0x82d8, 0x0, 4)
2026-06-26T17:12:04.274656Z vfio_region_write  (0000:09:00.0:region0+0x82dc, 0x0, 4)
2026-06-26T17:12:04.274669Z vfio_region_write  (0000:09:00.0:region0+0x82e0, 0x0, 4)
2026-06-26T17:12:04.274682Z vfio_region_write  (0000:09:00.0:region0+0x82e4, 0x0, 4)
2026-06-26T17:12:04.274695Z vfio_region_write  (0000:09:00.0:region0+0x82e8, 0x0, 4)
2026-06-26T17:12:04.274708Z vfio_region_write  (0000:09:00.0:region0+0x82ec, 0x0, 4)
2026-06-26T17:12:04.274721Z vfio_region_write  (0000:09:00.0:region0+0x82f0, 0x0, 4)
2026-06-26T17:12:04.274735Z vfio_region_write  (0000:09:00.0:region0+0x82f4, 0x0, 4)
2026-06-26T17:12:04.274748Z vfio_region_write  (0000:09:00.0:region0+0x82f8, 0x0, 4)
2026-06-26T17:12:04.274761Z vfio_region_write  (0000:09:00.0:region0+0x82fc, 0x0, 4)
2026-06-26T17:12:04.274775Z vfio_region_write  (0000:09:00.0:region0+0x8300, 0x0, 4)
2026-06-26T17:12:04.274788Z vfio_region_write  (0000:09:00.0:region0+0x8304, 0x0, 4)
2026-06-26T17:12:04.274802Z vfio_region_write  (0000:09:00.0:region0+0x8308, 0x0, 4)
2026-06-26T17:12:04.274815Z vfio_region_write  (0000:09:00.0:region0+0x830c, 0x0, 4)
2026-06-26T17:12:04.274835Z vfio_region_write  (0000:09:00.0:region0+0x8310, 0x0, 4)
2026-06-26T17:12:04.274848Z vfio_region_write  (0000:09:00.0:region0+0x8314, 0x0, 4)
2026-06-26T17:12:04.274862Z vfio_region_write  (0000:09:00.0:region0+0x8318, 0x0, 4)
2026-06-26T17:12:04.274875Z vfio_region_write  (0000:09:00.0:region0+0x831c, 0x0, 4)
2026-06-26T17:12:04.274888Z vfio_region_write  (0000:09:00.0:region0+0x8320, 0x0, 4)
2026-06-26T17:12:04.274902Z vfio_region_write  (0000:09:00.0:region0+0x8324, 0x0, 4)
2026-06-26T17:12:04.274917Z vfio_region_write  (0000:09:00.0:region0+0x8328, 0x0, 4)
2026-06-26T17:12:04.274937Z vfio_region_write  (0000:09:00.0:region0+0x832c, 0x0, 4)
2026-06-26T17:12:04.274951Z vfio_region_write  (0000:09:00.0:region0+0x8330, 0x0, 4)
2026-06-26T17:12:04.274965Z vfio_region_write  (0000:09:00.0:region0+0x8334, 0x0, 4)
2026-06-26T17:12:04.274982Z vfio_region_write  (0000:09:00.0:region0+0x8338, 0x0, 4)
2026-06-26T17:12:04.275020Z vfio_region_write  (0000:09:00.0:region0+0x833c, 0x0, 4)
2026-06-26T17:12:04.275157Z vfio_region_write  (0000:09:00.0:region0+0x8340, 0x0, 4)
2026-06-26T17:12:04.275203Z vfio_region_write  (0000:09:00.0:region0+0x8344, 0x0, 4)
2026-06-26T17:12:04.275332Z vfio_region_write  (0000:09:00.0:region0+0x8348, 0x0, 4)
2026-06-26T17:12:04.275349Z vfio_region_write  (0000:09:00.0:region0+0x834c, 0x0, 4)
2026-06-26T17:12:04.275364Z vfio_region_write  (0000:09:00.0:region0+0x8350, 0x0, 4)
2026-06-26T17:12:04.275396Z vfio_region_write  (0000:09:00.0:region0+0x8354, 0x0, 4)
2026-06-26T17:12:04.275499Z vfio_region_write  (0000:09:00.0:region0+0x8358, 0x0, 4)
2026-06-26T17:12:04.275516Z vfio_region_write  (0000:09:00.0:region0+0x835c, 0x0, 4)
2026-06-26T17:12:04.275530Z vfio_region_write  (0000:09:00.0:region0+0x8360, 0x0, 4)
2026-06-26T17:12:04.275543Z vfio_region_write  (0000:09:00.0:region0+0x8364, 0x0, 4)
2026-06-26T17:12:04.275560Z vfio_region_write  (0000:09:00.0:region0+0x8368, 0x0, 4)
2026-06-26T17:12:04.275575Z vfio_region_write  (0000:09:00.0:region0+0x836c, 0x0, 4)
2026-06-26T17:12:04.275590Z vfio_region_write  (0000:09:00.0:region0+0x8370, 0x0, 4)
2026-06-26T17:12:04.275604Z vfio_region_write  (0000:09:00.0:region0+0x8374, 0x0, 4)
2026-06-26T17:12:04.275617Z vfio_region_write  (0000:09:00.0:region0+0x8378, 0x0, 4)
2026-06-26T17:12:04.275630Z vfio_region_write  (0000:09:00.0:region0+0x837c, 0x0, 4)
2026-06-26T17:12:04.275642Z vfio_region_write  (0000:09:00.0:region0+0x8380, 0x0, 4)
2026-06-26T17:12:04.275655Z vfio_region_write  (0000:09:00.0:region0+0x8384, 0x0, 4)
2026-06-26T17:12:04.275668Z vfio_region_write  (0000:09:00.0:region0+0x8388, 0x0, 4)
2026-06-26T17:12:04.275680Z vfio_region_write  (0000:09:00.0:region0+0x838c, 0x0, 4)
2026-06-26T17:12:04.275693Z vfio_region_write  (0000:09:00.0:region0+0x8390, 0x0, 4)
2026-06-26T17:12:04.275706Z vfio_region_write  (0000:09:00.0:region0+0x8394, 0x0, 4)
2026-06-26T17:12:04.275722Z vfio_region_write  (0000:09:00.0:region0+0x8398, 0x0, 4)
2026-06-26T17:12:04.275737Z vfio_region_write  (0000:09:00.0:region0+0x839c, 0x0, 4)
2026-06-26T17:12:04.275752Z vfio_region_write  (0000:09:00.0:region0+0x83a0, 0x0, 4)
2026-06-26T17:12:04.275766Z vfio_region_write  (0000:09:00.0:region0+0x83a4, 0x0, 4)
2026-06-26T17:12:04.275779Z vfio_region_write  (0000:09:00.0:region0+0x83a8, 0x0, 4)
2026-06-26T17:12:04.275792Z vfio_region_write  (0000:09:00.0:region0+0x83ac, 0x0, 4)
2026-06-26T17:12:04.275805Z vfio_region_write  (0000:09:00.0:region0+0x83b0, 0x0, 4)
2026-06-26T17:12:04.275819Z vfio_region_write  (0000:09:00.0:region0+0x83b4, 0x0, 4)
2026-06-26T17:12:04.275841Z vfio_region_write  (0000:09:00.0:region0+0x83b8, 0x0, 4)
2026-06-26T17:12:04.275854Z vfio_region_write  (0000:09:00.0:region0+0x83bc, 0x0, 4)
2026-06-26T17:12:04.275868Z vfio_region_write  (0000:09:00.0:region0+0x83c0, 0x0, 4)
2026-06-26T17:12:04.275881Z vfio_region_write  (0000:09:00.0:region0+0x83c4, 0x0, 4)
2026-06-26T17:12:04.275895Z vfio_region_write  (0000:09:00.0:region0+0x83c8, 0x0, 4)
2026-06-26T17:12:04.275908Z vfio_region_write  (0000:09:00.0:region0+0x83cc, 0x0, 4)
2026-06-26T17:12:04.275930Z vfio_region_write  (0000:09:00.0:region0+0x83d0, 0x0, 4)
2026-06-26T17:12:04.275944Z vfio_region_write  (0000:09:00.0:region0+0x83d4, 0x0, 4)
2026-06-26T17:12:04.275957Z vfio_region_write  (0000:09:00.0:region0+0x83d8, 0x0, 4)
2026-06-26T17:12:04.275970Z vfio_region_write  (0000:09:00.0:region0+0x83dc, 0x0, 4)
2026-06-26T17:12:04.275982Z vfio_region_write  (0000:09:00.0:region0+0x83e0, 0x0, 4)
2026-06-26T17:12:04.275995Z vfio_region_write  (0000:09:00.0:region0+0x83e4, 0x0, 4)
2026-06-26T17:12:04.276008Z vfio_region_write  (0000:09:00.0:region0+0x83e8, 0x0, 4)
2026-06-26T17:12:04.276022Z vfio_region_write  (0000:09:00.0:region0+0x83ec, 0x0, 4)
2026-06-26T17:12:04.276035Z vfio_region_write  (0000:09:00.0:region0+0x83f0, 0x0, 4)
2026-06-26T17:12:04.276048Z vfio_region_write  (0000:09:00.0:region0+0x83f4, 0x0, 4)
2026-06-26T17:12:04.276062Z vfio_region_write  (0000:09:00.0:region0+0x83f8, 0x0, 4)
2026-06-26T17:12:04.276075Z vfio_region_write  (0000:09:00.0:region0+0x83fc, 0x0, 4)
2026-06-26T17:12:04.276089Z vfio_region_write  (0000:09:00.0:region0+0x8400, 0x0, 4)
2026-06-26T17:12:04.276102Z vfio_region_write  (0000:09:00.0:region0+0x8404, 0x0, 4)
2026-06-26T17:12:04.276116Z vfio_region_write  (0000:09:00.0:region0+0x8408, 0x0, 4)
2026-06-26T17:12:04.276129Z vfio_region_write  (0000:09:00.0:region0+0x840c, 0x0, 4)
2026-06-26T17:12:04.276142Z vfio_region_write  (0000:09:00.0:region0+0x8410, 0x0, 4)
2026-06-26T17:12:04.276155Z vfio_region_write  (0000:09:00.0:region0+0x8414, 0x0, 4)
2026-06-26T17:12:04.276168Z vfio_region_write  (0000:09:00.0:region0+0x8418, 0x0, 4)
2026-06-26T17:12:04.276182Z vfio_region_write  (0000:09:00.0:region0+0x841c, 0x0, 4)
2026-06-26T17:12:04.276195Z vfio_region_write  (0000:09:00.0:region0+0x8420, 0x0, 4)
2026-06-26T17:12:04.276209Z vfio_region_write  (0000:09:00.0:region0+0x8424, 0x0, 4)
2026-06-26T17:12:04.276222Z vfio_region_write  (0000:09:00.0:region0+0x8428, 0x0, 4)
2026-06-26T17:12:04.276236Z vfio_region_write  (0000:09:00.0:region0+0x842c, 0x0, 4)
2026-06-26T17:12:04.276250Z vfio_region_write  (0000:09:00.0:region0+0x408, 0x1, 4)
2026-06-26T17:12:04.276485Z vfio_region_read  (0000:09:00.0:region0+0x100, 4) = 0x20000000
2026-06-26T17:12:04.276505Z vfio_region_read  (0000:09:00.0:region0+0x300, 4) = 0x0
2026-06-26T17:12:04.276523Z vfio_region_read  (0000:09:00.0:region0+0x200, 4) = 0x0
2026-06-26T17:12:04.276542Z vfio_region_read  (0000:09:00.0:region0+0x400, 4) = 0x1
2026-06-26T17:12:04.276560Z vfio_region_read  (0000:09:00.0:region0+0x500, 4) = 0xff0000
2026-06-26T17:12:04.276749Z vfio_region_read  (0000:09:00.0:region0+0x100, 4) = 0x20000000
2026-06-26T17:12:04.276769Z vfio_region_read  (0000:09:00.0:region0+0x300, 4) = 0x0
2026-06-26T17:12:04.276787Z vfio_region_read  (0000:09:00.0:region0+0x200, 4) = 0x0
2026-06-26T17:12:04.276805Z vfio_region_read  (0000:09:00.0:region0+0x400, 4) = 0x2
2026-06-26T17:12:04.276832Z vfio_region_read  (0000:09:00.0:region0+0x500, 4) = 0xff0000
2026-06-26T17:12:04.309708Z vfio_region_write  (0000:09:00.0:region0+0x408, 0x2, 4)
2026-06-26T17:12:04.309752Z vfio_region_write  (0000:09:00.0:region0+0x8020, 0x80800001, 4)
2026-06-26T17:12:04.309767Z vfio_region_write  (0000:09:00.0:region0+0x8024, 0x6b0400, 4)
2026-06-26T17:12:04.309780Z vfio_region_write  (0000:09:00.0:region0+0x8028, 0x0, 4)
2026-06-26T17:12:04.309792Z vfio_region_write  (0000:09:00.0:region0+0x802c, 0x0, 4)
2026-06-26T17:12:04.309804Z vfio_region_write  (0000:09:00.0:region0+0x8030, 0x1c90, 4)
2026-06-26T17:12:04.309816Z vfio_region_write  (0000:09:00.0:region0+0x8034, 0x3f8, 4)
2026-06-26T17:12:04.309836Z vfio_region_write  (0000:09:00.0:region0+0x8038, 0x0, 4)
2026-06-26T17:12:04.309848Z vfio_region_write  (0000:09:00.0:region0+0x803c, 0x0, 4)
2026-06-26T17:12:04.309860Z vfio_region_write  (0000:09:00.0:region0+0x8040, 0x0, 4)
2026-06-26T17:12:04.309872Z vfio_region_write  (0000:09:00.0:region0+0x8044, 0x0, 4)
2026-06-26T17:12:04.309887Z vfio_region_write  (0000:09:00.0:region0+0x8048, 0x0, 4)
2026-06-26T17:12:04.309899Z vfio_region_write  (0000:09:00.0:region0+0x804c, 0x0, 4)
2026-06-26T17:12:04.309911Z vfio_region_write  (0000:09:00.0:region0+0x8050, 0x0, 4)
2026-06-26T17:12:04.309932Z vfio_region_write  (0000:09:00.0:region0+0x8054, 0x0, 4)
2026-06-26T17:12:04.309945Z vfio_region_write  (0000:09:00.0:region0+0x8058, 0x0, 4)
2026-06-26T17:12:04.309957Z vfio_region_write  (0000:09:00.0:region0+0x805c, 0x0, 4)
2026-06-26T17:12:04.309970Z vfio_region_write  (0000:09:00.0:region0+0x8060, 0x0, 4)
2026-06-26T17:12:04.309982Z vfio_region_write  (0000:09:00.0:region0+0x8064, 0x0, 4)
2026-06-26T17:12:04.309994Z vfio_region_write  (0000:09:00.0:region0+0x8068, 0x0, 4)
2026-06-26T17:12:04.310008Z vfio_region_write  (0000:09:00.0:region0+0x806c, 0x0, 4)
2026-06-26T17:12:04.310020Z vfio_region_write  (0000:09:00.0:region0+0x8070, 0x0, 4)
2026-06-26T17:12:04.310032Z vfio_region_write  (0000:09:00.0:region0+0x8074, 0x0, 4)
2026-06-26T17:12:04.310044Z vfio_region_write  (0000:09:00.0:region0+0x8078, 0x0, 4)
2026-06-26T17:12:04.310058Z vfio_region_write  (0000:09:00.0:region0+0x807c, 0x0, 4)
2026-06-26T17:12:04.310070Z vfio_region_write  (0000:09:00.0:region0+0x8080, 0x0, 4)
2026-06-26T17:12:04.310083Z vfio_region_write  (0000:09:00.0:region0+0x8084, 0x0, 4)
2026-06-26T17:12:04.310096Z vfio_region_write  (0000:09:00.0:region0+0x8088, 0x0, 4)
2026-06-26T17:12:04.310108Z vfio_region_write  (0000:09:00.0:region0+0x808c, 0x0, 4)
2026-06-26T17:12:04.310121Z vfio_region_write  (0000:09:00.0:region0+0x8090, 0x0, 4)
2026-06-26T17:12:04.310135Z vfio_region_write  (0000:09:00.0:region0+0x8094, 0x0, 4)
2026-06-26T17:12:04.310147Z vfio_region_write  (0000:09:00.0:region0+0x8098, 0x0, 4)
2026-06-26T17:12:04.310159Z vfio_region_write  (0000:09:00.0:region0+0x809c, 0x0, 4)
2026-06-26T17:12:04.310173Z vfio_region_write  (0000:09:00.0:region0+0x80a0, 0x0, 4)
2026-06-26T17:12:04.310185Z vfio_region_write  (0000:09:00.0:region0+0x80a4, 0x0, 4)
2026-06-26T17:12:04.310197Z vfio_region_write  (0000:09:00.0:region0+0x80a8, 0x0, 4)
2026-06-26T17:12:04.310211Z vfio_region_write  (0000:09:00.0:region0+0x80ac, 0x0, 4)
2026-06-26T17:12:04.310223Z vfio_region_write  (0000:09:00.0:region0+0x80b0, 0x0, 4)
2026-06-26T17:12:04.310235Z vfio_region_write  (0000:09:00.0:region0+0x80b4, 0x0, 4)
2026-06-26T17:12:04.310249Z vfio_region_write  (0000:09:00.0:region0+0x80b8, 0x0, 4)
2026-06-26T17:12:04.310261Z vfio_region_write  (0000:09:00.0:region0+0x80bc, 0x0, 4)
2026-06-26T17:12:04.310273Z vfio_region_write  (0000:09:00.0:region0+0x80c0, 0x0, 4)
2026-06-26T17:12:04.310285Z vfio_region_write  (0000:09:00.0:region0+0x80c4, 0x0, 4)
2026-06-26T17:12:04.310300Z vfio_region_write  (0000:09:00.0:region0+0x80c8, 0x0, 4)
2026-06-26T17:12:04.310312Z vfio_region_write  (0000:09:00.0:region0+0x80cc, 0x0, 4)
2026-06-26T17:12:04.310324Z vfio_region_write  (0000:09:00.0:region0+0x80d0, 0x0, 4)
2026-06-26T17:12:04.310338Z vfio_region_write  (0000:09:00.0:region0+0x80d4, 0x0, 4)
2026-06-26T17:12:04.310350Z vfio_region_write  (0000:09:00.0:region0+0x80d8, 0x0, 4)
2026-06-26T17:12:04.310362Z vfio_region_write  (0000:09:00.0:region0+0x80dc, 0x0, 4)
2026-06-26T17:12:04.310376Z vfio_region_write  (0000:09:00.0:region0+0x80e0, 0x0, 4)
2026-06-26T17:12:04.310388Z vfio_region_write  (0000:09:00.0:region0+0x80e4, 0x0, 4)
2026-06-26T17:12:04.310400Z vfio_region_write  (0000:09:00.0:region0+0x80e8, 0x0, 4)
2026-06-26T17:12:04.310414Z vfio_region_write  (0000:09:00.0:region0+0x80ec, 0x0, 4)
2026-06-26T17:12:04.310426Z vfio_region_write  (0000:09:00.0:region0+0x80f0, 0x0, 4)
2026-06-26T17:12:04.310438Z vfio_region_write  (0000:09:00.0:region0+0x80f4, 0x0, 4)
2026-06-26T17:12:04.310450Z vfio_region_write  (0000:09:00.0:region0+0x80f8, 0x0, 4)
2026-06-26T17:12:04.310463Z vfio_region_write  (0000:09:00.0:region0+0x80fc, 0x0, 4)
2026-06-26T17:12:04.310475Z vfio_region_write  (0000:09:00.0:region0+0x8100, 0x0, 4)
2026-06-26T17:12:04.310487Z vfio_region_write  (0000:09:00.0:region0+0x8104, 0x0, 4)
2026-06-26T17:12:04.310499Z vfio_region_write  (0000:09:00.0:region0+0x8108, 0x0, 4)
2026-06-26T17:12:04.310512Z vfio_region_write  (0000:09:00.0:region0+0x810c, 0x0, 4)
2026-06-26T17:12:04.310524Z vfio_region_write  (0000:09:00.0:region0+0x8110, 0x0, 4)
2026-06-26T17:12:04.310536Z vfio_region_write  (0000:09:00.0:region0+0x8114, 0x0, 4)
2026-06-26T17:12:04.310548Z vfio_region_write  (0000:09:00.0:region0+0x8118, 0x0, 4)
2026-06-26T17:12:04.310560Z vfio_region_write  (0000:09:00.0:region0+0x811c, 0x0, 4)
2026-06-26T17:12:04.310572Z vfio_region_write  (0000:09:00.0:region0+0x8120, 0x0, 4)
2026-06-26T17:12:04.310587Z vfio_region_write  (0000:09:00.0:region0+0x8124, 0x0, 4)
2026-06-26T17:12:04.310602Z vfio_region_write  (0000:09:00.0:region0+0x8128, 0x0, 4)
2026-06-26T17:12:04.310619Z vfio_region_write  (0000:09:00.0:region0+0x812c, 0x0, 4)
2026-06-26T17:12:04.310633Z vfio_region_write  (0000:09:00.0:region0+0x8130, 0x0, 4)
2026-06-26T17:12:04.310645Z vfio_region_write  (0000:09:00.0:region0+0x8134, 0x0, 4)
2026-06-26T17:12:04.310657Z vfio_region_write  (0000:09:00.0:region0+0x8138, 0x0, 4)
2026-06-26T17:12:04.310671Z vfio_region_write  (0000:09:00.0:region0+0x813c, 0x0, 4)
2026-06-26T17:12:04.310683Z vfio_region_write  (0000:09:00.0:region0+0x8140, 0x0, 4)
2026-06-26T17:12:04.310696Z vfio_region_write  (0000:09:00.0:region0+0x8144, 0x0, 4)
2026-06-26T17:12:04.310708Z vfio_region_write  (0000:09:00.0:region0+0x8148, 0x0, 4)
2026-06-26T17:12:04.310720Z vfio_region_write  (0000:09:00.0:region0+0x814c, 0x0, 4)
2026-06-26T17:12:04.310732Z vfio_region_write  (0000:09:00.0:region0+0x8150, 0x0, 4)
2026-06-26T17:12:04.310747Z vfio_region_write  (0000:09:00.0:region0+0x8154, 0x0, 4)
2026-06-26T17:12:04.310759Z vfio_region_write  (0000:09:00.0:region0+0x8158, 0x0, 4)
2026-06-26T17:12:04.310771Z vfio_region_write  (0000:09:00.0:region0+0x815c, 0x0, 4)
2026-06-26T17:12:04.310784Z vfio_region_write  (0000:09:00.0:region0+0x8160, 0x0, 4)
2026-06-26T17:12:04.310797Z vfio_region_write  (0000:09:00.0:region0+0x8164, 0x0, 4)
2026-06-26T17:12:04.310809Z vfio_region_write  (0000:09:00.0:region0+0x8168, 0x0, 4)
2026-06-26T17:12:04.310828Z vfio_region_write  (0000:09:00.0:region0+0x816c, 0x0, 4)
2026-06-26T17:12:04.310841Z vfio_region_write  (0000:09:00.0:region0+0x8170, 0x0, 4)
2026-06-26T17:12:04.310854Z vfio_region_write  (0000:09:00.0:region0+0x8174, 0x0, 4)
2026-06-26T17:12:04.310867Z vfio_region_write  (0000:09:00.0:region0+0x8178, 0x0, 4)
2026-06-26T17:12:04.310880Z vfio_region_write  (0000:09:00.0:region0+0x817c, 0x0, 4)
2026-06-26T17:12:04.310892Z vfio_region_write  (0000:09:00.0:region0+0x8180, 0x0, 4)
2026-06-26T17:12:04.310905Z vfio_region_write  (0000:09:00.0:region0+0x8184, 0x0, 4)
2026-06-26T17:12:04.310920Z vfio_region_write  (0000:09:00.0:region0+0x8188, 0x0, 4)
2026-06-26T17:12:04.310939Z vfio_region_write  (0000:09:00.0:region0+0x818c, 0x0, 4)
2026-06-26T17:12:04.310953Z vfio_region_write  (0000:09:00.0:region0+0x8190, 0x0, 4)
2026-06-26T17:12:04.310966Z vfio_region_write  (0000:09:00.0:region0+0x8194, 0x0, 4)
2026-06-26T17:12:04.310979Z vfio_region_write  (0000:09:00.0:region0+0x8198, 0x0, 4)
2026-06-26T17:12:04.310993Z vfio_region_write  (0000:09:00.0:region0+0x819c, 0x0, 4)
2026-06-26T17:12:04.311007Z vfio_region_write  (0000:09:00.0:region0+0x81a0, 0x0, 4)
2026-06-26T17:12:04.311021Z vfio_region_write  (0000:09:00.0:region0+0x81a4, 0x0, 4)
2026-06-26T17:12:04.311035Z vfio_region_write  (0000:09:00.0:region0+0x81a8, 0x0, 4)
2026-06-26T17:12:04.311048Z vfio_region_write  (0000:09:00.0:region0+0x81ac, 0x0, 4)
2026-06-26T17:12:04.311061Z vfio_region_write  (0000:09:00.0:region0+0x81b0, 0x0, 4)
2026-06-26T17:12:04.311074Z vfio_region_write  (0000:09:00.0:region0+0x81b4, 0x0, 4)
2026-06-26T17:12:04.311087Z vfio_region_write  (0000:09:00.0:region0+0x81b8, 0x0, 4)
2026-06-26T17:12:04.311101Z vfio_region_write  (0000:09:00.0:region0+0x81bc, 0x0, 4)
2026-06-26T17:12:04.311114Z vfio_region_write  (0000:09:00.0:region0+0x81c0, 0x0, 4)
2026-06-26T17:12:04.311126Z vfio_region_write  (0000:09:00.0:region0+0x81c4, 0x0, 4)
2026-06-26T17:12:04.311139Z vfio_region_write  (0000:09:00.0:region0+0x81c8, 0x0, 4)
2026-06-26T17:12:04.311154Z vfio_region_write  (0000:09:00.0:region0+0x81cc, 0x0, 4)
2026-06-26T17:12:04.311167Z vfio_region_write  (0000:09:00.0:region0+0x81d0, 0x0, 4)
2026-06-26T17:12:04.311179Z vfio_region_write  (0000:09:00.0:region0+0x81d4, 0x0, 4)
2026-06-26T17:12:04.311192Z vfio_region_write  (0000:09:00.0:region0+0x81d8, 0x0, 4)
2026-06-26T17:12:04.311205Z vfio_region_write  (0000:09:00.0:region0+0x81dc, 0x0, 4)
2026-06-26T17:12:04.311219Z vfio_region_write  (0000:09:00.0:region0+0x81e0, 0x0, 4)
2026-06-26T17:12:04.311232Z vfio_region_write  (0000:09:00.0:region0+0x81e4, 0x0, 4)
2026-06-26T17:12:04.311245Z vfio_region_write  (0000:09:00.0:region0+0x81e8, 0x0, 4)
2026-06-26T17:12:04.311258Z vfio_region_write  (0000:09:00.0:region0+0x81ec, 0x0, 4)
2026-06-26T17:12:04.311271Z vfio_region_write  (0000:09:00.0:region0+0x81f0, 0x0, 4)
2026-06-26T17:12:04.311284Z vfio_region_write  (0000:09:00.0:region0+0x81f4, 0x0, 4)
2026-06-26T17:12:04.311297Z vfio_region_write  (0000:09:00.0:region0+0x81f8, 0x0, 4)
2026-06-26T17:12:04.311310Z vfio_region_write  (0000:09:00.0:region0+0x81fc, 0x0, 4)
2026-06-26T17:12:04.311323Z vfio_region_write  (0000:09:00.0:region0+0x8200, 0x0, 4)
2026-06-26T17:12:04.311337Z vfio_region_write  (0000:09:00.0:region0+0x8204, 0x0, 4)
2026-06-26T17:12:04.311350Z vfio_region_write  (0000:09:00.0:region0+0x8208, 0x0, 4)
2026-06-26T17:12:04.311363Z vfio_region_write  (0000:09:00.0:region0+0x820c, 0x0, 4)
2026-06-26T17:12:04.311376Z vfio_region_write  (0000:09:00.0:region0+0x8210, 0x0, 4)
2026-06-26T17:12:04.311390Z vfio_region_write  (0000:09:00.0:region0+0x8214, 0x0, 4)
2026-06-26T17:12:04.311403Z vfio_region_write  (0000:09:00.0:region0+0x8218, 0x0, 4)
2026-06-26T17:12:04.311417Z vfio_region_write  (0000:09:00.0:region0+0x821c, 0x0, 4)
2026-06-26T17:12:04.311430Z vfio_region_write  (0000:09:00.0:region0+0x8220, 0x0, 4)
2026-06-26T17:12:04.311442Z vfio_region_write  (0000:09:00.0:region0+0x8224, 0x0, 4)
2026-06-26T17:12:04.311455Z vfio_region_write  (0000:09:00.0:region0+0x8228, 0x0, 4)
2026-06-26T17:12:04.311467Z vfio_region_write  (0000:09:00.0:region0+0x822c, 0x0, 4)
2026-06-26T17:12:04.311480Z vfio_region_write  (0000:09:00.0:region0+0x8230, 0x0, 4)
2026-06-26T17:12:04.311492Z vfio_region_write  (0000:09:00.0:region0+0x8234, 0x0, 4)
2026-06-26T17:12:04.311505Z vfio_region_write  (0000:09:00.0:region0+0x8238, 0x0, 4)
2026-06-26T17:12:04.311520Z vfio_region_write  (0000:09:00.0:region0+0x823c, 0x0, 4)
2026-06-26T17:12:04.311533Z vfio_region_write  (0000:09:00.0:region0+0x8240, 0x0, 4)
2026-06-26T17:12:04.311546Z vfio_region_write  (0000:09:00.0:region0+0x8244, 0x0, 4)
2026-06-26T17:12:04.311558Z vfio_region_write  (0000:09:00.0:region0+0x8248, 0x0, 4)
2026-06-26T17:12:04.311571Z vfio_region_write  (0000:09:00.0:region0+0x824c, 0x0, 4)
2026-06-26T17:12:04.311585Z vfio_region_write  (0000:09:00.0:region0+0x8250, 0x0, 4)
2026-06-26T17:12:04.311599Z vfio_region_write  (0000:09:00.0:region0+0x8254, 0x0, 4)
2026-06-26T17:12:04.311612Z vfio_region_write  (0000:09:00.0:region0+0x8258, 0x0, 4)
2026-06-26T17:12:04.311625Z vfio_region_write  (0000:09:00.0:region0+0x825c, 0x0, 4)
2026-06-26T17:12:04.311638Z vfio_region_write  (0000:09:00.0:region0+0x8260, 0x0, 4)
2026-06-26T17:12:04.311651Z vfio_region_write  (0000:09:00.0:region0+0x8264, 0x0, 4)
2026-06-26T17:12:04.311664Z vfio_region_write  (0000:09:00.0:region0+0x8268, 0x0, 4)
2026-06-26T17:12:04.311680Z vfio_region_write  (0000:09:00.0:region0+0x826c, 0x0, 4)
2026-06-26T17:12:04.311695Z vfio_region_write  (0000:09:00.0:region0+0x8270, 0x0, 4)
2026-06-26T17:12:04.311711Z vfio_region_write  (0000:09:00.0:region0+0x8274, 0x0, 4)
2026-06-26T17:12:04.311724Z vfio_region_write  (0000:09:00.0:region0+0x8278, 0x0, 4)
2026-06-26T17:12:04.311737Z vfio_region_write  (0000:09:00.0:region0+0x827c, 0x0, 4)
2026-06-26T17:12:04.311750Z vfio_region_write  (0000:09:00.0:region0+0x8280, 0x0, 4)
2026-06-26T17:12:04.311764Z vfio_region_write  (0000:09:00.0:region0+0x8284, 0x0, 4)
2026-06-26T17:12:04.311777Z vfio_region_write  (0000:09:00.0:region0+0x8288, 0x0, 4)
2026-06-26T17:12:04.311790Z vfio_region_write  (0000:09:00.0:region0+0x828c, 0x0, 4)
2026-06-26T17:12:04.311803Z vfio_region_write  (0000:09:00.0:region0+0x8290, 0x0, 4)
2026-06-26T17:12:04.311816Z vfio_region_write  (0000:09:00.0:region0+0x8294, 0x0, 4)
2026-06-26T17:12:04.311834Z vfio_region_write  (0000:09:00.0:region0+0x8298, 0x0, 4)
2026-06-26T17:12:04.311849Z vfio_region_write  (0000:09:00.0:region0+0x829c, 0x0, 4)
2026-06-26T17:12:04.311865Z vfio_region_write  (0000:09:00.0:region0+0x82a0, 0x0, 4)
2026-06-26T17:12:04.311878Z vfio_region_write  (0000:09:00.0:region0+0x82a4, 0x0, 4)
2026-06-26T17:12:04.311891Z vfio_region_write  (0000:09:00.0:region0+0x82a8, 0x0, 4)
2026-06-26T17:12:04.311904Z vfio_region_write  (0000:09:00.0:region0+0x82ac, 0x0, 4)
2026-06-26T17:12:04.311918Z vfio_region_write  (0000:09:00.0:region0+0x82b0, 0x0, 4)
2026-06-26T17:12:04.311937Z vfio_region_write  (0000:09:00.0:region0+0x82b4, 0x0, 4)
2026-06-26T17:12:04.311951Z vfio_region_write  (0000:09:00.0:region0+0x82b8, 0x0, 4)
2026-06-26T17:12:04.311964Z vfio_region_write  (0000:09:00.0:region0+0x82bc, 0x0, 4)
2026-06-26T17:12:04.311977Z vfio_region_write  (0000:09:00.0:region0+0x82c0, 0x0, 4)
2026-06-26T17:12:04.311991Z vfio_region_write  (0000:09:00.0:region0+0x82c4, 0x0, 4)
2026-06-26T17:12:04.312004Z vfio_region_write  (0000:09:00.0:region0+0x82c8, 0x0, 4)
2026-06-26T17:12:04.312016Z vfio_region_write  (0000:09:00.0:region0+0x82cc, 0x0, 4)
2026-06-26T17:12:04.312030Z vfio_region_write  (0000:09:00.0:region0+0x82d0, 0x0, 4)
2026-06-26T17:12:04.312043Z vfio_region_write  (0000:09:00.0:region0+0x82d4, 0x0, 4)
2026-06-26T17:12:04.312057Z vfio_region_write  (0000:09:00.0:region0+0x82d8, 0x0, 4)
2026-06-26T17:12:04.312070Z vfio_region_write  (0000:09:00.0:region0+0x82dc, 0x0, 4)
2026-06-26T17:12:04.312084Z vfio_region_write  (0000:09:00.0:region0+0x82e0, 0x0, 4)
2026-06-26T17:12:04.312097Z vfio_region_write  (0000:09:00.0:region0+0x82e4, 0x0, 4)
2026-06-26T17:12:04.312110Z vfio_region_write  (0000:09:00.0:region0+0x82e8, 0x0, 4)
2026-06-26T17:12:04.312123Z vfio_region_write  (0000:09:00.0:region0+0x82ec, 0x0, 4)
2026-06-26T17:12:04.312136Z vfio_region_write  (0000:09:00.0:region0+0x82f0, 0x0, 4)
2026-06-26T17:12:04.312150Z vfio_region_write  (0000:09:00.0:region0+0x82f4, 0x0, 4)
2026-06-26T17:12:04.312163Z vfio_region_write  (0000:09:00.0:region0+0x82f8, 0x0, 4)
2026-06-26T17:12:04.312177Z vfio_region_write  (0000:09:00.0:region0+0x82fc, 0x0, 4)
2026-06-26T17:12:04.312189Z vfio_region_write  (0000:09:00.0:region0+0x8300, 0x0, 4)
2026-06-26T17:12:04.312202Z vfio_region_write  (0000:09:00.0:region0+0x8304, 0x0, 4)
2026-06-26T17:12:04.312216Z vfio_region_write  (0000:09:00.0:region0+0x8308, 0x0, 4)
2026-06-26T17:12:04.312229Z vfio_region_write  (0000:09:00.0:region0+0x830c, 0x0, 4)
2026-06-26T17:12:04.312243Z vfio_region_write  (0000:09:00.0:region0+0x8310, 0x0, 4)
2026-06-26T17:12:04.312256Z vfio_region_write  (0000:09:00.0:region0+0x8314, 0x0, 4)
2026-06-26T17:12:04.312269Z vfio_region_write  (0000:09:00.0:region0+0x8318, 0x0, 4)
2026-06-26T17:12:04.312282Z vfio_region_write  (0000:09:00.0:region0+0x831c, 0x0, 4)
2026-06-26T17:12:04.312296Z vfio_region_write  (0000:09:00.0:region0+0x8320, 0x0, 4)
2026-06-26T17:12:04.312309Z vfio_region_write  (0000:09:00.0:region0+0x8324, 0x0, 4)
2026-06-26T17:12:04.312323Z vfio_region_write  (0000:09:00.0:region0+0x8328, 0x0, 4)
2026-06-26T17:12:04.312335Z vfio_region_write  (0000:09:00.0:region0+0x832c, 0x0, 4)
2026-06-26T17:12:04.312349Z vfio_region_write  (0000:09:00.0:region0+0x8330, 0x0, 4)
2026-06-26T17:12:04.312362Z vfio_region_write  (0000:09:00.0:region0+0x8334, 0x0, 4)
2026-06-26T17:12:04.312374Z vfio_region_write  (0000:09:00.0:region0+0x8338, 0x0, 4)
2026-06-26T17:12:04.312389Z vfio_region_write  (0000:09:00.0:region0+0x833c, 0x0, 4)
2026-06-26T17:12:04.312401Z vfio_region_write  (0000:09:00.0:region0+0x8340, 0x0, 4)
2026-06-26T17:12:04.312415Z vfio_region_write  (0000:09:00.0:region0+0x8344, 0x0, 4)
2026-06-26T17:12:04.312428Z vfio_region_write  (0000:09:00.0:region0+0x8348, 0x0, 4)
2026-06-26T17:12:04.312442Z vfio_region_write  (0000:09:00.0:region0+0x834c, 0x0, 4)
2026-06-26T17:12:04.312454Z vfio_region_write  (0000:09:00.0:region0+0x8350, 0x0, 4)
2026-06-26T17:12:04.312468Z vfio_region_write  (0000:09:00.0:region0+0x8354, 0x0, 4)
2026-06-26T17:12:04.312480Z vfio_region_write  (0000:09:00.0:region0+0x8358, 0x0, 4)
2026-06-26T17:12:04.312494Z vfio_region_write  (0000:09:00.0:region0+0x835c, 0x0, 4)
2026-06-26T17:12:04.312507Z vfio_region_write  (0000:09:00.0:region0+0x8360, 0x0, 4)
2026-06-26T17:12:04.312521Z vfio_region_write  (0000:09:00.0:region0+0x8364, 0x0, 4)
2026-06-26T17:12:04.312534Z vfio_region_write  (0000:09:00.0:region0+0x8368, 0x0, 4)
2026-06-26T17:12:04.312548Z vfio_region_write  (0000:09:00.0:region0+0x836c, 0x0, 4)
2026-06-26T17:12:04.312561Z vfio_region_write  (0000:09:00.0:region0+0x8370, 0x0, 4)
2026-06-26T17:12:04.312574Z vfio_region_write  (0000:09:00.0:region0+0x8374, 0x0, 4)
2026-06-26T17:12:04.312587Z vfio_region_write  (0000:09:00.0:region0+0x8378, 0x0, 4)
2026-06-26T17:12:04.312601Z vfio_region_write  (0000:09:00.0:region0+0x837c, 0x0, 4)
2026-06-26T17:12:04.312613Z vfio_region_write  (0000:09:00.0:region0+0x8380, 0x0, 4)
2026-06-26T17:12:04.312627Z vfio_region_write  (0000:09:00.0:region0+0x8384, 0x0, 4)
2026-06-26T17:12:04.312640Z vfio_region_write  (0000:09:00.0:region0+0x8388, 0x0, 4)
2026-06-26T17:12:04.312653Z vfio_region_write  (0000:09:00.0:region0+0x838c, 0x0, 4)
2026-06-26T17:12:04.312667Z vfio_region_write  (0000:09:00.0:region0+0x8390, 0x0, 4)
2026-06-26T17:12:04.312680Z vfio_region_write  (0000:09:00.0:region0+0x8394, 0x0, 4)
2026-06-26T17:12:04.312693Z vfio_region_write  (0000:09:00.0:region0+0x8398, 0x0, 4)
2026-06-26T17:12:04.312706Z vfio_region_write  (0000:09:00.0:region0+0x839c, 0x0, 4)
2026-06-26T17:12:04.312720Z vfio_region_write  (0000:09:00.0:region0+0x83a0, 0x0, 4)
2026-06-26T17:12:04.312733Z vfio_region_write  (0000:09:00.0:region0+0x83a4, 0x0, 4)
2026-06-26T17:12:04.312746Z vfio_region_write  (0000:09:00.0:region0+0x83a8, 0x0, 4)
2026-06-26T17:12:04.312759Z vfio_region_write  (0000:09:00.0:region0+0x83ac, 0x0, 4)
2026-06-26T17:12:04.312773Z vfio_region_write  (0000:09:00.0:region0+0x83b0, 0x0, 4)
2026-06-26T17:12:04.312786Z vfio_region_write  (0000:09:00.0:region0+0x83b4, 0x0, 4)
2026-06-26T17:12:04.312799Z vfio_region_write  (0000:09:00.0:region0+0x83b8, 0x0, 4)
2026-06-26T17:12:04.312812Z vfio_region_write  (0000:09:00.0:region0+0x83bc, 0x0, 4)
2026-06-26T17:12:04.312831Z vfio_region_write  (0000:09:00.0:region0+0x83c0, 0x0, 4)
2026-06-26T17:12:04.312845Z vfio_region_write  (0000:09:00.0:region0+0x83c4, 0x0, 4)
2026-06-26T17:12:04.312857Z vfio_region_write  (0000:09:00.0:region0+0x83c8, 0x0, 4)
2026-06-26T17:12:04.312870Z vfio_region_write  (0000:09:00.0:region0+0x83cc, 0x0, 4)
2026-06-26T17:12:04.312883Z vfio_region_write  (0000:09:00.0:region0+0x83d0, 0x0, 4)
2026-06-26T17:12:04.312896Z vfio_region_write  (0000:09:00.0:region0+0x83d4, 0x0, 4)
2026-06-26T17:12:04.312909Z vfio_region_write  (0000:09:00.0:region0+0x83d8, 0x0, 4)
2026-06-26T17:12:04.439414Z vfio_region_write  (0000:09:00.0:region0+0x83dc, 0x0, 4)
2026-06-26T17:12:04.439441Z vfio_region_write  (0000:09:00.0:region0+0x83e0, 0x0, 4)
2026-06-26T17:12:04.439453Z vfio_region_write  (0000:09:00.0:region0+0x83e4, 0x0, 4)
2026-06-26T17:12:04.439466Z vfio_region_write  (0000:09:00.0:region0+0x83e8, 0x0, 4)
2026-06-26T17:12:04.439478Z vfio_region_write  (0000:09:00.0:region0+0x83ec, 0x0, 4)
2026-06-26T17:12:04.439490Z vfio_region_write  (0000:09:00.0:region0+0x83f0, 0x0, 4)
2026-06-26T17:12:04.439502Z vfio_region_write  (0000:09:00.0:region0+0x83f4, 0x0, 4)
2026-06-26T17:12:04.439514Z vfio_region_write  (0000:09:00.0:region0+0x83f8, 0x0, 4)
2026-06-26T17:12:04.439526Z vfio_region_write  (0000:09:00.0:region0+0x83fc, 0x0, 4)
2026-06-26T17:12:04.439542Z vfio_region_write  (0000:09:00.0:region0+0x8400, 0x0, 4)
2026-06-26T17:12:04.439554Z vfio_region_write  (0000:09:00.0:region0+0x8404, 0x0, 4)
2026-06-26T17:12:04.439566Z vfio_region_write  (0000:09:00.0:region0+0x8408, 0x0, 4)
2026-06-26T17:12:04.439580Z vfio_region_write  (0000:09:00.0:region0+0x840c, 0x0, 4)
2026-06-26T17:12:04.439592Z vfio_region_write  (0000:09:00.0:region0+0x8410, 0x0, 4)
2026-06-26T17:12:04.439604Z vfio_region_write  (0000:09:00.0:region0+0x8414, 0x0, 4)
2026-06-26T17:12:04.439617Z vfio_region_write  (0000:09:00.0:region0+0x8418, 0x0, 4)
2026-06-26T17:12:04.439629Z vfio_region_write  (0000:09:00.0:region0+0x841c, 0x0, 4)
2026-06-26T17:12:04.439641Z vfio_region_write  (0000:09:00.0:region0+0x8420, 0x0, 4)
2026-06-26T17:12:04.439653Z vfio_region_write  (0000:09:00.0:region0+0x8424, 0x0, 4)
2026-06-26T17:12:04.439665Z vfio_region_write  (0000:09:00.0:region0+0x8428, 0x0, 4)
2026-06-26T17:12:04.439677Z vfio_region_write  (0000:09:00.0:region0+0x842c, 0x0, 4)
2026-06-26T17:12:04.439693Z vfio_region_write  (0000:09:00.0:region0+0x408, 0x1, 4)
2026-06-26T17:12:04.439941Z vfio_region_read  (0000:09:00.0:region0+0x100, 4) = 0x20000000
2026-06-26T17:12:04.439961Z vfio_region_read  (0000:09:00.0:region0+0x300, 4) = 0x0
2026-06-26T17:12:04.439980Z vfio_region_read  (0000:09:00.0:region0+0x200, 4) = 0x0
2026-06-26T17:12:04.439998Z vfio_region_read  (0000:09:00.0:region0+0x400, 4) = 0x1
2026-06-26T17:12:04.440016Z vfio_region_read  (0000:09:00.0:region0+0x500, 4) = 0xff0000
2026-06-26T17:12:04.440199Z vfio_region_read  (0000:09:00.0:region0+0x100, 4) = 0x20000000
2026-06-26T17:12:04.440219Z vfio_region_read  (0000:09:00.0:region0+0x300, 4) = 0x0
2026-06-26T17:12:04.440237Z vfio_region_read  (0000:09:00.0:region0+0x200, 4) = 0x0
2026-06-26T17:12:04.440255Z vfio_region_read  (0000:09:00.0:region0+0x400, 4) = 0x2
2026-06-26T17:12:04.440273Z vfio_region_read  (0000:09:00.0:region0+0x500, 4) = 0xff0000
2026-06-26T17:12:04.545322Z vfio_region_write  (0000:09:00.0:region0+0x408, 0x2, 4)
2026-06-26T17:12:04.545396Z vfio_region_write  (0000:09:00.0:region0+0x8020, 0x80800001, 4)
2026-06-26T17:12:04.545413Z vfio_region_write  (0000:09:00.0:region0+0x8024, 0x6c0048, 4)
2026-06-26T17:12:04.545427Z vfio_region_write  (0000:09:00.0:region0+0x8028, 0x0, 4)
2026-06-26T17:12:04.545442Z vfio_region_write  (0000:09:00.0:region0+0x802c, 0x0, 4)
2026-06-26T17:12:04.545458Z vfio_region_write  (0000:09:00.0:region0+0x8030, 0x2088, 4)
2026-06-26T17:12:04.545474Z vfio_region_write  (0000:09:00.0:region0+0x8034, 0x40, 4)
2026-06-26T17:12:04.545489Z vfio_region_write  (0000:09:00.0:region0+0x8038, 0x0, 4)
2026-06-26T17:12:04.545504Z vfio_region_write  (0000:09:00.0:region0+0x803c, 0x0, 4)
2026-06-26T17:12:04.545521Z vfio_region_write  (0000:09:00.0:region0+0x8040, 0x0, 4)
2026-06-26T17:12:04.545536Z vfio_region_write  (0000:09:00.0:region0+0x8044, 0x0, 4)
2026-06-26T17:12:04.545552Z vfio_region_write  (0000:09:00.0:region0+0x8048, 0x0, 4)
2026-06-26T17:12:04.545569Z vfio_region_write  (0000:09:00.0:region0+0x804c, 0x0, 4)
2026-06-26T17:12:04.545584Z vfio_region_write  (0000:09:00.0:region0+0x8050, 0x0, 4)
2026-06-26T17:12:04.545600Z vfio_region_write  (0000:09:00.0:region0+0x8054, 0x0, 4)
2026-06-26T17:12:04.545615Z vfio_region_write  (0000:09:00.0:region0+0x8058, 0x0, 4)
2026-06-26T17:12:04.545632Z vfio_region_write  (0000:09:00.0:region0+0x805c, 0x0, 4)
2026-06-26T17:12:04.545647Z vfio_region_write  (0000:09:00.0:region0+0x8060, 0x0, 4)
2026-06-26T17:12:04.545662Z vfio_region_write  (0000:09:00.0:region0+0x8064, 0x0, 4)
2026-06-26T17:12:04.545678Z vfio_region_write  (0000:09:00.0:region0+0x8068, 0x0, 4)
2026-06-26T17:12:04.545692Z vfio_region_write  (0000:09:00.0:region0+0x806c, 0x0, 4)
2026-06-26T17:12:04.545709Z vfio_region_write  (0000:09:00.0:region0+0x8070, 0x0, 4)
2026-06-26T17:12:04.545726Z vfio_region_write  (0000:09:00.0:region0+0x8074, 0x0, 4)
2026-06-26T17:12:04.545744Z vfio_region_write  (0000:09:00.0:region0+0x408, 0x1, 4)
2026-06-26T17:12:04.545801Z vfio_region_read  (0000:09:00.0:region0+0x100, 4) = 0x20000000
2026-06-26T17:12:04.545828Z vfio_region_read  (0000:09:00.0:region0+0x300, 4) = 0x0
2026-06-26T17:12:04.545850Z vfio_region_read  (0000:09:00.0:region0+0x200, 4) = 0x0
2026-06-26T17:12:04.545871Z vfio_region_read  (0000:09:00.0:region0+0x400, 4) = 0x3
2026-06-26T17:12:04.545890Z vfio_region_read  (0000:09:00.0:region0+0x500, 4) = 0xff0000
2026-06-26T17:12:04.545924Z vfio_region_read  (0000:09:00.0:region0+0x100, 4) = 0x0
2026-06-26T17:12:04.545951Z vfio_region_read  (0000:09:00.0:region0+0x300, 4) = 0x0
2026-06-26T17:12:04.545971Z vfio_region_read  (0000:09:00.0:region0+0x200, 4) = 0x0
2026-06-26T17:12:04.545991Z vfio_region_read  (0000:09:00.0:region0+0x400, 4) = 0x0
2026-06-26T17:12:04.546010Z vfio_region_read  (0000:09:00.0:region0+0x500, 4) = 0xff0000
2026-06-26T17:12:04.557400Z vfio_region_write  (0000:09:00.0:region0+0x408, 0x2, 4)
2026-06-26T17:12:04.557441Z vfio_region_write  (0000:09:00.0:region0+0x8020, 0x80800002, 4)
2026-06-26T17:12:04.557457Z vfio_region_write  (0000:09:00.0:region0+0x8024, 0x6d0004, 4)
2026-06-26T17:12:04.557472Z vfio_region_write  (0000:09:00.0:region0+0x8028, 0x0, 4)
2026-06-26T17:12:04.557488Z vfio_region_write  (0000:09:00.0:region0+0x802c, 0x0, 4)
2026-06-26T17:12:04.557504Z vfio_region_write  (0000:09:00.0:region0+0x8030, 0x5, 4)
2026-06-26T17:12:04.557519Z vfio_region_write  (0000:09:00.0:region0+0x408, 0x1, 4)
2026-06-26T17:12:04.557560Z vfio_region_read  (0000:09:00.0:region0+0x100, 4) = 0x20000000
2026-06-26T17:12:04.557579Z vfio_region_read  (0000:09:00.0:region0+0x300, 4) = 0x0
2026-06-26T17:12:04.557601Z vfio_region_read  (0000:09:00.0:region0+0x200, 4) = 0x0
2026-06-26T17:12:04.557622Z vfio_region_read  (0000:09:00.0:region0+0x400, 4) = 0x3
2026-06-26T17:12:04.557644Z vfio_region_read  (0000:09:00.0:region0+0x500, 4) = 0xff0000
2026-06-26T17:12:04.557677Z vfio_region_read  (0000:09:00.0:region0+0x100, 4) = 0x0
2026-06-26T17:12:04.557696Z vfio_region_read  (0000:09:00.0:region0+0x300, 4) = 0x0
2026-06-26T17:12:04.557717Z vfio_region_read  (0000:09:00.0:region0+0x200, 4) = 0x0
2026-06-26T17:12:04.557738Z vfio_region_read  (0000:09:00.0:region0+0x400, 4) = 0x0
2026-06-26T17:12:04.557758Z vfio_region_read  (0000:09:00.0:region0+0x500, 4) = 0xff0000
2026-06-26T17:12:04.567311Z vfio_region_write  (0000:09:00.0:region0+0x408, 0x2, 4)
2026-06-26T17:12:04.567480Z vfio_region_write  (0000:09:00.0:region0+0x8020, 0x80002002, 4)
2026-06-26T17:12:04.567495Z vfio_region_write  (0000:09:00.0:region0+0x8024, 0x6e003e, 4)
2026-06-26T17:12:04.567509Z vfio_region_write  (0000:09:00.0:region0+0x8028, 0x0, 4)
2026-06-26T17:12:04.567525Z vfio_region_write  (0000:09:00.0:region0+0x802c, 0x0, 4)
2026-06-26T17:12:04.567540Z vfio_region_write  (0000:09:00.0:region0+0x8030, 0x20000000, 4)
2026-06-26T17:12:04.567555Z vfio_region_write  (0000:09:00.0:region0+0x8034, 0x20002000, 4)
2026-06-26T17:12:04.567570Z vfio_region_write  (0000:09:00.0:region0+0x8038, 0x20002000, 4)
2026-06-26T17:12:04.567586Z vfio_region_write  (0000:09:00.0:region0+0x803c, 0x20002000, 4)
2026-06-26T17:12:04.567600Z vfio_region_write  (0000:09:00.0:region0+0x8040, 0x20002000, 4)
2026-06-26T17:12:04.567615Z vfio_region_write  (0000:09:00.0:region0+0x8044, 0x20002000, 4)
2026-06-26T17:12:04.567631Z vfio_region_write  (0000:09:00.0:region0+0x8048, 0x20002000, 4)
2026-06-26T17:12:04.567646Z vfio_region_write  (0000:09:00.0:region0+0x804c, 0x20002000, 4)
2026-06-26T17:12:04.567662Z vfio_region_write  (0000:09:00.0:region0+0x8050, 0x20002000, 4)
2026-06-26T17:12:04.567676Z vfio_region_write  (0000:09:00.0:region0+0x8054, 0x20002000, 4)
2026-06-26T17:12:04.567692Z vfio_region_write  (0000:09:00.0:region0+0x8058, 0x20002000, 4)
2026-06-26T17:12:04.567709Z vfio_region_write  (0000:09:00.0:region0+0x805c, 0x20002000, 4)
2026-06-26T17:12:04.567724Z vfio_region_write  (0000:09:00.0:region0+0x8060, 0x20002000, 4)
2026-06-26T17:12:04.567739Z vfio_region_write  (0000:09:00.0:region0+0x8064, 0x20002000, 4)
2026-06-26T17:12:04.567754Z vfio_region_write  (0000:09:00.0:region0+0x8068, 0x20002000, 4)
2026-06-26T17:12:04.567768Z vfio_region_write  (0000:09:00.0:region0+0x806c, 0x49c32000, 4)
2026-06-26T17:12:04.567783Z vfio_region_write  (0000:09:00.0:region0+0x408, 0x1, 4)
2026-06-26T17:12:04.567841Z vfio_region_read  (0000:09:00.0:region0+0x100, 4) = 0x20000000
2026-06-26T17:12:04.567861Z vfio_region_read  (0000:09:00.0:region0+0x300, 4) = 0x0
2026-06-26T17:12:04.567882Z vfio_region_read  (0000:09:00.0:region0+0x200, 4) = 0x0
2026-06-26T17:12:04.567901Z vfio_region_read  (0000:09:00.0:region0+0x400, 4) = 0x3
2026-06-26T17:12:04.567923Z vfio_region_read  (0000:09:00.0:region0+0x500, 4) = 0xff0000
2026-06-26T17:12:04.567962Z vfio_region_read  (0000:09:00.0:region0+0x100, 4) = 0x0
2026-06-26T17:12:04.567981Z vfio_region_read  (0000:09:00.0:region0+0x300, 4) = 0x0
2026-06-26T17:12:04.568002Z vfio_region_read  (0000:09:00.0:region0+0x200, 4) = 0x0
2026-06-26T17:12:04.568022Z vfio_region_read  (0000:09:00.0:region0+0x400, 4) = 0x0
2026-06-26T17:12:04.568043Z vfio_region_read  (0000:09:00.0:region0+0x500, 4) = 0xff0000
2026-06-26T17:12:04.586192Z vfio_region_write  (0000:09:00.0:region0+0x408, 0x2, 4)
2026-06-26T17:12:04.586236Z vfio_region_write  (0000:09:00.0:region0+0x8020, 0x80002002, 4)
2026-06-26T17:12:04.586252Z vfio_region_write  (0000:09:00.0:region0+0x8024, 0x6f003e, 4)
2026-06-26T17:12:04.586267Z vfio_region_write  (0000:09:00.0:region0+0x8028, 0x0, 4)
2026-06-26T17:12:04.586283Z vfio_region_write  (0000:09:00.0:region0+0x802c, 0x0, 4)
2026-06-26T17:12:04.586299Z vfio_region_write  (0000:09:00.0:region0+0x8030, 0x20000001, 4)
2026-06-26T17:12:04.586316Z vfio_region_write  (0000:09:00.0:region0+0x8034, 0x20002000, 4)
2026-06-26T17:12:04.586333Z vfio_region_write  (0000:09:00.0:region0+0x8038, 0x20002000, 4)
2026-06-26T17:12:04.586350Z vfio_region_write  (0000:09:00.0:region0+0x803c, 0x20002000, 4)
2026-06-26T17:12:04.586365Z vfio_region_write  (0000:09:00.0:region0+0x8040, 0x20002000, 4)
2026-06-26T17:12:04.586380Z vfio_region_write  (0000:09:00.0:region0+0x8044, 0x20002000, 4)
2026-06-26T17:12:04.586395Z vfio_region_write  (0000:09:00.0:region0+0x8048, 0x20002000, 4)
2026-06-26T17:12:04.586410Z vfio_region_write  (0000:09:00.0:region0+0x804c, 0x20002000, 4)
2026-06-26T17:12:04.586425Z vfio_region_write  (0000:09:00.0:region0+0x8050, 0x20002000, 4)
2026-06-26T17:12:04.586440Z vfio_region_write  (0000:09:00.0:region0+0x8054, 0x20002000, 4)
2026-06-26T17:12:04.586454Z vfio_region_write  (0000:09:00.0:region0+0x8058, 0x20002000, 4)
2026-06-26T17:12:04.586469Z vfio_region_write  (0000:09:00.0:region0+0x805c, 0x20002000, 4)
2026-06-26T17:12:04.586485Z vfio_region_write  (0000:09:00.0:region0+0x8060, 0x20002000, 4)
2026-06-26T17:12:04.586500Z vfio_region_write  (0000:09:00.0:region0+0x8064, 0x20002000, 4)
2026-06-26T17:12:04.586512Z vfio_region_write  (0000:09:00.0:region0+0x8068, 0x20002000, 4)
2026-06-26T17:12:04.586524Z vfio_region_write  (0000:09:00.0:region0+0x806c, 0x49c32000, 4)
2026-06-26T17:12:04.586536Z vfio_region_write  (0000:09:00.0:region0+0x408, 0x1, 4)
2026-06-26T17:12:04.586591Z vfio_region_read  (0000:09:00.0:region0+0x100, 4) = 0x20000000
2026-06-26T17:12:04.586611Z vfio_region_read  (0000:09:00.0:region0+0x300, 4) = 0x0
2026-06-26T17:12:04.586629Z vfio_region_read  (0000:09:00.0:region0+0x200, 4) = 0x0
2026-06-26T17:12:04.586647Z vfio_region_read  (0000:09:00.0:region0+0x400, 4) = 0x3
2026-06-26T17:12:04.586665Z vfio_region_read  (0000:09:00.0:region0+0x500, 4) = 0xff0000
2026-06-26T17:12:04.586696Z vfio_region_read  (0000:09:00.0:region0+0x100, 4) = 0x0
2026-06-26T17:12:04.586715Z vfio_region_read  (0000:09:00.0:region0+0x300, 4) = 0x0
2026-06-26T17:12:04.586733Z vfio_region_read  (0000:09:00.0:region0+0x200, 4) = 0x0
2026-06-26T17:12:04.586750Z vfio_region_read  (0000:09:00.0:region0+0x400, 4) = 0x0
2026-06-26T17:12:04.586768Z vfio_region_read  (0000:09:00.0:region0+0x500, 4) = 0xff0000
2026-06-26T17:12:04.630747Z vfio_region_write  (0000:09:00.0:region0+0x408, 0x2, 4)
2026-06-26T17:12:04.630802Z vfio_region_write  (0000:09:00.0:region0+0x8020, 0x80002002, 4)
2026-06-26T17:12:04.630816Z vfio_region_write  (0000:09:00.0:region0+0x8024, 0x70003e, 4)
2026-06-26T17:12:04.630837Z vfio_region_write  (0000:09:00.0:region0+0x8028, 0x0, 4)
2026-06-26T17:12:04.630849Z vfio_region_write  (0000:09:00.0:region0+0x802c, 0x0, 4)
2026-06-26T17:12:04.630862Z vfio_region_write  (0000:09:00.0:region0+0x8030, 0x20000002, 4)
2026-06-26T17:12:04.630874Z vfio_region_write  (0000:09:00.0:region0+0x8034, 0x20002000, 4)
2026-06-26T17:12:04.630889Z vfio_region_write  (0000:09:00.0:region0+0x8038, 0x20002000, 4)
2026-06-26T17:12:04.630901Z vfio_region_write  (0000:09:00.0:region0+0x803c, 0x20002000, 4)
2026-06-26T17:12:04.630914Z vfio_region_write  (0000:09:00.0:region0+0x8040, 0x20002000, 4)
2026-06-26T17:12:04.630941Z vfio_region_write  (0000:09:00.0:region0+0x8044, 0x20002000, 4)
2026-06-26T17:12:04.630957Z vfio_region_write  (0000:09:00.0:region0+0x8048, 0x20002000, 4)
2026-06-26T17:12:04.630972Z vfio_region_write  (0000:09:00.0:region0+0x804c, 0x20002000, 4)
2026-06-26T17:12:04.630988Z vfio_region_write  (0000:09:00.0:region0+0x8050, 0x20002000, 4)
2026-06-26T17:12:04.631002Z vfio_region_write  (0000:09:00.0:region0+0x8054, 0x20002000, 4)
2026-06-26T17:12:04.631018Z vfio_region_write  (0000:09:00.0:region0+0x8058, 0x20002000, 4)
2026-06-26T17:12:04.631033Z vfio_region_write  (0000:09:00.0:region0+0x805c, 0x20002000, 4)
2026-06-26T17:12:04.631046Z vfio_region_write  (0000:09:00.0:region0+0x8060, 0x20002000, 4)
2026-06-26T17:12:04.631059Z vfio_region_write  (0000:09:00.0:region0+0x8064, 0x20002000, 4)
2026-06-26T17:12:04.631072Z vfio_region_write  (0000:09:00.0:region0+0x8068, 0x20002000, 4)
2026-06-26T17:12:04.631084Z vfio_region_write  (0000:09:00.0:region0+0x806c, 0x49c32000, 4)
2026-06-26T17:12:04.631096Z vfio_region_write  (0000:09:00.0:region0+0x408, 0x1, 4)
2026-06-26T17:12:04.631152Z vfio_region_read  (0000:09:00.0:region0+0x100, 4) = 0x20000000
2026-06-26T17:12:04.631172Z vfio_region_read  (0000:09:00.0:region0+0x300, 4) = 0x0
2026-06-26T17:12:04.631190Z vfio_region_read  (0000:09:00.0:region0+0x200, 4) = 0x0
2026-06-26T17:12:04.631209Z vfio_region_read  (0000:09:00.0:region0+0x400, 4) = 0x3
2026-06-26T17:12:04.631227Z vfio_region_read  (0000:09:00.0:region0+0x500, 4) = 0xff0000
2026-06-26T17:12:04.631255Z vfio_region_read  (0000:09:00.0:region0+0x100, 4) = 0x0
2026-06-26T17:12:04.631273Z vfio_region_read  (0000:09:00.0:region0+0x300, 4) = 0x0
2026-06-26T17:12:04.631291Z vfio_region_read  (0000:09:00.0:region0+0x200, 4) = 0x0
2026-06-26T17:12:04.631309Z vfio_region_read  (0000:09:00.0:region0+0x400, 4) = 0x0
2026-06-26T17:12:04.631327Z vfio_region_read  (0000:09:00.0:region0+0x500, 4) = 0xff0000
2026-06-26T17:12:04.648051Z vfio_region_write  (0000:09:00.0:region0+0x408, 0x2, 4)
2026-06-26T17:12:04.648097Z vfio_region_write  (0000:09:00.0:region0+0x8020, 0x80002002, 4)
2026-06-26T17:12:04.648112Z vfio_region_write  (0000:09:00.0:region0+0x8024, 0x71003e, 4)
2026-06-26T17:12:04.648125Z vfio_region_write  (0000:09:00.0:region0+0x8028, 0x0, 4)
2026-06-26T17:12:04.648137Z vfio_region_write  (0000:09:00.0:region0+0x802c, 0x0, 4)
2026-06-26T17:12:04.648151Z vfio_region_write  (0000:09:00.0:region0+0x8030, 0x20000003, 4)
2026-06-26T17:12:04.648164Z vfio_region_write  (0000:09:00.0:region0+0x8034, 0x20002000, 4)
2026-06-26T17:12:04.648178Z vfio_region_write  (0000:09:00.0:region0+0x8038, 0x20002000, 4)
2026-06-26T17:12:04.648193Z vfio_region_write  (0000:09:00.0:region0+0x803c, 0x20002000, 4)
2026-06-26T17:12:04.648209Z vfio_region_write  (0000:09:00.0:region0+0x8040, 0x20002000, 4)
2026-06-26T17:12:04.648224Z vfio_region_write  (0000:09:00.0:region0+0x8044, 0x20002000, 4)
2026-06-26T17:12:04.648239Z vfio_region_write  (0000:09:00.0:region0+0x8048, 0x20002000, 4)
2026-06-26T17:12:04.648254Z vfio_region_write  (0000:09:00.0:region0+0x804c, 0x20002000, 4)
2026-06-26T17:12:04.648269Z vfio_region_write  (0000:09:00.0:region0+0x8050, 0x20002000, 4)
2026-06-26T17:12:04.648284Z vfio_region_write  (0000:09:00.0:region0+0x8054, 0x20002000, 4)
2026-06-26T17:12:04.648299Z vfio_region_write  (0000:09:00.0:region0+0x8058, 0x20002000, 4)
2026-06-26T17:12:04.648314Z vfio_region_write  (0000:09:00.0:region0+0x805c, 0x20002000, 4)
2026-06-26T17:12:04.648329Z vfio_region_write  (0000:09:00.0:region0+0x8060, 0x20002000, 4)
2026-06-26T17:12:04.648346Z vfio_region_write  (0000:09:00.0:region0+0x8064, 0x20002000, 4)
2026-06-26T17:12:04.648364Z vfio_region_write  (0000:09:00.0:region0+0x8068, 0x20002000, 4)
2026-06-26T17:12:04.648381Z vfio_region_write  (0000:09:00.0:region0+0x806c, 0x49c32000, 4)
2026-06-26T17:12:04.648399Z vfio_region_write  (0000:09:00.0:region0+0x408, 0x1, 4)
2026-06-26T17:12:04.648461Z vfio_region_read  (0000:09:00.0:region0+0x100, 4) = 0x20000000
2026-06-26T17:12:04.648481Z vfio_region_read  (0000:09:00.0:region0+0x300, 4) = 0x0
2026-06-26T17:12:04.648503Z vfio_region_read  (0000:09:00.0:region0+0x200, 4) = 0x0
2026-06-26T17:12:04.648523Z vfio_region_read  (0000:09:00.0:region0+0x400, 4) = 0x3
2026-06-26T17:12:04.648544Z vfio_region_read  (0000:09:00.0:region0+0x500, 4) = 0xff0000
2026-06-26T17:12:04.648576Z vfio_region_read  (0000:09:00.0:region0+0x100, 4) = 0x0
2026-06-26T17:12:04.648595Z vfio_region_read  (0000:09:00.0:region0+0x300, 4) = 0x0
2026-06-26T17:12:04.648616Z vfio_region_read  (0000:09:00.0:region0+0x200, 4) = 0x0
2026-06-26T17:12:04.648637Z vfio_region_read  (0000:09:00.0:region0+0x400, 4) = 0x0
2026-06-26T17:12:04.648657Z vfio_region_read  (0000:09:00.0:region0+0x500, 4) = 0xff0000
2026-06-26T17:12:04.674832Z vfio_region_write  (0000:09:00.0:region0+0x408, 0x2, 4)
2026-06-26T17:12:04.674882Z vfio_region_write  (0000:09:00.0:region0+0x8020, 0x80002002, 4)
2026-06-26T17:12:04.674899Z vfio_region_write  (0000:09:00.0:region0+0x8024, 0x72003e, 4)
2026-06-26T17:12:04.674915Z vfio_region_write  (0000:09:00.0:region0+0x8028, 0x0, 4)
2026-06-26T17:12:04.674943Z vfio_region_write  (0000:09:00.0:region0+0x802c, 0x0, 4)
2026-06-26T17:12:04.674960Z vfio_region_write  (0000:09:00.0:region0+0x8030, 0x20000004, 4)
2026-06-26T17:12:04.674975Z vfio_region_write  (0000:09:00.0:region0+0x8034, 0x20002000, 4)
2026-06-26T17:12:04.674991Z vfio_region_write  (0000:09:00.0:region0+0x8038, 0x20002000, 4)
2026-06-26T17:12:04.675006Z vfio_region_write  (0000:09:00.0:region0+0x803c, 0x20002000, 4)
2026-06-26T17:12:04.675021Z vfio_region_write  (0000:09:00.0:region0+0x8040, 0x20002000, 4)
2026-06-26T17:12:04.675037Z vfio_region_write  (0000:09:00.0:region0+0x8044, 0x20002000, 4)
2026-06-26T17:12:04.675052Z vfio_region_write  (0000:09:00.0:region0+0x8048, 0x20002000, 4)
2026-06-26T17:12:04.675067Z vfio_region_write  (0000:09:00.0:region0+0x804c, 0x20002000, 4)
2026-06-26T17:12:04.675083Z vfio_region_write  (0000:09:00.0:region0+0x8050, 0x20002000, 4)
2026-06-26T17:12:04.675098Z vfio_region_write  (0000:09:00.0:region0+0x8054, 0x20002000, 4)
2026-06-26T17:12:04.675113Z vfio_region_write  (0000:09:00.0:region0+0x8058, 0x20002000, 4)
2026-06-26T17:12:04.675129Z vfio_region_write  (0000:09:00.0:region0+0x805c, 0x20002000, 4)
2026-06-26T17:12:04.675146Z vfio_region_write  (0000:09:00.0:region0+0x8060, 0x20002000, 4)
2026-06-26T17:12:04.675162Z vfio_region_write  (0000:09:00.0:region0+0x8064, 0x20002000, 4)
2026-06-26T17:12:04.675178Z vfio_region_write  (0000:09:00.0:region0+0x8068, 0x20002000, 4)
2026-06-26T17:12:04.675194Z vfio_region_write  (0000:09:00.0:region0+0x806c, 0x49c32000, 4)
2026-06-26T17:12:04.675209Z vfio_region_write  (0000:09:00.0:region0+0x408, 0x1, 4)
2026-06-26T17:12:04.675263Z vfio_region_read  (0000:09:00.0:region0+0x100, 4) = 0x20000000
2026-06-26T17:12:04.675283Z vfio_region_read  (0000:09:00.0:region0+0x300, 4) = 0x0
2026-06-26T17:12:04.675305Z vfio_region_read  (0000:09:00.0:region0+0x200, 4) = 0x0
2026-06-26T17:12:04.675326Z vfio_region_read  (0000:09:00.0:region0+0x400, 4) = 0x3
2026-06-26T17:12:04.675347Z vfio_region_read  (0000:09:00.0:region0+0x500, 4) = 0xff0000
2026-06-26T17:12:04.675379Z vfio_region_read  (0000:09:00.0:region0+0x100, 4) = 0x0
2026-06-26T17:12:04.675398Z vfio_region_read  (0000:09:00.0:region0+0x300, 4) = 0x0
2026-06-26T17:12:04.675419Z vfio_region_read  (0000:09:00.0:region0+0x200, 4) = 0x0
2026-06-26T17:12:04.675440Z vfio_region_read  (0000:09:00.0:region0+0x400, 4) = 0x0
2026-06-26T17:12:04.675460Z vfio_region_read  (0000:09:00.0:region0+0x500, 4) = 0xff0000
2026-06-26T17:12:04.686046Z vfio_region_write  (0000:09:00.0:region0+0x408, 0x2, 4)
2026-06-26T17:12:04.686090Z vfio_region_write  (0000:09:00.0:region0+0x8020, 0x80002002, 4)
2026-06-26T17:12:04.686107Z vfio_region_write  (0000:09:00.0:region0+0x8024, 0x73003e, 4)
2026-06-26T17:12:04.686123Z vfio_region_write  (0000:09:00.0:region0+0x8028, 0x0, 4)
2026-06-26T17:12:04.686138Z vfio_region_write  (0000:09:00.0:region0+0x802c, 0x0, 4)
2026-06-26T17:12:04.686153Z vfio_region_write  (0000:09:00.0:region0+0x8030, 0x20000005, 4)
2026-06-26T17:12:04.686168Z vfio_region_write  (0000:09:00.0:region0+0x8034, 0x20002000, 4)
2026-06-26T17:12:04.686184Z vfio_region_write  (0000:09:00.0:region0+0x8038, 0x20002000, 4)
2026-06-26T17:12:04.686201Z vfio_region_write  (0000:09:00.0:region0+0x803c, 0x20002000, 4)
2026-06-26T17:12:04.686217Z vfio_region_write  (0000:09:00.0:region0+0x8040, 0x20002000, 4)
2026-06-26T17:12:04.686232Z vfio_region_write  (0000:09:00.0:region0+0x8044, 0x20002000, 4)
2026-06-26T17:12:04.686247Z vfio_region_write  (0000:09:00.0:region0+0x8048, 0x20002000, 4)
2026-06-26T17:12:04.686263Z vfio_region_write  (0000:09:00.0:region0+0x804c, 0x20002000, 4)
2026-06-26T17:12:04.686278Z vfio_region_write  (0000:09:00.0:region0+0x8050, 0x20002000, 4)
2026-06-26T17:12:04.686294Z vfio_region_write  (0000:09:00.0:region0+0x8054, 0x20002000, 4)
2026-06-26T17:12:04.686309Z vfio_region_write  (0000:09:00.0:region0+0x8058, 0x20002000, 4)
2026-06-26T17:12:04.686324Z vfio_region_write  (0000:09:00.0:region0+0x805c, 0x20002000, 4)
2026-06-26T17:12:04.686340Z vfio_region_write  (0000:09:00.0:region0+0x8060, 0x20002000, 4)
2026-06-26T17:12:04.686355Z vfio_region_write  (0000:09:00.0:region0+0x8064, 0x20002000, 4)
2026-06-26T17:12:04.686371Z vfio_region_write  (0000:09:00.0:region0+0x8068, 0x20002000, 4)
2026-06-26T17:12:04.686386Z vfio_region_write  (0000:09:00.0:region0+0x806c, 0x49c32000, 4)
2026-06-26T17:12:04.686401Z vfio_region_write  (0000:09:00.0:region0+0x408, 0x1, 4)
2026-06-26T17:12:04.686455Z vfio_region_read  (0000:09:00.0:region0+0x100, 4) = 0x20000000
2026-06-26T17:12:04.686476Z vfio_region_read  (0000:09:00.0:region0+0x300, 4) = 0x0
2026-06-26T17:12:04.686497Z vfio_region_read  (0000:09:00.0:region0+0x200, 4) = 0x0
2026-06-26T17:12:04.686518Z vfio_region_read  (0000:09:00.0:region0+0x400, 4) = 0x3
2026-06-26T17:12:04.686539Z vfio_region_read  (0000:09:00.0:region0+0x500, 4) = 0xff0000
2026-06-26T17:12:04.686571Z vfio_region_read  (0000:09:00.0:region0+0x100, 4) = 0x0
2026-06-26T17:12:04.686590Z vfio_region_read  (0000:09:00.0:region0+0x300, 4) = 0x0
2026-06-26T17:12:04.686611Z vfio_region_read  (0000:09:00.0:region0+0x200, 4) = 0x0
2026-06-26T17:12:04.686632Z vfio_region_read  (0000:09:00.0:region0+0x400, 4) = 0x0
2026-06-26T17:12:04.686652Z vfio_region_read  (0000:09:00.0:region0+0x500, 4) = 0xff0000
2026-06-26T17:12:04.715720Z vfio_region_write  (0000:09:00.0:region0+0x408, 0x2, 4)
2026-06-26T17:12:04.715983Z vfio_region_write  (0000:09:00.0:region0+0x8020, 0x80002002, 4)
2026-06-26T17:12:04.715999Z vfio_region_write  (0000:09:00.0:region0+0x8024, 0x74003e, 4)
2026-06-26T17:12:04.716029Z vfio_region_write  (0000:09:00.0:region0+0x8028, 0x0, 4)
2026-06-26T17:12:04.716236Z vfio_region_write  (0000:09:00.0:region0+0x802c, 0x0, 4)
2026-06-26T17:12:04.716251Z vfio_region_write  (0000:09:00.0:region0+0x8030, 0x20000006, 4)
2026-06-26T17:12:04.716276Z vfio_region_write  (0000:09:00.0:region0+0x8034, 0x20002000, 4)
2026-06-26T17:12:04.716590Z vfio_region_write  (0000:09:00.0:region0+0x8038, 0x20002000, 4)
2026-06-26T17:12:04.716615Z vfio_region_write  (0000:09:00.0:region0+0x803c, 0x20002000, 4)
2026-06-26T17:12:04.716845Z vfio_region_write  (0000:09:00.0:region0+0x8040, 0x20002000, 4)
2026-06-26T17:12:04.716877Z vfio_region_write  (0000:09:00.0:region0+0x8044, 0x20002000, 4)
2026-06-26T17:12:04.717102Z vfio_region_write  (0000:09:00.0:region0+0x8048, 0x20002000, 4)
2026-06-26T17:12:04.717128Z vfio_region_write  (0000:09:00.0:region0+0x804c, 0x20002000, 4)
2026-06-26T17:12:04.717344Z vfio_region_write  (0000:09:00.0:region0+0x8050, 0x20002000, 4)
2026-06-26T17:12:04.717372Z vfio_region_write  (0000:09:00.0:region0+0x8054, 0x20002000, 4)
2026-06-26T17:12:04.717601Z vfio_region_write  (0000:09:00.0:region0+0x8058, 0x20002000, 4)
2026-06-26T17:12:04.717627Z vfio_region_write  (0000:09:00.0:region0+0x805c, 0x20002000, 4)
2026-06-26T17:12:04.717847Z vfio_region_write  (0000:09:00.0:region0+0x8060, 0x20002000, 4)
2026-06-26T17:12:04.717876Z vfio_region_write  (0000:09:00.0:region0+0x8064, 0x20002000, 4)
2026-06-26T17:12:04.718202Z vfio_region_write  (0000:09:00.0:region0+0x8068, 0x20002000, 4)
2026-06-26T17:12:04.718228Z vfio_region_write  (0000:09:00.0:region0+0x806c, 0x49c32000, 4)
2026-06-26T17:12:04.718446Z vfio_region_write  (0000:09:00.0:region0+0x408, 0x1, 4)
2026-06-26T17:12:04.718504Z vfio_region_read  (0000:09:00.0:region0+0x100, 4) = 0x20000000
2026-06-26T17:12:04.718524Z vfio_region_read  (0000:09:00.0:region0+0x300, 4) = 0x0
2026-06-26T17:12:04.718545Z vfio_region_read  (0000:09:00.0:region0+0x200, 4) = 0x0
2026-06-26T17:12:04.718566Z vfio_region_read  (0000:09:00.0:region0+0x400, 4) = 0x3
2026-06-26T17:12:04.718588Z vfio_region_read  (0000:09:00.0:region0+0x500, 4) = 0xff0000
2026-06-26T17:12:04.718621Z vfio_region_read  (0000:09:00.0:region0+0x100, 4) = 0x0
2026-06-26T17:12:04.718641Z vfio_region_read  (0000:09:00.0:region0+0x300, 4) = 0x0
2026-06-26T17:12:04.718662Z vfio_region_read  (0000:09:00.0:region0+0x200, 4) = 0x0
2026-06-26T17:12:04.718684Z vfio_region_read  (0000:09:00.0:region0+0x400, 4) = 0x0
2026-06-26T17:12:04.718705Z vfio_region_read  (0000:09:00.0:region0+0x500, 4) = 0xff0000
2026-06-26T17:12:04.738938Z vfio_region_write  (0000:09:00.0:region0+0x408, 0x2, 4)
2026-06-26T17:12:04.738984Z vfio_region_write  (0000:09:00.0:region0+0x8020, 0x80002002, 4)
2026-06-26T17:12:04.739001Z vfio_region_write  (0000:09:00.0:region0+0x8024, 0x75003e, 4)
2026-06-26T17:12:04.739017Z vfio_region_write  (0000:09:00.0:region0+0x8028, 0x0, 4)
2026-06-26T17:12:04.739032Z vfio_region_write  (0000:09:00.0:region0+0x802c, 0x0, 4)
2026-06-26T17:12:04.739048Z vfio_region_write  (0000:09:00.0:region0+0x8030, 0x20000007, 4)
2026-06-26T17:12:04.739063Z vfio_region_write  (0000:09:00.0:region0+0x8034, 0x20002000, 4)
2026-06-26T17:12:04.739078Z vfio_region_write  (0000:09:00.0:region0+0x8038, 0x20002000, 4)
2026-06-26T17:12:04.739096Z vfio_region_write  (0000:09:00.0:region0+0x803c, 0x20002000, 4)
2026-06-26T17:12:04.739111Z vfio_region_write  (0000:09:00.0:region0+0x8040, 0x20002000, 4)
2026-06-26T17:12:04.739127Z vfio_region_write  (0000:09:00.0:region0+0x8044, 0x20002000, 4)
2026-06-26T17:12:04.739143Z vfio_region_write  (0000:09:00.0:region0+0x8048, 0x20002000, 4)
2026-06-26T17:12:04.739158Z vfio_region_write  (0000:09:00.0:region0+0x804c, 0x20002000, 4)
2026-06-26T17:12:04.739173Z vfio_region_write  (0000:09:00.0:region0+0x8050, 0x20002000, 4)
2026-06-26T17:12:04.739189Z vfio_region_write  (0000:09:00.0:region0+0x8054, 0x20002000, 4)
2026-06-26T17:12:04.739206Z vfio_region_write  (0000:09:00.0:region0+0x8058, 0x20002000, 4)
2026-06-26T17:12:04.739221Z vfio_region_write  (0000:09:00.0:region0+0x805c, 0x20002000, 4)
2026-06-26T17:12:04.739236Z vfio_region_write  (0000:09:00.0:region0+0x8060, 0x20002000, 4)
2026-06-26T17:12:04.739252Z vfio_region_write  (0000:09:00.0:region0+0x8064, 0x20002000, 4)
2026-06-26T17:12:04.739267Z vfio_region_write  (0000:09:00.0:region0+0x8068, 0x20002000, 4)
2026-06-26T17:12:04.739282Z vfio_region_write  (0000:09:00.0:region0+0x806c, 0x49c32000, 4)
2026-06-26T17:12:04.739298Z vfio_region_write  (0000:09:00.0:region0+0x408, 0x1, 4)
2026-06-26T17:12:04.739353Z vfio_region_read  (0000:09:00.0:region0+0x100, 4) = 0x20000000
2026-06-26T17:12:04.739374Z vfio_region_read  (0000:09:00.0:region0+0x300, 4) = 0x0
2026-06-26T17:12:04.739397Z vfio_region_read  (0000:09:00.0:region0+0x200, 4) = 0x0
2026-06-26T17:12:04.739417Z vfio_region_read  (0000:09:00.0:region0+0x400, 4) = 0x3
2026-06-26T17:12:04.739438Z vfio_region_read  (0000:09:00.0:region0+0x500, 4) = 0xff0000
2026-06-26T17:12:04.739470Z vfio_region_read  (0000:09:00.0:region0+0x100, 4) = 0x0
2026-06-26T17:12:04.739490Z vfio_region_read  (0000:09:00.0:region0+0x300, 4) = 0x0
2026-06-26T17:12:04.739511Z vfio_region_read  (0000:09:00.0:region0+0x200, 4) = 0x0
2026-06-26T17:12:04.739532Z vfio_region_read  (0000:09:00.0:region0+0x400, 4) = 0x0
2026-06-26T17:12:04.739552Z vfio_region_read  (0000:09:00.0:region0+0x500, 4) = 0xff0000
2026-06-26T17:12:04.760032Z vfio_region_write  (0000:09:00.0:region0+0x408, 0x2, 4)
2026-06-26T17:12:04.760077Z vfio_region_write  (0000:09:00.0:region0+0x8020, 0x80002002, 4)
2026-06-26T17:12:04.760095Z vfio_region_write  (0000:09:00.0:region0+0x8024, 0x76003e, 4)
2026-06-26T17:12:04.760113Z vfio_region_write  (0000:09:00.0:region0+0x8028, 0x0, 4)
2026-06-26T17:12:04.760129Z vfio_region_write  (0000:09:00.0:region0+0x802c, 0x0, 4)
2026-06-26T17:12:04.760144Z vfio_region_write  (0000:09:00.0:region0+0x8030, 0x20000008, 4)
2026-06-26T17:12:04.760160Z vfio_region_write  (0000:09:00.0:region0+0x8034, 0x20002000, 4)
2026-06-26T17:12:04.760176Z vfio_region_write  (0000:09:00.0:region0+0x8038, 0x20002000, 4)
2026-06-26T17:12:04.760191Z vfio_region_write  (0000:09:00.0:region0+0x803c, 0x20002000, 4)
2026-06-26T17:12:04.760207Z vfio_region_write  (0000:09:00.0:region0+0x8040, 0x20002000, 4)
2026-06-26T17:12:04.760222Z vfio_region_write  (0000:09:00.0:region0+0x8044, 0x20002000, 4)
2026-06-26T17:12:04.760238Z vfio_region_write  (0000:09:00.0:region0+0x8048, 0x20002000, 4)
2026-06-26T17:12:04.760254Z vfio_region_write  (0000:09:00.0:region0+0x804c, 0x20002000, 4)
2026-06-26T17:12:04.760269Z vfio_region_write  (0000:09:00.0:region0+0x8050, 0x20002000, 4)
2026-06-26T17:12:04.760285Z vfio_region_write  (0000:09:00.0:region0+0x8054, 0x20002000, 4)
2026-06-26T17:12:04.760300Z vfio_region_write  (0000:09:00.0:region0+0x8058, 0x20002000, 4)
2026-06-26T17:12:04.760315Z vfio_region_write  (0000:09:00.0:region0+0x805c, 0x20002000, 4)
2026-06-26T17:12:04.760331Z vfio_region_write  (0000:09:00.0:region0+0x8060, 0x20002000, 4)
2026-06-26T17:12:04.760348Z vfio_region_write  (0000:09:00.0:region0+0x8064, 0x20002000, 4)
2026-06-26T17:12:04.760365Z vfio_region_write  (0000:09:00.0:region0+0x8068, 0x20002000, 4)
2026-06-26T17:12:04.760383Z vfio_region_write  (0000:09:00.0:region0+0x806c, 0x49c32000, 4)
2026-06-26T17:12:04.760401Z vfio_region_write  (0000:09:00.0:region0+0x408, 0x1, 4)
2026-06-26T17:12:04.760456Z vfio_region_read  (0000:09:00.0:region0+0x100, 4) = 0x20000000
2026-06-26T17:12:04.760477Z vfio_region_read  (0000:09:00.0:region0+0x300, 4) = 0x0
2026-06-26T17:12:04.760501Z vfio_region_read  (0000:09:00.0:region0+0x200, 4) = 0x0
2026-06-26T17:12:04.760521Z vfio_region_read  (0000:09:00.0:region0+0x400, 4) = 0x3
2026-06-26T17:12:04.760542Z vfio_region_read  (0000:09:00.0:region0+0x500, 4) = 0xff0000
2026-06-26T17:12:04.760580Z vfio_region_read  (0000:09:00.0:region0+0x100, 4) = 0x0
2026-06-26T17:12:04.760600Z vfio_region_read  (0000:09:00.0:region0+0x300, 4) = 0x0
2026-06-26T17:12:04.760621Z vfio_region_read  (0000:09:00.0:region0+0x200, 4) = 0x0
2026-06-26T17:12:04.760642Z vfio_region_read  (0000:09:00.0:region0+0x400, 4) = 0x0
2026-06-26T17:12:04.760662Z vfio_region_read  (0000:09:00.0:region0+0x500, 4) = 0xff0000
2026-06-26T17:12:04.783268Z vfio_region_write  (0000:09:00.0:region0+0x408, 0x2, 4)
2026-06-26T17:12:04.783313Z vfio_region_write  (0000:09:00.0:region0+0x8020, 0x80002002, 4)
2026-06-26T17:12:04.783331Z vfio_region_write  (0000:09:00.0:region0+0x8024, 0x77003e, 4)
2026-06-26T17:12:04.783347Z vfio_region_write  (0000:09:00.0:region0+0x8028, 0x0, 4)
2026-06-26T17:12:04.783362Z vfio_region_write  (0000:09:00.0:region0+0x802c, 0x0, 4)
2026-06-26T17:12:04.783377Z vfio_region_write  (0000:09:00.0:region0+0x8030, 0x20000009, 4)
2026-06-26T17:12:04.783393Z vfio_region_write  (0000:09:00.0:region0+0x8034, 0x20002000, 4)
2026-06-26T17:12:04.783408Z vfio_region_write  (0000:09:00.0:region0+0x8038, 0x20002000, 4)
2026-06-26T17:12:04.783424Z vfio_region_write  (0000:09:00.0:region0+0x803c, 0x20002000, 4)
2026-06-26T17:12:04.783440Z vfio_region_write  (0000:09:00.0:region0+0x8040, 0x20002000, 4)
2026-06-26T17:12:04.783456Z vfio_region_write  (0000:09:00.0:region0+0x8044, 0x20002000, 4)
2026-06-26T17:12:04.783471Z vfio_region_write  (0000:09:00.0:region0+0x8048, 0x20002000, 4)
2026-06-26T17:12:04.783486Z vfio_region_write  (0000:09:00.0:region0+0x804c, 0x20002000, 4)
2026-06-26T17:12:04.783502Z vfio_region_write  (0000:09:00.0:region0+0x8050, 0x20002000, 4)
2026-06-26T17:12:04.783516Z vfio_region_write  (0000:09:00.0:region0+0x8054, 0x20002000, 4)
2026-06-26T17:12:04.783531Z vfio_region_write  (0000:09:00.0:region0+0x8058, 0x20002000, 4)
2026-06-26T17:12:04.783546Z vfio_region_write  (0000:09:00.0:region0+0x805c, 0x20002000, 4)
2026-06-26T17:12:04.783561Z vfio_region_write  (0000:09:00.0:region0+0x8060, 0x20002000, 4)
2026-06-26T17:12:04.783578Z vfio_region_write  (0000:09:00.0:region0+0x8064, 0x20002000, 4)
2026-06-26T17:12:04.783596Z vfio_region_write  (0000:09:00.0:region0+0x8068, 0x20002000, 4)
2026-06-26T17:12:04.783612Z vfio_region_write  (0000:09:00.0:region0+0x806c, 0x49c32000, 4)
2026-06-26T17:12:04.783627Z vfio_region_write  (0000:09:00.0:region0+0x408, 0x1, 4)
2026-06-26T17:12:04.783682Z vfio_region_read  (0000:09:00.0:region0+0x100, 4) = 0x20000000
2026-06-26T17:12:04.783702Z vfio_region_read  (0000:09:00.0:region0+0x300, 4) = 0x0
2026-06-26T17:12:04.783724Z vfio_region_read  (0000:09:00.0:region0+0x200, 4) = 0x0
2026-06-26T17:12:04.783745Z vfio_region_read  (0000:09:00.0:region0+0x400, 4) = 0x3
2026-06-26T17:12:04.783766Z vfio_region_read  (0000:09:00.0:region0+0x500, 4) = 0xff0000
2026-06-26T17:12:04.783803Z vfio_region_read  (0000:09:00.0:region0+0x100, 4) = 0x0
2026-06-26T17:12:04.783827Z vfio_region_read  (0000:09:00.0:region0+0x300, 4) = 0x0
2026-06-26T17:12:04.783849Z vfio_region_read  (0000:09:00.0:region0+0x200, 4) = 0x0
2026-06-26T17:12:04.783869Z vfio_region_read  (0000:09:00.0:region0+0x400, 4) = 0x0
2026-06-26T17:12:04.783890Z vfio_region_read  (0000:09:00.0:region0+0x500, 4) = 0xff0000
2026-06-26T17:12:04.786920Z vfio_region_write  (0000:09:00.0:region0+0x408, 0x2, 4)
2026-06-26T17:12:04.786968Z vfio_region_write  (0000:09:00.0:region0+0x8020, 0x80002002, 4)
2026-06-26T17:12:04.786983Z vfio_region_write  (0000:09:00.0:region0+0x8024, 0x78003e, 4)
2026-06-26T17:12:04.786999Z vfio_region_write  (0000:09:00.0:region0+0x8028, 0x0, 4)
2026-06-26T17:12:04.787014Z vfio_region_write  (0000:09:00.0:region0+0x802c, 0x0, 4)
2026-06-26T17:12:04.787032Z vfio_region_write  (0000:09:00.0:region0+0x8030, 0x2000000a, 4)
2026-06-26T17:12:04.787048Z vfio_region_write  (0000:09:00.0:region0+0x8034, 0x20002000, 4)
2026-06-26T17:12:04.787063Z vfio_region_write  (0000:09:00.0:region0+0x8038, 0x20002000, 4)
2026-06-26T17:12:04.787079Z vfio_region_write  (0000:09:00.0:region0+0x803c, 0x20002000, 4)
2026-06-26T17:12:04.787095Z vfio_region_write  (0000:09:00.0:region0+0x8040, 0x20002000, 4)
2026-06-26T17:12:04.787110Z vfio_region_write  (0000:09:00.0:region0+0x8044, 0x20002000, 4)
2026-06-26T17:12:04.787125Z vfio_region_write  (0000:09:00.0:region0+0x8048, 0x20002000, 4)
2026-06-26T17:12:04.787142Z vfio_region_write  (0000:09:00.0:region0+0x804c, 0x20002000, 4)
2026-06-26T17:12:04.787158Z vfio_region_write  (0000:09:00.0:region0+0x8050, 0x20002000, 4)
2026-06-26T17:12:04.787174Z vfio_region_write  (0000:09:00.0:region0+0x8054, 0x20002000, 4)
2026-06-26T17:12:04.787189Z vfio_region_write  (0000:09:00.0:region0+0x8058, 0x20002000, 4)
2026-06-26T17:12:04.787205Z vfio_region_write  (0000:09:00.0:region0+0x805c, 0x20002000, 4)
2026-06-26T17:12:04.787220Z vfio_region_write  (0000:09:00.0:region0+0x8060, 0x20002000, 4)
2026-06-26T17:12:04.787235Z vfio_region_write  (0000:09:00.0:region0+0x8064, 0x20002000, 4)
2026-06-26T17:12:04.787252Z vfio_region_write  (0000:09:00.0:region0+0x8068, 0x20002000, 4)
2026-06-26T17:12:04.787268Z vfio_region_write  (0000:09:00.0:region0+0x806c, 0x49c32000, 4)
2026-06-26T17:12:04.787284Z vfio_region_write  (0000:09:00.0:region0+0x408, 0x1, 4)
2026-06-26T17:12:04.787337Z vfio_region_read  (0000:09:00.0:region0+0x100, 4) = 0x20000000
2026-06-26T17:12:04.787357Z vfio_region_read  (0000:09:00.0:region0+0x300, 4) = 0x0
2026-06-26T17:12:04.787379Z vfio_region_read  (0000:09:00.0:region0+0x200, 4) = 0x0
2026-06-26T17:12:04.787400Z vfio_region_read  (0000:09:00.0:region0+0x400, 4) = 0x3
2026-06-26T17:12:04.787420Z vfio_region_read  (0000:09:00.0:region0+0x500, 4) = 0xff0000
2026-06-26T17:12:04.787451Z vfio_region_read  (0000:09:00.0:region0+0x100, 4) = 0x0
2026-06-26T17:12:04.787472Z vfio_region_read  (0000:09:00.0:region0+0x300, 4) = 0x0
2026-06-26T17:12:04.787493Z vfio_region_read  (0000:09:00.0:region0+0x200, 4) = 0x0
2026-06-26T17:12:04.787513Z vfio_region_read  (0000:09:00.0:region0+0x400, 4) = 0x0
2026-06-26T17:12:04.787533Z vfio_region_read  (0000:09:00.0:region0+0x500, 4) = 0xff0000
2026-06-26T17:12:04.804545Z vfio_region_write  (0000:09:00.0:region0+0x408, 0x2, 4)
2026-06-26T17:12:04.804583Z vfio_region_write  (0000:09:00.0:region0+0x8020, 0x80002002, 4)
2026-06-26T17:12:04.804622Z vfio_region_write  (0000:09:00.0:region0+0x8024, 0x79003e, 4)
2026-06-26T17:12:04.804961Z vfio_region_write  (0000:09:00.0:region0+0x8028, 0x0, 4)
2026-06-26T17:12:04.804976Z vfio_region_write  (0000:09:00.0:region0+0x802c, 0x0, 4)
2026-06-26T17:12:04.804992Z vfio_region_write  (0000:09:00.0:region0+0x8030, 0x2000000b, 4)
2026-06-26T17:12:04.805008Z vfio_region_write  (0000:09:00.0:region0+0x8034, 0x20002000, 4)
2026-06-26T17:12:04.805023Z vfio_region_write  (0000:09:00.0:region0+0x8038, 0x20002000, 4)
2026-06-26T17:12:04.805039Z vfio_region_write  (0000:09:00.0:region0+0x803c, 0x20002000, 4)
2026-06-26T17:12:04.805055Z vfio_region_write  (0000:09:00.0:region0+0x8040, 0x20002000, 4)
2026-06-26T17:12:04.805070Z vfio_region_write  (0000:09:00.0:region0+0x8044, 0x20002000, 4)
2026-06-26T17:12:04.805086Z vfio_region_write  (0000:09:00.0:region0+0x8048, 0x20002000, 4)
2026-06-26T17:12:04.805102Z vfio_region_write  (0000:09:00.0:region0+0x804c, 0x20002000, 4)
2026-06-26T17:12:04.805117Z vfio_region_write  (0000:09:00.0:region0+0x8050, 0x20002000, 4)
2026-06-26T17:12:04.805133Z vfio_region_write  (0000:09:00.0:region0+0x8054, 0x20002000, 4)
2026-06-26T17:12:04.805149Z vfio_region_write  (0000:09:00.0:region0+0x8058, 0x20002000, 4)
2026-06-26T17:12:04.805164Z vfio_region_write  (0000:09:00.0:region0+0x805c, 0x20002000, 4)
2026-06-26T17:12:04.805180Z vfio_region_write  (0000:09:00.0:region0+0x8060, 0x20002000, 4)
2026-06-26T17:12:04.805195Z vfio_region_write  (0000:09:00.0:region0+0x8064, 0x20002000, 4)
2026-06-26T17:12:04.805211Z vfio_region_write  (0000:09:00.0:region0+0x8068, 0x20002000, 4)
2026-06-26T17:12:04.805227Z vfio_region_write  (0000:09:00.0:region0+0x806c, 0x49c32000, 4)
2026-06-26T17:12:04.805243Z vfio_region_write  (0000:09:00.0:region0+0x408, 0x1, 4)
2026-06-26T17:12:04.805296Z vfio_region_read  (0000:09:00.0:region0+0x100, 4) = 0x20000000
2026-06-26T17:12:04.805317Z vfio_region_read  (0000:09:00.0:region0+0x300, 4) = 0x0
2026-06-26T17:12:04.805339Z vfio_region_read  (0000:09:00.0:region0+0x200, 4) = 0x0
2026-06-26T17:12:04.805360Z vfio_region_read  (0000:09:00.0:region0+0x400, 4) = 0x3
2026-06-26T17:12:04.805381Z vfio_region_read  (0000:09:00.0:region0+0x500, 4) = 0xff0000
2026-06-26T17:12:04.805413Z vfio_region_read  (0000:09:00.0:region0+0x100, 4) = 0x0
2026-06-26T17:12:04.805433Z vfio_region_read  (0000:09:00.0:region0+0x300, 4) = 0x0
2026-06-26T17:12:04.805454Z vfio_region_read  (0000:09:00.0:region0+0x200, 4) = 0x0
2026-06-26T17:12:04.805475Z vfio_region_read  (0000:09:00.0:region0+0x400, 4) = 0x0
2026-06-26T17:12:04.805496Z vfio_region_read  (0000:09:00.0:region0+0x500, 4) = 0xff0000
2026-06-26T17:12:04.823956Z vfio_region_write  (0000:09:00.0:region0+0x408, 0x2, 4)
2026-06-26T17:12:04.827613Z vfio_region_write  (0000:09:00.0:region0+0x8020, 0x80002002, 4)
2026-06-26T17:12:04.827628Z vfio_region_write  (0000:09:00.0:region0+0x8024, 0x7a003e, 4)
2026-06-26T17:12:04.827644Z vfio_region_write  (0000:09:00.0:region0+0x8028, 0x0, 4)
2026-06-26T17:12:04.827660Z vfio_region_write  (0000:09:00.0:region0+0x802c, 0x0, 4)
2026-06-26T17:12:04.827675Z vfio_region_write  (0000:09:00.0:region0+0x8030, 0x2000000c, 4)
2026-06-26T17:12:04.827690Z vfio_region_write  (0000:09:00.0:region0+0x8034, 0x20002000, 4)
2026-06-26T17:12:04.827705Z vfio_region_write  (0000:09:00.0:region0+0x8038, 0x20002000, 4)
2026-06-26T17:12:04.827720Z vfio_region_write  (0000:09:00.0:region0+0x803c, 0x20002000, 4)
2026-06-26T17:12:04.827735Z vfio_region_write  (0000:09:00.0:region0+0x8040, 0x20002000, 4)
2026-06-26T17:12:04.827750Z vfio_region_write  (0000:09:00.0:region0+0x8044, 0x20002000, 4)
2026-06-26T17:12:04.827765Z vfio_region_write  (0000:09:00.0:region0+0x8048, 0x20002000, 4)
2026-06-26T17:12:04.827780Z vfio_region_write  (0000:09:00.0:region0+0x804c, 0x20002000, 4)
2026-06-26T17:12:04.827794Z vfio_region_write  (0000:09:00.0:region0+0x8050, 0x20002000, 4)
2026-06-26T17:12:04.827809Z vfio_region_write  (0000:09:00.0:region0+0x8054, 0x20002000, 4)
2026-06-26T17:12:04.827828Z vfio_region_write  (0000:09:00.0:region0+0x8058, 0x20002000, 4)
2026-06-26T17:12:04.827872Z vfio_region_write  (0000:09:00.0:region0+0x805c, 0x20002000, 4)
2026-06-26T17:12:04.827892Z vfio_region_write  (0000:09:00.0:region0+0x8060, 0x20002000, 4)
2026-06-26T17:12:04.827908Z vfio_region_write  (0000:09:00.0:region0+0x8064, 0x20002000, 4)
2026-06-26T17:12:04.827923Z vfio_region_write  (0000:09:00.0:region0+0x8068, 0x20002000, 4)
2026-06-26T17:12:04.827948Z vfio_region_write  (0000:09:00.0:region0+0x806c, 0xffff2000, 4)
2026-06-26T17:12:04.827966Z vfio_region_write  (0000:09:00.0:region0+0x408, 0x1, 4)
2026-06-26T17:12:04.828023Z vfio_region_read  (0000:09:00.0:region0+0x100, 4) = 0x20000000
2026-06-26T17:12:04.828046Z vfio_region_read  (0000:09:00.0:region0+0x300, 4) = 0x0
2026-06-26T17:12:04.828068Z vfio_region_read  (0000:09:00.0:region0+0x200, 4) = 0x0
2026-06-26T17:12:04.828089Z vfio_region_read  (0000:09:00.0:region0+0x400, 4) = 0x3
2026-06-26T17:12:04.828110Z vfio_region_read  (0000:09:00.0:region0+0x500, 4) = 0xff0000
2026-06-26T17:12:04.828143Z vfio_region_read  (0000:09:00.0:region0+0x100, 4) = 0x0
2026-06-26T17:12:04.828165Z vfio_region_read  (0000:09:00.0:region0+0x300, 4) = 0x0
2026-06-26T17:12:04.828186Z vfio_region_read  (0000:09:00.0:region0+0x200, 4) = 0x0
2026-06-26T17:12:04.828207Z vfio_region_read  (0000:09:00.0:region0+0x400, 4) = 0x0
2026-06-26T17:12:04.828228Z vfio_region_read  (0000:09:00.0:region0+0x500, 4) = 0xff0000
2026-06-26T17:12:04.850945Z vfio_region_write  (0000:09:00.0:region0+0x408, 0x2, 4)
2026-06-26T17:12:04.851008Z vfio_region_write  (0000:09:00.0:region0+0x8020, 0x80002002, 4)
2026-06-26T17:12:04.851025Z vfio_region_write  (0000:09:00.0:region0+0x8024, 0x7b003e, 4)
2026-06-26T17:12:04.851040Z vfio_region_write  (0000:09:00.0:region0+0x8028, 0x0, 4)
2026-06-26T17:12:04.851056Z vfio_region_write  (0000:09:00.0:region0+0x802c, 0x0, 4)
2026-06-26T17:12:04.851074Z vfio_region_write  (0000:09:00.0:region0+0x8030, 0x2000000d, 4)
2026-06-26T17:12:04.851089Z vfio_region_write  (0000:09:00.0:region0+0x8034, 0x20002000, 4)
2026-06-26T17:12:04.851105Z vfio_region_write  (0000:09:00.0:region0+0x8038, 0x20002000, 4)
2026-06-26T17:12:04.851121Z vfio_region_write  (0000:09:00.0:region0+0x803c, 0x20002000, 4)
2026-06-26T17:12:04.851138Z vfio_region_write  (0000:09:00.0:region0+0x8040, 0x20002000, 4)
2026-06-26T17:12:04.851155Z vfio_region_write  (0000:09:00.0:region0+0x8044, 0x20002000, 4)
2026-06-26T17:12:04.851170Z vfio_region_write  (0000:09:00.0:region0+0x8048, 0x20002000, 4)
2026-06-26T17:12:04.851186Z vfio_region_write  (0000:09:00.0:region0+0x804c, 0x20002000, 4)
2026-06-26T17:12:04.851203Z vfio_region_write  (0000:09:00.0:region0+0x8050, 0x20002000, 4)
2026-06-26T17:12:04.851218Z vfio_region_write  (0000:09:00.0:region0+0x8054, 0x20002000, 4)
2026-06-26T17:12:04.851234Z vfio_region_write  (0000:09:00.0:region0+0x8058, 0x20002000, 4)
2026-06-26T17:12:04.851251Z vfio_region_write  (0000:09:00.0:region0+0x805c, 0x20002000, 4)
2026-06-26T17:12:04.851268Z vfio_region_write  (0000:09:00.0:region0+0x8060, 0x20002000, 4)
2026-06-26T17:12:04.851284Z vfio_region_write  (0000:09:00.0:region0+0x8064, 0x20002000, 4)
2026-06-26T17:12:04.851299Z vfio_region_write  (0000:09:00.0:region0+0x8068, 0x20002000, 4)
2026-06-26T17:12:04.851317Z vfio_region_write  (0000:09:00.0:region0+0x806c, 0xffff2000, 4)
2026-06-26T17:12:04.851334Z vfio_region_write  (0000:09:00.0:region0+0x408, 0x1, 4)
2026-06-26T17:12:04.851390Z vfio_region_read  (0000:09:00.0:region0+0x100, 4) = 0x20000000
2026-06-26T17:12:04.851411Z vfio_region_read  (0000:09:00.0:region0+0x300, 4) = 0x0
2026-06-26T17:12:04.851431Z vfio_region_read  (0000:09:00.0:region0+0x200, 4) = 0x0
2026-06-26T17:12:04.851452Z vfio_region_read  (0000:09:00.0:region0+0x400, 4) = 0x3
2026-06-26T17:12:04.851474Z vfio_region_read  (0000:09:00.0:region0+0x500, 4) = 0xff0000
2026-06-26T17:12:04.851507Z vfio_region_read  (0000:09:00.0:region0+0x100, 4) = 0x0
2026-06-26T17:12:04.851527Z vfio_region_read  (0000:09:00.0:region0+0x300, 4) = 0x0
2026-06-26T17:12:04.851548Z vfio_region_read  (0000:09:00.0:region0+0x200, 4) = 0x0
2026-06-26T17:12:04.851569Z vfio_region_read  (0000:09:00.0:region0+0x400, 4) = 0x0
2026-06-26T17:12:04.851590Z vfio_region_read  (0000:09:00.0:region0+0x500, 4) = 0xff0000
2026-06-26T17:12:04.860683Z vfio_region_write  (0000:09:00.0:region0+0x408, 0x2, 4)
2026-06-26T17:12:04.860729Z vfio_region_write  (0000:09:00.0:region0+0x8020, 0x80002002, 4)
2026-06-26T17:12:04.860746Z vfio_region_write  (0000:09:00.0:region0+0x8024, 0x7c003e, 4)
2026-06-26T17:12:04.860761Z vfio_region_write  (0000:09:00.0:region0+0x8028, 0x0, 4)
2026-06-26T17:12:04.860776Z vfio_region_write  (0000:09:00.0:region0+0x802c, 0x0, 4)
2026-06-26T17:12:04.860793Z vfio_region_write  (0000:09:00.0:region0+0x8030, 0x2000000e, 4)
2026-06-26T17:12:04.860809Z vfio_region_write  (0000:09:00.0:region0+0x8034, 0x20002000, 4)
2026-06-26T17:12:04.860829Z vfio_region_write  (0000:09:00.0:region0+0x8038, 0x20002000, 4)
2026-06-26T17:12:04.860844Z vfio_region_write  (0000:09:00.0:region0+0x803c, 0x20002000, 4)
2026-06-26T17:12:04.860860Z vfio_region_write  (0000:09:00.0:region0+0x8040, 0x20002000, 4)
2026-06-26T17:12:04.860878Z vfio_region_write  (0000:09:00.0:region0+0x8044, 0x20002000, 4)
2026-06-26T17:12:04.860894Z vfio_region_write  (0000:09:00.0:region0+0x8048, 0x20002000, 4)
2026-06-26T17:12:04.860909Z vfio_region_write  (0000:09:00.0:region0+0x804c, 0x20002000, 4)
2026-06-26T17:12:04.860925Z vfio_region_write  (0000:09:00.0:region0+0x8050, 0x20002000, 4)
2026-06-26T17:12:04.860949Z vfio_region_write  (0000:09:00.0:region0+0x8054, 0x20002000, 4)
2026-06-26T17:12:04.860966Z vfio_region_write  (0000:09:00.0:region0+0x8058, 0x20002000, 4)
2026-06-26T17:12:04.860983Z vfio_region_write  (0000:09:00.0:region0+0x805c, 0x20002000, 4)
2026-06-26T17:12:04.860997Z vfio_region_write  (0000:09:00.0:region0+0x8060, 0x20002000, 4)
2026-06-26T17:12:04.861012Z vfio_region_write  (0000:09:00.0:region0+0x8064, 0x20002000, 4)
2026-06-26T17:12:04.861026Z vfio_region_write  (0000:09:00.0:region0+0x8068, 0x20002000, 4)
2026-06-26T17:12:04.861041Z vfio_region_write  (0000:09:00.0:region0+0x806c, 0xffff2000, 4)
2026-06-26T17:12:04.861056Z vfio_region_write  (0000:09:00.0:region0+0x408, 0x1, 4)
2026-06-26T17:12:04.861111Z vfio_region_read  (0000:09:00.0:region0+0x100, 4) = 0x20000000
2026-06-26T17:12:04.861131Z vfio_region_read  (0000:09:00.0:region0+0x300, 4) = 0x0
2026-06-26T17:12:04.861152Z vfio_region_read  (0000:09:00.0:region0+0x200, 4) = 0x0
2026-06-26T17:12:04.861171Z vfio_region_read  (0000:09:00.0:region0+0x400, 4) = 0x3
2026-06-26T17:12:04.861194Z vfio_region_read  (0000:09:00.0:region0+0x500, 4) = 0xff0000
2026-06-26T17:12:04.861227Z vfio_region_read  (0000:09:00.0:region0+0x100, 4) = 0x0
2026-06-26T17:12:04.861246Z vfio_region_read  (0000:09:00.0:region0+0x300, 4) = 0x0
2026-06-26T17:12:04.861265Z vfio_region_read  (0000:09:00.0:region0+0x200, 4) = 0x0
2026-06-26T17:12:04.861285Z vfio_region_read  (0000:09:00.0:region0+0x400, 4) = 0x0
2026-06-26T17:12:04.861305Z vfio_region_read  (0000:09:00.0:region0+0x500, 4) = 0xff0000
2026-06-26T17:12:04.871842Z vfio_region_write  (0000:09:00.0:region0+0x408, 0x2, 4)
2026-06-26T17:12:04.871890Z vfio_region_write  (0000:09:00.0:region0+0x8020, 0x80002002, 4)
2026-06-26T17:12:04.871907Z vfio_region_write  (0000:09:00.0:region0+0x8024, 0x7d003e, 4)
2026-06-26T17:12:04.871923Z vfio_region_write  (0000:09:00.0:region0+0x8028, 0x0, 4)
2026-06-26T17:12:04.871947Z vfio_region_write  (0000:09:00.0:region0+0x802c, 0x0, 4)
2026-06-26T17:12:04.871964Z vfio_region_write  (0000:09:00.0:region0+0x8030, 0x2000000f, 4)
2026-06-26T17:12:04.871978Z vfio_region_write  (0000:09:00.0:region0+0x8034, 0x20002000, 4)
2026-06-26T17:12:04.871993Z vfio_region_write  (0000:09:00.0:region0+0x8038, 0x20002000, 4)
2026-06-26T17:12:04.872007Z vfio_region_write  (0000:09:00.0:region0+0x803c, 0x20002000, 4)
2026-06-26T17:12:04.872024Z vfio_region_write  (0000:09:00.0:region0+0x8040, 0x20002000, 4)
2026-06-26T17:12:04.872039Z vfio_region_write  (0000:09:00.0:region0+0x8044, 0x20002000, 4)
2026-06-26T17:12:04.872054Z vfio_region_write  (0000:09:00.0:region0+0x8048, 0x20002000, 4)
2026-06-26T17:12:04.872072Z vfio_region_write  (0000:09:00.0:region0+0x804c, 0x20002000, 4)
2026-06-26T17:12:04.872087Z vfio_region_write  (0000:09:00.0:region0+0x8050, 0x20002000, 4)
2026-06-26T17:12:04.872103Z vfio_region_write  (0000:09:00.0:region0+0x8054, 0x20002000, 4)
2026-06-26T17:12:04.872118Z vfio_region_write  (0000:09:00.0:region0+0x8058, 0x20002000, 4)
2026-06-26T17:12:04.872134Z vfio_region_write  (0000:09:00.0:region0+0x805c, 0x20002000, 4)
2026-06-26T17:12:04.872148Z vfio_region_write  (0000:09:00.0:region0+0x8060, 0x20002000, 4)
2026-06-26T17:12:04.872163Z vfio_region_write  (0000:09:00.0:region0+0x8064, 0x20002000, 4)
2026-06-26T17:12:04.872181Z vfio_region_write  (0000:09:00.0:region0+0x8068, 0x20002000, 4)
2026-06-26T17:12:04.872196Z vfio_region_write  (0000:09:00.0:region0+0x806c, 0xffff2000, 4)
2026-06-26T17:12:04.872214Z vfio_region_write  (0000:09:00.0:region0+0x408, 0x1, 4)
2026-06-26T17:12:04.872270Z vfio_region_read  (0000:09:00.0:region0+0x100, 4) = 0x20000000
2026-06-26T17:12:04.872291Z vfio_region_read  (0000:09:00.0:region0+0x300, 4) = 0x0
2026-06-26T17:12:04.872314Z vfio_region_read  (0000:09:00.0:region0+0x200, 4) = 0x0
2026-06-26T17:12:04.872334Z vfio_region_read  (0000:09:00.0:region0+0x400, 4) = 0x3
2026-06-26T17:12:04.872354Z vfio_region_read  (0000:09:00.0:region0+0x500, 4) = 0xff0000
2026-06-26T17:12:04.872387Z vfio_region_read  (0000:09:00.0:region0+0x100, 4) = 0x0
2026-06-26T17:12:04.872406Z vfio_region_read  (0000:09:00.0:region0+0x300, 4) = 0x0
2026-06-26T17:12:04.872427Z vfio_region_read  (0000:09:00.0:region0+0x200, 4) = 0x0
2026-06-26T17:12:04.872448Z vfio_region_read  (0000:09:00.0:region0+0x400, 4) = 0x0
2026-06-26T17:12:04.872468Z vfio_region_read  (0000:09:00.0:region0+0x500, 4) = 0xff0000
2026-06-26T17:12:04.890416Z vfio_region_write  (0000:09:00.0:region0+0x408, 0x2, 4)
2026-06-26T17:12:04.890499Z vfio_region_write  (0000:09:00.0:region0+0x8020, 0x80003002, 4)
2026-06-26T17:12:04.890514Z vfio_region_write  (0000:09:00.0:region0+0x8024, 0x7e0104, 4)
2026-06-26T17:12:04.890529Z vfio_region_write  (0000:09:00.0:region0+0x8028, 0x0, 4)
2026-06-26T17:12:04.890545Z vfio_region_write  (0000:09:00.0:region0+0x802c, 0x0, 4)
2026-06-26T17:12:04.890560Z vfio_region_write  (0000:09:00.0:region0+0x8030, 0x0, 4)
2026-06-26T17:12:04.890575Z vfio_region_write  (0000:09:00.0:region0+0x8034, 0x400600, 4)
2026-06-26T17:12:04.890592Z vfio_region_write  (0000:09:00.0:region0+0x8038, 0x402601, 4)
2026-06-26T17:12:04.890608Z vfio_region_write  (0000:09:00.0:region0+0x803c, 0x186602, 4)
2026-06-26T17:12:04.890623Z vfio_region_write  (0000:09:00.0:region0+0x8040, 0x187603, 4)
2026-06-26T17:12:04.890638Z vfio_region_write  (0000:09:00.0:region0+0x8044, 0x200606, 4)
2026-06-26T17:12:04.890654Z vfio_region_write  (0000:09:00.0:region0+0x8048, 0x201607, 4)
2026-06-26T17:12:04.890671Z vfio_region_write  (0000:09:00.0:region0+0x804c, 0x202608, 4)
2026-06-26T17:12:04.890687Z vfio_region_write  (0000:09:00.0:region0+0x8050, 0x203609, 4)
2026-06-26T17:12:04.890704Z vfio_region_write  (0000:09:00.0:region0+0x8054, 0x20460a, 4)
2026-06-26T17:12:04.890719Z vfio_region_write  (0000:09:00.0:region0+0x8058, 0x20560b, 4)
2026-06-26T17:12:04.890735Z vfio_region_write  (0000:09:00.0:region0+0x805c, 0x20660c, 4)
2026-06-26T17:12:04.890750Z vfio_region_write  (0000:09:00.0:region0+0x8060, 0x20760d, 4)
2026-06-26T17:12:04.890767Z vfio_region_write  (0000:09:00.0:region0+0x8064, 0x300400, 4)
2026-06-26T17:12:04.890782Z vfio_region_write  (0000:09:00.0:region0+0x8068, 0x301401, 4)
2026-06-26T17:12:04.890797Z vfio_region_write  (0000:09:00.0:region0+0x806c, 0x600402, 4)
2026-06-26T17:12:04.890812Z vfio_region_write  (0000:09:00.0:region0+0x8070, 0x601403, 4)
2026-06-26T17:12:04.890832Z vfio_region_write  (0000:09:00.0:region0+0x8074, 0x600604, 4)
2026-06-26T17:12:04.890870Z vfio_region_write  (0000:09:00.0:region0+0x8078, 0x601605, 4)
2026-06-26T17:12:04.890886Z vfio_region_write  (0000:09:00.0:region0+0x807c, 0x300, 4)
2026-06-26T17:12:04.890903Z vfio_region_write  (0000:09:00.0:region0+0x8080, 0x301, 4)
2026-06-26T17:12:04.890920Z vfio_region_write  (0000:09:00.0:region0+0x8084, 0x302, 4)
2026-06-26T17:12:04.890947Z vfio_region_write  (0000:09:00.0:region0+0x8088, 0x303, 4)
2026-06-26T17:12:04.890964Z vfio_region_write  (0000:09:00.0:region0+0x808c, 0x304, 4)
2026-06-26T17:12:04.890980Z vfio_region_write  (0000:09:00.0:region0+0x8090, 0x305, 4)
2026-06-26T17:12:04.890996Z vfio_region_write  (0000:09:00.0:region0+0x8094, 0x306, 4)
2026-06-26T17:12:04.891012Z vfio_region_write  (0000:09:00.0:region0+0x8098, 0x307, 4)
2026-06-26T17:12:04.891028Z vfio_region_write  (0000:09:00.0:region0+0x809c, 0x308, 4)
2026-06-26T17:12:04.891044Z vfio_region_write  (0000:09:00.0:region0+0x80a0, 0x309, 4)
2026-06-26T17:12:04.891062Z vfio_region_write  (0000:09:00.0:region0+0x80a4, 0x30a, 4)
2026-06-26T17:12:04.891079Z vfio_region_write  (0000:09:00.0:region0+0x80a8, 0x30b, 4)
2026-06-26T17:12:04.891097Z vfio_region_write  (0000:09:00.0:region0+0x80ac, 0x30c, 4)
2026-06-26T17:12:04.891114Z vfio_region_write  (0000:09:00.0:region0+0x80b0, 0x30d, 4)
2026-06-26T17:12:04.891131Z vfio_region_write  (0000:09:00.0:region0+0x80b4, 0x30e, 4)
2026-06-26T17:12:04.891148Z vfio_region_write  (0000:09:00.0:region0+0x80b8, 0x30f, 4)
2026-06-26T17:12:04.891165Z vfio_region_write  (0000:09:00.0:region0+0x80bc, 0x310, 4)
2026-06-26T17:12:04.891182Z vfio_region_write  (0000:09:00.0:region0+0x80c0, 0x311, 4)
2026-06-26T17:12:04.891200Z vfio_region_write  (0000:09:00.0:region0+0x80c4, 0x312, 4)
2026-06-26T17:12:04.891217Z vfio_region_write  (0000:09:00.0:region0+0x80c8, 0x313, 4)
2026-06-26T17:12:04.891235Z vfio_region_write  (0000:09:00.0:region0+0x80cc, 0x314, 4)
2026-06-26T17:12:04.891252Z vfio_region_write  (0000:09:00.0:region0+0x80d0, 0x315, 4)
2026-06-26T17:12:04.891269Z vfio_region_write  (0000:09:00.0:region0+0x80d4, 0x316, 4)
2026-06-26T17:12:04.891287Z vfio_region_write  (0000:09:00.0:region0+0x80d8, 0x317, 4)
2026-06-26T17:12:04.891304Z vfio_region_write  (0000:09:00.0:region0+0x80dc, 0x318, 4)
2026-06-26T17:12:04.891321Z vfio_region_write  (0000:09:00.0:region0+0x80e0, 0x319, 4)
2026-06-26T17:12:04.891339Z vfio_region_write  (0000:09:00.0:region0+0x80e4, 0x31a, 4)
2026-06-26T17:12:04.891356Z vfio_region_write  (0000:09:00.0:region0+0x80e8, 0x31b, 4)
2026-06-26T17:12:04.891373Z vfio_region_write  (0000:09:00.0:region0+0x80ec, 0x31c, 4)
2026-06-26T17:12:04.891390Z vfio_region_write  (0000:09:00.0:region0+0x80f0, 0x31d, 4)
2026-06-26T17:12:04.891408Z vfio_region_write  (0000:09:00.0:region0+0x80f4, 0x0, 4)
2026-06-26T17:12:04.891423Z vfio_region_write  (0000:09:00.0:region0+0x80f8, 0x0, 4)
2026-06-26T17:12:04.891438Z vfio_region_write  (0000:09:00.0:region0+0x80fc, 0x0, 4)
2026-06-26T17:12:04.891454Z vfio_region_write  (0000:09:00.0:region0+0x8100, 0x0, 4)
2026-06-26T17:12:04.891470Z vfio_region_write  (0000:09:00.0:region0+0x8104, 0x0, 4)
2026-06-26T17:12:04.891487Z vfio_region_write  (0000:09:00.0:region0+0x8108, 0x0, 4)
2026-06-26T17:12:04.891504Z vfio_region_write  (0000:09:00.0:region0+0x810c, 0x0, 4)
2026-06-26T17:12:04.891520Z vfio_region_write  (0000:09:00.0:region0+0x8110, 0x0, 4)
2026-06-26T17:12:04.891536Z vfio_region_write  (0000:09:00.0:region0+0x8114, 0x0, 4)
2026-06-26T17:12:04.891552Z vfio_region_write  (0000:09:00.0:region0+0x8118, 0x0, 4)
2026-06-26T17:12:04.891568Z vfio_region_write  (0000:09:00.0:region0+0x811c, 0x0, 4)
2026-06-26T17:12:04.891585Z vfio_region_write  (0000:09:00.0:region0+0x8120, 0x0, 4)
2026-06-26T17:12:04.891602Z vfio_region_write  (0000:09:00.0:region0+0x8124, 0x0, 4)
2026-06-26T17:12:04.891618Z vfio_region_write  (0000:09:00.0:region0+0x8128, 0x0, 4)
2026-06-26T17:12:04.891633Z vfio_region_write  (0000:09:00.0:region0+0x812c, 0x0, 4)
2026-06-26T17:12:04.891651Z vfio_region_write  (0000:09:00.0:region0+0x8130, 0x0, 4)
2026-06-26T17:12:04.891667Z vfio_region_write  (0000:09:00.0:region0+0x408, 0x1, 4)
2026-06-26T17:12:04.891764Z vfio_region_read  (0000:09:00.0:region0+0x100, 4) = 0x20000000
2026-06-26T17:12:04.891787Z vfio_region_read  (0000:09:00.0:region0+0x300, 4) = 0x0
2026-06-26T17:12:04.891809Z vfio_region_read  (0000:09:00.0:region0+0x200, 4) = 0x0
2026-06-26T17:12:04.891837Z vfio_region_read  (0000:09:00.0:region0+0x400, 4) = 0x3
2026-06-26T17:12:04.891856Z vfio_region_read  (0000:09:00.0:region0+0x500, 4) = 0xff0000
2026-06-26T17:12:04.891884Z vfio_region_read  (0000:09:00.0:region0+0x100, 4) = 0x0
2026-06-26T17:12:04.891903Z vfio_region_read  (0000:09:00.0:region0+0x300, 4) = 0x0
2026-06-26T17:12:04.891922Z vfio_region_read  (0000:09:00.0:region0+0x200, 4) = 0x0
2026-06-26T17:12:04.891947Z vfio_region_read  (0000:09:00.0:region0+0x400, 4) = 0x0
2026-06-26T17:12:04.891966Z vfio_region_read  (0000:09:00.0:region0+0x500, 4) = 0xff0000
2026-06-26T17:12:04.901588Z vfio_region_write  (0000:09:00.0:region0+0x408, 0x2, 4)
2026-06-26T17:12:04.901634Z vfio_region_write  (0000:09:00.0:region0+0x8020, 0x80003002, 4)
2026-06-26T17:12:04.901648Z vfio_region_write  (0000:09:00.0:region0+0x8024, 0x7f00f4, 4)
2026-06-26T17:12:04.901661Z vfio_region_write  (0000:09:00.0:region0+0x8028, 0x0, 4)
2026-06-26T17:12:04.901673Z vfio_region_write  (0000:09:00.0:region0+0x802c, 0x0, 4)
2026-06-26T17:12:04.901685Z vfio_region_write  (0000:09:00.0:region0+0x8030, 0x10000, 4)
2026-06-26T17:12:04.901697Z vfio_region_write  (0000:09:00.0:region0+0x8034, 0x400600, 4)
2026-06-26T17:12:04.901709Z vfio_region_write  (0000:09:00.0:region0+0x8038, 0x402601, 4)
2026-06-26T17:12:04.901721Z vfio_region_write  (0000:09:00.0:region0+0x803c, 0x186602, 4)
2026-06-26T17:12:04.901733Z vfio_region_write  (0000:09:00.0:region0+0x8040, 0x187603, 4)
2026-06-26T17:12:04.901745Z vfio_region_write  (0000:09:00.0:region0+0x8044, 0x200606, 4)
2026-06-26T17:12:04.901759Z vfio_region_write  (0000:09:00.0:region0+0x8048, 0x201607, 4)
2026-06-26T17:12:04.901771Z vfio_region_write  (0000:09:00.0:region0+0x804c, 0x202608, 4)
2026-06-26T17:12:04.901783Z vfio_region_write  (0000:09:00.0:region0+0x8050, 0x203609, 4)
2026-06-26T17:12:04.901795Z vfio_region_write  (0000:09:00.0:region0+0x8054, 0x300400, 4)
2026-06-26T17:12:04.901809Z vfio_region_write  (0000:09:00.0:region0+0x8058, 0x301401, 4)
2026-06-26T17:12:04.901826Z vfio_region_write  (0000:09:00.0:region0+0x805c, 0x600402, 4)
2026-06-26T17:12:04.901839Z vfio_region_write  (0000:09:00.0:region0+0x8060, 0x601403, 4)
2026-06-26T17:12:04.901853Z vfio_region_write  (0000:09:00.0:region0+0x8064, 0x600604, 4)
2026-06-26T17:12:04.901865Z vfio_region_write  (0000:09:00.0:region0+0x8068, 0x601605, 4)
2026-06-26T17:12:04.901877Z vfio_region_write  (0000:09:00.0:region0+0x806c, 0x300, 4)
2026-06-26T17:12:04.901889Z vfio_region_write  (0000:09:00.0:region0+0x8070, 0x301, 4)
2026-06-26T17:12:04.901904Z vfio_region_write  (0000:09:00.0:region0+0x8074, 0x302, 4)
2026-06-26T17:12:04.901916Z vfio_region_write  (0000:09:00.0:region0+0x8078, 0x303, 4)
2026-06-26T17:12:04.901939Z vfio_region_write  (0000:09:00.0:region0+0x807c, 0x304, 4)
2026-06-26T17:12:04.901953Z vfio_region_write  (0000:09:00.0:region0+0x8080, 0x305, 4)
2026-06-26T17:12:04.901965Z vfio_region_write  (0000:09:00.0:region0+0x8084, 0x306, 4)
2026-06-26T17:12:04.901977Z vfio_region_write  (0000:09:00.0:region0+0x8088, 0x307, 4)
2026-06-26T17:12:04.901990Z vfio_region_write  (0000:09:00.0:region0+0x808c, 0x308, 4)
2026-06-26T17:12:04.902004Z vfio_region_write  (0000:09:00.0:region0+0x8090, 0x309, 4)
2026-06-26T17:12:04.902016Z vfio_region_write  (0000:09:00.0:region0+0x8094, 0x30a, 4)
2026-06-26T17:12:04.902029Z vfio_region_write  (0000:09:00.0:region0+0x8098, 0x30b, 4)
2026-06-26T17:12:04.902041Z vfio_region_write  (0000:09:00.0:region0+0x809c, 0x30c, 4)
2026-06-26T17:12:04.902053Z vfio_region_write  (0000:09:00.0:region0+0x80a0, 0x30d, 4)
2026-06-26T17:12:04.902066Z vfio_region_write  (0000:09:00.0:region0+0x80a4, 0x30e, 4)
2026-06-26T17:12:04.902078Z vfio_region_write  (0000:09:00.0:region0+0x80a8, 0x30f, 4)
2026-06-26T17:12:04.902090Z vfio_region_write  (0000:09:00.0:region0+0x80ac, 0x310, 4)
2026-06-26T17:12:04.902103Z vfio_region_write  (0000:09:00.0:region0+0x80b0, 0x311, 4)
2026-06-26T17:12:04.902115Z vfio_region_write  (0000:09:00.0:region0+0x80b4, 0x312, 4)
2026-06-26T17:12:04.902129Z vfio_region_write  (0000:09:00.0:region0+0x80b8, 0x313, 4)
2026-06-26T17:12:04.902141Z vfio_region_write  (0000:09:00.0:region0+0x80bc, 0x314, 4)
2026-06-26T17:12:04.902154Z vfio_region_write  (0000:09:00.0:region0+0x80c0, 0x315, 4)
2026-06-26T17:12:04.902166Z vfio_region_write  (0000:09:00.0:region0+0x80c4, 0x316, 4)
2026-06-26T17:12:04.902179Z vfio_region_write  (0000:09:00.0:region0+0x80c8, 0x317, 4)
2026-06-26T17:12:04.902191Z vfio_region_write  (0000:09:00.0:region0+0x80cc, 0x318, 4)
2026-06-26T17:12:04.902204Z vfio_region_write  (0000:09:00.0:region0+0x80d0, 0x319, 4)
2026-06-26T17:12:04.902216Z vfio_region_write  (0000:09:00.0:region0+0x80d4, 0x31a, 4)
2026-06-26T17:12:04.902229Z vfio_region_write  (0000:09:00.0:region0+0x80d8, 0x31b, 4)
2026-06-26T17:12:04.902241Z vfio_region_write  (0000:09:00.0:region0+0x80dc, 0x31c, 4)
2026-06-26T17:12:04.902254Z vfio_region_write  (0000:09:00.0:region0+0x80e0, 0x31d, 4)
2026-06-26T17:12:04.902268Z vfio_region_write  (0000:09:00.0:region0+0x80e4, 0x0, 4)
2026-06-26T17:12:04.902281Z vfio_region_write  (0000:09:00.0:region0+0x80e8, 0x0, 4)
2026-06-26T17:12:04.902293Z vfio_region_write  (0000:09:00.0:region0+0x80ec, 0x0, 4)
2026-06-26T17:12:04.902305Z vfio_region_write  (0000:09:00.0:region0+0x80f0, 0x0, 4)
2026-06-26T17:12:04.902318Z vfio_region_write  (0000:09:00.0:region0+0x80f4, 0x0, 4)
2026-06-26T17:12:04.902330Z vfio_region_write  (0000:09:00.0:region0+0x80f8, 0x0, 4)
2026-06-26T17:12:04.902343Z vfio_region_write  (0000:09:00.0:region0+0x80fc, 0x0, 4)
2026-06-26T17:12:04.902355Z vfio_region_write  (0000:09:00.0:region0+0x8100, 0x0, 4)
2026-06-26T17:12:04.902368Z vfio_region_write  (0000:09:00.0:region0+0x8104, 0x0, 4)
2026-06-26T17:12:04.902380Z vfio_region_write  (0000:09:00.0:region0+0x8108, 0x0, 4)
2026-06-26T17:12:04.902393Z vfio_region_write  (0000:09:00.0:region0+0x810c, 0x0, 4)
2026-06-26T17:12:04.902407Z vfio_region_write  (0000:09:00.0:region0+0x8110, 0x0, 4)
2026-06-26T17:12:04.902419Z vfio_region_write  (0000:09:00.0:region0+0x8114, 0x0, 4)
2026-06-26T17:12:04.902432Z vfio_region_write  (0000:09:00.0:region0+0x8118, 0x0, 4)
2026-06-26T17:12:04.902444Z vfio_region_write  (0000:09:00.0:region0+0x811c, 0x0, 4)
2026-06-26T17:12:04.902458Z vfio_region_write  (0000:09:00.0:region0+0x8120, 0x0, 4)
2026-06-26T17:12:04.902471Z vfio_region_write  (0000:09:00.0:region0+0x408, 0x1, 4)
2026-06-26T17:12:04.902560Z vfio_region_read  (0000:09:00.0:region0+0x100, 4) = 0x20000000
2026-06-26T17:12:04.902580Z vfio_region_read  (0000:09:00.0:region0+0x300, 4) = 0x0
2026-06-26T17:12:04.902599Z vfio_region_read  (0000:09:00.0:region0+0x200, 4) = 0x0
2026-06-26T17:12:04.902617Z vfio_region_read  (0000:09:00.0:region0+0x400, 4) = 0x3
2026-06-26T17:12:04.902636Z vfio_region_read  (0000:09:00.0:region0+0x500, 4) = 0xff0000
2026-06-26T17:12:04.902663Z vfio_region_read  (0000:09:00.0:region0+0x100, 4) = 0x0
2026-06-26T17:12:04.902682Z vfio_region_read  (0000:09:00.0:region0+0x300, 4) = 0x0
2026-06-26T17:12:04.902700Z vfio_region_read  (0000:09:00.0:region0+0x200, 4) = 0x0
2026-06-26T17:12:04.902719Z vfio_region_read  (0000:09:00.0:region0+0x400, 4) = 0x0
2026-06-26T17:12:04.902737Z vfio_region_read  (0000:09:00.0:region0+0x500, 4) = 0xff0000
2026-06-26T17:12:04.913535Z vfio_region_write  (0000:09:00.0:region0+0x408, 0x2, 4)
2026-06-26T17:12:04.913574Z vfio_region_write  (0000:09:00.0:region0+0x8020, 0x80003002, 4)
2026-06-26T17:12:04.913588Z vfio_region_write  (0000:09:00.0:region0+0x8024, 0x8000ec, 4)
2026-06-26T17:12:04.913601Z vfio_region_write  (0000:09:00.0:region0+0x8028, 0x0, 4)
2026-06-26T17:12:04.913613Z vfio_region_write  (0000:09:00.0:region0+0x802c, 0x0, 4)
2026-06-26T17:12:04.913625Z vfio_region_write  (0000:09:00.0:region0+0x8030, 0x20000, 4)
2026-06-26T17:12:04.913637Z vfio_region_write  (0000:09:00.0:region0+0x8034, 0x400600, 4)
2026-06-26T17:12:04.913649Z vfio_region_write  (0000:09:00.0:region0+0x8038, 0x402601, 4)
2026-06-26T17:12:04.913661Z vfio_region_write  (0000:09:00.0:region0+0x803c, 0x602, 4)
2026-06-26T17:12:04.913677Z vfio_region_write  (0000:09:00.0:region0+0x8040, 0x603, 4)
2026-06-26T17:12:04.913690Z vfio_region_write  (0000:09:00.0:region0+0x8044, 0x200606, 4)
2026-06-26T17:12:04.913702Z vfio_region_write  (0000:09:00.0:region0+0x8048, 0x201607, 4)
2026-06-26T17:12:04.913714Z vfio_region_write  (0000:09:00.0:region0+0x804c, 0x300400, 4)
2026-06-26T17:12:04.913728Z vfio_region_write  (0000:09:00.0:region0+0x8050, 0x301401, 4)
2026-06-26T17:12:04.913741Z vfio_region_write  (0000:09:00.0:region0+0x8054, 0x600402, 4)
2026-06-26T17:12:04.913753Z vfio_region_write  (0000:09:00.0:region0+0x8058, 0x601403, 4)
2026-06-26T17:12:04.913765Z vfio_region_write  (0000:09:00.0:region0+0x805c, 0x600604, 4)
2026-06-26T17:12:04.913779Z vfio_region_write  (0000:09:00.0:region0+0x8060, 0x601605, 4)
2026-06-26T17:12:04.913791Z vfio_region_write  (0000:09:00.0:region0+0x8064, 0x300, 4)
2026-06-26T17:12:04.913804Z vfio_region_write  (0000:09:00.0:region0+0x8068, 0x301, 4)
2026-06-26T17:12:04.913816Z vfio_region_write  (0000:09:00.0:region0+0x806c, 0x302, 4)
2026-06-26T17:12:04.913839Z vfio_region_write  (0000:09:00.0:region0+0x8070, 0x303, 4)
2026-06-26T17:12:04.913851Z vfio_region_write  (0000:09:00.0:region0+0x8074, 0x304, 4)
2026-06-26T17:12:04.913863Z vfio_region_write  (0000:09:00.0:region0+0x8078, 0x305, 4)
2026-06-26T17:12:04.913876Z vfio_region_write  (0000:09:00.0:region0+0x807c, 0x306, 4)
2026-06-26T17:12:04.913888Z vfio_region_write  (0000:09:00.0:region0+0x8080, 0x307, 4)
2026-06-26T17:12:04.913902Z vfio_region_write  (0000:09:00.0:region0+0x8084, 0x308, 4)
2026-06-26T17:12:04.913914Z vfio_region_write  (0000:09:00.0:region0+0x8088, 0x309, 4)
2026-06-26T17:12:04.913935Z vfio_region_write  (0000:09:00.0:region0+0x808c, 0x30a, 4)
2026-06-26T17:12:04.913949Z vfio_region_write  (0000:09:00.0:region0+0x8090, 0x30b, 4)
2026-06-26T17:12:04.913961Z vfio_region_write  (0000:09:00.0:region0+0x8094, 0x30c, 4)
2026-06-26T17:12:04.913974Z vfio_region_write  (0000:09:00.0:region0+0x8098, 0x30d, 4)
2026-06-26T17:12:04.913986Z vfio_region_write  (0000:09:00.0:region0+0x809c, 0x30e, 4)
2026-06-26T17:12:04.913999Z vfio_region_write  (0000:09:00.0:region0+0x80a0, 0x30f, 4)
2026-06-26T17:12:04.914012Z vfio_region_write  (0000:09:00.0:region0+0x80a4, 0x310, 4)
2026-06-26T17:12:04.914025Z vfio_region_write  (0000:09:00.0:region0+0x80a8, 0x311, 4)
2026-06-26T17:12:04.914039Z vfio_region_write  (0000:09:00.0:region0+0x80ac, 0x312, 4)
2026-06-26T17:12:04.914053Z vfio_region_write  (0000:09:00.0:region0+0x80b0, 0x313, 4)
2026-06-26T17:12:04.914067Z vfio_region_write  (0000:09:00.0:region0+0x80b4, 0x314, 4)
2026-06-26T17:12:04.914079Z vfio_region_write  (0000:09:00.0:region0+0x80b8, 0x315, 4)
2026-06-26T17:12:04.914092Z vfio_region_write  (0000:09:00.0:region0+0x80bc, 0x316, 4)
2026-06-26T17:12:04.914106Z vfio_region_write  (0000:09:00.0:region0+0x80c0, 0x317, 4)
2026-06-26T17:12:04.914119Z vfio_region_write  (0000:09:00.0:region0+0x80c4, 0x318, 4)
2026-06-26T17:12:04.914131Z vfio_region_write  (0000:09:00.0:region0+0x80c8, 0x319, 4)
2026-06-26T17:12:04.914145Z vfio_region_write  (0000:09:00.0:region0+0x80cc, 0x31a, 4)
2026-06-26T17:12:04.914158Z vfio_region_write  (0000:09:00.0:region0+0x80d0, 0x31b, 4)
2026-06-26T17:12:04.914171Z vfio_region_write  (0000:09:00.0:region0+0x80d4, 0x31c, 4)
2026-06-26T17:12:04.914184Z vfio_region_write  (0000:09:00.0:region0+0x80d8, 0x31d, 4)
2026-06-26T17:12:04.914196Z vfio_region_write  (0000:09:00.0:region0+0x80dc, 0x0, 4)
2026-06-26T17:12:04.914209Z vfio_region_write  (0000:09:00.0:region0+0x80e0, 0x0, 4)
2026-06-26T17:12:04.914222Z vfio_region_write  (0000:09:00.0:region0+0x80e4, 0x0, 4)
2026-06-26T17:12:04.914234Z vfio_region_write  (0000:09:00.0:region0+0x80e8, 0x0, 4)
2026-06-26T17:12:04.914249Z vfio_region_write  (0000:09:00.0:region0+0x80ec, 0x0, 4)
2026-06-26T17:12:04.914262Z vfio_region_write  (0000:09:00.0:region0+0x80f0, 0x0, 4)
2026-06-26T17:12:04.914275Z vfio_region_write  (0000:09:00.0:region0+0x80f4, 0x0, 4)
2026-06-26T17:12:04.914287Z vfio_region_write  (0000:09:00.0:region0+0x80f8, 0x0, 4)
2026-06-26T17:12:04.914300Z vfio_region_write  (0000:09:00.0:region0+0x80fc, 0x0, 4)
2026-06-26T17:12:04.914312Z vfio_region_write  (0000:09:00.0:region0+0x8100, 0x0, 4)
2026-06-26T17:12:04.914325Z vfio_region_write  (0000:09:00.0:region0+0x8104, 0x0, 4)
2026-06-26T17:12:04.914337Z vfio_region_write  (0000:09:00.0:region0+0x8108, 0x0, 4)
2026-06-26T17:12:04.914350Z vfio_region_write  (0000:09:00.0:region0+0x810c, 0x0, 4)
2026-06-26T17:12:04.914363Z vfio_region_write  (0000:09:00.0:region0+0x8110, 0x0, 4)
2026-06-26T17:12:04.914376Z vfio_region_write  (0000:09:00.0:region0+0x8114, 0x0, 4)
2026-06-26T17:12:04.914388Z vfio_region_write  (0000:09:00.0:region0+0x8118, 0x0, 4)
2026-06-26T17:12:04.914401Z vfio_region_write  (0000:09:00.0:region0+0x408, 0x1, 4)
2026-06-26T17:12:04.914488Z vfio_region_read  (0000:09:00.0:region0+0x100, 4) = 0x20000000
2026-06-26T17:12:04.914508Z vfio_region_read  (0000:09:00.0:region0+0x300, 4) = 0x0
2026-06-26T17:12:04.914526Z vfio_region_read  (0000:09:00.0:region0+0x200, 4) = 0x0
2026-06-26T17:12:04.914544Z vfio_region_read  (0000:09:00.0:region0+0x400, 4) = 0x3
2026-06-26T17:12:04.914562Z vfio_region_read  (0000:09:00.0:region0+0x500, 4) = 0xff0000
2026-06-26T17:12:04.914590Z vfio_region_read  (0000:09:00.0:region0+0x100, 4) = 0x0
2026-06-26T17:12:04.914608Z vfio_region_read  (0000:09:00.0:region0+0x300, 4) = 0x0
2026-06-26T17:12:04.914626Z vfio_region_read  (0000:09:00.0:region0+0x200, 4) = 0x0
2026-06-26T17:12:04.914644Z vfio_region_read  (0000:09:00.0:region0+0x400, 4) = 0x0
2026-06-26T17:12:04.914662Z vfio_region_read  (0000:09:00.0:region0+0x500, 4) = 0xff0000
2026-06-26T17:12:04.920230Z vfio_region_write  (0000:09:00.0:region0+0x408, 0x2, 4)
2026-06-26T17:12:29.731600Z vfio_region_write  (0000:09:00.0:region0+0x8020, 0x80001001, 4)
2026-06-26T17:12:29.731632Z vfio_region_write  (0000:09:00.0:region0+0x8024, 0x810008, 4)
2026-06-26T17:12:29.731645Z vfio_region_write  (0000:09:00.0:region0+0x8028, 0x0, 4)
2026-06-26T17:12:29.731657Z vfio_region_write  (0000:09:00.0:region0+0x802c, 0x0, 4)
2026-06-26T17:12:29.731669Z vfio_region_write  (0000:09:00.0:region0+0x8030, 0x300000, 4)
2026-06-26T17:12:29.731682Z vfio_region_write  (0000:09:00.0:region0+0x8034, 0x1, 4)
2026-06-26T17:12:29.731695Z vfio_region_write  (0000:09:00.0:region0+0x408, 0x1, 4)
2026-06-26T17:12:29.731754Z vfio_region_read  (0000:09:00.0:region0+0x100, 4) = 0x20000000
2026-06-26T17:12:29.731775Z vfio_region_read  (0000:09:00.0:region0+0x300, 4) = 0x0
2026-06-26T17:12:29.731795Z vfio_region_read  (0000:09:00.0:region0+0x200, 4) = 0x0
2026-06-26T17:12:29.731815Z vfio_region_read  (0000:09:00.0:region0+0x400, 4) = 0x1
2026-06-26T17:12:29.731842Z vfio_region_read  (0000:09:00.0:region0+0x500, 4) = 0xff0000
2026-06-26T17:12:29.731873Z vfio_region_read  (0000:09:00.0:region0+0x100, 4) = 0x20000000
2026-06-26T17:12:29.731892Z vfio_region_read  (0000:09:00.0:region0+0x300, 4) = 0x0
2026-06-26T17:12:29.731913Z vfio_region_read  (0000:09:00.0:region0+0x200, 4) = 0x0
2026-06-26T17:12:29.731933Z vfio_region_read  (0000:09:00.0:region0+0x400, 4) = 0x2
2026-06-26T17:12:29.731955Z vfio_region_read  (0000:09:00.0:region0+0x500, 4) = 0xff0000
2026-06-26T17:12:29.731981Z vfio_region_write  (0000:09:00.0:region0+0x408, 0x2, 4)
2026-06-26T17:12:29.835675Z vfio_region_write  (0000:09:00.0:region0+0x8020, 0x80001001, 4)
2026-06-26T17:12:29.835707Z vfio_region_write  (0000:09:00.0:region0+0x8024, 0x820008, 4)
2026-06-26T17:12:29.835720Z vfio_region_write  (0000:09:00.0:region0+0x8028, 0x0, 4)
2026-06-26T17:12:29.835732Z vfio_region_write  (0000:09:00.0:region0+0x802c, 0x0, 4)
2026-06-26T17:12:29.835744Z vfio_region_write  (0000:09:00.0:region0+0x8030, 0x300000, 4)
2026-06-26T17:12:29.835756Z vfio_region_write  (0000:09:00.0:region0+0x8034, 0x1, 4)
2026-06-26T17:12:29.835770Z vfio_region_write  (0000:09:00.0:region0+0x408, 0x1, 4)
2026-06-26T17:12:29.835826Z vfio_region_read  (0000:09:00.0:region0+0x100, 4) = 0x20000000
2026-06-26T17:12:29.835847Z vfio_region_read  (0000:09:00.0:region0+0x300, 4) = 0x0
2026-06-26T17:12:29.835867Z vfio_region_read  (0000:09:00.0:region0+0x200, 4) = 0x0
2026-06-26T17:12:29.835887Z vfio_region_read  (0000:09:00.0:region0+0x400, 4) = 0x1
2026-06-26T17:12:29.835909Z vfio_region_read  (0000:09:00.0:region0+0x500, 4) = 0xff0000
2026-06-26T17:12:29.835945Z vfio_region_read  (0000:09:00.0:region0+0x100, 4) = 0x20000000
2026-06-26T17:12:29.835965Z vfio_region_read  (0000:09:00.0:region0+0x300, 4) = 0x0
2026-06-26T17:12:29.836026Z vfio_region_read  (0000:09:00.0:region0+0x200, 4) = 0x0
2026-06-26T17:12:29.836047Z vfio_region_read  (0000:09:00.0:region0+0x400, 4) = 0x2
2026-06-26T17:12:29.836069Z vfio_region_read  (0000:09:00.0:region0+0x500, 4) = 0xff0000
2026-06-26T17:12:29.836341Z vfio_region_write  (0000:09:00.0:region0+0x408, 0x2, 4)
2026-06-26T17:12:29.965716Z vfio_region_write  (0000:09:00.0:region0+0x8020, 0x80001001, 4)
2026-06-26T17:12:29.965746Z vfio_region_write  (0000:09:00.0:region0+0x8024, 0x830008, 4)
2026-06-26T17:12:29.965759Z vfio_region_write  (0000:09:00.0:region0+0x8028, 0x0, 4)
2026-06-26T17:12:29.965771Z vfio_region_write  (0000:09:00.0:region0+0x802c, 0x0, 4)
2026-06-26T17:12:29.965784Z vfio_region_write  (0000:09:00.0:region0+0x8030, 0x300000, 4)
2026-06-26T17:12:29.965797Z vfio_region_write  (0000:09:00.0:region0+0x8034, 0x1, 4)
2026-06-26T17:12:29.965810Z vfio_region_write  (0000:09:00.0:region0+0x408, 0x1, 4)
2026-06-26T17:12:29.965858Z vfio_region_read  (0000:09:00.0:region0+0x100, 4) = 0x20000000
2026-06-26T17:12:29.965881Z vfio_region_read  (0000:09:00.0:region0+0x300, 4) = 0x0
2026-06-26T17:12:29.965903Z vfio_region_read  (0000:09:00.0:region0+0x200, 4) = 0x0
2026-06-26T17:12:29.965925Z vfio_region_read  (0000:09:00.0:region0+0x400, 4) = 0x1
2026-06-26T17:12:29.965947Z vfio_region_read  (0000:09:00.0:region0+0x500, 4) = 0xff0000
2026-06-26T17:12:29.965985Z vfio_region_read  (0000:09:00.0:region0+0x100, 4) = 0x20000000
2026-06-26T17:12:29.966005Z vfio_region_read  (0000:09:00.0:region0+0x300, 4) = 0x0
2026-06-26T17:12:29.966027Z vfio_region_read  (0000:09:00.0:region0+0x200, 4) = 0x0
2026-06-26T17:12:29.966048Z vfio_region_read  (0000:09:00.0:region0+0x400, 4) = 0x2
2026-06-26T17:12:29.966069Z vfio_region_read  (0000:09:00.0:region0+0x500, 4) = 0xff0000
2026-06-26T17:12:29.966104Z vfio_region_write  (0000:09:00.0:region0+0x408, 0x2, 4)
2026-06-26T17:12:30.009655Z vfio_region_write  (0000:09:00.0:region0+0x8020, 0x80001001, 4)
2026-06-26T17:12:30.009682Z vfio_region_write  (0000:09:00.0:region0+0x8024, 0x840008, 4)
2026-06-26T17:12:30.009695Z vfio_region_write  (0000:09:00.0:region0+0x8028, 0x0, 4)
2026-06-26T17:12:30.009708Z vfio_region_write  (0000:09:00.0:region0+0x802c, 0x0, 4)
2026-06-26T17:12:30.009720Z vfio_region_write  (0000:09:00.0:region0+0x8030, 0x300000, 4)
2026-06-26T17:12:30.009733Z vfio_region_write  (0000:09:00.0:region0+0x8034, 0x1, 4)
2026-06-26T17:12:30.009746Z vfio_region_write  (0000:09:00.0:region0+0x408, 0x1, 4)
2026-06-26T17:12:30.009795Z vfio_region_read  (0000:09:00.0:region0+0x100, 4) = 0x20000000
2026-06-26T17:12:30.009815Z vfio_region_read  (0000:09:00.0:region0+0x300, 4) = 0x0
2026-06-26T17:12:30.009841Z vfio_region_read  (0000:09:00.0:region0+0x200, 4) = 0x0
2026-06-26T17:12:30.009860Z vfio_region_read  (0000:09:00.0:region0+0x400, 4) = 0x1
2026-06-26T17:12:30.009878Z vfio_region_read  (0000:09:00.0:region0+0x500, 4) = 0xff0000
2026-06-26T17:12:30.009920Z vfio_region_read  (0000:09:00.0:region0+0x100, 4) = 0x20000000
2026-06-26T17:12:30.009940Z vfio_region_read  (0000:09:00.0:region0+0x300, 4) = 0x0
2026-06-26T17:12:30.009959Z vfio_region_read  (0000:09:00.0:region0+0x200, 4) = 0x0
2026-06-26T17:12:30.009978Z vfio_region_read  (0000:09:00.0:region0+0x400, 4) = 0x2
2026-06-26T17:12:30.009995Z vfio_region_read  (0000:09:00.0:region0+0x500, 4) = 0xff0000
2026-06-26T17:12:30.010015Z vfio_region_write  (0000:09:00.0:region0+0x408, 0x2, 4)
2026-06-26T17:12:30.053085Z vfio_region_write  (0000:09:00.0:region0+0x8020, 0x80001001, 4)
2026-06-26T17:12:30.053112Z vfio_region_write  (0000:09:00.0:region0+0x8024, 0x850008, 4)
2026-06-26T17:12:30.053125Z vfio_region_write  (0000:09:00.0:region0+0x8028, 0x0, 4)
2026-06-26T17:12:30.053138Z vfio_region_write  (0000:09:00.0:region0+0x802c, 0x0, 4)
2026-06-26T17:12:30.053161Z vfio_region_write  (0000:09:00.0:region0+0x8030, 0x300000, 4)
2026-06-26T17:12:30.053174Z vfio_region_write  (0000:09:00.0:region0+0x8034, 0x1, 4)
2026-06-26T17:12:30.053188Z vfio_region_write  (0000:09:00.0:region0+0x408, 0x1, 4)
2026-06-26T17:12:30.053238Z vfio_region_read  (0000:09:00.0:region0+0x100, 4) = 0x20000000
2026-06-26T17:12:30.053293Z vfio_region_read  (0000:09:00.0:region0+0x300, 4) = 0x0
2026-06-26T17:12:30.053313Z vfio_region_read  (0000:09:00.0:region0+0x200, 4) = 0x0
2026-06-26T17:12:30.053332Z vfio_region_read  (0000:09:00.0:region0+0x400, 4) = 0x1
2026-06-26T17:12:30.053351Z vfio_region_read  (0000:09:00.0:region0+0x500, 4) = 0xff0000
2026-06-26T17:12:30.053380Z vfio_region_read  (0000:09:00.0:region0+0x100, 4) = 0x20000000
2026-06-26T17:12:30.053399Z vfio_region_read  (0000:09:00.0:region0+0x300, 4) = 0x0
2026-06-26T17:12:30.053418Z vfio_region_read  (0000:09:00.0:region0+0x200, 4) = 0x0
2026-06-26T17:12:30.053436Z vfio_region_read  (0000:09:00.0:region0+0x400, 4) = 0x2
2026-06-26T17:12:30.053454Z vfio_region_read  (0000:09:00.0:region0+0x500, 4) = 0xff0000
2026-06-26T17:12:30.053512Z vfio_region_write  (0000:09:00.0:region0+0x408, 0x2, 4)
2026-06-26T17:12:30.094243Z vfio_region_write  (0000:09:00.0:region0+0x8020, 0x80001001, 4)
2026-06-26T17:12:30.094294Z vfio_region_write  (0000:09:00.0:region0+0x8024, 0x860008, 4)
2026-06-26T17:12:30.094343Z vfio_region_write  (0000:09:00.0:region0+0x8028, 0x0, 4)
2026-06-26T17:12:30.094359Z vfio_region_write  (0000:09:00.0:region0+0x802c, 0x0, 4)
2026-06-26T17:12:30.094371Z vfio_region_write  (0000:09:00.0:region0+0x8030, 0x300000, 4)
2026-06-26T17:12:30.094384Z vfio_region_write  (0000:09:00.0:region0+0x8034, 0x1, 4)
2026-06-26T17:12:30.094397Z vfio_region_write  (0000:09:00.0:region0+0x408, 0x1, 4)
2026-06-26T17:12:30.094442Z vfio_region_read  (0000:09:00.0:region0+0x100, 4) = 0x20000000
2026-06-26T17:12:30.094462Z vfio_region_read  (0000:09:00.0:region0+0x300, 4) = 0x0
2026-06-26T17:12:30.094480Z vfio_region_read  (0000:09:00.0:region0+0x200, 4) = 0x0
2026-06-26T17:12:30.094500Z vfio_region_read  (0000:09:00.0:region0+0x400, 4) = 0x1
2026-06-26T17:12:30.094519Z vfio_region_read  (0000:09:00.0:region0+0x500, 4) = 0xff0000
2026-06-26T17:12:30.094572Z vfio_region_read  (0000:09:00.0:region0+0x100, 4) = 0x20000000
2026-06-26T17:12:30.094592Z vfio_region_read  (0000:09:00.0:region0+0x300, 4) = 0x0
2026-06-26T17:12:30.094610Z vfio_region_read  (0000:09:00.0:region0+0x200, 4) = 0x0
2026-06-26T17:12:30.094628Z vfio_region_read  (0000:09:00.0:region0+0x400, 4) = 0x2
2026-06-26T17:12:30.094647Z vfio_region_read  (0000:09:00.0:region0+0x500, 4) = 0xff0000
2026-06-26T17:12:30.094669Z vfio_region_write  (0000:09:00.0:region0+0x408, 0x2, 4)
2026-06-26T17:12:30.135257Z vfio_region_write  (0000:09:00.0:region0+0x8020, 0x80001001, 4)
2026-06-26T17:12:30.135317Z vfio_region_write  (0000:09:00.0:region0+0x8024, 0x870008, 4)
2026-06-26T17:12:30.135331Z vfio_region_write  (0000:09:00.0:region0+0x8028, 0x0, 4)
2026-06-26T17:12:30.135343Z vfio_region_write  (0000:09:00.0:region0+0x802c, 0x0, 4)
2026-06-26T17:12:30.135356Z vfio_region_write  (0000:09:00.0:region0+0x8030, 0x300000, 4)
2026-06-26T17:12:30.135368Z vfio_region_write  (0000:09:00.0:region0+0x8034, 0x1, 4)
2026-06-26T17:12:30.135381Z vfio_region_write  (0000:09:00.0:region0+0x408, 0x1, 4)
2026-06-26T17:12:30.135426Z vfio_region_read  (0000:09:00.0:region0+0x100, 4) = 0x20000000
2026-06-26T17:12:30.135446Z vfio_region_read  (0000:09:00.0:region0+0x300, 4) = 0x0
2026-06-26T17:12:30.135463Z vfio_region_read  (0000:09:00.0:region0+0x200, 4) = 0x0
2026-06-26T17:12:30.135481Z vfio_region_read  (0000:09:00.0:region0+0x400, 4) = 0x1
2026-06-26T17:12:30.135498Z vfio_region_read  (0000:09:00.0:region0+0x500, 4) = 0xff0000
2026-06-26T17:12:30.135554Z vfio_region_read  (0000:09:00.0:region0+0x100, 4) = 0x20000000
2026-06-26T17:12:30.135573Z vfio_region_read  (0000:09:00.0:region0+0x300, 4) = 0x0
2026-06-26T17:12:30.135591Z vfio_region_read  (0000:09:00.0:region0+0x200, 4) = 0x0
2026-06-26T17:12:30.135609Z vfio_region_read  (0000:09:00.0:region0+0x400, 4) = 0x2
2026-06-26T17:12:30.135627Z vfio_region_read  (0000:09:00.0:region0+0x500, 4) = 0xff0000
2026-06-26T17:12:30.135647Z vfio_region_write  (0000:09:00.0:region0+0x408, 0x2, 4)
2026-06-26T17:12:30.176233Z vfio_region_write  (0000:09:00.0:region0+0x8020, 0x80001001, 4)
2026-06-26T17:12:30.176278Z vfio_region_write  (0000:09:00.0:region0+0x8024, 0x880008, 4)
2026-06-26T17:12:30.176327Z vfio_region_write  (0000:09:00.0:region0+0x8028, 0x0, 4)
2026-06-26T17:12:30.176342Z vfio_region_write  (0000:09:00.0:region0+0x802c, 0x0, 4)
2026-06-26T17:12:30.176354Z vfio_region_write  (0000:09:00.0:region0+0x8030, 0x300000, 4)
2026-06-26T17:12:30.176367Z vfio_region_write  (0000:09:00.0:region0+0x8034, 0x1, 4)
2026-06-26T17:12:30.176379Z vfio_region_write  (0000:09:00.0:region0+0x408, 0x1, 4)
2026-06-26T17:12:30.176424Z vfio_region_read  (0000:09:00.0:region0+0x100, 4) = 0x20000000
2026-06-26T17:12:30.176443Z vfio_region_read  (0000:09:00.0:region0+0x300, 4) = 0x0
2026-06-26T17:12:30.176461Z vfio_region_read  (0000:09:00.0:region0+0x200, 4) = 0x0
2026-06-26T17:12:30.176480Z vfio_region_read  (0000:09:00.0:region0+0x400, 4) = 0x1
2026-06-26T17:12:30.176497Z vfio_region_read  (0000:09:00.0:region0+0x500, 4) = 0xff0000
2026-06-26T17:12:30.176554Z vfio_region_read  (0000:09:00.0:region0+0x100, 4) = 0x20000000
2026-06-26T17:12:30.176574Z vfio_region_read  (0000:09:00.0:region0+0x300, 4) = 0x0
2026-06-26T17:12:30.176592Z vfio_region_read  (0000:09:00.0:region0+0x200, 4) = 0x0
2026-06-26T17:12:30.176610Z vfio_region_read  (0000:09:00.0:region0+0x400, 4) = 0x2
2026-06-26T17:12:30.176628Z vfio_region_read  (0000:09:00.0:region0+0x500, 4) = 0xff0000
2026-06-26T17:12:30.176650Z vfio_region_write  (0000:09:00.0:region0+0x408, 0x2, 4)
2026-06-26T17:12:30.217313Z vfio_region_write  (0000:09:00.0:region0+0x8020, 0x80001001, 4)
2026-06-26T17:12:30.217334Z vfio_region_write  (0000:09:00.0:region0+0x8024, 0x890008, 4)
2026-06-26T17:12:30.217347Z vfio_region_write  (0000:09:00.0:region0+0x8028, 0x0, 4)
2026-06-26T17:12:30.217360Z vfio_region_write  (0000:09:00.0:region0+0x802c, 0x0, 4)
2026-06-26T17:12:30.217372Z vfio_region_write  (0000:09:00.0:region0+0x8030, 0x300000, 4)
2026-06-26T17:12:30.217385Z vfio_region_write  (0000:09:00.0:region0+0x8034, 0x1, 4)
2026-06-26T17:12:30.217398Z vfio_region_write  (0000:09:00.0:region0+0x408, 0x1, 4)
2026-06-26T17:12:30.217443Z vfio_region_read  (0000:09:00.0:region0+0x100, 4) = 0x20000000
2026-06-26T17:12:30.217463Z vfio_region_read  (0000:09:00.0:region0+0x300, 4) = 0x0
2026-06-26T17:12:30.217481Z vfio_region_read  (0000:09:00.0:region0+0x200, 4) = 0x0
2026-06-26T17:12:30.217499Z vfio_region_read  (0000:09:00.0:region0+0x400, 4) = 0x1
2026-06-26T17:12:30.217517Z vfio_region_read  (0000:09:00.0:region0+0x500, 4) = 0xff0000
2026-06-26T17:12:30.217572Z vfio_region_read  (0000:09:00.0:region0+0x100, 4) = 0x20000000
2026-06-26T17:12:30.217592Z vfio_region_read  (0000:09:00.0:region0+0x300, 4) = 0x0
2026-06-26T17:12:30.217611Z vfio_region_read  (0000:09:00.0:region0+0x200, 4) = 0x0
2026-06-26T17:12:30.217629Z vfio_region_read  (0000:09:00.0:region0+0x400, 4) = 0x2
2026-06-26T17:12:30.217647Z vfio_region_read  (0000:09:00.0:region0+0x500, 4) = 0xff0000
2026-06-26T17:12:30.217669Z vfio_region_write  (0000:09:00.0:region0+0x408, 0x2, 4)
2026-06-26T17:12:30.259904Z vfio_region_write  (0000:09:00.0:region0+0x8020, 0x80001001, 4)
2026-06-26T17:12:30.259932Z vfio_region_write  (0000:09:00.0:region0+0x8024, 0x8a0008, 4)
2026-06-26T17:12:30.259944Z vfio_region_write  (0000:09:00.0:region0+0x8028, 0x0, 4)
2026-06-26T17:12:30.259957Z vfio_region_write  (0000:09:00.0:region0+0x802c, 0x0, 4)
2026-06-26T17:12:30.259969Z vfio_region_write  (0000:09:00.0:region0+0x8030, 0x300000, 4)
2026-06-26T17:12:30.259981Z vfio_region_write  (0000:09:00.0:region0+0x8034, 0x1, 4)
2026-06-26T17:12:30.259994Z vfio_region_write  (0000:09:00.0:region0+0x408, 0x1, 4)
2026-06-26T17:12:30.260043Z vfio_region_read  (0000:09:00.0:region0+0x100, 4) = 0x20000000
2026-06-26T17:12:30.260063Z vfio_region_read  (0000:09:00.0:region0+0x300, 4) = 0x0
2026-06-26T17:12:30.260081Z vfio_region_read  (0000:09:00.0:region0+0x200, 4) = 0x0
2026-06-26T17:12:30.260099Z vfio_region_read  (0000:09:00.0:region0+0x400, 4) = 0x1
2026-06-26T17:12:30.260118Z vfio_region_read  (0000:09:00.0:region0+0x500, 4) = 0xff0000
2026-06-26T17:12:30.260169Z vfio_region_read  (0000:09:00.0:region0+0x100, 4) = 0x20000000
2026-06-26T17:12:30.260189Z vfio_region_read  (0000:09:00.0:region0+0x300, 4) = 0x0
2026-06-26T17:12:30.260207Z vfio_region_read  (0000:09:00.0:region0+0x200, 4) = 0x0
2026-06-26T17:12:30.260225Z vfio_region_read  (0000:09:00.0:region0+0x400, 4) = 0x2
2026-06-26T17:12:30.260243Z vfio_region_read  (0000:09:00.0:region0+0x500, 4) = 0xff0000
2026-06-26T17:12:30.260298Z vfio_region_write  (0000:09:00.0:region0+0x408, 0x2, 4)
2026-06-26T17:12:30.302946Z vfio_region_write  (0000:09:00.0:region0+0x8020, 0x80001001, 4)
2026-06-26T17:12:30.302969Z vfio_region_write  (0000:09:00.0:region0+0x8024, 0x8b0008, 4)
2026-06-26T17:12:30.302982Z vfio_region_write  (0000:09:00.0:region0+0x8028, 0x0, 4)
2026-06-26T17:12:30.302995Z vfio_region_write  (0000:09:00.0:region0+0x802c, 0x0, 4)
2026-06-26T17:12:30.303007Z vfio_region_write  (0000:09:00.0:region0+0x8030, 0x300000, 4)
2026-06-26T17:12:30.303019Z vfio_region_write  (0000:09:00.0:region0+0x8034, 0x1, 4)
2026-06-26T17:12:30.303032Z vfio_region_write  (0000:09:00.0:region0+0x408, 0x1, 4)
2026-06-26T17:12:30.303079Z vfio_region_read  (0000:09:00.0:region0+0x100, 4) = 0x20000000
2026-06-26T17:12:30.303099Z vfio_region_read  (0000:09:00.0:region0+0x300, 4) = 0x0
2026-06-26T17:12:30.303117Z vfio_region_read  (0000:09:00.0:region0+0x200, 4) = 0x0
2026-06-26T17:12:30.303135Z vfio_region_read  (0000:09:00.0:region0+0x400, 4) = 0x1
2026-06-26T17:12:30.303155Z vfio_region_read  (0000:09:00.0:region0+0x500, 4) = 0xff0000
2026-06-26T17:12:30.303206Z vfio_region_read  (0000:09:00.0:region0+0x100, 4) = 0x20000000
2026-06-26T17:12:30.303226Z vfio_region_read  (0000:09:00.0:region0+0x300, 4) = 0x0
2026-06-26T17:12:30.303244Z vfio_region_read  (0000:09:00.0:region0+0x200, 4) = 0x0
2026-06-26T17:12:30.303262Z vfio_region_read  (0000:09:00.0:region0+0x400, 4) = 0x2
2026-06-26T17:12:30.303280Z vfio_region_read  (0000:09:00.0:region0+0x500, 4) = 0xff0000
2026-06-26T17:12:30.303883Z vfio_region_write  (0000:09:00.0:region0+0x408, 0x2, 4)
2026-06-26T17:12:30.343264Z vfio_region_write  (0000:09:00.0:region0+0x8020, 0x80001001, 4)
2026-06-26T17:12:30.343289Z vfio_region_write  (0000:09:00.0:region0+0x8024, 0x8c0008, 4)
2026-06-26T17:12:30.343302Z vfio_region_write  (0000:09:00.0:region0+0x8028, 0x0, 4)
2026-06-26T17:12:30.343314Z vfio_region_write  (0000:09:00.0:region0+0x802c, 0x0, 4)
2026-06-26T17:12:30.343327Z vfio_region_write  (0000:09:00.0:region0+0x8030, 0x300000, 4)
2026-06-26T17:12:30.343339Z vfio_region_write  (0000:09:00.0:region0+0x8034, 0x1, 4)
2026-06-26T17:12:30.343352Z vfio_region_write  (0000:09:00.0:region0+0x408, 0x1, 4)
2026-06-26T17:12:30.343399Z vfio_region_read  (0000:09:00.0:region0+0x100, 4) = 0x20000000
2026-06-26T17:12:30.343419Z vfio_region_read  (0000:09:00.0:region0+0x300, 4) = 0x0
2026-06-26T17:12:30.343437Z vfio_region_read  (0000:09:00.0:region0+0x200, 4) = 0x0
2026-06-26T17:12:30.343455Z vfio_region_read  (0000:09:00.0:region0+0x400, 4) = 0x1
2026-06-26T17:12:30.343473Z vfio_region_read  (0000:09:00.0:region0+0x500, 4) = 0xff0000
2026-06-26T17:12:30.343526Z vfio_region_read  (0000:09:00.0:region0+0x100, 4) = 0x20000000
2026-06-26T17:12:30.343545Z vfio_region_read  (0000:09:00.0:region0+0x300, 4) = 0x0
2026-06-26T17:12:30.343563Z vfio_region_read  (0000:09:00.0:region0+0x200, 4) = 0x0
2026-06-26T17:12:30.343580Z vfio_region_read  (0000:09:00.0:region0+0x400, 4) = 0x2
2026-06-26T17:12:30.343597Z vfio_region_read  (0000:09:00.0:region0+0x500, 4) = 0xff0000
2026-06-26T17:12:30.343630Z vfio_region_write  (0000:09:00.0:region0+0x408, 0x2, 4)
2026-06-26T17:12:30.384458Z vfio_region_write  (0000:09:00.0:region0+0x8020, 0x80001001, 4)
2026-06-26T17:12:30.384482Z vfio_region_write  (0000:09:00.0:region0+0x8024, 0x8d0008, 4)
2026-06-26T17:12:30.384495Z vfio_region_write  (0000:09:00.0:region0+0x8028, 0x0, 4)
2026-06-26T17:12:30.384508Z vfio_region_write  (0000:09:00.0:region0+0x802c, 0x0, 4)
2026-06-26T17:12:30.384520Z vfio_region_write  (0000:09:00.0:region0+0x8030, 0x300000, 4)
2026-06-26T17:12:30.384533Z vfio_region_write  (0000:09:00.0:region0+0x8034, 0x1, 4)
2026-06-26T17:12:30.384546Z vfio_region_write  (0000:09:00.0:region0+0x408, 0x1, 4)
2026-06-26T17:12:30.384593Z vfio_region_read  (0000:09:00.0:region0+0x100, 4) = 0x20000000
2026-06-26T17:12:30.384614Z vfio_region_read  (0000:09:00.0:region0+0x300, 4) = 0x0
2026-06-26T17:12:30.384632Z vfio_region_read  (0000:09:00.0:region0+0x200, 4) = 0x0
2026-06-26T17:12:30.384651Z vfio_region_read  (0000:09:00.0:region0+0x400, 4) = 0x1
2026-06-26T17:12:30.384671Z vfio_region_read  (0000:09:00.0:region0+0x500, 4) = 0xff0000
2026-06-26T17:12:30.384724Z vfio_region_read  (0000:09:00.0:region0+0x100, 4) = 0x20000000
2026-06-26T17:12:30.384744Z vfio_region_read  (0000:09:00.0:region0+0x300, 4) = 0x0
2026-06-26T17:12:30.384762Z vfio_region_read  (0000:09:00.0:region0+0x200, 4) = 0x0
2026-06-26T17:12:30.384780Z vfio_region_read  (0000:09:00.0:region0+0x400, 4) = 0x2
2026-06-26T17:12:30.384798Z vfio_region_read  (0000:09:00.0:region0+0x500, 4) = 0xff0000
2026-06-26T17:12:30.384826Z vfio_region_write  (0000:09:00.0:region0+0x408, 0x2, 4)
2026-06-26T17:12:30.425233Z vfio_region_write  (0000:09:00.0:region0+0x8020, 0x80001001, 4)
2026-06-26T17:12:30.425259Z vfio_region_write  (0000:09:00.0:region0+0x8024, 0x8e0008, 4)
2026-06-26T17:12:30.425272Z vfio_region_write  (0000:09:00.0:region0+0x8028, 0x0, 4)
2026-06-26T17:12:30.425284Z vfio_region_write  (0000:09:00.0:region0+0x802c, 0x0, 4)
2026-06-26T17:12:30.425296Z vfio_region_write  (0000:09:00.0:region0+0x8030, 0x300000, 4)
2026-06-26T17:12:30.425308Z vfio_region_write  (0000:09:00.0:region0+0x8034, 0x1, 4)
2026-06-26T17:12:30.425321Z vfio_region_write  (0000:09:00.0:region0+0x408, 0x1, 4)
2026-06-26T17:12:30.425369Z vfio_region_read  (0000:09:00.0:region0+0x100, 4) = 0x20000000
2026-06-26T17:12:30.425389Z vfio_region_read  (0000:09:00.0:region0+0x300, 4) = 0x0
2026-06-26T17:12:30.425407Z vfio_region_read  (0000:09:00.0:region0+0x200, 4) = 0x0
2026-06-26T17:12:30.425424Z vfio_region_read  (0000:09:00.0:region0+0x400, 4) = 0x1
2026-06-26T17:12:30.425442Z vfio_region_read  (0000:09:00.0:region0+0x500, 4) = 0xff0000
2026-06-26T17:12:30.425494Z vfio_region_read  (0000:09:00.0:region0+0x100, 4) = 0x20000000
2026-06-26T17:12:30.425514Z vfio_region_read  (0000:09:00.0:region0+0x300, 4) = 0x0
2026-06-26T17:12:30.425531Z vfio_region_read  (0000:09:00.0:region0+0x200, 4) = 0x0
2026-06-26T17:12:30.425549Z vfio_region_read  (0000:09:00.0:region0+0x400, 4) = 0x2
2026-06-26T17:12:30.425567Z vfio_region_read  (0000:09:00.0:region0+0x500, 4) = 0xff0000
2026-06-26T17:12:30.425587Z vfio_region_write  (0000:09:00.0:region0+0x408, 0x2, 4)
2026-06-26T17:12:30.466247Z vfio_region_write  (0000:09:00.0:region0+0x8020, 0x80001001, 4)
2026-06-26T17:12:30.466272Z vfio_region_write  (0000:09:00.0:region0+0x8024, 0x8f0008, 4)
2026-06-26T17:12:30.466284Z vfio_region_write  (0000:09:00.0:region0+0x8028, 0x0, 4)
2026-06-26T17:12:30.466296Z vfio_region_write  (0000:09:00.0:region0+0x802c, 0x0, 4)
2026-06-26T17:12:30.466308Z vfio_region_write  (0000:09:00.0:region0+0x8030, 0x300000, 4)
2026-06-26T17:12:30.466321Z vfio_region_write  (0000:09:00.0:region0+0x8034, 0x1, 4)
2026-06-26T17:12:30.466333Z vfio_region_write  (0000:09:00.0:region0+0x408, 0x1, 4)
2026-06-26T17:12:30.466379Z vfio_region_read  (0000:09:00.0:region0+0x100, 4) = 0x20000000
2026-06-26T17:12:30.466399Z vfio_region_read  (0000:09:00.0:region0+0x300, 4) = 0x0
2026-06-26T17:12:30.466416Z vfio_region_read  (0000:09:00.0:region0+0x200, 4) = 0x0
2026-06-26T17:12:30.466434Z vfio_region_read  (0000:09:00.0:region0+0x400, 4) = 0x1
2026-06-26T17:12:30.466452Z vfio_region_read  (0000:09:00.0:region0+0x500, 4) = 0xff0000
2026-06-26T17:12:30.466509Z vfio_region_read  (0000:09:00.0:region0+0x100, 4) = 0x20000000
2026-06-26T17:12:30.466528Z vfio_region_read  (0000:09:00.0:region0+0x300, 4) = 0x0
2026-06-26T17:12:30.466546Z vfio_region_read  (0000:09:00.0:region0+0x200, 4) = 0x0
2026-06-26T17:12:30.466564Z vfio_region_read  (0000:09:00.0:region0+0x400, 4) = 0x2
2026-06-26T17:12:30.466582Z vfio_region_read  (0000:09:00.0:region0+0x500, 4) = 0xff0000
2026-06-26T17:12:30.466604Z vfio_region_write  (0000:09:00.0:region0+0x408, 0x2, 4)
2026-06-26T17:12:30.507406Z vfio_region_write  (0000:09:00.0:region0+0x8020, 0x80001001, 4)
2026-06-26T17:12:30.507430Z vfio_region_write  (0000:09:00.0:region0+0x8024, 0x900008, 4)
2026-06-26T17:12:30.507443Z vfio_region_write  (0000:09:00.0:region0+0x8028, 0x0, 4)
2026-06-26T17:12:30.507455Z vfio_region_write  (0000:09:00.0:region0+0x802c, 0x0, 4)
2026-06-26T17:12:30.507467Z vfio_region_write  (0000:09:00.0:region0+0x8030, 0x300000, 4)
2026-06-26T17:12:30.507479Z vfio_region_write  (0000:09:00.0:region0+0x8034, 0x1, 4)
2026-06-26T17:12:30.507492Z vfio_region_write  (0000:09:00.0:region0+0x408, 0x1, 4)
2026-06-26T17:12:30.507537Z vfio_region_read  (0000:09:00.0:region0+0x100, 4) = 0x20000000
2026-06-26T17:12:30.507557Z vfio_region_read  (0000:09:00.0:region0+0x300, 4) = 0x0
2026-06-26T17:12:30.507575Z vfio_region_read  (0000:09:00.0:region0+0x200, 4) = 0x0
2026-06-26T17:12:30.507593Z vfio_region_read  (0000:09:00.0:region0+0x400, 4) = 0x1
2026-06-26T17:12:30.507611Z vfio_region_read  (0000:09:00.0:region0+0x500, 4) = 0xff0000
2026-06-26T17:12:30.507666Z vfio_region_read  (0000:09:00.0:region0+0x100, 4) = 0x20000000
2026-06-26T17:12:30.507686Z vfio_region_read  (0000:09:00.0:region0+0x300, 4) = 0x0
2026-06-26T17:12:30.507703Z vfio_region_read  (0000:09:00.0:region0+0x200, 4) = 0x0
2026-06-26T17:12:30.507721Z vfio_region_read  (0000:09:00.0:region0+0x400, 4) = 0x2
2026-06-26T17:12:30.507739Z vfio_region_read  (0000:09:00.0:region0+0x500, 4) = 0xff0000
2026-06-26T17:12:30.507828Z vfio_region_write  (0000:09:00.0:region0+0x408, 0x2, 4)
2026-06-26T17:12:30.548221Z vfio_region_write  (0000:09:00.0:region0+0x8020, 0x80001001, 4)
2026-06-26T17:12:30.548245Z vfio_region_write  (0000:09:00.0:region0+0x8024, 0x910008, 4)
2026-06-26T17:12:30.548258Z vfio_region_write  (0000:09:00.0:region0+0x8028, 0x0, 4)
2026-06-26T17:12:30.548270Z vfio_region_write  (0000:09:00.0:region0+0x802c, 0x0, 4)
2026-06-26T17:12:30.548282Z vfio_region_write  (0000:09:00.0:region0+0x8030, 0x300000, 4)
2026-06-26T17:12:30.548294Z vfio_region_write  (0000:09:00.0:region0+0x8034, 0x1, 4)
2026-06-26T17:12:30.548307Z vfio_region_write  (0000:09:00.0:region0+0x408, 0x1, 4)
2026-06-26T17:12:30.548354Z vfio_region_read  (0000:09:00.0:region0+0x100, 4) = 0x20000000
2026-06-26T17:12:30.548373Z vfio_region_read  (0000:09:00.0:region0+0x300, 4) = 0x0
2026-06-26T17:12:30.548391Z vfio_region_read  (0000:09:00.0:region0+0x200, 4) = 0x0
2026-06-26T17:12:30.548409Z vfio_region_read  (0000:09:00.0:region0+0x400, 4) = 0x1
2026-06-26T17:12:30.548427Z vfio_region_read  (0000:09:00.0:region0+0x500, 4) = 0xff0000
2026-06-26T17:12:30.548482Z vfio_region_read  (0000:09:00.0:region0+0x100, 4) = 0x20000000
2026-06-26T17:12:30.548502Z vfio_region_read  (0000:09:00.0:region0+0x300, 4) = 0x0
2026-06-26T17:12:30.548520Z vfio_region_read  (0000:09:00.0:region0+0x200, 4) = 0x0
2026-06-26T17:12:30.548539Z vfio_region_read  (0000:09:00.0:region0+0x400, 4) = 0x2
2026-06-26T17:12:30.548557Z vfio_region_read  (0000:09:00.0:region0+0x500, 4) = 0xff0000
2026-06-26T17:12:30.548579Z vfio_region_write  (0000:09:00.0:region0+0x408, 0x2, 4)
2026-06-26T17:12:30.589200Z vfio_region_write  (0000:09:00.0:region0+0x8020, 0x80001001, 4)
2026-06-26T17:12:30.589219Z vfio_region_write  (0000:09:00.0:region0+0x8024, 0x920008, 4)
2026-06-26T17:12:30.589231Z vfio_region_write  (0000:09:00.0:region0+0x8028, 0x0, 4)
2026-06-26T17:12:30.589243Z vfio_region_write  (0000:09:00.0:region0+0x802c, 0x0, 4)
2026-06-26T17:12:30.589256Z vfio_region_write  (0000:09:00.0:region0+0x8030, 0x300000, 4)
2026-06-26T17:12:30.589268Z vfio_region_write  (0000:09:00.0:region0+0x8034, 0x1, 4)
2026-06-26T17:12:30.589280Z vfio_region_write  (0000:09:00.0:region0+0x408, 0x1, 4)
2026-06-26T17:12:30.589334Z vfio_region_read  (0000:09:00.0:region0+0x100, 4) = 0x20000000
2026-06-26T17:12:30.589354Z vfio_region_read  (0000:09:00.0:region0+0x300, 4) = 0x0
2026-06-26T17:12:30.589372Z vfio_region_read  (0000:09:00.0:region0+0x200, 4) = 0x0
2026-06-26T17:12:30.589390Z vfio_region_read  (0000:09:00.0:region0+0x400, 4) = 0x1
2026-06-26T17:12:30.589408Z vfio_region_read  (0000:09:00.0:region0+0x500, 4) = 0xff0000
2026-06-26T17:12:30.589455Z vfio_region_read  (0000:09:00.0:region0+0x100, 4) = 0x20000000
2026-06-26T17:12:30.589475Z vfio_region_read  (0000:09:00.0:region0+0x300, 4) = 0x0
2026-06-26T17:12:30.589493Z vfio_region_read  (0000:09:00.0:region0+0x200, 4) = 0x0
2026-06-26T17:12:30.589511Z vfio_region_read  (0000:09:00.0:region0+0x400, 4) = 0x2
2026-06-26T17:12:30.589530Z vfio_region_read  (0000:09:00.0:region0+0x500, 4) = 0xff0000
2026-06-26T17:12:30.589551Z vfio_region_write  (0000:09:00.0:region0+0x408, 0x2, 4)
2026-06-26T17:12:30.630215Z vfio_region_write  (0000:09:00.0:region0+0x8020, 0x80001001, 4)
2026-06-26T17:12:30.630236Z vfio_region_write  (0000:09:00.0:region0+0x8024, 0x930008, 4)
2026-06-26T17:12:30.630249Z vfio_region_write  (0000:09:00.0:region0+0x8028, 0x0, 4)
2026-06-26T17:12:30.630261Z vfio_region_write  (0000:09:00.0:region0+0x802c, 0x0, 4)
2026-06-26T17:12:30.630273Z vfio_region_write  (0000:09:00.0:region0+0x8030, 0x300000, 4)
2026-06-26T17:12:30.630286Z vfio_region_write  (0000:09:00.0:region0+0x8034, 0x1, 4)
2026-06-26T17:12:30.630301Z vfio_region_write  (0000:09:00.0:region0+0x408, 0x1, 4)
2026-06-26T17:12:30.630348Z vfio_region_read  (0000:09:00.0:region0+0x100, 4) = 0x20000000
2026-06-26T17:12:30.630368Z vfio_region_read  (0000:09:00.0:region0+0x300, 4) = 0x0
2026-06-26T17:12:30.630386Z vfio_region_read  (0000:09:00.0:region0+0x200, 4) = 0x0
2026-06-26T17:12:30.630404Z vfio_region_read  (0000:09:00.0:region0+0x400, 4) = 0x1
2026-06-26T17:12:30.630422Z vfio_region_read  (0000:09:00.0:region0+0x500, 4) = 0xff0000
2026-06-26T17:12:30.630475Z vfio_region_read  (0000:09:00.0:region0+0x100, 4) = 0x20000000
2026-06-26T17:12:30.630495Z vfio_region_read  (0000:09:00.0:region0+0x300, 4) = 0x0
2026-06-26T17:12:30.630513Z vfio_region_read  (0000:09:00.0:region0+0x200, 4) = 0x0
2026-06-26T17:12:30.630531Z vfio_region_read  (0000:09:00.0:region0+0x400, 4) = 0x2
2026-06-26T17:12:30.630550Z vfio_region_read  (0000:09:00.0:region0+0x500, 4) = 0xff0000
2026-06-26T17:12:30.630571Z vfio_region_write  (0000:09:00.0:region0+0x408, 0x2, 4)
2026-06-26T17:12:30.671232Z vfio_region_write  (0000:09:00.0:region0+0x8020, 0x80001001, 4)
2026-06-26T17:12:30.671255Z vfio_region_write  (0000:09:00.0:region0+0x8024, 0x940008, 4)
2026-06-26T17:12:30.671268Z vfio_region_write  (0000:09:00.0:region0+0x8028, 0x0, 4)
2026-06-26T17:12:30.671281Z vfio_region_write  (0000:09:00.0:region0+0x802c, 0x0, 4)
2026-06-26T17:12:30.671293Z vfio_region_write  (0000:09:00.0:region0+0x8030, 0x300000, 4)
2026-06-26T17:12:30.671305Z vfio_region_write  (0000:09:00.0:region0+0x8034, 0x1, 4)
2026-06-26T17:12:30.671318Z vfio_region_write  (0000:09:00.0:region0+0x408, 0x1, 4)
2026-06-26T17:12:30.671375Z vfio_region_read  (0000:09:00.0:region0+0x100, 4) = 0x20000000
2026-06-26T17:12:30.671395Z vfio_region_read  (0000:09:00.0:region0+0x300, 4) = 0x0
2026-06-26T17:12:30.671415Z vfio_region_read  (0000:09:00.0:region0+0x200, 4) = 0x0
2026-06-26T17:12:30.671433Z vfio_region_read  (0000:09:00.0:region0+0x400, 4) = 0x1
2026-06-26T17:12:30.671451Z vfio_region_read  (0000:09:00.0:region0+0x500, 4) = 0xff0000
2026-06-26T17:12:30.671495Z vfio_region_read  (0000:09:00.0:region0+0x100, 4) = 0x20000000
2026-06-26T17:12:30.671514Z vfio_region_read  (0000:09:00.0:region0+0x300, 4) = 0x0
2026-06-26T17:12:30.671532Z vfio_region_read  (0000:09:00.0:region0+0x200, 4) = 0x0
2026-06-26T17:12:30.671550Z vfio_region_read  (0000:09:00.0:region0+0x400, 4) = 0x2
2026-06-26T17:12:30.671568Z vfio_region_read  (0000:09:00.0:region0+0x500, 4) = 0xff0000
2026-06-26T17:12:30.671603Z vfio_region_write  (0000:09:00.0:region0+0x408, 0x2, 4)
2026-06-26T17:12:30.712827Z vfio_region_write  (0000:09:00.0:region0+0x8020, 0x80001001, 4)
2026-06-26T17:12:30.712851Z vfio_region_write  (0000:09:00.0:region0+0x8024, 0x950008, 4)
2026-06-26T17:12:30.712863Z vfio_region_write  (0000:09:00.0:region0+0x8028, 0x0, 4)
2026-06-26T17:12:30.712876Z vfio_region_write  (0000:09:00.0:region0+0x802c, 0x0, 4)
2026-06-26T17:12:30.712888Z vfio_region_write  (0000:09:00.0:region0+0x8030, 0x300000, 4)
2026-06-26T17:12:30.712901Z vfio_region_write  (0000:09:00.0:region0+0x8034, 0x1, 4)
2026-06-26T17:12:30.712914Z vfio_region_write  (0000:09:00.0:region0+0x408, 0x1, 4)
2026-06-26T17:12:30.712962Z vfio_region_read  (0000:09:00.0:region0+0x100, 4) = 0x20000000
2026-06-26T17:12:30.712982Z vfio_region_read  (0000:09:00.0:region0+0x300, 4) = 0x0
2026-06-26T17:12:30.712999Z vfio_region_read  (0000:09:00.0:region0+0x200, 4) = 0x0
2026-06-26T17:12:30.713018Z vfio_region_read  (0000:09:00.0:region0+0x400, 4) = 0x1
2026-06-26T17:12:30.713036Z vfio_region_read  (0000:09:00.0:region0+0x500, 4) = 0xff0000
2026-06-26T17:12:30.713090Z vfio_region_read  (0000:09:00.0:region0+0x100, 4) = 0x20000000
2026-06-26T17:12:30.713110Z vfio_region_read  (0000:09:00.0:region0+0x300, 4) = 0x0
2026-06-26T17:12:30.713128Z vfio_region_read  (0000:09:00.0:region0+0x200, 4) = 0x0
2026-06-26T17:12:30.713147Z vfio_region_read  (0000:09:00.0:region0+0x400, 4) = 0x2
2026-06-26T17:12:30.713174Z vfio_region_read  (0000:09:00.0:region0+0x500, 4) = 0xff0000
2026-06-26T17:12:30.713207Z vfio_region_write  (0000:09:00.0:region0+0x408, 0x2, 4)
2026-06-26T17:12:30.753272Z vfio_region_write  (0000:09:00.0:region0+0x8020, 0x80001001, 4)
2026-06-26T17:12:30.753294Z vfio_region_write  (0000:09:00.0:region0+0x8024, 0x960008, 4)
2026-06-26T17:12:30.753307Z vfio_region_write  (0000:09:00.0:region0+0x8028, 0x0, 4)
2026-06-26T17:12:30.753319Z vfio_region_write  (0000:09:00.0:region0+0x802c, 0x0, 4)
2026-06-26T17:12:30.753331Z vfio_region_write  (0000:09:00.0:region0+0x8030, 0x300000, 4)
2026-06-26T17:12:30.753343Z vfio_region_write  (0000:09:00.0:region0+0x8034, 0x1, 4)
2026-06-26T17:12:30.753356Z vfio_region_write  (0000:09:00.0:region0+0x408, 0x1, 4)
2026-06-26T17:12:30.753410Z vfio_region_read  (0000:09:00.0:region0+0x100, 4) = 0x20000000
2026-06-26T17:12:30.753430Z vfio_region_read  (0000:09:00.0:region0+0x300, 4) = 0x0
2026-06-26T17:12:30.753448Z vfio_region_read  (0000:09:00.0:region0+0x200, 4) = 0x0
2026-06-26T17:12:30.753466Z vfio_region_read  (0000:09:00.0:region0+0x400, 4) = 0x1
2026-06-26T17:12:30.753484Z vfio_region_read  (0000:09:00.0:region0+0x500, 4) = 0xff0000
2026-06-26T17:12:30.753530Z vfio_region_read  (0000:09:00.0:region0+0x100, 4) = 0x20000000
2026-06-26T17:12:30.753550Z vfio_region_read  (0000:09:00.0:region0+0x300, 4) = 0x0
2026-06-26T17:12:30.753568Z vfio_region_read  (0000:09:00.0:region0+0x200, 4) = 0x0
2026-06-26T17:12:30.753586Z vfio_region_read  (0000:09:00.0:region0+0x400, 4) = 0x2
2026-06-26T17:12:30.753604Z vfio_region_read  (0000:09:00.0:region0+0x500, 4) = 0xff0000
2026-06-26T17:12:30.753625Z vfio_region_write  (0000:09:00.0:region0+0x408, 0x2, 4)
2026-06-26T17:12:30.794266Z vfio_region_write  (0000:09:00.0:region0+0x8020, 0x80001001, 4)
2026-06-26T17:12:30.794287Z vfio_region_write  (0000:09:00.0:region0+0x8024, 0x970008, 4)
2026-06-26T17:12:30.794299Z vfio_region_write  (0000:09:00.0:region0+0x8028, 0x0, 4)
2026-06-26T17:12:30.794311Z vfio_region_write  (0000:09:00.0:region0+0x802c, 0x0, 4)
2026-06-26T17:12:30.794323Z vfio_region_write  (0000:09:00.0:region0+0x8030, 0x300000, 4)
2026-06-26T17:12:30.794335Z vfio_region_write  (0000:09:00.0:region0+0x8034, 0x1, 4)
2026-06-26T17:12:30.794348Z vfio_region_write  (0000:09:00.0:region0+0x408, 0x1, 4)
2026-06-26T17:12:30.794402Z vfio_region_read  (0000:09:00.0:region0+0x100, 4) = 0x20000000
2026-06-26T17:12:30.794421Z vfio_region_read  (0000:09:00.0:region0+0x300, 4) = 0x0
2026-06-26T17:12:30.794439Z vfio_region_read  (0000:09:00.0:region0+0x200, 4) = 0x0
2026-06-26T17:12:30.794457Z vfio_region_read  (0000:09:00.0:region0+0x400, 4) = 0x1
2026-06-26T17:12:30.794475Z vfio_region_read  (0000:09:00.0:region0+0x500, 4) = 0xff0000
2026-06-26T17:12:30.794520Z vfio_region_read  (0000:09:00.0:region0+0x100, 4) = 0x20000000
2026-06-26T17:12:30.794539Z vfio_region_read  (0000:09:00.0:region0+0x300, 4) = 0x0
2026-06-26T17:12:30.794558Z vfio_region_read  (0000:09:00.0:region0+0x200, 4) = 0x0
2026-06-26T17:12:30.794576Z vfio_region_read  (0000:09:00.0:region0+0x400, 4) = 0x2
2026-06-26T17:12:30.794594Z vfio_region_read  (0000:09:00.0:region0+0x500, 4) = 0xff0000
2026-06-26T17:12:30.794637Z vfio_region_write  (0000:09:00.0:region0+0x408, 0x2, 4)
2026-06-26T17:12:30.835216Z vfio_region_write  (0000:09:00.0:region0+0x8020, 0x80001001, 4)
2026-06-26T17:12:30.835238Z vfio_region_write  (0000:09:00.0:region0+0x8024, 0x980008, 4)
2026-06-26T17:12:30.835250Z vfio_region_write  (0000:09:00.0:region0+0x8028, 0x0, 4)
2026-06-26T17:12:30.835262Z vfio_region_write  (0000:09:00.0:region0+0x802c, 0x0, 4)
2026-06-26T17:12:30.835274Z vfio_region_write  (0000:09:00.0:region0+0x8030, 0x300000, 4)
2026-06-26T17:12:30.835287Z vfio_region_write  (0000:09:00.0:region0+0x8034, 0x1, 4)
2026-06-26T17:12:30.835299Z vfio_region_write  (0000:09:00.0:region0+0x408, 0x1, 4)
2026-06-26T17:12:30.835358Z vfio_region_read  (0000:09:00.0:region0+0x100, 4) = 0x20000000
2026-06-26T17:12:30.835377Z vfio_region_read  (0000:09:00.0:region0+0x300, 4) = 0x0
2026-06-26T17:12:30.835397Z vfio_region_read  (0000:09:00.0:region0+0x200, 4) = 0x0
2026-06-26T17:12:30.835415Z vfio_region_read  (0000:09:00.0:region0+0x400, 4) = 0x1
2026-06-26T17:12:30.835433Z vfio_region_read  (0000:09:00.0:region0+0x500, 4) = 0xff0000
2026-06-26T17:12:30.835490Z vfio_region_read  (0000:09:00.0:region0+0x100, 4) = 0x20000000
2026-06-26T17:12:30.835509Z vfio_region_read  (0000:09:00.0:region0+0x300, 4) = 0x0
2026-06-26T17:12:30.835527Z vfio_region_read  (0000:09:00.0:region0+0x200, 4) = 0x0
2026-06-26T17:12:30.835546Z vfio_region_read  (0000:09:00.0:region0+0x400, 4) = 0x2
2026-06-26T17:12:30.835564Z vfio_region_read  (0000:09:00.0:region0+0x500, 4) = 0xff0000
2026-06-26T17:12:30.835585Z vfio_region_write  (0000:09:00.0:region0+0x408, 0x2, 4)
2026-06-26T17:12:31.028380Z vfio_region_write  (0000:09:00.0:region0+0x8020, 0x80001001, 4)
2026-06-26T17:12:31.028409Z vfio_region_write  (0000:09:00.0:region0+0x8024, 0x990008, 4)
2026-06-26T17:12:31.028422Z vfio_region_write  (0000:09:00.0:region0+0x8028, 0x0, 4)
2026-06-26T17:12:31.028434Z vfio_region_write  (0000:09:00.0:region0+0x802c, 0x0, 4)
2026-06-26T17:12:31.028446Z vfio_region_write  (0000:09:00.0:region0+0x8030, 0x300000, 4)
2026-06-26T17:12:31.028459Z vfio_region_write  (0000:09:00.0:region0+0x8034, 0x1, 4)
2026-06-26T17:12:31.028471Z vfio_region_write  (0000:09:00.0:region0+0x408, 0x1, 4)
2026-06-26T17:12:31.028527Z vfio_region_read  (0000:09:00.0:region0+0x100, 4) = 0x20000000
2026-06-26T17:12:31.028547Z vfio_region_read  (0000:09:00.0:region0+0x300, 4) = 0x0
2026-06-26T17:12:31.028565Z vfio_region_read  (0000:09:00.0:region0+0x200, 4) = 0x0
2026-06-26T17:12:31.028582Z vfio_region_read  (0000:09:00.0:region0+0x400, 4) = 0x1
2026-06-26T17:12:31.028600Z vfio_region_read  (0000:09:00.0:region0+0x500, 4) = 0xff0000
2026-06-26T17:12:31.028644Z vfio_region_read  (0000:09:00.0:region0+0x100, 4) = 0x20000000
2026-06-26T17:12:31.028663Z vfio_region_read  (0000:09:00.0:region0+0x300, 4) = 0x0
2026-06-26T17:12:31.028681Z vfio_region_read  (0000:09:00.0:region0+0x200, 4) = 0x0
2026-06-26T17:12:31.028699Z vfio_region_read  (0000:09:00.0:region0+0x400, 4) = 0x2
2026-06-26T17:12:31.028716Z vfio_region_read  (0000:09:00.0:region0+0x500, 4) = 0xff0000
2026-06-26T17:12:31.028735Z vfio_region_write  (0000:09:00.0:region0+0x408, 0x2, 4)
2026-06-26T17:12:31.076765Z vfio_region_write  (0000:09:00.0:region0+0x8020, 0x80001001, 4)
2026-06-26T17:12:31.076790Z vfio_region_write  (0000:09:00.0:region0+0x8024, 0x9a0008, 4)
2026-06-26T17:12:31.076803Z vfio_region_write  (0000:09:00.0:region0+0x8028, 0x0, 4)
2026-06-26T17:12:31.076815Z vfio_region_write  (0000:09:00.0:region0+0x802c, 0x0, 4)
2026-06-26T17:12:31.076833Z vfio_region_write  (0000:09:00.0:region0+0x8030, 0x300000, 4)
2026-06-26T17:12:31.076846Z vfio_region_write  (0000:09:00.0:region0+0x8034, 0x1, 4)
2026-06-26T17:12:31.076859Z vfio_region_write  (0000:09:00.0:region0+0x408, 0x1, 4)
2026-06-26T17:12:31.076915Z vfio_region_read  (0000:09:00.0:region0+0x100, 4) = 0x20000000
2026-06-26T17:12:31.076935Z vfio_region_read  (0000:09:00.0:region0+0x300, 4) = 0x0
2026-06-26T17:12:31.076953Z vfio_region_read  (0000:09:00.0:region0+0x200, 4) = 0x0
2026-06-26T17:12:31.076971Z vfio_region_read  (0000:09:00.0:region0+0x400, 4) = 0x1
2026-06-26T17:12:31.076989Z vfio_region_read  (0000:09:00.0:region0+0x500, 4) = 0xff0000
2026-06-26T17:12:31.077032Z vfio_region_read  (0000:09:00.0:region0+0x100, 4) = 0x20000000
2026-06-26T17:12:31.077052Z vfio_region_read  (0000:09:00.0:region0+0x300, 4) = 0x0
2026-06-26T17:12:31.077070Z vfio_region_read  (0000:09:00.0:region0+0x200, 4) = 0x0
2026-06-26T17:12:31.077088Z vfio_region_read  (0000:09:00.0:region0+0x400, 4) = 0x2
2026-06-26T17:12:31.077106Z vfio_region_read  (0000:09:00.0:region0+0x500, 4) = 0xff0000
2026-06-26T17:12:31.077194Z vfio_region_write  (0000:09:00.0:region0+0x408, 0x2, 4)
2026-06-26T17:12:31.117980Z vfio_region_write  (0000:09:00.0:region0+0x8020, 0x80001001, 4)
2026-06-26T17:12:31.118004Z vfio_region_write  (0000:09:00.0:region0+0x8024, 0x9b0008, 4)
2026-06-26T17:12:31.118017Z vfio_region_write  (0000:09:00.0:region0+0x8028, 0x0, 4)
2026-06-26T17:12:31.118029Z vfio_region_write  (0000:09:00.0:region0+0x802c, 0x0, 4)
2026-06-26T17:12:31.118041Z vfio_region_write  (0000:09:00.0:region0+0x8030, 0x300000, 4)
2026-06-26T17:12:31.118054Z vfio_region_write  (0000:09:00.0:region0+0x8034, 0x1, 4)
2026-06-26T17:12:31.118066Z vfio_region_write  (0000:09:00.0:region0+0x408, 0x1, 4)
2026-06-26T17:12:31.118123Z vfio_region_read  (0000:09:00.0:region0+0x100, 4) = 0x20000000
2026-06-26T17:12:31.118142Z vfio_region_read  (0000:09:00.0:region0+0x300, 4) = 0x0
2026-06-26T17:12:31.118162Z vfio_region_read  (0000:09:00.0:region0+0x200, 4) = 0x0
2026-06-26T17:12:31.118188Z vfio_region_read  (0000:09:00.0:region0+0x400, 4) = 0x1
2026-06-26T17:12:31.118206Z vfio_region_read  (0000:09:00.0:region0+0x500, 4) = 0xff0000
2026-06-26T17:12:31.118241Z vfio_region_read  (0000:09:00.0:region0+0x100, 4) = 0x20000000
2026-06-26T17:12:31.118260Z vfio_region_read  (0000:09:00.0:region0+0x300, 4) = 0x0
2026-06-26T17:12:31.118278Z vfio_region_read  (0000:09:00.0:region0+0x200, 4) = 0x0
2026-06-26T17:12:31.118296Z vfio_region_read  (0000:09:00.0:region0+0x400, 4) = 0x2
2026-06-26T17:12:31.118314Z vfio_region_read  (0000:09:00.0:region0+0x500, 4) = 0xff0000
2026-06-26T17:12:31.118336Z vfio_region_write  (0000:09:00.0:region0+0x408, 0x2, 4)
2026-06-26T17:12:31.169433Z vfio_region_write  (0000:09:00.0:region0+0x8020, 0x80001001, 4)
2026-06-26T17:12:31.169465Z vfio_region_write  (0000:09:00.0:region0+0x8024, 0x9c0008, 4)
2026-06-26T17:12:31.169477Z vfio_region_write  (0000:09:00.0:region0+0x8028, 0x0, 4)
2026-06-26T17:12:31.169490Z vfio_region_write  (0000:09:00.0:region0+0x802c, 0x0, 4)
2026-06-26T17:12:31.169502Z vfio_region_write  (0000:09:00.0:region0+0x8030, 0x300000, 4)
2026-06-26T17:12:31.169514Z vfio_region_write  (0000:09:00.0:region0+0x8034, 0x1, 4)
2026-06-26T17:12:31.169527Z vfio_region_write  (0000:09:00.0:region0+0x408, 0x1, 4)
2026-06-26T17:12:31.169575Z vfio_region_read  (0000:09:00.0:region0+0x100, 4) = 0x20000000
2026-06-26T17:12:31.169595Z vfio_region_read  (0000:09:00.0:region0+0x300, 4) = 0x0
2026-06-26T17:12:31.169612Z vfio_region_read  (0000:09:00.0:region0+0x200, 4) = 0x0
2026-06-26T17:12:31.169629Z vfio_region_read  (0000:09:00.0:region0+0x400, 4) = 0x1
2026-06-26T17:12:31.169647Z vfio_region_read  (0000:09:00.0:region0+0x500, 4) = 0xff0000
2026-06-26T17:12:31.169701Z vfio_region_read  (0000:09:00.0:region0+0x100, 4) = 0x20000000
2026-06-26T17:12:31.169721Z vfio_region_read  (0000:09:00.0:region0+0x300, 4) = 0x0
2026-06-26T17:12:31.169739Z vfio_region_read  (0000:09:00.0:region0+0x200, 4) = 0x0
2026-06-26T17:12:31.169757Z vfio_region_read  (0000:09:00.0:region0+0x400, 4) = 0x2
2026-06-26T17:12:31.169775Z vfio_region_read  (0000:09:00.0:region0+0x500, 4) = 0xff0000
2026-06-26T17:12:31.169807Z vfio_region_write  (0000:09:00.0:region0+0x408, 0x2, 4)
2026-06-26T17:12:31.215256Z vfio_region_write  (0000:09:00.0:region0+0x8020, 0x80001001, 4)
2026-06-26T17:12:31.215284Z vfio_region_write  (0000:09:00.0:region0+0x8024, 0x9d0008, 4)
2026-06-26T17:12:31.215297Z vfio_region_write  (0000:09:00.0:region0+0x8028, 0x0, 4)
2026-06-26T17:12:31.215309Z vfio_region_write  (0000:09:00.0:region0+0x802c, 0x0, 4)
2026-06-26T17:12:31.215322Z vfio_region_write  (0000:09:00.0:region0+0x8030, 0x300000, 4)
2026-06-26T17:12:31.215334Z vfio_region_write  (0000:09:00.0:region0+0x8034, 0x1, 4)
2026-06-26T17:12:31.215347Z vfio_region_write  (0000:09:00.0:region0+0x408, 0x1, 4)
2026-06-26T17:12:31.215394Z vfio_region_read  (0000:09:00.0:region0+0x100, 4) = 0x20000000
2026-06-26T17:12:31.215414Z vfio_region_read  (0000:09:00.0:region0+0x300, 4) = 0x0
2026-06-26T17:12:31.215433Z vfio_region_read  (0000:09:00.0:region0+0x200, 4) = 0x0
2026-06-26T17:12:31.215451Z vfio_region_read  (0000:09:00.0:region0+0x400, 4) = 0x1
2026-06-26T17:12:31.215469Z vfio_region_read  (0000:09:00.0:region0+0x500, 4) = 0xff0000
2026-06-26T17:12:31.215520Z vfio_region_read  (0000:09:00.0:region0+0x100, 4) = 0x20000000
2026-06-26T17:12:31.215539Z vfio_region_read  (0000:09:00.0:region0+0x300, 4) = 0x0
2026-06-26T17:12:31.215560Z vfio_region_read  (0000:09:00.0:region0+0x200, 4) = 0x0
2026-06-26T17:12:31.215578Z vfio_region_read  (0000:09:00.0:region0+0x400, 4) = 0x2
2026-06-26T17:12:31.215596Z vfio_region_read  (0000:09:00.0:region0+0x500, 4) = 0xff0000
2026-06-26T17:12:31.215616Z vfio_region_write  (0000:09:00.0:region0+0x408, 0x2, 4)
2026-06-26T17:12:31.282993Z vfio_region_write  (0000:09:00.0:region0+0x8020, 0x80001001, 4)
2026-06-26T17:12:31.283025Z vfio_region_write  (0000:09:00.0:region0+0x8024, 0x9e0008, 4)
2026-06-26T17:12:31.283038Z vfio_region_write  (0000:09:00.0:region0+0x8028, 0x0, 4)
2026-06-26T17:12:31.283051Z vfio_region_write  (0000:09:00.0:region0+0x802c, 0x0, 4)
2026-06-26T17:12:31.283064Z vfio_region_write  (0000:09:00.0:region0+0x8030, 0x300000, 4)
2026-06-26T17:12:31.283077Z vfio_region_write  (0000:09:00.0:region0+0x8034, 0x1, 4)
2026-06-26T17:12:31.283090Z vfio_region_write  (0000:09:00.0:region0+0x408, 0x1, 4)
2026-06-26T17:12:31.283142Z vfio_region_read  (0000:09:00.0:region0+0x100, 4) = 0x20000000
2026-06-26T17:12:31.283164Z vfio_region_read  (0000:09:00.0:region0+0x300, 4) = 0x0
2026-06-26T17:12:31.283191Z vfio_region_read  (0000:09:00.0:region0+0x200, 4) = 0x0
2026-06-26T17:12:31.283209Z vfio_region_read  (0000:09:00.0:region0+0x400, 4) = 0x1
2026-06-26T17:12:31.283228Z vfio_region_read  (0000:09:00.0:region0+0x500, 4) = 0xff0000
2026-06-26T17:12:31.283266Z vfio_region_read  (0000:09:00.0:region0+0x100, 4) = 0x20000000
2026-06-26T17:12:31.283286Z vfio_region_read  (0000:09:00.0:region0+0x300, 4) = 0x0
2026-06-26T17:12:31.283304Z vfio_region_read  (0000:09:00.0:region0+0x200, 4) = 0x0
2026-06-26T17:12:31.283323Z vfio_region_read  (0000:09:00.0:region0+0x400, 4) = 0x2
2026-06-26T17:12:31.283341Z vfio_region_read  (0000:09:00.0:region0+0x500, 4) = 0xff0000
2026-06-26T17:12:31.283363Z vfio_region_write  (0000:09:00.0:region0+0x408, 0x2, 4)
2026-06-26T17:12:31.345731Z vfio_region_write  (0000:09:00.0:region0+0x8020, 0x80001001, 4)
2026-06-26T17:12:31.345783Z vfio_region_write  (0000:09:00.0:region0+0x8024, 0x9f0008, 4)
2026-06-26T17:12:31.345796Z vfio_region_write  (0000:09:00.0:region0+0x8028, 0x0, 4)
2026-06-26T17:12:31.345809Z vfio_region_write  (0000:09:00.0:region0+0x802c, 0x0, 4)
2026-06-26T17:12:31.345829Z vfio_region_write  (0000:09:00.0:region0+0x8030, 0x300000, 4)
2026-06-26T17:12:31.345843Z vfio_region_write  (0000:09:00.0:region0+0x8034, 0x1, 4)
2026-06-26T17:12:31.345856Z vfio_region_write  (0000:09:00.0:region0+0x408, 0x1, 4)
2026-06-26T17:12:31.345914Z vfio_region_read  (0000:09:00.0:region0+0x100, 4) = 0x20000000
2026-06-26T17:12:31.345934Z vfio_region_read  (0000:09:00.0:region0+0x300, 4) = 0x0
2026-06-26T17:12:31.345952Z vfio_region_read  (0000:09:00.0:region0+0x200, 4) = 0x0
2026-06-26T17:12:31.345971Z vfio_region_read  (0000:09:00.0:region0+0x400, 4) = 0x1
2026-06-26T17:12:31.345989Z vfio_region_read  (0000:09:00.0:region0+0x500, 4) = 0xff0000
2026-06-26T17:12:31.346088Z vfio_region_read  (0000:09:00.0:region0+0x100, 4) = 0x20000000
2026-06-26T17:12:31.346108Z vfio_region_read  (0000:09:00.0:region0+0x300, 4) = 0x0
2026-06-26T17:12:31.346127Z vfio_region_read  (0000:09:00.0:region0+0x200, 4) = 0x0
2026-06-26T17:12:31.346145Z vfio_region_read  (0000:09:00.0:region0+0x400, 4) = 0x2
2026-06-26T17:12:31.346165Z vfio_region_read  (0000:09:00.0:region0+0x500, 4) = 0xff0000
2026-06-26T17:12:31.346346Z vfio_region_write  (0000:09:00.0:region0+0x408, 0x2, 4)
2026-06-26T17:12:31.399435Z vfio_region_write  (0000:09:00.0:region0+0x8020, 0x80001001, 4)
2026-06-26T17:12:31.399472Z vfio_region_write  (0000:09:00.0:region0+0x8024, 0xa00008, 4)
2026-06-26T17:12:31.399485Z vfio_region_write  (0000:09:00.0:region0+0x8028, 0x0, 4)
2026-06-26T17:12:31.399498Z vfio_region_write  (0000:09:00.0:region0+0x802c, 0x0, 4)
2026-06-26T17:12:31.399510Z vfio_region_write  (0000:09:00.0:region0+0x8030, 0x300000, 4)
2026-06-26T17:12:31.399523Z vfio_region_write  (0000:09:00.0:region0+0x8034, 0x1, 4)
2026-06-26T17:12:31.399536Z vfio_region_write  (0000:09:00.0:region0+0x408, 0x1, 4)
2026-06-26T17:12:31.399584Z vfio_region_read  (0000:09:00.0:region0+0x100, 4) = 0x20000000
2026-06-26T17:12:31.399604Z vfio_region_read  (0000:09:00.0:region0+0x300, 4) = 0x0
2026-06-26T17:12:31.399622Z vfio_region_read  (0000:09:00.0:region0+0x200, 4) = 0x0
2026-06-26T17:12:31.399641Z vfio_region_read  (0000:09:00.0:region0+0x400, 4) = 0x1
2026-06-26T17:12:31.399659Z vfio_region_read  (0000:09:00.0:region0+0x500, 4) = 0xff0000
2026-06-26T17:12:31.399711Z vfio_region_read  (0000:09:00.0:region0+0x100, 4) = 0x20000000
2026-06-26T17:12:31.399730Z vfio_region_read  (0000:09:00.0:region0+0x300, 4) = 0x0
2026-06-26T17:12:31.399749Z vfio_region_read  (0000:09:00.0:region0+0x200, 4) = 0x0
2026-06-26T17:12:31.399767Z vfio_region_read  (0000:09:00.0:region0+0x400, 4) = 0x2
2026-06-26T17:12:31.399785Z vfio_region_read  (0000:09:00.0:region0+0x500, 4) = 0xff0000
2026-06-26T17:12:31.399808Z vfio_region_write  (0000:09:00.0:region0+0x408, 0x2, 4)
2026-06-26T17:12:31.453238Z vfio_region_write  (0000:09:00.0:region0+0x8020, 0x80001001, 4)
2026-06-26T17:12:31.453267Z vfio_region_write  (0000:09:00.0:region0+0x8024, 0xa10008, 4)
2026-06-26T17:12:31.453280Z vfio_region_write  (0000:09:00.0:region0+0x8028, 0x0, 4)
2026-06-26T17:12:31.453292Z vfio_region_write  (0000:09:00.0:region0+0x802c, 0x0, 4)
2026-06-26T17:12:31.453305Z vfio_region_write  (0000:09:00.0:region0+0x8030, 0x300000, 4)
2026-06-26T17:12:31.453318Z vfio_region_write  (0000:09:00.0:region0+0x8034, 0x1, 4)
2026-06-26T17:12:31.453331Z vfio_region_write  (0000:09:00.0:region0+0x408, 0x1, 4)
2026-06-26T17:12:31.453379Z vfio_region_read  (0000:09:00.0:region0+0x100, 4) = 0x20000000
2026-06-26T17:12:31.453399Z vfio_region_read  (0000:09:00.0:region0+0x300, 4) = 0x0
2026-06-26T17:12:31.453417Z vfio_region_read  (0000:09:00.0:region0+0x200, 4) = 0x0
2026-06-26T17:12:31.453436Z vfio_region_read  (0000:09:00.0:region0+0x400, 4) = 0x1
2026-06-26T17:12:31.453454Z vfio_region_read  (0000:09:00.0:region0+0x500, 4) = 0xff0000
2026-06-26T17:12:31.453507Z vfio_region_read  (0000:09:00.0:region0+0x100, 4) = 0x20000000
2026-06-26T17:12:31.453527Z vfio_region_read  (0000:09:00.0:region0+0x300, 4) = 0x0
2026-06-26T17:12:31.453545Z vfio_region_read  (0000:09:00.0:region0+0x200, 4) = 0x0
2026-06-26T17:12:31.453563Z vfio_region_read  (0000:09:00.0:region0+0x400, 4) = 0x2
2026-06-26T17:12:31.453581Z vfio_region_read  (0000:09:00.0:region0+0x500, 4) = 0xff0000
2026-06-26T17:12:31.453606Z vfio_region_write  (0000:09:00.0:region0+0x408, 0x2, 4)
2026-06-26T17:12:31.501369Z vfio_region_write  (0000:09:00.0:region0+0x8020, 0x80001001, 4)
2026-06-26T17:12:31.501395Z vfio_region_write  (0000:09:00.0:region0+0x8024, 0xa20008, 4)
2026-06-26T17:12:31.501407Z vfio_region_write  (0000:09:00.0:region0+0x8028, 0x0, 4)
2026-06-26T17:12:31.501419Z vfio_region_write  (0000:09:00.0:region0+0x802c, 0x0, 4)
2026-06-26T17:12:31.501432Z vfio_region_write  (0000:09:00.0:region0+0x8030, 0x300000, 4)
2026-06-26T17:12:31.501444Z vfio_region_write  (0000:09:00.0:region0+0x8034, 0x1, 4)
2026-06-26T17:12:31.501457Z vfio_region_write  (0000:09:00.0:region0+0x408, 0x1, 4)
2026-06-26T17:12:31.501504Z vfio_region_read  (0000:09:00.0:region0+0x100, 4) = 0x20000000
2026-06-26T17:12:31.501524Z vfio_region_read  (0000:09:00.0:region0+0x300, 4) = 0x0
2026-06-26T17:12:31.501541Z vfio_region_read  (0000:09:00.0:region0+0x200, 4) = 0x0
2026-06-26T17:12:31.501558Z vfio_region_read  (0000:09:00.0:region0+0x400, 4) = 0x1
2026-06-26T17:12:31.501576Z vfio_region_read  (0000:09:00.0:region0+0x500, 4) = 0xff0000
2026-06-26T17:12:31.501632Z vfio_region_read  (0000:09:00.0:region0+0x100, 4) = 0x20000000
2026-06-26T17:12:31.501651Z vfio_region_read  (0000:09:00.0:region0+0x300, 4) = 0x0
2026-06-26T17:12:31.501669Z vfio_region_read  (0000:09:00.0:region0+0x200, 4) = 0x0
2026-06-26T17:12:31.501687Z vfio_region_read  (0000:09:00.0:region0+0x400, 4) = 0x2
2026-06-26T17:12:31.501705Z vfio_region_read  (0000:09:00.0:region0+0x500, 4) = 0xff0000
2026-06-26T17:12:31.501726Z vfio_region_write  (0000:09:00.0:region0+0x408, 0x2, 4)
2026-06-26T17:12:31.542740Z vfio_region_write  (0000:09:00.0:region0+0x8020, 0x80001001, 4)
2026-06-26T17:12:31.542764Z vfio_region_write  (0000:09:00.0:region0+0x8024, 0xa30008, 4)
2026-06-26T17:12:31.542776Z vfio_region_write  (0000:09:00.0:region0+0x8028, 0x0, 4)
2026-06-26T17:12:31.542789Z vfio_region_write  (0000:09:00.0:region0+0x802c, 0x0, 4)
2026-06-26T17:12:31.542801Z vfio_region_write  (0000:09:00.0:region0+0x8030, 0x300000, 4)
2026-06-26T17:12:31.542813Z vfio_region_write  (0000:09:00.0:region0+0x8034, 0x1, 4)
2026-06-26T17:12:31.542833Z vfio_region_write  (0000:09:00.0:region0+0x408, 0x1, 4)
2026-06-26T17:12:31.542882Z vfio_region_read  (0000:09:00.0:region0+0x100, 4) = 0x20000000
2026-06-26T17:12:31.542901Z vfio_region_read  (0000:09:00.0:region0+0x300, 4) = 0x0
2026-06-26T17:12:31.542919Z vfio_region_read  (0000:09:00.0:region0+0x200, 4) = 0x0
2026-06-26T17:12:31.542936Z vfio_region_read  (0000:09:00.0:region0+0x400, 4) = 0x1
2026-06-26T17:12:31.542954Z vfio_region_read  (0000:09:00.0:region0+0x500, 4) = 0xff0000
2026-06-26T17:12:31.543008Z vfio_region_read  (0000:09:00.0:region0+0x100, 4) = 0x20000000
2026-06-26T17:12:31.543028Z vfio_region_read  (0000:09:00.0:region0+0x300, 4) = 0x0
2026-06-26T17:12:31.543045Z vfio_region_read  (0000:09:00.0:region0+0x200, 4) = 0x0
2026-06-26T17:12:31.543063Z vfio_region_read  (0000:09:00.0:region0+0x400, 4) = 0x2
2026-06-26T17:12:31.543081Z vfio_region_read  (0000:09:00.0:region0+0x500, 4) = 0xff0000
2026-06-26T17:12:31.543102Z vfio_region_write  (0000:09:00.0:region0+0x408, 0x2, 4)
2026-06-26T17:12:31.589899Z vfio_region_write  (0000:09:00.0:region0+0x8020, 0x80001001, 4)
2026-06-26T17:12:31.589928Z vfio_region_write  (0000:09:00.0:region0+0x8024, 0xa40008, 4)
2026-06-26T17:12:31.589941Z vfio_region_write  (0000:09:00.0:region0+0x8028, 0x0, 4)
2026-06-26T17:12:31.589953Z vfio_region_write  (0000:09:00.0:region0+0x802c, 0x0, 4)
2026-06-26T17:12:31.589965Z vfio_region_write  (0000:09:00.0:region0+0x8030, 0x300000, 4)
2026-06-26T17:12:31.589978Z vfio_region_write  (0000:09:00.0:region0+0x8034, 0x1, 4)
2026-06-26T17:12:31.589991Z vfio_region_write  (0000:09:00.0:region0+0x408, 0x1, 4)
2026-06-26T17:12:31.590038Z vfio_region_read  (0000:09:00.0:region0+0x100, 4) = 0x20000000
2026-06-26T17:12:31.590058Z vfio_region_read  (0000:09:00.0:region0+0x300, 4) = 0x0
2026-06-26T17:12:31.590076Z vfio_region_read  (0000:09:00.0:region0+0x200, 4) = 0x0
2026-06-26T17:12:31.590094Z vfio_region_read  (0000:09:00.0:region0+0x400, 4) = 0x1
2026-06-26T17:12:31.590112Z vfio_region_read  (0000:09:00.0:region0+0x500, 4) = 0xff0000
2026-06-26T17:12:31.590167Z vfio_region_read  (0000:09:00.0:region0+0x100, 4) = 0x20000000
2026-06-26T17:12:31.590194Z vfio_region_read  (0000:09:00.0:region0+0x300, 4) = 0x0
2026-06-26T17:12:31.590213Z vfio_region_read  (0000:09:00.0:region0+0x200, 4) = 0x0
2026-06-26T17:12:31.590232Z vfio_region_read  (0000:09:00.0:region0+0x400, 4) = 0x2
2026-06-26T17:12:31.590250Z vfio_region_read  (0000:09:00.0:region0+0x500, 4) = 0xff0000
2026-06-26T17:12:31.590304Z vfio_region_write  (0000:09:00.0:region0+0x408, 0x2, 4)
2026-06-26T17:12:31.630227Z vfio_region_write  (0000:09:00.0:region0+0x8020, 0x80001001, 4)
2026-06-26T17:12:31.630253Z vfio_region_write  (0000:09:00.0:region0+0x8024, 0xa50008, 4)
2026-06-26T17:12:31.630265Z vfio_region_write  (0000:09:00.0:region0+0x8028, 0x0, 4)
2026-06-26T17:12:31.630278Z vfio_region_write  (0000:09:00.0:region0+0x802c, 0x0, 4)
2026-06-26T17:12:31.630290Z vfio_region_write  (0000:09:00.0:region0+0x8030, 0x300000, 4)
2026-06-26T17:12:31.630303Z vfio_region_write  (0000:09:00.0:region0+0x8034, 0x1, 4)
2026-06-26T17:12:31.630315Z vfio_region_write  (0000:09:00.0:region0+0x408, 0x1, 4)
2026-06-26T17:12:31.630371Z vfio_region_read  (0000:09:00.0:region0+0x100, 4) = 0x20000000
2026-06-26T17:12:31.630391Z vfio_region_read  (0000:09:00.0:region0+0x300, 4) = 0x0
2026-06-26T17:12:31.630408Z vfio_region_read  (0000:09:00.0:region0+0x200, 4) = 0x0
2026-06-26T17:12:31.630426Z vfio_region_read  (0000:09:00.0:region0+0x400, 4) = 0x1
2026-06-26T17:12:31.630444Z vfio_region_read  (0000:09:00.0:region0+0x500, 4) = 0xff0000
2026-06-26T17:12:31.630488Z vfio_region_read  (0000:09:00.0:region0+0x100, 4) = 0x20000000
2026-06-26T17:12:31.630507Z vfio_region_read  (0000:09:00.0:region0+0x300, 4) = 0x0
2026-06-26T17:12:31.630525Z vfio_region_read  (0000:09:00.0:region0+0x200, 4) = 0x0
2026-06-26T17:12:31.630543Z vfio_region_read  (0000:09:00.0:region0+0x400, 4) = 0x2
2026-06-26T17:12:31.630562Z vfio_region_read  (0000:09:00.0:region0+0x500, 4) = 0xff0000
2026-06-26T17:12:31.630856Z vfio_region_write  (0000:09:00.0:region0+0x408, 0x2, 4)
2026-06-26T17:12:31.691197Z vfio_region_write  (0000:09:00.0:region0+0x8020, 0x80001001, 4)
2026-06-26T17:12:31.691224Z vfio_region_write  (0000:09:00.0:region0+0x8024, 0xa60008, 4)
2026-06-26T17:12:31.691236Z vfio_region_write  (0000:09:00.0:region0+0x8028, 0x0, 4)
2026-06-26T17:12:31.691248Z vfio_region_write  (0000:09:00.0:region0+0x802c, 0x0, 4)
2026-06-26T17:12:31.691261Z vfio_region_write  (0000:09:00.0:region0+0x8030, 0x300000, 4)
2026-06-26T17:12:31.691273Z vfio_region_write  (0000:09:00.0:region0+0x8034, 0x1, 4)
2026-06-26T17:12:31.691285Z vfio_region_write  (0000:09:00.0:region0+0x408, 0x1, 4)
2026-06-26T17:12:31.691342Z vfio_region_read  (0000:09:00.0:region0+0x100, 4) = 0x20000000
2026-06-26T17:12:31.691362Z vfio_region_read  (0000:09:00.0:region0+0x300, 4) = 0x0
2026-06-26T17:12:31.691380Z vfio_region_read  (0000:09:00.0:region0+0x200, 4) = 0x0
2026-06-26T17:12:31.691398Z vfio_region_read  (0000:09:00.0:region0+0x400, 4) = 0x1
2026-06-26T17:12:31.691416Z vfio_region_read  (0000:09:00.0:region0+0x500, 4) = 0xff0000
2026-06-26T17:12:31.691460Z vfio_region_read  (0000:09:00.0:region0+0x100, 4) = 0x20000000
2026-06-26T17:12:31.691480Z vfio_region_read  (0000:09:00.0:region0+0x300, 4) = 0x0
2026-06-26T17:12:31.691498Z vfio_region_read  (0000:09:00.0:region0+0x200, 4) = 0x0
2026-06-26T17:12:31.691517Z vfio_region_read  (0000:09:00.0:region0+0x400, 4) = 0x2
2026-06-26T17:12:31.691535Z vfio_region_read  (0000:09:00.0:region0+0x500, 4) = 0xff0000
2026-06-26T17:12:31.691556Z vfio_region_write  (0000:09:00.0:region0+0x408, 0x2, 4)
2026-06-26T17:12:31.732737Z vfio_region_write  (0000:09:00.0:region0+0x8020, 0x80001001, 4)
2026-06-26T17:12:31.732763Z vfio_region_write  (0000:09:00.0:region0+0x8024, 0xa70008, 4)
2026-06-26T17:12:31.732776Z vfio_region_write  (0000:09:00.0:region0+0x8028, 0x0, 4)
2026-06-26T17:12:31.732788Z vfio_region_write  (0000:09:00.0:region0+0x802c, 0x0, 4)
2026-06-26T17:12:31.732801Z vfio_region_write  (0000:09:00.0:region0+0x8030, 0x300000, 4)
2026-06-26T17:12:31.732813Z vfio_region_write  (0000:09:00.0:region0+0x8034, 0x1, 4)
2026-06-26T17:12:31.732833Z vfio_region_write  (0000:09:00.0:region0+0x408, 0x1, 4)
2026-06-26T17:12:31.732890Z vfio_region_read  (0000:09:00.0:region0+0x100, 4) = 0x20000000
2026-06-26T17:12:31.732910Z vfio_region_read  (0000:09:00.0:region0+0x300, 4) = 0x0
2026-06-26T17:12:31.732929Z vfio_region_read  (0000:09:00.0:region0+0x200, 4) = 0x0
2026-06-26T17:12:31.732947Z vfio_region_read  (0000:09:00.0:region0+0x400, 4) = 0x1
2026-06-26T17:12:31.732965Z vfio_region_read  (0000:09:00.0:region0+0x500, 4) = 0xff0000
2026-06-26T17:12:31.733007Z vfio_region_read  (0000:09:00.0:region0+0x100, 4) = 0x20000000
2026-06-26T17:12:31.733027Z vfio_region_read  (0000:09:00.0:region0+0x300, 4) = 0x0
2026-06-26T17:12:31.733045Z vfio_region_read  (0000:09:00.0:region0+0x200, 4) = 0x0
2026-06-26T17:12:31.733064Z vfio_region_read  (0000:09:00.0:region0+0x400, 4) = 0x2
2026-06-26T17:12:31.733082Z vfio_region_read  (0000:09:00.0:region0+0x500, 4) = 0xff0000
2026-06-26T17:12:31.733103Z vfio_region_write  (0000:09:00.0:region0+0x408, 0x2, 4)
2026-06-26T17:12:31.776882Z vfio_region_write  (0000:09:00.0:region0+0x8020, 0x80001001, 4)
2026-06-26T17:12:31.776908Z vfio_region_write  (0000:09:00.0:region0+0x8024, 0xa80008, 4)
2026-06-26T17:12:31.776920Z vfio_region_write  (0000:09:00.0:region0+0x8028, 0x0, 4)
2026-06-26T17:12:31.776933Z vfio_region_write  (0000:09:00.0:region0+0x802c, 0x0, 4)
2026-06-26T17:12:31.776945Z vfio_region_write  (0000:09:00.0:region0+0x8030, 0x300000, 4)
2026-06-26T17:12:31.776957Z vfio_region_write  (0000:09:00.0:region0+0x8034, 0x1, 4)
2026-06-26T17:12:31.776970Z vfio_region_write  (0000:09:00.0:region0+0x408, 0x1, 4)
2026-06-26T17:12:31.777027Z vfio_region_read  (0000:09:00.0:region0+0x100, 4) = 0x20000000
2026-06-26T17:12:31.777047Z vfio_region_read  (0000:09:00.0:region0+0x300, 4) = 0x0
2026-06-26T17:12:31.777065Z vfio_region_read  (0000:09:00.0:region0+0x200, 4) = 0x0
2026-06-26T17:12:31.777083Z vfio_region_read  (0000:09:00.0:region0+0x400, 4) = 0x1
2026-06-26T17:12:31.777100Z vfio_region_read  (0000:09:00.0:region0+0x500, 4) = 0xff0000
2026-06-26T17:12:31.777153Z vfio_region_read  (0000:09:00.0:region0+0x100, 4) = 0x20000000
2026-06-26T17:12:31.777181Z vfio_region_read  (0000:09:00.0:region0+0x300, 4) = 0x0
2026-06-26T17:12:31.777200Z vfio_region_read  (0000:09:00.0:region0+0x200, 4) = 0x0
2026-06-26T17:12:31.777218Z vfio_region_read  (0000:09:00.0:region0+0x400, 4) = 0x2
2026-06-26T17:12:31.777236Z vfio_region_read  (0000:09:00.0:region0+0x500, 4) = 0xff0000
2026-06-26T17:12:31.777352Z vfio_region_write  (0000:09:00.0:region0+0x408, 0x2, 4)
2026-06-26T17:12:31.819863Z vfio_region_write  (0000:09:00.0:region0+0x8020, 0x80001001, 4)
2026-06-26T17:12:31.819891Z vfio_region_write  (0000:09:00.0:region0+0x8024, 0xa90008, 4)
2026-06-26T17:12:31.819904Z vfio_region_write  (0000:09:00.0:region0+0x8028, 0x0, 4)
2026-06-26T17:12:31.819916Z vfio_region_write  (0000:09:00.0:region0+0x802c, 0x0, 4)
2026-06-26T17:12:31.819929Z vfio_region_write  (0000:09:00.0:region0+0x8030, 0x300000, 4)
2026-06-26T17:12:31.819941Z vfio_region_write  (0000:09:00.0:region0+0x8034, 0x1, 4)
2026-06-26T17:12:31.819953Z vfio_region_write  (0000:09:00.0:region0+0x408, 0x1, 4)
2026-06-26T17:12:31.820015Z vfio_region_read  (0000:09:00.0:region0+0x100, 4) = 0x20000000
2026-06-26T17:12:31.820034Z vfio_region_read  (0000:09:00.0:region0+0x300, 4) = 0x0
2026-06-26T17:12:31.820052Z vfio_region_read  (0000:09:00.0:region0+0x200, 4) = 0x0
2026-06-26T17:12:31.820070Z vfio_region_read  (0000:09:00.0:region0+0x400, 4) = 0x1
2026-06-26T17:12:31.820088Z vfio_region_read  (0000:09:00.0:region0+0x500, 4) = 0xff0000
2026-06-26T17:12:31.820127Z vfio_region_read  (0000:09:00.0:region0+0x100, 4) = 0x20000000
2026-06-26T17:12:31.820146Z vfio_region_read  (0000:09:00.0:region0+0x300, 4) = 0x0
2026-06-26T17:12:31.820166Z vfio_region_read  (0000:09:00.0:region0+0x200, 4) = 0x0
2026-06-26T17:12:31.820191Z vfio_region_read  (0000:09:00.0:region0+0x400, 4) = 0x2
2026-06-26T17:12:31.820211Z vfio_region_read  (0000:09:00.0:region0+0x500, 4) = 0xff0000
2026-06-26T17:12:31.820238Z vfio_region_write  (0000:09:00.0:region0+0x408, 0x2, 4)
2026-06-26T17:12:31.860232Z vfio_region_write  (0000:09:00.0:region0+0x8020, 0x80001001, 4)
2026-06-26T17:12:31.860259Z vfio_region_write  (0000:09:00.0:region0+0x8024, 0xaa0008, 4)
2026-06-26T17:12:31.860276Z vfio_region_write  (0000:09:00.0:region0+0x8028, 0x0, 4)
2026-06-26T17:12:31.860292Z vfio_region_write  (0000:09:00.0:region0+0x802c, 0x0, 4)
2026-06-26T17:12:31.860309Z vfio_region_write  (0000:09:00.0:region0+0x8030, 0x300000, 4)
2026-06-26T17:12:31.860325Z vfio_region_write  (0000:09:00.0:region0+0x8034, 0x1, 4)
2026-06-26T17:12:31.860342Z vfio_region_write  (0000:09:00.0:region0+0x408, 0x1, 4)
2026-06-26T17:12:31.860405Z vfio_region_read  (0000:09:00.0:region0+0x100, 4) = 0x20000000
2026-06-26T17:12:31.860435Z vfio_region_read  (0000:09:00.0:region0+0x300, 4) = 0x0
2026-06-26T17:12:31.860457Z vfio_region_read  (0000:09:00.0:region0+0x200, 4) = 0x0
2026-06-26T17:12:31.860480Z vfio_region_read  (0000:09:00.0:region0+0x400, 4) = 0x1
2026-06-26T17:12:31.860503Z vfio_region_read  (0000:09:00.0:region0+0x500, 4) = 0xff0000
2026-06-26T17:12:31.860539Z vfio_region_read  (0000:09:00.0:region0+0x100, 4) = 0x20000000
2026-06-26T17:12:31.860563Z vfio_region_read  (0000:09:00.0:region0+0x300, 4) = 0x0
2026-06-26T17:12:31.860585Z vfio_region_read  (0000:09:00.0:region0+0x200, 4) = 0x0
2026-06-26T17:12:31.860609Z vfio_region_read  (0000:09:00.0:region0+0x400, 4) = 0x2
2026-06-26T17:12:31.860632Z vfio_region_read  (0000:09:00.0:region0+0x500, 4) = 0xff0000
2026-06-26T17:12:31.860659Z vfio_region_write  (0000:09:00.0:region0+0x408, 0x2, 4)
2026-06-26T17:12:31.901203Z vfio_region_write  (0000:09:00.0:region0+0x8020, 0x80001001, 4)
2026-06-26T17:12:31.901223Z vfio_region_write  (0000:09:00.0:region0+0x8024, 0xab0008, 4)
2026-06-26T17:12:31.901240Z vfio_region_write  (0000:09:00.0:region0+0x8028, 0x0, 4)
2026-06-26T17:12:31.901256Z vfio_region_write  (0000:09:00.0:region0+0x802c, 0x0, 4)
2026-06-26T17:12:31.901273Z vfio_region_write  (0000:09:00.0:region0+0x8030, 0x300000, 4)
2026-06-26T17:12:31.901292Z vfio_region_write  (0000:09:00.0:region0+0x8034, 0x1, 4)
2026-06-26T17:12:31.901309Z vfio_region_write  (0000:09:00.0:region0+0x408, 0x1, 4)
2026-06-26T17:12:31.901360Z vfio_region_read  (0000:09:00.0:region0+0x100, 4) = 0x20000000
2026-06-26T17:12:31.901384Z vfio_region_read  (0000:09:00.0:region0+0x300, 4) = 0x0
2026-06-26T17:12:31.901407Z vfio_region_read  (0000:09:00.0:region0+0x200, 4) = 0x0
2026-06-26T17:12:31.901430Z vfio_region_read  (0000:09:00.0:region0+0x400, 4) = 0x1
2026-06-26T17:12:31.901452Z vfio_region_read  (0000:09:00.0:region0+0x500, 4) = 0xff0000
2026-06-26T17:12:31.901484Z vfio_region_read  (0000:09:00.0:region0+0x100, 4) = 0x20000000
2026-06-26T17:12:31.901508Z vfio_region_read  (0000:09:00.0:region0+0x300, 4) = 0x0
2026-06-26T17:12:31.901531Z vfio_region_read  (0000:09:00.0:region0+0x200, 4) = 0x0
2026-06-26T17:12:31.901553Z vfio_region_read  (0000:09:00.0:region0+0x400, 4) = 0x2
2026-06-26T17:12:31.901575Z vfio_region_read  (0000:09:00.0:region0+0x500, 4) = 0xff0000
2026-06-26T17:12:31.901611Z vfio_region_write  (0000:09:00.0:region0+0x408, 0x2, 4)
2026-06-26T17:12:31.942197Z vfio_region_write  (0000:09:00.0:region0+0x8020, 0x80001001, 4)
2026-06-26T17:12:31.942217Z vfio_region_write  (0000:09:00.0:region0+0x8024, 0xac0008, 4)
2026-06-26T17:12:31.942232Z vfio_region_write  (0000:09:00.0:region0+0x8028, 0x0, 4)
2026-06-26T17:12:31.942247Z vfio_region_write  (0000:09:00.0:region0+0x802c, 0x0, 4)
2026-06-26T17:12:31.942262Z vfio_region_write  (0000:09:00.0:region0+0x8030, 0x300000, 4)
2026-06-26T17:12:31.942277Z vfio_region_write  (0000:09:00.0:region0+0x8034, 0x1, 4)
2026-06-26T17:12:31.942293Z vfio_region_write  (0000:09:00.0:region0+0x408, 0x1, 4)
2026-06-26T17:12:31.942351Z vfio_region_read  (0000:09:00.0:region0+0x100, 4) = 0x20000000
2026-06-26T17:12:31.942382Z vfio_region_read  (0000:09:00.0:region0+0x300, 4) = 0x0
2026-06-26T17:12:31.942404Z vfio_region_read  (0000:09:00.0:region0+0x200, 4) = 0x0
2026-06-26T17:12:31.942425Z vfio_region_read  (0000:09:00.0:region0+0x400, 4) = 0x1
2026-06-26T17:12:31.942446Z vfio_region_read  (0000:09:00.0:region0+0x500, 4) = 0xff0000
2026-06-26T17:12:31.942479Z vfio_region_read  (0000:09:00.0:region0+0x100, 4) = 0x20000000
2026-06-26T17:12:31.942501Z vfio_region_read  (0000:09:00.0:region0+0x300, 4) = 0x0
2026-06-26T17:12:31.942522Z vfio_region_read  (0000:09:00.0:region0+0x200, 4) = 0x0
2026-06-26T17:12:31.942544Z vfio_region_read  (0000:09:00.0:region0+0x400, 4) = 0x2
2026-06-26T17:12:31.942565Z vfio_region_read  (0000:09:00.0:region0+0x500, 4) = 0xff0000
2026-06-26T17:12:31.942590Z vfio_region_write  (0000:09:00.0:region0+0x408, 0x2, 4)
2026-06-26T17:12:31.983244Z vfio_region_write  (0000:09:00.0:region0+0x8020, 0x80001001, 4)
2026-06-26T17:12:31.983279Z vfio_region_write  (0000:09:00.0:region0+0x8024, 0xad0008, 4)
2026-06-26T17:12:31.983295Z vfio_region_write  (0000:09:00.0:region0+0x8028, 0x0, 4)
2026-06-26T17:12:31.983311Z vfio_region_write  (0000:09:00.0:region0+0x802c, 0x0, 4)
2026-06-26T17:12:31.983326Z vfio_region_write  (0000:09:00.0:region0+0x8030, 0x300000, 4)
2026-06-26T17:12:31.983341Z vfio_region_write  (0000:09:00.0:region0+0x8034, 0x1, 4)
2026-06-26T17:12:31.983360Z vfio_region_write  (0000:09:00.0:region0+0x408, 0x1, 4)
2026-06-26T17:12:31.983415Z vfio_region_read  (0000:09:00.0:region0+0x100, 4) = 0x20000000
2026-06-26T17:12:31.983438Z vfio_region_read  (0000:09:00.0:region0+0x300, 4) = 0x0
2026-06-26T17:12:31.983459Z vfio_region_read  (0000:09:00.0:region0+0x200, 4) = 0x0
2026-06-26T17:12:31.983481Z vfio_region_read  (0000:09:00.0:region0+0x400, 4) = 0x1
2026-06-26T17:12:31.983502Z vfio_region_read  (0000:09:00.0:region0+0x500, 4) = 0xff0000
2026-06-26T17:12:31.983534Z vfio_region_read  (0000:09:00.0:region0+0x100, 4) = 0x20000000
2026-06-26T17:12:31.983557Z vfio_region_read  (0000:09:00.0:region0+0x300, 4) = 0x0
2026-06-26T17:12:31.983581Z vfio_region_read  (0000:09:00.0:region0+0x200, 4) = 0x0
2026-06-26T17:12:31.983602Z vfio_region_read  (0000:09:00.0:region0+0x400, 4) = 0x2
2026-06-26T17:12:31.983623Z vfio_region_read  (0000:09:00.0:region0+0x500, 4) = 0xff0000
2026-06-26T17:12:31.983649Z vfio_region_write  (0000:09:00.0:region0+0x408, 0x2, 4)
2026-06-26T17:12:32.024257Z vfio_region_write  (0000:09:00.0:region0+0x8020, 0x80001001, 4)
2026-06-26T17:12:32.024293Z vfio_region_write  (0000:09:00.0:region0+0x8024, 0xae0008, 4)
2026-06-26T17:12:32.024309Z vfio_region_write  (0000:09:00.0:region0+0x8028, 0x0, 4)
2026-06-26T17:12:32.024326Z vfio_region_write  (0000:09:00.0:region0+0x802c, 0x0, 4)
2026-06-26T17:12:32.024342Z vfio_region_write  (0000:09:00.0:region0+0x8030, 0x300000, 4)
2026-06-26T17:12:32.024358Z vfio_region_write  (0000:09:00.0:region0+0x8034, 0x1, 4)
2026-06-26T17:12:32.024375Z vfio_region_write  (0000:09:00.0:region0+0x408, 0x1, 4)
2026-06-26T17:12:32.024431Z vfio_region_read  (0000:09:00.0:region0+0x100, 4) = 0x20000000
2026-06-26T17:12:32.024455Z vfio_region_read  (0000:09:00.0:region0+0x300, 4) = 0x0
2026-06-26T17:12:32.024478Z vfio_region_read  (0000:09:00.0:region0+0x200, 4) = 0x0
2026-06-26T17:12:32.024501Z vfio_region_read  (0000:09:00.0:region0+0x400, 4) = 0x1
2026-06-26T17:12:32.024523Z vfio_region_read  (0000:09:00.0:region0+0x500, 4) = 0xff0000
2026-06-26T17:12:32.024562Z vfio_region_read  (0000:09:00.0:region0+0x100, 4) = 0x20000000
2026-06-26T17:12:32.024585Z vfio_region_read  (0000:09:00.0:region0+0x300, 4) = 0x0
2026-06-26T17:12:32.024608Z vfio_region_read  (0000:09:00.0:region0+0x200, 4) = 0x0
2026-06-26T17:12:32.024630Z vfio_region_read  (0000:09:00.0:region0+0x400, 4) = 0x2
2026-06-26T17:12:32.024652Z vfio_region_read  (0000:09:00.0:region0+0x500, 4) = 0xff0000
2026-06-26T17:12:32.024678Z vfio_region_write  (0000:09:00.0:region0+0x408, 0x2, 4)
2026-06-26T17:12:32.065214Z vfio_region_write  (0000:09:00.0:region0+0x8020, 0x80001001, 4)
2026-06-26T17:12:32.065236Z vfio_region_write  (0000:09:00.0:region0+0x8024, 0xaf0008, 4)
2026-06-26T17:12:32.065253Z vfio_region_write  (0000:09:00.0:region0+0x8028, 0x0, 4)
2026-06-26T17:12:32.065269Z vfio_region_write  (0000:09:00.0:region0+0x802c, 0x0, 4)
2026-06-26T17:12:32.065285Z vfio_region_write  (0000:09:00.0:region0+0x8030, 0x300000, 4)
2026-06-26T17:12:32.065301Z vfio_region_write  (0000:09:00.0:region0+0x8034, 0x1, 4)
2026-06-26T17:12:32.065319Z vfio_region_write  (0000:09:00.0:region0+0x408, 0x1, 4)
2026-06-26T17:12:32.065380Z vfio_region_read  (0000:09:00.0:region0+0x100, 4) = 0x20000000
2026-06-26T17:12:32.065405Z vfio_region_read  (0000:09:00.0:region0+0x300, 4) = 0x0
2026-06-26T17:12:32.065427Z vfio_region_read  (0000:09:00.0:region0+0x200, 4) = 0x0
2026-06-26T17:12:32.065450Z vfio_region_read  (0000:09:00.0:region0+0x400, 4) = 0x1
2026-06-26T17:12:32.065473Z vfio_region_read  (0000:09:00.0:region0+0x500, 4) = 0xff0000
2026-06-26T17:12:32.065508Z vfio_region_read  (0000:09:00.0:region0+0x100, 4) = 0x20000000
2026-06-26T17:12:32.065532Z vfio_region_read  (0000:09:00.0:region0+0x300, 4) = 0x0
2026-06-26T17:12:32.065555Z vfio_region_read  (0000:09:00.0:region0+0x200, 4) = 0x0
2026-06-26T17:12:32.065578Z vfio_region_read  (0000:09:00.0:region0+0x400, 4) = 0x2
2026-06-26T17:12:32.065601Z vfio_region_read  (0000:09:00.0:region0+0x500, 4) = 0xff0000
2026-06-26T17:12:32.065627Z vfio_region_write  (0000:09:00.0:region0+0x408, 0x2, 4)
2026-06-26T17:12:32.106214Z vfio_region_write  (0000:09:00.0:region0+0x8020, 0x80001001, 4)
2026-06-26T17:12:32.106234Z vfio_region_write  (0000:09:00.0:region0+0x8024, 0xb00008, 4)
2026-06-26T17:12:32.106251Z vfio_region_write  (0000:09:00.0:region0+0x8028, 0x0, 4)
2026-06-26T17:12:32.106267Z vfio_region_write  (0000:09:00.0:region0+0x802c, 0x0, 4)
2026-06-26T17:12:32.106283Z vfio_region_write  (0000:09:00.0:region0+0x8030, 0x300000, 4)
2026-06-26T17:12:32.106299Z vfio_region_write  (0000:09:00.0:region0+0x8034, 0x1, 4)
2026-06-26T17:12:32.106318Z vfio_region_write  (0000:09:00.0:region0+0x408, 0x1, 4)
2026-06-26T17:12:32.106379Z vfio_region_read  (0000:09:00.0:region0+0x100, 4) = 0x20000000
2026-06-26T17:12:32.106410Z vfio_region_read  (0000:09:00.0:region0+0x300, 4) = 0x0
2026-06-26T17:12:32.106432Z vfio_region_read  (0000:09:00.0:region0+0x200, 4) = 0x0
2026-06-26T17:12:32.106455Z vfio_region_read  (0000:09:00.0:region0+0x400, 4) = 0x1
2026-06-26T17:12:32.106475Z vfio_region_read  (0000:09:00.0:region0+0x500, 4) = 0xff0000
2026-06-26T17:12:32.106502Z vfio_region_read  (0000:09:00.0:region0+0x100, 4) = 0x20000000
2026-06-26T17:12:32.106520Z vfio_region_read  (0000:09:00.0:region0+0x300, 4) = 0x0
2026-06-26T17:12:32.106538Z vfio_region_read  (0000:09:00.0:region0+0x200, 4) = 0x0
2026-06-26T17:12:32.106556Z vfio_region_read  (0000:09:00.0:region0+0x400, 4) = 0x2
2026-06-26T17:12:32.106574Z vfio_region_read  (0000:09:00.0:region0+0x500, 4) = 0xff0000
2026-06-26T17:12:32.106595Z vfio_region_write  (0000:09:00.0:region0+0x408, 0x2, 4)
2026-06-26T17:12:32.147200Z vfio_region_write  (0000:09:00.0:region0+0x8020, 0x80001001, 4)
2026-06-26T17:12:32.147215Z vfio_region_write  (0000:09:00.0:region0+0x8024, 0xb10008, 4)
2026-06-26T17:12:32.147228Z vfio_region_write  (0000:09:00.0:region0+0x8028, 0x0, 4)
2026-06-26T17:12:32.147240Z vfio_region_write  (0000:09:00.0:region0+0x802c, 0x0, 4)
2026-06-26T17:12:32.147253Z vfio_region_write  (0000:09:00.0:region0+0x8030, 0x300000, 4)
2026-06-26T17:12:32.147268Z vfio_region_write  (0000:09:00.0:region0+0x8034, 0x1, 4)
2026-06-26T17:12:32.147281Z vfio_region_write  (0000:09:00.0:region0+0x408, 0x1, 4)
2026-06-26T17:12:32.147334Z vfio_region_read  (0000:09:00.0:region0+0x100, 4) = 0x20000000
2026-06-26T17:12:32.147354Z vfio_region_read  (0000:09:00.0:region0+0x300, 4) = 0x0
2026-06-26T17:12:32.147372Z vfio_region_read  (0000:09:00.0:region0+0x200, 4) = 0x0
2026-06-26T17:12:32.147389Z vfio_region_read  (0000:09:00.0:region0+0x400, 4) = 0x1
2026-06-26T17:12:32.147407Z vfio_region_read  (0000:09:00.0:region0+0x500, 4) = 0xff0000
2026-06-26T17:12:32.147458Z vfio_region_read  (0000:09:00.0:region0+0x100, 4) = 0x20000000
2026-06-26T17:12:32.147481Z vfio_region_read  (0000:09:00.0:region0+0x300, 4) = 0x0
2026-06-26T17:12:32.147501Z vfio_region_read  (0000:09:00.0:region0+0x200, 4) = 0x0
2026-06-26T17:12:32.147523Z vfio_region_read  (0000:09:00.0:region0+0x400, 4) = 0x2
2026-06-26T17:12:32.147543Z vfio_region_read  (0000:09:00.0:region0+0x500, 4) = 0xff0000
2026-06-26T17:12:32.147567Z vfio_region_write  (0000:09:00.0:region0+0x408, 0x2, 4)
2026-06-26T17:12:32.188207Z vfio_region_write  (0000:09:00.0:region0+0x8020, 0x80001001, 4)
2026-06-26T17:12:32.188230Z vfio_region_write  (0000:09:00.0:region0+0x8024, 0xb20008, 4)
2026-06-26T17:12:32.188247Z vfio_region_write  (0000:09:00.0:region0+0x8028, 0x0, 4)
2026-06-26T17:12:32.188264Z vfio_region_write  (0000:09:00.0:region0+0x802c, 0x0, 4)
2026-06-26T17:12:32.188280Z vfio_region_write  (0000:09:00.0:region0+0x8030, 0x300000, 4)
2026-06-26T17:12:32.188300Z vfio_region_write  (0000:09:00.0:region0+0x8034, 0x1, 4)
2026-06-26T17:12:32.188316Z vfio_region_write  (0000:09:00.0:region0+0x408, 0x1, 4)
2026-06-26T17:12:32.188377Z vfio_region_read  (0000:09:00.0:region0+0x100, 4) = 0x20000000
2026-06-26T17:12:32.188403Z vfio_region_read  (0000:09:00.0:region0+0x300, 4) = 0x0
2026-06-26T17:12:32.188426Z vfio_region_read  (0000:09:00.0:region0+0x200, 4) = 0x0
2026-06-26T17:12:32.188448Z vfio_region_read  (0000:09:00.0:region0+0x400, 4) = 0x1
2026-06-26T17:12:32.188471Z vfio_region_read  (0000:09:00.0:region0+0x500, 4) = 0xff0000
2026-06-26T17:12:32.188506Z vfio_region_read  (0000:09:00.0:region0+0x100, 4) = 0x20000000
2026-06-26T17:12:32.188530Z vfio_region_read  (0000:09:00.0:region0+0x300, 4) = 0x0
2026-06-26T17:12:32.188552Z vfio_region_read  (0000:09:00.0:region0+0x200, 4) = 0x0
2026-06-26T17:12:32.188574Z vfio_region_read  (0000:09:00.0:region0+0x400, 4) = 0x2
2026-06-26T17:12:32.188597Z vfio_region_read  (0000:09:00.0:region0+0x500, 4) = 0xff0000
2026-06-26T17:12:32.188626Z vfio_region_write  (0000:09:00.0:region0+0x408, 0x2, 4)
2026-06-26T17:12:32.229204Z vfio_region_write  (0000:09:00.0:region0+0x8020, 0x80001001, 4)
2026-06-26T17:12:32.229224Z vfio_region_write  (0000:09:00.0:region0+0x8024, 0xb30008, 4)
2026-06-26T17:12:32.229241Z vfio_region_write  (0000:09:00.0:region0+0x8028, 0x0, 4)
2026-06-26T17:12:32.229258Z vfio_region_write  (0000:09:00.0:region0+0x802c, 0x0, 4)
2026-06-26T17:12:32.229274Z vfio_region_write  (0000:09:00.0:region0+0x8030, 0x300000, 4)
2026-06-26T17:12:32.229294Z vfio_region_write  (0000:09:00.0:region0+0x8034, 0x1, 4)
2026-06-26T17:12:32.229311Z vfio_region_write  (0000:09:00.0:region0+0x408, 0x1, 4)
2026-06-26T17:12:32.229371Z vfio_region_read  (0000:09:00.0:region0+0x100, 4) = 0x20000000
2026-06-26T17:12:32.229400Z vfio_region_read  (0000:09:00.0:region0+0x300, 4) = 0x0
2026-06-26T17:12:32.229423Z vfio_region_read  (0000:09:00.0:region0+0x200, 4) = 0x0
2026-06-26T17:12:32.229445Z vfio_region_read  (0000:09:00.0:region0+0x400, 4) = 0x1
2026-06-26T17:12:32.229468Z vfio_region_read  (0000:09:00.0:region0+0x500, 4) = 0xff0000
2026-06-26T17:12:32.229503Z vfio_region_read  (0000:09:00.0:region0+0x100, 4) = 0x20000000
2026-06-26T17:12:32.229530Z vfio_region_read  (0000:09:00.0:region0+0x300, 4) = 0x0
2026-06-26T17:12:32.229555Z vfio_region_read  (0000:09:00.0:region0+0x200, 4) = 0x0
2026-06-26T17:12:32.229578Z vfio_region_read  (0000:09:00.0:region0+0x400, 4) = 0x2
2026-06-26T17:12:32.229600Z vfio_region_read  (0000:09:00.0:region0+0x500, 4) = 0xff0000
2026-06-26T17:12:32.229627Z vfio_region_write  (0000:09:00.0:region0+0x408, 0x2, 4)
2026-06-26T17:12:32.270198Z vfio_region_write  (0000:09:00.0:region0+0x8020, 0x80001001, 4)
2026-06-26T17:12:32.270213Z vfio_region_write  (0000:09:00.0:region0+0x8024, 0xb40008, 4)
2026-06-26T17:12:32.270225Z vfio_region_write  (0000:09:00.0:region0+0x8028, 0x0, 4)
2026-06-26T17:12:32.270238Z vfio_region_write  (0000:09:00.0:region0+0x802c, 0x0, 4)
2026-06-26T17:12:32.270250Z vfio_region_write  (0000:09:00.0:region0+0x8030, 0x300000, 4)
2026-06-26T17:12:32.270262Z vfio_region_write  (0000:09:00.0:region0+0x8034, 0x1, 4)
2026-06-26T17:12:32.270274Z vfio_region_write  (0000:09:00.0:region0+0x408, 0x1, 4)
2026-06-26T17:12:32.270329Z vfio_region_read  (0000:09:00.0:region0+0x100, 4) = 0x20000000
2026-06-26T17:12:32.270348Z vfio_region_read  (0000:09:00.0:region0+0x300, 4) = 0x0
2026-06-26T17:12:32.270368Z vfio_region_read  (0000:09:00.0:region0+0x200, 4) = 0x0
2026-06-26T17:12:32.270385Z vfio_region_read  (0000:09:00.0:region0+0x400, 4) = 0x1
2026-06-26T17:12:32.270403Z vfio_region_read  (0000:09:00.0:region0+0x500, 4) = 0xff0000
2026-06-26T17:12:32.270450Z vfio_region_read  (0000:09:00.0:region0+0x100, 4) = 0x20000000
2026-06-26T17:12:32.270469Z vfio_region_read  (0000:09:00.0:region0+0x300, 4) = 0x0
2026-06-26T17:12:32.270487Z vfio_region_read  (0000:09:00.0:region0+0x200, 4) = 0x0
2026-06-26T17:12:32.270505Z vfio_region_read  (0000:09:00.0:region0+0x400, 4) = 0x2
2026-06-26T17:12:32.270524Z vfio_region_read  (0000:09:00.0:region0+0x500, 4) = 0xff0000
2026-06-26T17:12:32.270544Z vfio_region_write  (0000:09:00.0:region0+0x408, 0x2, 4)
2026-06-26T17:12:32.311205Z vfio_region_write  (0000:09:00.0:region0+0x8020, 0x80001001, 4)
2026-06-26T17:12:32.311225Z vfio_region_write  (0000:09:00.0:region0+0x8024, 0xb50008, 4)
2026-06-26T17:12:32.311241Z vfio_region_write  (0000:09:00.0:region0+0x8028, 0x0, 4)
2026-06-26T17:12:32.311257Z vfio_region_write  (0000:09:00.0:region0+0x802c, 0x0, 4)
2026-06-26T17:12:32.311273Z vfio_region_write  (0000:09:00.0:region0+0x8030, 0x300000, 4)
2026-06-26T17:12:32.311289Z vfio_region_write  (0000:09:00.0:region0+0x8034, 0x1, 4)
2026-06-26T17:12:32.311310Z vfio_region_write  (0000:09:00.0:region0+0x408, 0x1, 4)
2026-06-26T17:12:32.311370Z vfio_region_read  (0000:09:00.0:region0+0x100, 4) = 0x20000000
2026-06-26T17:12:32.311401Z vfio_region_read  (0000:09:00.0:region0+0x300, 4) = 0x0
2026-06-26T17:12:32.311424Z vfio_region_read  (0000:09:00.0:region0+0x200, 4) = 0x0
2026-06-26T17:12:32.311447Z vfio_region_read  (0000:09:00.0:region0+0x400, 4) = 0x1
2026-06-26T17:12:32.311470Z vfio_region_read  (0000:09:00.0:region0+0x500, 4) = 0xff0000
2026-06-26T17:12:32.311505Z vfio_region_read  (0000:09:00.0:region0+0x100, 4) = 0x20000000
2026-06-26T17:12:32.311528Z vfio_region_read  (0000:09:00.0:region0+0x300, 4) = 0x0
2026-06-26T17:12:32.311550Z vfio_region_read  (0000:09:00.0:region0+0x200, 4) = 0x0
2026-06-26T17:12:32.311573Z vfio_region_read  (0000:09:00.0:region0+0x400, 4) = 0x2
2026-06-26T17:12:32.311595Z vfio_region_read  (0000:09:00.0:region0+0x500, 4) = 0xff0000
2026-06-26T17:12:32.311621Z vfio_region_write  (0000:09:00.0:region0+0x408, 0x2, 4)
2026-06-26T17:12:32.352211Z vfio_region_write  (0000:09:00.0:region0+0x8020, 0x80001001, 4)
2026-06-26T17:12:32.352229Z vfio_region_write  (0000:09:00.0:region0+0x8024, 0xb60008, 4)
2026-06-26T17:12:32.352244Z vfio_region_write  (0000:09:00.0:region0+0x8028, 0x0, 4)
2026-06-26T17:12:32.352258Z vfio_region_write  (0000:09:00.0:region0+0x802c, 0x0, 4)
2026-06-26T17:12:32.352273Z vfio_region_write  (0000:09:00.0:region0+0x8030, 0x300000, 4)
2026-06-26T17:12:32.352287Z vfio_region_write  (0000:09:00.0:region0+0x8034, 0x1, 4)
2026-06-26T17:12:32.352303Z vfio_region_write  (0000:09:00.0:region0+0x408, 0x1, 4)
2026-06-26T17:12:32.352361Z vfio_region_read  (0000:09:00.0:region0+0x100, 4) = 0x20000000
2026-06-26T17:12:32.352383Z vfio_region_read  (0000:09:00.0:region0+0x300, 4) = 0x0
2026-06-26T17:12:32.352404Z vfio_region_read  (0000:09:00.0:region0+0x200, 4) = 0x0
2026-06-26T17:12:32.352425Z vfio_region_read  (0000:09:00.0:region0+0x400, 4) = 0x1
2026-06-26T17:12:32.352445Z vfio_region_read  (0000:09:00.0:region0+0x500, 4) = 0xff0000
2026-06-26T17:12:32.352477Z vfio_region_read  (0000:09:00.0:region0+0x100, 4) = 0x20000000
2026-06-26T17:12:32.352498Z vfio_region_read  (0000:09:00.0:region0+0x300, 4) = 0x0
2026-06-26T17:12:32.352518Z vfio_region_read  (0000:09:00.0:region0+0x200, 4) = 0x0
2026-06-26T17:12:32.352538Z vfio_region_read  (0000:09:00.0:region0+0x400, 4) = 0x2
2026-06-26T17:12:32.352558Z vfio_region_read  (0000:09:00.0:region0+0x500, 4) = 0xff0000
2026-06-26T17:12:32.352593Z vfio_region_write  (0000:09:00.0:region0+0x408, 0x2, 4)
2026-06-26T17:12:32.393246Z vfio_region_write  (0000:09:00.0:region0+0x8020, 0x80001001, 4)
2026-06-26T17:12:32.393266Z vfio_region_write  (0000:09:00.0:region0+0x8024, 0xb70008, 4)
2026-06-26T17:12:32.393282Z vfio_region_write  (0000:09:00.0:region0+0x8028, 0x0, 4)
2026-06-26T17:12:32.393299Z vfio_region_write  (0000:09:00.0:region0+0x802c, 0x0, 4)
2026-06-26T17:12:32.393315Z vfio_region_write  (0000:09:00.0:region0+0x8030, 0x300000, 4)
2026-06-26T17:12:32.393333Z vfio_region_write  (0000:09:00.0:region0+0x8034, 0x1, 4)
2026-06-26T17:12:32.393349Z vfio_region_write  (0000:09:00.0:region0+0x408, 0x1, 4)
2026-06-26T17:12:32.393396Z vfio_region_read  (0000:09:00.0:region0+0x100, 4) = 0x20000000
2026-06-26T17:12:32.393420Z vfio_region_read  (0000:09:00.0:region0+0x300, 4) = 0x0
2026-06-26T17:12:32.393441Z vfio_region_read  (0000:09:00.0:region0+0x200, 4) = 0x0
2026-06-26T17:12:32.393465Z vfio_region_read  (0000:09:00.0:region0+0x400, 4) = 0x1
2026-06-26T17:12:32.393488Z vfio_region_read  (0000:09:00.0:region0+0x500, 4) = 0xff0000
2026-06-26T17:12:32.393526Z vfio_region_read  (0000:09:00.0:region0+0x100, 4) = 0x20000000
2026-06-26T17:12:32.393549Z vfio_region_read  (0000:09:00.0:region0+0x300, 4) = 0x0
2026-06-26T17:12:32.393571Z vfio_region_read  (0000:09:00.0:region0+0x200, 4) = 0x0
2026-06-26T17:12:32.393593Z vfio_region_read  (0000:09:00.0:region0+0x400, 4) = 0x2
2026-06-26T17:12:32.393615Z vfio_region_read  (0000:09:00.0:region0+0x500, 4) = 0xff0000
2026-06-26T17:12:32.393798Z vfio_region_write  (0000:09:00.0:region0+0x408, 0x2, 4)
2026-06-26T17:12:32.434213Z vfio_region_write  (0000:09:00.0:region0+0x8020, 0x80001001, 4)
2026-06-26T17:12:32.434236Z vfio_region_write  (0000:09:00.0:region0+0x8024, 0xb80008, 4)
2026-06-26T17:12:32.434253Z vfio_region_write  (0000:09:00.0:region0+0x8028, 0x0, 4)
2026-06-26T17:12:32.434270Z vfio_region_write  (0000:09:00.0:region0+0x802c, 0x0, 4)
2026-06-26T17:12:32.434286Z vfio_region_write  (0000:09:00.0:region0+0x8030, 0x300000, 4)
2026-06-26T17:12:32.434304Z vfio_region_write  (0000:09:00.0:region0+0x8034, 0x1, 4)
2026-06-26T17:12:32.434320Z vfio_region_write  (0000:09:00.0:region0+0x408, 0x1, 4)
2026-06-26T17:12:32.434372Z vfio_region_read  (0000:09:00.0:region0+0x100, 4) = 0x20000000
2026-06-26T17:12:32.434396Z vfio_region_read  (0000:09:00.0:region0+0x300, 4) = 0x0
2026-06-26T17:12:32.434419Z vfio_region_read  (0000:09:00.0:region0+0x200, 4) = 0x0
2026-06-26T17:12:32.434441Z vfio_region_read  (0000:09:00.0:region0+0x400, 4) = 0x1
2026-06-26T17:12:32.434464Z vfio_region_read  (0000:09:00.0:region0+0x500, 4) = 0xff0000
2026-06-26T17:12:32.434498Z vfio_region_read  (0000:09:00.0:region0+0x100, 4) = 0x20000000
2026-06-26T17:12:32.434521Z vfio_region_read  (0000:09:00.0:region0+0x300, 4) = 0x0
2026-06-26T17:12:32.434544Z vfio_region_read  (0000:09:00.0:region0+0x200, 4) = 0x0
2026-06-26T17:12:32.434567Z vfio_region_read  (0000:09:00.0:region0+0x400, 4) = 0x2
2026-06-26T17:12:32.434589Z vfio_region_read  (0000:09:00.0:region0+0x500, 4) = 0xff0000
2026-06-26T17:12:32.434616Z vfio_region_write  (0000:09:00.0:region0+0x408, 0x2, 4)
2026-06-26T17:12:32.475214Z vfio_region_write  (0000:09:00.0:region0+0x8020, 0x80001001, 4)
2026-06-26T17:12:32.475234Z vfio_region_write  (0000:09:00.0:region0+0x8024, 0xb90008, 4)
2026-06-26T17:12:32.475250Z vfio_region_write  (0000:09:00.0:region0+0x8028, 0x0, 4)
2026-06-26T17:12:32.475267Z vfio_region_write  (0000:09:00.0:region0+0x802c, 0x0, 4)
2026-06-26T17:12:32.475283Z vfio_region_write  (0000:09:00.0:region0+0x8030, 0x300000, 4)
2026-06-26T17:12:32.475300Z vfio_region_write  (0000:09:00.0:region0+0x8034, 0x1, 4)
2026-06-26T17:12:32.475317Z vfio_region_write  (0000:09:00.0:region0+0x408, 0x1, 4)
2026-06-26T17:12:32.475378Z vfio_region_read  (0000:09:00.0:region0+0x100, 4) = 0x20000000
2026-06-26T17:12:32.475402Z vfio_region_read  (0000:09:00.0:region0+0x300, 4) = 0x0
2026-06-26T17:12:32.475425Z vfio_region_read  (0000:09:00.0:region0+0x200, 4) = 0x0
2026-06-26T17:12:32.475448Z vfio_region_read  (0000:09:00.0:region0+0x400, 4) = 0x1
2026-06-26T17:12:32.475470Z vfio_region_read  (0000:09:00.0:region0+0x500, 4) = 0xff0000
2026-06-26T17:12:32.475506Z vfio_region_read  (0000:09:00.0:region0+0x100, 4) = 0x20000000
2026-06-26T17:12:32.475531Z vfio_region_read  (0000:09:00.0:region0+0x300, 4) = 0x0
2026-06-26T17:12:32.475554Z vfio_region_read  (0000:09:00.0:region0+0x200, 4) = 0x0
2026-06-26T17:12:32.475576Z vfio_region_read  (0000:09:00.0:region0+0x400, 4) = 0x2
2026-06-26T17:12:32.475599Z vfio_region_read  (0000:09:00.0:region0+0x500, 4) = 0xff0000
2026-06-26T17:12:32.475626Z vfio_region_write  (0000:09:00.0:region0+0x408, 0x2, 4)
2026-06-26T17:12:32.516207Z vfio_region_write  (0000:09:00.0:region0+0x8020, 0x80001001, 4)
2026-06-26T17:12:32.516228Z vfio_region_write  (0000:09:00.0:region0+0x8024, 0xba0008, 4)
2026-06-26T17:12:32.516245Z vfio_region_write  (0000:09:00.0:region0+0x8028, 0x0, 4)
2026-06-26T17:12:32.516261Z vfio_region_write  (0000:09:00.0:region0+0x802c, 0x0, 4)
2026-06-26T17:12:32.516278Z vfio_region_write  (0000:09:00.0:region0+0x8030, 0x300000, 4)
2026-06-26T17:12:32.516296Z vfio_region_write  (0000:09:00.0:region0+0x8034, 0x1, 4)
2026-06-26T17:12:32.516313Z vfio_region_write  (0000:09:00.0:region0+0x408, 0x1, 4)
2026-06-26T17:12:32.516374Z vfio_region_read  (0000:09:00.0:region0+0x100, 4) = 0x20000000
2026-06-26T17:12:32.516398Z vfio_region_read  (0000:09:00.0:region0+0x300, 4) = 0x0
2026-06-26T17:12:32.516421Z vfio_region_read  (0000:09:00.0:region0+0x200, 4) = 0x0
2026-06-26T17:12:32.516443Z vfio_region_read  (0000:09:00.0:region0+0x400, 4) = 0x1
2026-06-26T17:12:32.516465Z vfio_region_read  (0000:09:00.0:region0+0x500, 4) = 0xff0000
2026-06-26T17:12:32.516500Z vfio_region_read  (0000:09:00.0:region0+0x100, 4) = 0x20000000
2026-06-26T17:12:32.516525Z vfio_region_read  (0000:09:00.0:region0+0x300, 4) = 0x0
2026-06-26T17:12:32.516548Z vfio_region_read  (0000:09:00.0:region0+0x200, 4) = 0x0
2026-06-26T17:12:32.516570Z vfio_region_read  (0000:09:00.0:region0+0x400, 4) = 0x2
2026-06-26T17:12:32.516592Z vfio_region_read  (0000:09:00.0:region0+0x500, 4) = 0xff0000
2026-06-26T17:12:32.516619Z vfio_region_write  (0000:09:00.0:region0+0x408, 0x2, 4)
2026-06-26T17:12:32.557203Z vfio_region_write  (0000:09:00.0:region0+0x8020, 0x80001001, 4)
2026-06-26T17:12:32.557221Z vfio_region_write  (0000:09:00.0:region0+0x8024, 0xbb0008, 4)
2026-06-26T17:12:32.557237Z vfio_region_write  (0000:09:00.0:region0+0x8028, 0x0, 4)
2026-06-26T17:12:32.557252Z vfio_region_write  (0000:09:00.0:region0+0x802c, 0x0, 4)
2026-06-26T17:12:32.557267Z vfio_region_write  (0000:09:00.0:region0+0x8030, 0x300000, 4)
2026-06-26T17:12:32.557282Z vfio_region_write  (0000:09:00.0:region0+0x8034, 0x1, 4)
2026-06-26T17:12:32.557300Z vfio_region_write  (0000:09:00.0:region0+0x408, 0x1, 4)
2026-06-26T17:12:32.557357Z vfio_region_read  (0000:09:00.0:region0+0x100, 4) = 0x20000000
2026-06-26T17:12:32.557380Z vfio_region_read  (0000:09:00.0:region0+0x300, 4) = 0x0
2026-06-26T17:12:32.557402Z vfio_region_read  (0000:09:00.0:region0+0x200, 4) = 0x0
2026-06-26T17:12:32.557423Z vfio_region_read  (0000:09:00.0:region0+0x400, 4) = 0x1
2026-06-26T17:12:32.557444Z vfio_region_read  (0000:09:00.0:region0+0x500, 4) = 0xff0000
2026-06-26T17:12:32.557482Z vfio_region_read  (0000:09:00.0:region0+0x100, 4) = 0x20000000
2026-06-26T17:12:32.557505Z vfio_region_read  (0000:09:00.0:region0+0x300, 4) = 0x0
2026-06-26T17:12:32.557527Z vfio_region_read  (0000:09:00.0:region0+0x200, 4) = 0x0
2026-06-26T17:12:32.557548Z vfio_region_read  (0000:09:00.0:region0+0x400, 4) = 0x2
2026-06-26T17:12:32.557569Z vfio_region_read  (0000:09:00.0:region0+0x500, 4) = 0xff0000
2026-06-26T17:12:32.557594Z vfio_region_write  (0000:09:00.0:region0+0x408, 0x2, 4)
2026-06-26T17:12:32.598213Z vfio_region_write  (0000:09:00.0:region0+0x8020, 0x80001001, 4)
2026-06-26T17:12:32.598233Z vfio_region_write  (0000:09:00.0:region0+0x8024, 0xbc0008, 4)
2026-06-26T17:12:32.598250Z vfio_region_write  (0000:09:00.0:region0+0x8028, 0x0, 4)
2026-06-26T17:12:32.598266Z vfio_region_write  (0000:09:00.0:region0+0x802c, 0x0, 4)
2026-06-26T17:12:32.598282Z vfio_region_write  (0000:09:00.0:region0+0x8030, 0x300000, 4)
2026-06-26T17:12:32.598299Z vfio_region_write  (0000:09:00.0:region0+0x8034, 0x1, 4)
2026-06-26T17:12:32.598318Z vfio_region_write  (0000:09:00.0:region0+0x408, 0x1, 4)
2026-06-26T17:12:32.598379Z vfio_region_read  (0000:09:00.0:region0+0x100, 4) = 0x20000000
2026-06-26T17:12:32.598411Z vfio_region_read  (0000:09:00.0:region0+0x300, 4) = 0x0
2026-06-26T17:12:32.598432Z vfio_region_read  (0000:09:00.0:region0+0x200, 4) = 0x0
2026-06-26T17:12:32.598453Z vfio_region_read  (0000:09:00.0:region0+0x400, 4) = 0x1
2026-06-26T17:12:32.598474Z vfio_region_read  (0000:09:00.0:region0+0x500, 4) = 0xff0000
2026-06-26T17:12:32.598511Z vfio_region_read  (0000:09:00.0:region0+0x100, 4) = 0x20000000
2026-06-26T17:12:32.598533Z vfio_region_read  (0000:09:00.0:region0+0x300, 4) = 0x0
2026-06-26T17:12:32.598554Z vfio_region_read  (0000:09:00.0:region0+0x200, 4) = 0x0
2026-06-26T17:12:32.598576Z vfio_region_read  (0000:09:00.0:region0+0x400, 4) = 0x2
2026-06-26T17:12:32.598599Z vfio_region_read  (0000:09:00.0:region0+0x500, 4) = 0xff0000
2026-06-26T17:12:32.598624Z vfio_region_write  (0000:09:00.0:region0+0x408, 0x2, 4)
2026-06-26T17:12:32.639207Z vfio_region_write  (0000:09:00.0:region0+0x8020, 0x80001001, 4)
2026-06-26T17:12:32.639227Z vfio_region_write  (0000:09:00.0:region0+0x8024, 0xbd0008, 4)
2026-06-26T17:12:32.639243Z vfio_region_write  (0000:09:00.0:region0+0x8028, 0x0, 4)
2026-06-26T17:12:32.639260Z vfio_region_write  (0000:09:00.0:region0+0x802c, 0x0, 4)
2026-06-26T17:12:32.639276Z vfio_region_write  (0000:09:00.0:region0+0x8030, 0x300000, 4)
2026-06-26T17:12:32.639292Z vfio_region_write  (0000:09:00.0:region0+0x8034, 0x1, 4)
2026-06-26T17:12:32.639310Z vfio_region_write  (0000:09:00.0:region0+0x408, 0x1, 4)
2026-06-26T17:12:32.639370Z vfio_region_read  (0000:09:00.0:region0+0x100, 4) = 0x20000000
2026-06-26T17:12:32.639395Z vfio_region_read  (0000:09:00.0:region0+0x300, 4) = 0x0
2026-06-26T17:12:32.639417Z vfio_region_read  (0000:09:00.0:region0+0x200, 4) = 0x0
2026-06-26T17:12:32.639440Z vfio_region_read  (0000:09:00.0:region0+0x400, 4) = 0x1
2026-06-26T17:12:32.639462Z vfio_region_read  (0000:09:00.0:region0+0x500, 4) = 0xff0000
2026-06-26T17:12:32.639497Z vfio_region_read  (0000:09:00.0:region0+0x100, 4) = 0x20000000
2026-06-26T17:12:32.639521Z vfio_region_read  (0000:09:00.0:region0+0x300, 4) = 0x0
2026-06-26T17:12:32.639545Z vfio_region_read  (0000:09:00.0:region0+0x200, 4) = 0x0
2026-06-26T17:12:32.639567Z vfio_region_read  (0000:09:00.0:region0+0x400, 4) = 0x2
2026-06-26T17:12:32.639590Z vfio_region_read  (0000:09:00.0:region0+0x500, 4) = 0xff0000
2026-06-26T17:12:32.639616Z vfio_region_write  (0000:09:00.0:region0+0x408, 0x2, 4)
2026-06-26T17:12:32.772778Z vfio_region_write  (0000:09:00.0:region0+0x8020, 0x80001001, 4)
2026-06-26T17:12:32.772800Z vfio_region_write  (0000:09:00.0:region0+0x8024, 0xbe0008, 4)
2026-06-26T17:12:32.772812Z vfio_region_write  (0000:09:00.0:region0+0x8028, 0x0, 4)
2026-06-26T17:12:32.772831Z vfio_region_write  (0000:09:00.0:region0+0x802c, 0x0, 4)
2026-06-26T17:12:32.772844Z vfio_region_write  (0000:09:00.0:region0+0x8030, 0x300000, 4)
2026-06-26T17:12:32.772856Z vfio_region_write  (0000:09:00.0:region0+0x8034, 0x1, 4)
2026-06-26T17:12:32.772869Z vfio_region_write  (0000:09:00.0:region0+0x408, 0x1, 4)
2026-06-26T17:12:32.772914Z vfio_region_read  (0000:09:00.0:region0+0x100, 4) = 0x20000000
2026-06-26T17:12:32.772933Z vfio_region_read  (0000:09:00.0:region0+0x300, 4) = 0x0
2026-06-26T17:12:32.772952Z vfio_region_read  (0000:09:00.0:region0+0x200, 4) = 0x0
2026-06-26T17:12:32.772970Z vfio_region_read  (0000:09:00.0:region0+0x400, 4) = 0x1
2026-06-26T17:12:32.772987Z vfio_region_read  (0000:09:00.0:region0+0x500, 4) = 0xff0000
2026-06-26T17:12:32.773044Z vfio_region_read  (0000:09:00.0:region0+0x100, 4) = 0x20000000
2026-06-26T17:12:32.773063Z vfio_region_read  (0000:09:00.0:region0+0x300, 4) = 0x0
2026-06-26T17:12:32.773081Z vfio_region_read  (0000:09:00.0:region0+0x200, 4) = 0x0
2026-06-26T17:12:32.773101Z vfio_region_read  (0000:09:00.0:region0+0x400, 4) = 0x2
2026-06-26T17:12:32.773119Z vfio_region_read  (0000:09:00.0:region0+0x500, 4) = 0xff0000
2026-06-26T17:12:32.773151Z vfio_region_write  (0000:09:00.0:region0+0x408, 0x2, 4)
2026-06-26T17:12:32.813666Z vfio_region_write  (0000:09:00.0:region0+0x8020, 0x80001001, 4)
2026-06-26T17:12:32.813685Z vfio_region_write  (0000:09:00.0:region0+0x8024, 0xbf0008, 4)
2026-06-26T17:12:32.813698Z vfio_region_write  (0000:09:00.0:region0+0x8028, 0x0, 4)
2026-06-26T17:12:32.813710Z vfio_region_write  (0000:09:00.0:region0+0x802c, 0x0, 4)
2026-06-26T17:12:32.813722Z vfio_region_write  (0000:09:00.0:region0+0x8030, 0x300000, 4)
2026-06-26T17:12:32.813734Z vfio_region_write  (0000:09:00.0:region0+0x8034, 0x1, 4)
2026-06-26T17:12:32.813747Z vfio_region_write  (0000:09:00.0:region0+0x408, 0x1, 4)
2026-06-26T17:12:32.813793Z vfio_region_read  (0000:09:00.0:region0+0x100, 4) = 0x20000000
2026-06-26T17:12:32.813813Z vfio_region_read  (0000:09:00.0:region0+0x300, 4) = 0x0
2026-06-26T17:12:32.813836Z vfio_region_read  (0000:09:00.0:region0+0x200, 4) = 0x0
2026-06-26T17:12:32.813855Z vfio_region_read  (0000:09:00.0:region0+0x400, 4) = 0x1
2026-06-26T17:12:32.813873Z vfio_region_read  (0000:09:00.0:region0+0x500, 4) = 0xff0000
2026-06-26T17:12:32.813921Z vfio_region_read  (0000:09:00.0:region0+0x100, 4) = 0x20000000
2026-06-26T17:12:32.813940Z vfio_region_read  (0000:09:00.0:region0+0x300, 4) = 0x0
2026-06-26T17:12:32.813958Z vfio_region_read  (0000:09:00.0:region0+0x200, 4) = 0x0
2026-06-26T17:12:32.813976Z vfio_region_read  (0000:09:00.0:region0+0x400, 4) = 0x2
2026-06-26T17:12:32.813993Z vfio_region_read  (0000:09:00.0:region0+0x500, 4) = 0xff0000
2026-06-26T17:12:32.814015Z vfio_region_write  (0000:09:00.0:region0+0x408, 0x2, 4)
2026-06-26T17:12:32.854970Z vfio_region_write  (0000:09:00.0:region0+0x8020, 0x80001001, 4)
2026-06-26T17:12:32.854989Z vfio_region_write  (0000:09:00.0:region0+0x8024, 0xc00008, 4)
2026-06-26T17:12:32.855003Z vfio_region_write  (0000:09:00.0:region0+0x8028, 0x0, 4)
2026-06-26T17:12:32.855018Z vfio_region_write  (0000:09:00.0:region0+0x802c, 0x0, 4)
2026-06-26T17:12:32.855076Z vfio_region_write  (0000:09:00.0:region0+0x8030, 0x300000, 4)
2026-06-26T17:12:32.855123Z vfio_region_write  (0000:09:00.0:region0+0x8034, 0x1, 4)
2026-06-26T17:12:32.855143Z vfio_region_write  (0000:09:00.0:region0+0x408, 0x1, 4)
2026-06-26T17:12:32.855215Z vfio_region_read  (0000:09:00.0:region0+0x100, 4) = 0x20000000
2026-06-26T17:12:32.855239Z vfio_region_read  (0000:09:00.0:region0+0x300, 4) = 0x0
2026-06-26T17:12:32.855262Z vfio_region_read  (0000:09:00.0:region0+0x200, 4) = 0x0
2026-06-26T17:12:32.855284Z vfio_region_read  (0000:09:00.0:region0+0x400, 4) = 0x1
2026-06-26T17:12:32.855307Z vfio_region_read  (0000:09:00.0:region0+0x500, 4) = 0xff0000
2026-06-26T17:12:32.855344Z vfio_region_read  (0000:09:00.0:region0+0x100, 4) = 0x20000000
2026-06-26T17:12:32.855368Z vfio_region_read  (0000:09:00.0:region0+0x300, 4) = 0x0
2026-06-26T17:12:32.855390Z vfio_region_read  (0000:09:00.0:region0+0x200, 4) = 0x0
2026-06-26T17:12:32.855413Z vfio_region_read  (0000:09:00.0:region0+0x400, 4) = 0x2
2026-06-26T17:12:32.855435Z vfio_region_read  (0000:09:00.0:region0+0x500, 4) = 0xff0000
2026-06-26T17:12:32.855464Z vfio_region_write  (0000:09:00.0:region0+0x408, 0x2, 4)
2026-06-26T17:12:32.896224Z vfio_region_write  (0000:09:00.0:region0+0x8020, 0x80001001, 4)
2026-06-26T17:12:32.896249Z vfio_region_write  (0000:09:00.0:region0+0x8024, 0xc10008, 4)
2026-06-26T17:12:32.896266Z vfio_region_write  (0000:09:00.0:region0+0x8028, 0x0, 4)
2026-06-26T17:12:32.896282Z vfio_region_write  (0000:09:00.0:region0+0x802c, 0x0, 4)
2026-06-26T17:12:32.896298Z vfio_region_write  (0000:09:00.0:region0+0x8030, 0x300000, 4)
2026-06-26T17:12:32.896314Z vfio_region_write  (0000:09:00.0:region0+0x8034, 0x1, 4)
2026-06-26T17:12:32.896331Z vfio_region_write  (0000:09:00.0:region0+0x408, 0x1, 4)
2026-06-26T17:12:32.896383Z vfio_region_read  (0000:09:00.0:region0+0x100, 4) = 0x20000000
2026-06-26T17:12:32.896408Z vfio_region_read  (0000:09:00.0:region0+0x300, 4) = 0x0
2026-06-26T17:12:32.896430Z vfio_region_read  (0000:09:00.0:region0+0x200, 4) = 0x0
2026-06-26T17:12:32.896453Z vfio_region_read  (0000:09:00.0:region0+0x400, 4) = 0x1
2026-06-26T17:12:32.896475Z vfio_region_read  (0000:09:00.0:region0+0x500, 4) = 0xff0000
2026-06-26T17:12:32.896508Z vfio_region_read  (0000:09:00.0:region0+0x100, 4) = 0x20000000
2026-06-26T17:12:32.896532Z vfio_region_read  (0000:09:00.0:region0+0x300, 4) = 0x0
2026-06-26T17:12:32.896554Z vfio_region_read  (0000:09:00.0:region0+0x200, 4) = 0x0
2026-06-26T17:12:32.896576Z vfio_region_read  (0000:09:00.0:region0+0x400, 4) = 0x2
2026-06-26T17:12:32.896599Z vfio_region_read  (0000:09:00.0:region0+0x500, 4) = 0xff0000
2026-06-26T17:12:32.896626Z vfio_region_write  (0000:09:00.0:region0+0x408, 0x2, 4)
2026-06-26T17:12:32.937492Z vfio_region_write  (0000:09:00.0:region0+0x8020, 0x80001001, 4)
2026-06-26T17:12:32.937515Z vfio_region_write  (0000:09:00.0:region0+0x8024, 0xc20008, 4)
2026-06-26T17:12:32.937532Z vfio_region_write  (0000:09:00.0:region0+0x8028, 0x0, 4)
2026-06-26T17:12:32.937548Z vfio_region_write  (0000:09:00.0:region0+0x802c, 0x0, 4)
2026-06-26T17:12:32.937565Z vfio_region_write  (0000:09:00.0:region0+0x8030, 0x300000, 4)
2026-06-26T17:12:32.937584Z vfio_region_write  (0000:09:00.0:region0+0x8034, 0x1, 4)
2026-06-26T17:12:32.937606Z vfio_region_write  (0000:09:00.0:region0+0x408, 0x1, 4)
2026-06-26T17:12:32.937657Z vfio_region_read  (0000:09:00.0:region0+0x100, 4) = 0x20000000
2026-06-26T17:12:32.937684Z vfio_region_read  (0000:09:00.0:region0+0x300, 4) = 0x0
2026-06-26T17:12:32.937710Z vfio_region_read  (0000:09:00.0:region0+0x200, 4) = 0x0
2026-06-26T17:12:32.937736Z vfio_region_read  (0000:09:00.0:region0+0x400, 4) = 0x1
2026-06-26T17:12:32.937763Z vfio_region_read  (0000:09:00.0:region0+0x500, 4) = 0xff0000
2026-06-26T17:12:32.937806Z vfio_region_read  (0000:09:00.0:region0+0x100, 4) = 0x20000000
2026-06-26T17:12:32.937892Z vfio_region_read  (0000:09:00.0:region0+0x300, 4) = 0x0
2026-06-26T17:12:32.937921Z vfio_region_read  (0000:09:00.0:region0+0x200, 4) = 0x0
2026-06-26T17:12:32.937949Z vfio_region_read  (0000:09:00.0:region0+0x400, 4) = 0x2
2026-06-26T17:12:32.937975Z vfio_region_read  (0000:09:00.0:region0+0x500, 4) = 0xff0000
2026-06-26T17:12:32.938013Z vfio_region_write  (0000:09:00.0:region0+0x408, 0x2, 4)
2026-06-26T17:12:32.978220Z vfio_region_write  (0000:09:00.0:region0+0x8020, 0x80001001, 4)
2026-06-26T17:12:32.978239Z vfio_region_write  (0000:09:00.0:region0+0x8024, 0xc30008, 4)
2026-06-26T17:12:32.978251Z vfio_region_write  (0000:09:00.0:region0+0x8028, 0x0, 4)
2026-06-26T17:12:32.978263Z vfio_region_write  (0000:09:00.0:region0+0x802c, 0x0, 4)
2026-06-26T17:12:32.978275Z vfio_region_write  (0000:09:00.0:region0+0x8030, 0x300000, 4)
2026-06-26T17:12:32.978287Z vfio_region_write  (0000:09:00.0:region0+0x8034, 0x1, 4)
2026-06-26T17:12:32.978300Z vfio_region_write  (0000:09:00.0:region0+0x408, 0x1, 4)
2026-06-26T17:12:32.978342Z vfio_region_read  (0000:09:00.0:region0+0x100, 4) = 0x20000000
2026-06-26T17:12:32.978361Z vfio_region_read  (0000:09:00.0:region0+0x300, 4) = 0x0
2026-06-26T17:12:32.978379Z vfio_region_read  (0000:09:00.0:region0+0x200, 4) = 0x0
2026-06-26T17:12:32.978397Z vfio_region_read  (0000:09:00.0:region0+0x400, 4) = 0x1
2026-06-26T17:12:32.978415Z vfio_region_read  (0000:09:00.0:region0+0x500, 4) = 0xff0000
2026-06-26T17:12:32.978472Z vfio_region_read  (0000:09:00.0:region0+0x100, 4) = 0x20000000
2026-06-26T17:12:32.978490Z vfio_region_read  (0000:09:00.0:region0+0x300, 4) = 0x0
2026-06-26T17:12:32.978508Z vfio_region_read  (0000:09:00.0:region0+0x200, 4) = 0x0
2026-06-26T17:12:32.978528Z vfio_region_read  (0000:09:00.0:region0+0x400, 4) = 0x2
2026-06-26T17:12:32.978545Z vfio_region_read  (0000:09:00.0:region0+0x500, 4) = 0xff0000
2026-06-26T17:12:32.978564Z vfio_region_write  (0000:09:00.0:region0+0x408, 0x2, 4)
